<?xml version="1.0" encoding="utf-8"?>
<clothing-items>
 <clothing>
  <id>
   920241611
  </id>
  <name>
   Addidas Shirt D-3540
  </name>
  <category>
   Shirt
  </category>
  <size>
   L
  </size>
  <color>
   Синий
  </color>
  <material>
   Хлопок
  </material>
  <price>
   427867
  </price>
  <rating>
   3.33
  </rating>
  <reviews>
   858029
  </reviews>
  <sporty>
   yes
  </sporty>
 </clothing>
 <clothing>
  <id>
   118273836
  </id>
  <name>
   Brooks Gloves O-6876
  </name>
  <category>
   Gloves
  </category>
  <size>
   XL
  </size>
  <color>
   Красный
  </color>
  <material>
   Хлопок
  </material>
  <price>
   916443
  </price>
  <rating>
   4.12
  </rating>
  <reviews>
   654980
  </reviews>
  <new>
   -
  </new>
  <exclusive>
   no
  </exclusive>
 </clothing>
 <clothing>
  <id>
   157594636
  </id>
  <name>
   Addidas Blouse S-3282
  </name>
  <category>
   Blouse
  </category>
  <size>
   L
  </size>
  <color>
   Голубой
  </color>
  <material>
   Полиэстер
  </material>
  <price>
   328816
  </price>
  <rating>
   3.3
  </rating>
  <reviews>
   832690
  </reviews>
  <new>
   -
  </new>
  <exclusive>
   no
  </exclusive>
  <sporty>
   yes
  </sporty>
 </clothing>
 <clothing>
  <id>
   324050681
  </id>
  <name>
   Reebok Sweater I-4664
  </name>
  <category>
   Sweater
  </category>
  <size>
   L
  </size>
  <color>
   Оранжевый
  </color>
  <material>
   Вискоза
  </material>
  <price>
   150436
  </price>
  <rating>
   2.84
  </rating>
  <reviews>
   95449
  </reviews>
  <new>
   +
  </new>
  <exclusive>
   yes
  </exclusive>
  <sporty>
   yes
  </sporty>
 </clothing>
 <clothing>
  <id>
   602229298
  </id>
  <name>
   PleinSport Handbags G-2884
  </name>
  <category>
   Handbags
  </category>
  <size>
   XXL
  </size>
  <color>
   Фиолетовый
  </color>
  <material>
   Лен
  </material>
  <price>
   571045
  </price>
  <rating>
   3.63
  </rating>
  <reviews>
   939098
  </reviews>
  <new>
   +
  </new>
  <exclusive>
   yes
  </exclusive>
 </clothing>
 <clothing>
  <id>
   501230603
  </id>
  <name>
   DC Dress I-3965
  </name>
  <category>
   Dress
  </category>
  <size>
   XXL
  </size>
  <color>
   Фиолетовый
  </color>
  <material>
   Нейлон
  </material>
  <price>
   632580
  </price>
  <rating>
   3.42
  </rating>
  <reviews>
   128641
  </reviews>
 </clothing>
 <clothing>
  <id>
   203151189
  </id>
  <name>
   DC Pants I-7613
  </name>
  <category>
   Pants
  </category>
  <size>
   XXL
  </size>
  <color>
   Красный
  </color>
  <material>
   Нейлон
  </material>
  <price>
   375255
  </price>
  <rating>
   1.87
  </rating>
  <reviews>
   81005
  </reviews>
  <new>
   +
  </new>
  <exclusive>
   yes
  </exclusive>
 </clothing>
 <clothing>
  <id>
   444206015
  </id>
  <name>
   DC Blouse R-5529
  </name>
  <category>
   Blouse
  </category>
  <size>
   XXL
  </size>
  <color>
   Синий
  </color>
  <material>
   Хлопок
  </material>
  <price>
   119758
  </price>
  <rating>
   4.78
  </rating>
  <reviews>
   649742
  </reviews>
  <sporty>
   yes
  </sporty>
 </clothing>
 <clothing>
  <id>
   961618037
  </id>
  <name>
   Addidas Shoes Y-7339
  </name>
  <category>
   Shoes
  </category>
  <size>
   M
  </size>
  <color>
   Голубой
  </color>
  <material>
   Кожа
  </material>
  <price>
   645581
  </price>
  <rating>
   2.14
  </rating>
  <reviews>
   288226
  </reviews>
  <sporty>
   no
  </sporty>
 </clothing>
 <clothing>
  <id>
   175194517
  </id>
  <name>
   Converse Blouse F-2902
  </name>
  <category>
   Blouse
  </category>
  <size>
   L
  </size>
  <color>
   Голубой
  </color>
  <material>
   Шерсть
  </material>
  <price>
   656806
  </price>
  <rating>
   3.14
  </rating>
  <reviews>
   163116
  </reviews>
  <exclusive>
   no
  </exclusive>
 </clothing>
 <clothing>
  <id>
   327953201
  </id>
  <name>
   Adidas Dress G-7096
  </name>
  <category>
   Dress
  </category>
  <size>
   S
  </size>
  <color>
   Фиолетовый
  </color>
  <material>
   Нейлон
  </material>
  <price>
   795697
  </price>
  <rating>
   1.91
  </rating>
  <reviews>
   655092
  </reviews>
  <sporty>
   yes
  </sporty>
 </clothing>
 <clothing>
  <id>
   321440833
  </id>
  <name>
   Nike Jacket X-4374
  </name>
  <category>
   Jacket
  </category>
  <size>
   XL
  </size>
  <color>
   Оранжевый
  </color>
  <material>
   Лен
  </material>
  <price>
   580873
  </price>
  <rating>
   3.2
  </rating>
  <reviews>
   32967
  </reviews>
  <new>
   +
  </new>
  <exclusive>
   yes
  </exclusive>
 </clothing>
 <clothing>
  <id>
   796969413
  </id>
  <name>
   Asics Handbags S-4673
  </name>
  <category>
   Handbags
  </category>
  <size>
   M
  </size>
  <color>
   Голубой
  </color>
  <material>
   Шелк
  </material>
  <price>
   167157
  </price>
  <rating>
   2.1
  </rating>
  <reviews>
   841467
  </reviews>
  <exclusive>
   no
  </exclusive>
 </clothing>
 <clothing>
  <id>
   167188164
  </id>
  <name>
   PleinSport Skirt C-4040
  </name>
  <category>
   Skirt
  </category>
  <size>
   L
  </size>
  <color>
   Голубой
  </color>
  <material>
   Шерсть
  </material>
  <price>
   858008
  </price>
  <rating>
   1.55
  </rating>
  <reviews>
   502906
  </reviews>
  <new>
   -
  </new>
  <sporty>
   no
  </sporty>
 </clothing>
 <clothing>
  <id>
   659916917
  </id>
  <name>
   New Balance Skirt S-4796
  </name>
  <category>
   Skirt
  </category>
  <size>
   L
  </size>
  <color>
   Синий
  </color>
  <material>
   Полиэстер
  </material>
  <price>
   582311
  </price>
  <rating>
   3.75
  </rating>
  <reviews>
   89589
  </reviews>
 </clothing>
 <clothing>
  <id>
   278533421
  </id>
  <name>
   Asics Hat C-8121
  </name>
  <category>
   Hat
  </category>
  <size>
   XXL
  </size>
  <color>
   Синий
  </color>
  <material>
   Лен
  </material>
  <price>
   247814
  </price>
  <rating>
   3.37
  </rating>
  <reviews>
   495021
  </reviews>
  <new>
   -
  </new>
  <exclusive>
   no
  </exclusive>
 </clothing>
 <clothing>
  <id>
   815817054
  </id>
  <name>
   Asics Skirt X-4273
  </name>
  <category>
   Skirt
  </category>
  <size>
   M
  </size>
  <color>
   Синий
  </color>
  <material>
   Полиэстер
  </material>
  <price>
   631430
  </price>
  <rating>
   1.05
  </rating>
  <reviews>
   535745
  </reviews>
  <new>
   +
  </new>
  <sporty>
   no
  </sporty>
 </clothing>
 <clothing>
  <id>
   399599314
  </id>
  <name>
   Nike Umbrellas L-2635
  </name>
  <category>
   Umbrellas
  </category>
  <size>
   S
  </size>
  <color>
   Красный
  </color>
  <material>
   Шерсть
  </material>
  <price>
   372738
  </price>
  <rating>
   3.93
  </rating>
  <reviews>
   511149
  </reviews>
 </clothing>
 <clothing>
  <id>
   119864675
  </id>
  <name>
   Lacoste Belts R-8047
  </name>
  <category>
   Belts
  </category>
  <size>
   L
  </size>
  <color>
   Зеленый
  </color>
  <material>
   Нейлон
  </material>
  <price>
   974866
  </price>
  <rating>
   3.32
  </rating>
  <reviews>
   720725
  </reviews>
  <sporty>
   yes
  </sporty>
 </clothing>
 <clothing>
  <id>
   709971320
  </id>
  <name>
   DC Jacket O-5520
  </name>
  <category>
   Jacket
  </category>
  <size>
   L
  </size>
  <color>
   Оранжевый
  </color>
  <material>
   Вискоза
  </material>
  <price>
   318910
  </price>
  <rating>
   1.67
  </rating>
  <reviews>
   619989
  </reviews>
  <exclusive>
   yes
  </exclusive>
  <sporty>
   no
  </sporty>
 </clothing>
 <clothing>
  <id>
   506642715
  </id>
  <name>
   Nike Pants J-8505
  </name>
  <category>
   Pants
  </category>
  <size>
   S
  </size>
  <color>
   Фиолетовый
  </color>
  <material>
   Нейлон
  </material>
  <price>
   586746
  </price>
  <rating>
   3.9
  </rating>
  <reviews>
   323250
  </reviews>
  <sporty>
   no
  </sporty>
 </clothing>
 <clothing>
  <id>
   251326424
  </id>
  <name>
   Nike Socks X-1405
  </name>
  <category>
   Socks
  </category>
  <size>
   L
  </size>
  <color>
   Зеленый
  </color>
  <material>
   Кожа
  </material>
  <price>
   141322
  </price>
  <rating>
   3.29
  </rating>
  <reviews>
   316270
  </reviews>
  <new>
   -
  </new>
 </clothing>
 <clothing>
  <id>
   999680341
  </id>
  <name>
   Adidas Belts W-3670
  </name>
  <category>
   Belts
  </category>
  <size>
   S
  </size>
  <color>
   Голубой
  </color>
  <material>
   Хлопок
  </material>
  <price>
   592272
  </price>
  <rating>
   3.07
  </rating>
  <reviews>
   912397
  </reviews>
  <exclusive>
   no
  </exclusive>
 </clothing>
 <clothing>
  <id>
   822786636
  </id>
  <name>
   PleinSport Gloves J-1060
  </name>
  <category>
   Gloves
  </category>
  <size>
   L
  </size>
  <color>
   Голубой
  </color>
  <material>
   Шерсть
  </material>
  <price>
   115532
  </price>
  <rating>
   3.15
  </rating>
  <reviews>
   658251
  </reviews>
  <new>
   +
  </new>
  <exclusive>
   yes
  </exclusive>
  <sporty>
   no
  </sporty>
 </clothing>
 <clothing>
  <id>
   796486673
  </id>
  <name>
   Adidas Belts J-3249
  </name>
  <category>
   Belts
  </category>
  <size>
   XL
  </size>
  <color>
   Оранжевый
  </color>
  <material>
   Лен
  </material>
  <price>
   966303
  </price>
  <rating>
   1.14
  </rating>
  <reviews>
   607117
  </reviews>
  <new>
   -
  </new>
  <exclusive>
   no
  </exclusive>
  <sporty>
   no
  </sporty>
 </clothing>
</clothing-items>
