<?xml version="1.0" encoding="utf-8"?>
<clothing-items>
 <clothing>
  <id>
   310329857
  </id>
  <name>
   Puma Jeans T-5437
  </name>
  <category>
   Jeans
  </category>
  <size>
   XXL
  </size>
  <color>
   Синий
  </color>
  <material>
   Кожа
  </material>
  <price>
   476515
  </price>
  <rating>
   4.01
  </rating>
  <reviews>
   485268
  </reviews>
  <new>
   -
  </new>
  <exclusive>
   yes
  </exclusive>
  <sporty>
   no
  </sporty>
 </clothing>
 <clothing>
  <id>
   162238522
  </id>
  <name>
   Puma Shirt O-9358
  </name>
  <category>
   Shirt
  </category>
  <size>
   L
  </size>
  <color>
   Красный
  </color>
  <material>
   Шерсть
  </material>
  <price>
   426108
  </price>
  <rating>
   4.86
  </rating>
  <reviews>
   645870
  </reviews>
  <sporty>
   no
  </sporty>
 </clothing>
 <clothing>
  <id>
   612698922
  </id>
  <name>
   New Balance Socks L-9208
  </name>
  <category>
   Socks
  </category>
  <size>
   S
  </size>
  <color>
   Желтый
  </color>
  <material>
   Шелк
  </material>
  <price>
   428261
  </price>
  <rating>
   4.11
  </rating>
  <reviews>
   747960
  </reviews>
  <new>
   -
  </new>
  <exclusive>
   yes
  </exclusive>
  <sporty>
   yes
  </sporty>
 </clothing>
 <clothing>
  <id>
   419604624
  </id>
  <name>
   PleinSport Blouse V-2979
  </name>
  <category>
   Blouse
  </category>
  <size>
   XL
  </size>
  <color>
   Желтый
  </color>
  <material>
   Нейлон
  </material>
  <price>
   295179
  </price>
  <rating>
   2.08
  </rating>
  <reviews>
   133143
  </reviews>
  <exclusive>
   yes
  </exclusive>
  <sporty>
   no
  </sporty>
 </clothing>
 <clothing>
  <id>
   605627685
  </id>
  <name>
   PleinSport Gloves A-6574
  </name>
  <category>
   Gloves
  </category>
  <size>
   M
  </size>
  <color>
   Оранжевый
  </color>
  <material>
   Кожа
  </material>
  <price>
   788393
  </price>
  <rating>
   3.92
  </rating>
  <reviews>
   243027
  </reviews>
  <new>
   +
  </new>
 </clothing>
 <clothing>
  <id>
   685433063
  </id>
  <name>
   Adidas Blouse S-6359
  </name>
  <category>
   Blouse
  </category>
  <size>
   XL
  </size>
  <color>
   Желтый
  </color>
  <material>
   Кожа
  </material>
  <price>
   916116
  </price>
  <rating>
   3.43
  </rating>
  <reviews>
   86077
  </reviews>
  <exclusive>
   no
  </exclusive>
 </clothing>
 <clothing>
  <id>
   612679063
  </id>
  <name>
   PleinSport Shirt P-1349
  </name>
  <category>
   Shirt
  </category>
  <size>
   M
  </size>
  <color>
   Желтый
  </color>
  <material>
   Шелк
  </material>
  <price>
   538127
  </price>
  <rating>
   2.22
  </rating>
  <reviews>
   186857
  </reviews>
 </clothing>
 <clothing>
  <id>
   586911675
  </id>
  <name>
   DC Shirt R-2366
  </name>
  <category>
   Shirt
  </category>
  <size>
   L
  </size>
  <color>
   Красный
  </color>
  <material>
   Нейлон
  </material>
  <price>
   330823
  </price>
  <rating>
   2.81
  </rating>
  <reviews>
   711291
  </reviews>
  <sporty>
   no
  </sporty>
 </clothing>
 <clothing>
  <id>
   729583975
  </id>
  <name>
   Vans Belts V-8157
  </name>
  <category>
   Belts
  </category>
  <size>
   S
  </size>
  <color>
   Фиолетовый
  </color>
  <material>
   Хлопок
  </material>
  <price>
   377834
  </price>
  <rating>
   4.75
  </rating>
  <reviews>
   984469
  </reviews>
  <new>
   +
  </new>
  <exclusive>
   no
  </exclusive>
 </clothing>
 <clothing>
  <id>
   641706262
  </id>
  <name>
   New Balance Hat M-8372
  </name>
  <category>
   Hat
  </category>
  <size>
   S
  </size>
  <color>
   Голубой
  </color>
  <material>
   Лен
  </material>
  <price>
   950352
  </price>
  <rating>
   4.58
  </rating>
  <reviews>
   40198
  </reviews>
  <new>
   -
  </new>
  <sporty>
   no
  </sporty>
 </clothing>
 <clothing>
  <id>
   492662557
  </id>
  <name>
   Adidas Pants X-4900
  </name>
  <category>
   Pants
  </category>
  <size>
   L
  </size>
  <color>
   Синий
  </color>
  <material>
   Полиэстер
  </material>
  <price>
   690388
  </price>
  <rating>
   2.85
  </rating>
  <reviews>
   284433
  </reviews>
  <new>
   -
  </new>
  <exclusive>
   no
  </exclusive>
  <sporty>
   no
  </sporty>
 </clothing>
 <clothing>
  <id>
   876655009
  </id>
  <name>
   Fila Socks Y-4352
  </name>
  <category>
   Socks
  </category>
  <size>
   XXL
  </size>
  <color>
   Фиолетовый
  </color>
  <material>
   Шерсть
  </material>
  <price>
   409350
  </price>
  <rating>
   3.85
  </rating>
  <reviews>
   921104
  </reviews>
  <new>
   +
  </new>
  <exclusive>
   no
  </exclusive>
  <sporty>
   yes
  </sporty>
 </clothing>
 <clothing>
  <id>
   706470023
  </id>
  <name>
   Brooks T-shirt U-6356
  </name>
  <category>
   T-shirt
  </category>
  <size>
   L
  </size>
  <color>
   Голубой
  </color>
  <material>
   Шелк
  </material>
  <price>
   133681
  </price>
  <rating>
   3.89
  </rating>
  <reviews>
   966791
  </reviews>
  <new>
   +
  </new>
  <exclusive>
   no
  </exclusive>
 </clothing>
 <clothing>
  <id>
   930691824
  </id>
  <name>
   Brooks Hat Y-8270
  </name>
  <category>
   Hat
  </category>
  <size>
   XL
  </size>
  <color>
   Оранжевый
  </color>
  <material>
   Кожа
  </material>
  <price>
   186316
  </price>
  <rating>
   3.42
  </rating>
  <reviews>
   798531
  </reviews>
  <new>
   +
  </new>
  <exclusive>
   no
  </exclusive>
  <sporty>
   no
  </sporty>
 </clothing>
 <clothing>
  <id>
   328689136
  </id>
  <name>
   New Balance Pants W-2886
  </name>
  <category>
   Pants
  </category>
  <size>
   M
  </size>
  <color>
   Зеленый
  </color>
  <material>
   Кожа
  </material>
  <price>
   140701
  </price>
  <rating>
   4.09
  </rating>
  <reviews>
   147845
  </reviews>
  <new>
   +
  </new>
  <exclusive>
   no
  </exclusive>
  <sporty>
   no
  </sporty>
 </clothing>
 <clothing>
  <id>
   136291947
  </id>
  <name>
   Addidas Belts H-8742
  </name>
  <category>
   Belts
  </category>
  <size>
   L
  </size>
  <color>
   Зеленый
  </color>
  <material>
   Шелк
  </material>
  <price>
   753920
  </price>
  <rating>
   4.03
  </rating>
  <reviews>
   403001
  </reviews>
  <new>
   +
  </new>
 </clothing>
 <clothing>
  <id>
   467675415
  </id>
  <name>
   PleinSport Jacket M-4402
  </name>
  <category>
   Jacket
  </category>
  <size>
   M
  </size>
  <color>
   Зеленый
  </color>
  <material>
   Шелк
  </material>
  <price>
   760700
  </price>
  <rating>
   1.71
  </rating>
  <reviews>
   528362
  </reviews>
  <new>
   -
  </new>
  <exclusive>
   no
  </exclusive>
 </clothing>
 <clothing>
  <id>
   871856681
  </id>
  <name>
   Under Armour Pants Q-2146
  </name>
  <category>
   Pants
  </category>
  <size>
   XXL
  </size>
  <color>
   Зеленый
  </color>
  <material>
   Кожа
  </material>
  <price>
   741589
  </price>
  <rating>
   3.54
  </rating>
  <reviews>
   289736
  </reviews>
  <new>
   -
  </new>
  <exclusive>
   no
  </exclusive>
  <sporty>
   no
  </sporty>
 </clothing>
 <clothing>
  <id>
   935581907
  </id>
  <name>
   PleinSport Hat H-4158
  </name>
  <category>
   Hat
  </category>
  <size>
   L
  </size>
  <color>
   Синий
  </color>
  <material>
   Нейлон
  </material>
  <price>
   223481
  </price>
  <rating>
   2.22
  </rating>
  <reviews>
   890084
  </reviews>
  <new>
   +
  </new>
  <sporty>
   yes
  </sporty>
 </clothing>
</clothing-items>
