<?xml version="1.0" encoding="utf-8"?>
<clothing-items>
 <clothing>
  <id>
   442665231
  </id>
  <name>
   Brooks Umbrellas J-7709
  </name>
  <category>
   Umbrellas
  </category>
  <size>
   S
  </size>
  <color>
   Желтый
  </color>
  <material>
   Кожа
  </material>
  <price>
   351709
  </price>
  <rating>
   1.08
  </rating>
  <reviews>
   189881
  </reviews>
  <new>
   +
  </new>
 </clothing>
 <clothing>
  <id>
   371004867
  </id>
  <name>
   DC Pants X-7426
  </name>
  <category>
   Pants
  </category>
  <size>
   L
  </size>
  <color>
   Фиолетовый
  </color>
  <material>
   Шелк
  </material>
  <price>
   496067
  </price>
  <rating>
   3.85
  </rating>
  <reviews>
   167746
  </reviews>
  <new>
   -
  </new>
 </clothing>
 <clothing>
  <id>
   208934341
  </id>
  <name>
   New Balance Sweater U-1694
  </name>
  <category>
   Sweater
  </category>
  <size>
   M
  </size>
  <color>
   Желтый
  </color>
  <material>
   Полиэстер
  </material>
  <price>
   431268
  </price>
  <rating>
   4.06
  </rating>
  <reviews>
   263840
  </reviews>
  <sporty>
   no
  </sporty>
 </clothing>
 <clothing>
  <id>
   165134684
  </id>
  <name>
   Fila Pants E-1288
  </name>
  <category>
   Pants
  </category>
  <size>
   L
  </size>
  <color>
   Голубой
  </color>
  <material>
   Хлопок
  </material>
  <price>
   958878
  </price>
  <rating>
   2.93
  </rating>
  <reviews>
   603203
  </reviews>
  <sporty>
   yes
  </sporty>
 </clothing>
 <clothing>
  <id>
   290370518
  </id>
  <name>
   Vans Umbrellas A-6594
  </name>
  <category>
   Umbrellas
  </category>
  <size>
   XL
  </size>
  <color>
   Фиолетовый
  </color>
  <material>
   Лен
  </material>
  <price>
   557028
  </price>
  <rating>
   4.45
  </rating>
  <reviews>
   971324
  </reviews>
  <new>
   +
  </new>
  <exclusive>
   yes
  </exclusive>
  <sporty>
   no
  </sporty>
 </clothing>
 <clothing>
  <id>
   822144614
  </id>
  <name>
   Asics Shirt V-1473
  </name>
  <category>
   Shirt
  </category>
  <size>
   L
  </size>
  <color>
   Фиолетовый
  </color>
  <material>
   Лен
  </material>
  <price>
   168590
  </price>
  <rating>
   1.56
  </rating>
  <reviews>
   784032
  </reviews>
  <exclusive>
   yes
  </exclusive>
 </clothing>
 <clothing>
  <id>
   375174334
  </id>
  <name>
   Adidas Belts Q-9839
  </name>
  <category>
   Belts
  </category>
  <size>
   XXL
  </size>
  <color>
   Синий
  </color>
  <material>
   Шелк
  </material>
  <price>
   983525
  </price>
  <rating>
   4.3
  </rating>
  <reviews>
   229451
  </reviews>
  <sporty>
   no
  </sporty>
 </clothing>
 <clothing>
  <id>
   756293745
  </id>
  <name>
   DC Umbrellas P-9588
  </name>
  <category>
   Umbrellas
  </category>
  <size>
   XXL
  </size>
  <color>
   Оранжевый
  </color>
  <material>
   Полиэстер
  </material>
  <price>
   792424
  </price>
  <rating>
   4.97
  </rating>
  <reviews>
   460196
  </reviews>
  <new>
   -
  </new>
  <exclusive>
   yes
  </exclusive>
 </clothing>
 <clothing>
  <id>
   892235874
  </id>
  <name>
   Lacoste Skirt G-9969
  </name>
  <category>
   Skirt
  </category>
  <size>
   L
  </size>
  <color>
   Желтый
  </color>
  <material>
   Хлопок
  </material>
  <price>
   115973
  </price>
  <rating>
   2.42
  </rating>
  <reviews>
   522234
  </reviews>
  <exclusive>
   yes
  </exclusive>
  <sporty>
   yes
  </sporty>
 </clothing>
 <clothing>
  <id>
   331245028
  </id>
  <name>
   Ellesse Blouse X-6700
  </name>
  <category>
   Blouse
  </category>
  <size>
   M
  </size>
  <color>
   Красный
  </color>
  <material>
   Полиэстер
  </material>
  <price>
   267305
  </price>
  <rating>
   2.82
  </rating>
  <reviews>
   928803
  </reviews>
  <new>
   -
  </new>
  <exclusive>
   yes
  </exclusive>
 </clothing>
 <clothing>
  <id>
   645511112
  </id>
  <name>
   Reebok Jacket A-5908
  </name>
  <category>
   Jacket
  </category>
  <size>
   M
  </size>
  <color>
   Голубой
  </color>
  <material>
   Лен
  </material>
  <price>
   186493
  </price>
  <rating>
   4.13
  </rating>
  <reviews>
   864099
  </reviews>
  <exclusive>
   no
  </exclusive>
  <sporty>
   yes
  </sporty>
 </clothing>
 <clothing>
  <id>
   577534933
  </id>
  <name>
   New Balance Hat E-2112
  </name>
  <category>
   Hat
  </category>
  <size>
   M
  </size>
  <color>
   Синий
  </color>
  <material>
   Шерсть
  </material>
  <price>
   634224
  </price>
  <rating>
   2.0
  </rating>
  <reviews>
   244121
  </reviews>
  <exclusive>
   no
  </exclusive>
  <sporty>
   no
  </sporty>
 </clothing>
 <clothing>
  <id>
   980941665
  </id>
  <name>
   Vans Jacket U-6719
  </name>
  <category>
   Jacket
  </category>
  <size>
   L
  </size>
  <color>
   Фиолетовый
  </color>
  <material>
   Кожа
  </material>
  <price>
   645995
  </price>
  <rating>
   4.85
  </rating>
  <reviews>
   560535
  </reviews>
  <exclusive>
   yes
  </exclusive>
  <sporty>
   no
  </sporty>
 </clothing>
 <clothing>
  <id>
   855571442
  </id>
  <name>
   Asics Shirt D-4573
  </name>
  <category>
   Shirt
  </category>
  <size>
   XL
  </size>
  <color>
   Синий
  </color>
  <material>
   Шелк
  </material>
  <price>
   980117
  </price>
  <rating>
   2.39
  </rating>
  <reviews>
   530646
  </reviews>
  <exclusive>
   yes
  </exclusive>
  <sporty>
   yes
  </sporty>
 </clothing>
 <clothing>
  <id>
   825834274
  </id>
  <name>
   Addidas Umbrellas D-8107
  </name>
  <category>
   Umbrellas
  </category>
  <size>
   M
  </size>
  <color>
   Голубой
  </color>
  <material>
   Полиэстер
  </material>
  <price>
   394036
  </price>
  <rating>
   4.73
  </rating>
  <reviews>
   370570
  </reviews>
  <new>
   -
  </new>
  <exclusive>
   yes
  </exclusive>
  <sporty>
   yes
  </sporty>
 </clothing>
 <clothing>
  <id>
   602690401
  </id>
  <name>
   Addidas Sweater Y-2674
  </name>
  <category>
   Sweater
  </category>
  <size>
   XXL
  </size>
  <color>
   Фиолетовый
  </color>
  <material>
   Хлопок
  </material>
  <price>
   903946
  </price>
  <rating>
   3.77
  </rating>
  <reviews>
   754385
  </reviews>
  <exclusive>
   no
  </exclusive>
  <sporty>
   yes
  </sporty>
 </clothing>
 <clothing>
  <id>
   356892500
  </id>
  <name>
   Lacoste Skirt C-3456
  </name>
  <category>
   Skirt
  </category>
  <size>
   S
  </size>
  <color>
   Голубой
  </color>
  <material>
   Шелк
  </material>
  <price>
   587473
  </price>
  <rating>
   2.65
  </rating>
  <reviews>
   430810
  </reviews>
  <new>
   -
  </new>
  <sporty>
   no
  </sporty>
 </clothing>
 <clothing>
  <id>
   332421899
  </id>
  <name>
   Lacoste Skirt P-3197
  </name>
  <category>
   Skirt
  </category>
  <size>
   L
  </size>
  <color>
   Желтый
  </color>
  <material>
   Вискоза
  </material>
  <price>
   120569
  </price>
  <rating>
   1.35
  </rating>
  <reviews>
   198934
  </reviews>
  <new>
   -
  </new>
  <exclusive>
   no
  </exclusive>
  <sporty>
   no
  </sporty>
 </clothing>
</clothing-items>
