<?xml version="1.0" encoding="utf-8"?>
<clothing-items>
 <clothing>
  <id>
   179235360
  </id>
  <name>
   Asics Umbrellas X-9617
  </name>
  <category>
   Umbrellas
  </category>
  <size>
   XXL
  </size>
  <color>
   Желтый
  </color>
  <material>
   Полиэстер
  </material>
  <price>
   990069
  </price>
  <rating>
   3.23
  </rating>
  <reviews>
   24812
  </reviews>
  <new>
   -
  </new>
  <exclusive>
   no
  </exclusive>
 </clothing>
 <clothing>
  <id>
   582169985
  </id>
  <name>
   Under Armour Shoes M-3479
  </name>
  <category>
   Shoes
  </category>
  <size>
   L
  </size>
  <color>
   Красный
  </color>
  <material>
   Шелк
  </material>
  <price>
   329839
  </price>
  <rating>
   2.89
  </rating>
  <reviews>
   73668
  </reviews>
  <new>
   +
  </new>
  <exclusive>
   no
  </exclusive>
  <sporty>
   yes
  </sporty>
 </clothing>
 <clothing>
  <id>
   808379438
  </id>
  <name>
   Nike Shoes X-9805
  </name>
  <category>
   Shoes
  </category>
  <size>
   L
  </size>
  <color>
   Красный
  </color>
  <material>
   Кожа
  </material>
  <price>
   600896
  </price>
  <rating>
   3.56
  </rating>
  <reviews>
   452762
  </reviews>
  <new>
   +
  </new>
  <exclusive>
   yes
  </exclusive>
  <sporty>
   no
  </sporty>
 </clothing>
 <clothing>
  <id>
   735609794
  </id>
  <name>
   DC Jeans O-4764
  </name>
  <category>
   Jeans
  </category>
  <size>
   M
  </size>
  <color>
   Зеленый
  </color>
  <material>
   Шерсть
  </material>
  <price>
   928983
  </price>
  <rating>
   2.82
  </rating>
  <reviews>
   835548
  </reviews>
  <new>
   -
  </new>
  <exclusive>
   no
  </exclusive>
  <sporty>
   no
  </sporty>
 </clothing>
 <clothing>
  <id>
   964473276
  </id>
  <name>
   Adidas Jeans J-6628
  </name>
  <category>
   Jeans
  </category>
  <size>
   M
  </size>
  <color>
   Зеленый
  </color>
  <material>
   Кожа
  </material>
  <price>
   878870
  </price>
  <rating>
   2.29
  </rating>
  <reviews>
   824946
  </reviews>
  <sporty>
   no
  </sporty>
 </clothing>
 <clothing>
  <id>
   777917145
  </id>
  <name>
   Brooks Sweater T-4679
  </name>
  <category>
   Sweater
  </category>
  <size>
   S
  </size>
  <color>
   Голубой
  </color>
  <material>
   Нейлон
  </material>
  <price>
   974042
  </price>
  <rating>
   4.79
  </rating>
  <reviews>
   616581
  </reviews>
  <sporty>
   no
  </sporty>
 </clothing>
 <clothing>
  <id>
   270330251
  </id>
  <name>
   Asics Hat C-8283
  </name>
  <category>
   Hat
  </category>
  <size>
   M
  </size>
  <color>
   Желтый
  </color>
  <material>
   Нейлон
  </material>
  <price>
   157534
  </price>
  <rating>
   1.49
  </rating>
  <reviews>
   523253
  </reviews>
 </clothing>
 <clothing>
  <id>
   134839700
  </id>
  <name>
   Vans Jeans K-4895
  </name>
  <category>
   Jeans
  </category>
  <size>
   M
  </size>
  <color>
   Синий
  </color>
  <material>
   Шерсть
  </material>
  <price>
   883273
  </price>
  <rating>
   4.71
  </rating>
  <reviews>
   8821
  </reviews>
  <new>
   -
  </new>
 </clothing>
 <clothing>
  <id>
   447708776
  </id>
  <name>
   Nike T-shirt X-6169
  </name>
  <category>
   T-shirt
  </category>
  <size>
   S
  </size>
  <color>
   Оранжевый
  </color>
  <material>
   Вискоза
  </material>
  <price>
   204586
  </price>
  <rating>
   3.88
  </rating>
  <reviews>
   626910
  </reviews>
  <new>
   +
  </new>
  <exclusive>
   no
  </exclusive>
 </clothing>
 <clothing>
  <id>
   979956425
  </id>
  <name>
   Asics Socks C-8596
  </name>
  <category>
   Socks
  </category>
  <size>
   XL
  </size>
  <color>
   Желтый
  </color>
  <material>
   Хлопок
  </material>
  <price>
   934962
  </price>
  <rating>
   1.39
  </rating>
  <reviews>
   141988
  </reviews>
  <new>
   -
  </new>
  <sporty>
   no
  </sporty>
 </clothing>
 <clothing>
  <id>
   938113768
  </id>
  <name>
   New Balance Handbags N-3298
  </name>
  <category>
   Handbags
  </category>
  <size>
   XXL
  </size>
  <color>
   Зеленый
  </color>
  <material>
   Полиэстер
  </material>
  <price>
   515805
  </price>
  <rating>
   1.0
  </rating>
  <reviews>
   579391
  </reviews>
  <new>
   +
  </new>
 </clothing>
 <clothing>
  <id>
   352539630
  </id>
  <name>
   Vans Umbrellas L-1919
  </name>
  <category>
   Umbrellas
  </category>
  <size>
   S
  </size>
  <color>
   Оранжевый
  </color>
  <material>
   Полиэстер
  </material>
  <price>
   834227
  </price>
  <rating>
   4.36
  </rating>
  <reviews>
   499453
  </reviews>
  <exclusive>
   no
  </exclusive>
  <sporty>
   yes
  </sporty>
 </clothing>
 <clothing>
  <id>
   812369840
  </id>
  <name>
   Addidas Handbags F-3293
  </name>
  <category>
   Handbags
  </category>
  <size>
   L
  </size>
  <color>
   Фиолетовый
  </color>
  <material>
   Нейлон
  </material>
  <price>
   354575
  </price>
  <rating>
   3.41
  </rating>
  <reviews>
   774832
  </reviews>
 </clothing>
 <clothing>
  <id>
   668548637
  </id>
  <name>
   Under Armour Sweater N-4331
  </name>
  <category>
   Sweater
  </category>
  <size>
   M
  </size>
  <color>
   Голубой
  </color>
  <material>
   Хлопок
  </material>
  <price>
   928934
  </price>
  <rating>
   4.26
  </rating>
  <reviews>
   100139
  </reviews>
  <new>
   -
  </new>
  <exclusive>
   no
  </exclusive>
 </clothing>
 <clothing>
  <id>
   305783346
  </id>
  <name>
   Reebok Socks V-4640
  </name>
  <category>
   Socks
  </category>
  <size>
   XL
  </size>
  <color>
   Фиолетовый
  </color>
  <material>
   Лен
  </material>
  <price>
   396885
  </price>
  <rating>
   1.8
  </rating>
  <reviews>
   793811
  </reviews>
  <new>
   -
  </new>
  <sporty>
   no
  </sporty>
 </clothing>
 <clothing>
  <id>
   529830077
  </id>
  <name>
   New Balance Blouse Q-6446
  </name>
  <category>
   Blouse
  </category>
  <size>
   S
  </size>
  <color>
   Красный
  </color>
  <material>
   Шелк
  </material>
  <price>
   257548
  </price>
  <rating>
   3.76
  </rating>
  <reviews>
   529734
  </reviews>
  <new>
   -
  </new>
  <exclusive>
   yes
  </exclusive>
  <sporty>
   no
  </sporty>
 </clothing>
 <clothing>
  <id>
   773134907
  </id>
  <name>
   Lacoste Jeans G-3761
  </name>
  <category>
   Jeans
  </category>
  <size>
   XL
  </size>
  <color>
   Голубой
  </color>
  <material>
   Шелк
  </material>
  <price>
   356256
  </price>
  <rating>
   4.53
  </rating>
  <reviews>
   296420
  </reviews>
  <new>
   -
  </new>
  <exclusive>
   yes
  </exclusive>
  <sporty>
   no
  </sporty>
 </clothing>
 <clothing>
  <id>
   895481506
  </id>
  <name>
   Lacoste Pants A-2322
  </name>
  <category>
   Pants
  </category>
  <size>
   S
  </size>
  <color>
   Зеленый
  </color>
  <material>
   Лен
  </material>
  <price>
   247335
  </price>
  <rating>
   4.17
  </rating>
  <reviews>
   455227
  </reviews>
  <exclusive>
   yes
  </exclusive>
  <sporty>
   yes
  </sporty>
 </clothing>
 <clothing>
  <id>
   686729509
  </id>
  <name>
   Adidas Gloves G-1516
  </name>
  <category>
   Gloves
  </category>
  <size>
   M
  </size>
  <color>
   Красный
  </color>
  <material>
   Лен
  </material>
  <price>
   222338
  </price>
  <rating>
   4.45
  </rating>
  <reviews>
   306687
  </reviews>
  <new>
   +
  </new>
  <exclusive>
   no
  </exclusive>
  <sporty>
   yes
  </sporty>
 </clothing>
 <clothing>
  <id>
   564176137
  </id>
  <name>
   Puma Socks D-4259
  </name>
  <category>
   Socks
  </category>
  <size>
   L
  </size>
  <color>
   Зеленый
  </color>
  <material>
   Лен
  </material>
  <price>
   593124
  </price>
  <rating>
   2.93
  </rating>
  <reviews>
   279675
  </reviews>
  <new>
   -
  </new>
 </clothing>
 <clothing>
  <id>
   375427564
  </id>
  <name>
   Converse Hat R-5760
  </name>
  <category>
   Hat
  </category>
  <size>
   XL
  </size>
  <color>
   Голубой
  </color>
  <material>
   Нейлон
  </material>
  <price>
   114748
  </price>
  <rating>
   4.3
  </rating>
  <reviews>
   247223
  </reviews>
  <new>
   -
  </new>
  <sporty>
   no
  </sporty>
 </clothing>
 <clothing>
  <id>
   755018266
  </id>
  <name>
   Nike T-shirt L-4974
  </name>
  <category>
   T-shirt
  </category>
  <size>
   XXL
  </size>
  <color>
   Фиолетовый
  </color>
  <material>
   Полиэстер
  </material>
  <price>
   641323
  </price>
  <rating>
   3.6
  </rating>
  <reviews>
   957687
  </reviews>
 </clothing>
 <clothing>
  <id>
   539944505
  </id>
  <name>
   New Balance Jacket U-5742
  </name>
  <category>
   Jacket
  </category>
  <size>
   XL
  </size>
  <color>
   Оранжевый
  </color>
  <material>
   Лен
  </material>
  <price>
   231298
  </price>
  <rating>
   2.87
  </rating>
  <reviews>
   547385
  </reviews>
  <new>
   -
  </new>
  <exclusive>
   yes
  </exclusive>
  <sporty>
   yes
  </sporty>
 </clothing>
 <clothing>
  <id>
   636993221
  </id>
  <name>
   Addidas Gloves F-3560
  </name>
  <category>
   Gloves
  </category>
  <size>
   XXL
  </size>
  <color>
   Желтый
  </color>
  <material>
   Вискоза
  </material>
  <price>
   835741
  </price>
  <rating>
   2.62
  </rating>
  <reviews>
   188127
  </reviews>
  <exclusive>
   yes
  </exclusive>
  <sporty>
   yes
  </sporty>
 </clothing>
 <clothing>
  <id>
   243044768
  </id>
  <name>
   Nike Blouse E-1001
  </name>
  <category>
   Blouse
  </category>
  <size>
   L
  </size>
  <color>
   Голубой
  </color>
  <material>
   Вискоза
  </material>
  <price>
   422452
  </price>
  <rating>
   1.2
  </rating>
  <reviews>
   98291
  </reviews>
  <new>
   +
  </new>
 </clothing>
 <clothing>
  <id>
   863003572
  </id>
  <name>
   DC Skirt A-6910
  </name>
  <category>
   Skirt
  </category>
  <size>
   S
  </size>
  <color>
   Голубой
  </color>
  <material>
   Шерсть
  </material>
  <price>
   544223
  </price>
  <rating>
   4.32
  </rating>
  <reviews>
   288449
  </reviews>
  <new>
   -
  </new>
  <exclusive>
   yes
  </exclusive>
  <sporty>
   no
  </sporty>
 </clothing>
 <clothing>
  <id>
   685279182
  </id>
  <name>
   Reebok Jeans X-9964
  </name>
  <category>
   Jeans
  </category>
  <size>
   L
  </size>
  <color>
   Фиолетовый
  </color>
  <material>
   Полиэстер
  </material>
  <price>
   643883
  </price>
  <rating>
   3.02
  </rating>
  <reviews>
   170777
  </reviews>
  <new>
   -
  </new>
  <exclusive>
   no
  </exclusive>
 </clothing>
 <clothing>
  <id>
   119924039
  </id>
  <name>
   Brooks Hat A-6087
  </name>
  <category>
   Hat
  </category>
  <size>
   XXL
  </size>
  <color>
   Синий
  </color>
  <material>
   Шелк
  </material>
  <price>
   635843
  </price>
  <rating>
   4.95
  </rating>
  <reviews>
   350860
  </reviews>
  <new>
   +
  </new>
  <sporty>
   no
  </sporty>
 </clothing>
</clothing-items>
