<?xml version="1.0" encoding="utf-8"?>
<clothing-items>
 <clothing>
  <id>
   174428404
  </id>
  <name>
   Lacoste Jacket D-4263
  </name>
  <category>
   Jacket
  </category>
  <size>
   M
  </size>
  <color>
   Красный
  </color>
  <material>
   Лен
  </material>
  <price>
   722981
  </price>
  <rating>
   1.15
  </rating>
  <reviews>
   393303
  </reviews>
  <new>
   +
  </new>
 </clothing>
 <clothing>
  <id>
   658775026
  </id>
  <name>
   New Balance Socks X-7821
  </name>
  <category>
   Socks
  </category>
  <size>
   M
  </size>
  <color>
   Желтый
  </color>
  <material>
   Шелк
  </material>
  <price>
   307700
  </price>
  <rating>
   1.5
  </rating>
  <reviews>
   633326
  </reviews>
  <exclusive>
   yes
  </exclusive>
 </clothing>
 <clothing>
  <id>
   435541456
  </id>
  <name>
   Vans Sweater W-9500
  </name>
  <category>
   Sweater
  </category>
  <size>
   S
  </size>
  <color>
   Фиолетовый
  </color>
  <material>
   Шелк
  </material>
  <price>
   248464
  </price>
  <rating>
   2.98
  </rating>
  <reviews>
   641864
  </reviews>
  <new>
   +
  </new>
  <exclusive>
   no
  </exclusive>
  <sporty>
   no
  </sporty>
 </clothing>
 <clothing>
  <id>
   881503016
  </id>
  <name>
   Ellesse Jeans L-5657
  </name>
  <category>
   Jeans
  </category>
  <size>
   XL
  </size>
  <color>
   Желтый
  </color>
  <material>
   Вискоза
  </material>
  <price>
   304094
  </price>
  <rating>
   4.64
  </rating>
  <reviews>
   514245
  </reviews>
  <new>
   +
  </new>
 </clothing>
 <clothing>
  <id>
   387972076
  </id>
  <name>
   Adidas Jacket G-1370
  </name>
  <category>
   Jacket
  </category>
  <size>
   XXL
  </size>
  <color>
   Красный
  </color>
  <material>
   Лен
  </material>
  <price>
   658380
  </price>
  <rating>
   2.46
  </rating>
  <reviews>
   115480
  </reviews>
  <new>
   -
  </new>
  <exclusive>
   no
  </exclusive>
  <sporty>
   yes
  </sporty>
 </clothing>
 <clothing>
  <id>
   112277859
  </id>
  <name>
   PleinSport Umbrellas H-1065
  </name>
  <category>
   Umbrellas
  </category>
  <size>
   M
  </size>
  <color>
   Зеленый
  </color>
  <material>
   Хлопок
  </material>
  <price>
   185000
  </price>
  <rating>
   2.33
  </rating>
  <reviews>
   882406
  </reviews>
  <new>
   -
  </new>
  <exclusive>
   no
  </exclusive>
  <sporty>
   no
  </sporty>
 </clothing>
 <clothing>
  <id>
   483260527
  </id>
  <name>
   PleinSport Umbrellas H-6872
  </name>
  <category>
   Umbrellas
  </category>
  <size>
   XL
  </size>
  <color>
   Фиолетовый
  </color>
  <material>
   Кожа
  </material>
  <price>
   807032
  </price>
  <rating>
   4.1
  </rating>
  <reviews>
   371933
  </reviews>
  <new>
   -
  </new>
  <exclusive>
   yes
  </exclusive>
 </clothing>
 <clothing>
  <id>
   651097211
  </id>
  <name>
   Puma Socks M-1517
  </name>
  <category>
   Socks
  </category>
  <size>
   M
  </size>
  <color>
   Голубой
  </color>
  <material>
   Лен
  </material>
  <price>
   523857
  </price>
  <rating>
   3.12
  </rating>
  <reviews>
   527109
  </reviews>
  <sporty>
   yes
  </sporty>
 </clothing>
 <clothing>
  <id>
   700959125
  </id>
  <name>
   Adidas Dress E-3920
  </name>
  <category>
   Dress
  </category>
  <size>
   XXL
  </size>
  <color>
   Желтый
  </color>
  <material>
   Лен
  </material>
  <price>
   171816
  </price>
  <rating>
   1.7
  </rating>
  <reviews>
   420942
  </reviews>
  <new>
   -
  </new>
  <exclusive>
   yes
  </exclusive>
 </clothing>
 <clothing>
  <id>
   127885118
  </id>
  <name>
   Brooks Blouse D-2977
  </name>
  <category>
   Blouse
  </category>
  <size>
   XL
  </size>
  <color>
   Голубой
  </color>
  <material>
   Кожа
  </material>
  <price>
   427033
  </price>
  <rating>
   3.85
  </rating>
  <reviews>
   463430
  </reviews>
  <new>
   -
  </new>
 </clothing>
 <clothing>
  <id>
   211113344
  </id>
  <name>
   New Balance Hat Y-1963
  </name>
  <category>
   Hat
  </category>
  <size>
   S
  </size>
  <color>
   Оранжевый
  </color>
  <material>
   Лен
  </material>
  <price>
   127649
  </price>
  <rating>
   1.82
  </rating>
  <reviews>
   430548
  </reviews>
  <exclusive>
   yes
  </exclusive>
 </clothing>
 <clothing>
  <id>
   763756438
  </id>
  <name>
   Under Armour Jeans Q-2925
  </name>
  <category>
   Jeans
  </category>
  <size>
   XL
  </size>
  <color>
   Зеленый
  </color>
  <material>
   Полиэстер
  </material>
  <price>
   262236
  </price>
  <rating>
   4.5
  </rating>
  <reviews>
   534155
  </reviews>
  <new>
   -
  </new>
  <sporty>
   yes
  </sporty>
 </clothing>
 <clothing>
  <id>
   791156838
  </id>
  <name>
   Under Armour Gloves K-3370
  </name>
  <category>
   Gloves
  </category>
  <size>
   S
  </size>
  <color>
   Фиолетовый
  </color>
  <material>
   Шерсть
  </material>
  <price>
   352970
  </price>
  <rating>
   3.72
  </rating>
  <reviews>
   788898
  </reviews>
  <new>
   -
  </new>
  <exclusive>
   no
  </exclusive>
  <sporty>
   no
  </sporty>
 </clothing>
 <clothing>
  <id>
   484624242
  </id>
  <name>
   Under Armour Shoes C-4374
  </name>
  <category>
   Shoes
  </category>
  <size>
   XL
  </size>
  <color>
   Голубой
  </color>
  <material>
   Хлопок
  </material>
  <price>
   690428
  </price>
  <rating>
   1.87
  </rating>
  <reviews>
   196174
  </reviews>
  <new>
   -
  </new>
  <exclusive>
   no
  </exclusive>
  <sporty>
   no
  </sporty>
 </clothing>
 <clothing>
  <id>
   575702348
  </id>
  <name>
   Converse Skirt C-1166
  </name>
  <category>
   Skirt
  </category>
  <size>
   S
  </size>
  <color>
   Оранжевый
  </color>
  <material>
   Нейлон
  </material>
  <price>
   500552
  </price>
  <rating>
   1.62
  </rating>
  <reviews>
   147866
  </reviews>
  <exclusive>
   yes
  </exclusive>
 </clothing>
 <clothing>
  <id>
   255962392
  </id>
  <name>
   Brooks Shirt M-6101
  </name>
  <category>
   Shirt
  </category>
  <size>
   S
  </size>
  <color>
   Синий
  </color>
  <material>
   Шелк
  </material>
  <price>
   754924
  </price>
  <rating>
   1.89
  </rating>
  <reviews>
   174151
  </reviews>
  <sporty>
   no
  </sporty>
 </clothing>
 <clothing>
  <id>
   894807347
  </id>
  <name>
   Lacoste Jacket B-9778
  </name>
  <category>
   Jacket
  </category>
  <size>
   XXL
  </size>
  <color>
   Фиолетовый
  </color>
  <material>
   Нейлон
  </material>
  <price>
   903411
  </price>
  <rating>
   4.74
  </rating>
  <reviews>
   511814
  </reviews>
  <exclusive>
   yes
  </exclusive>
  <sporty>
   yes
  </sporty>
 </clothing>
 <clothing>
  <id>
   614854298
  </id>
  <name>
   Adidas Jacket S-3330
  </name>
  <category>
   Jacket
  </category>
  <size>
   XL
  </size>
  <color>
   Синий
  </color>
  <material>
   Шерсть
  </material>
  <price>
   713674
  </price>
  <rating>
   1.12
  </rating>
  <reviews>
   519281
  </reviews>
  <exclusive>
   yes
  </exclusive>
 </clothing>
 <clothing>
  <id>
   812913225
  </id>
  <name>
   Lacoste Hat N-7045
  </name>
  <category>
   Hat
  </category>
  <size>
   S
  </size>
  <color>
   Голубой
  </color>
  <material>
   Лен
  </material>
  <price>
   927983
  </price>
  <rating>
   2.19
  </rating>
  <reviews>
   879765
  </reviews>
  <sporty>
   no
  </sporty>
 </clothing>
 <clothing>
  <id>
   982850339
  </id>
  <name>
   Puma Jacket O-9231
  </name>
  <category>
   Jacket
  </category>
  <size>
   M
  </size>
  <color>
   Голубой
  </color>
  <material>
   Кожа
  </material>
  <price>
   260772
  </price>
  <rating>
   2.61
  </rating>
  <reviews>
   142164
  </reviews>
  <exclusive>
   no
  </exclusive>
 </clothing>
 <clothing>
  <id>
   253674232
  </id>
  <name>
   Addidas Jeans N-4749
  </name>
  <category>
   Jeans
  </category>
  <size>
   XL
  </size>
  <color>
   Фиолетовый
  </color>
  <material>
   Полиэстер
  </material>
  <price>
   787369
  </price>
  <rating>
   3.0
  </rating>
  <reviews>
   737050
  </reviews>
  <new>
   -
  </new>
 </clothing>
 <clothing>
  <id>
   330312483
  </id>
  <name>
   Addidas Blouse B-5289
  </name>
  <category>
   Blouse
  </category>
  <size>
   S
  </size>
  <color>
   Синий
  </color>
  <material>
   Шелк
  </material>
  <price>
   768769
  </price>
  <rating>
   2.26
  </rating>
  <reviews>
   678438
  </reviews>
  <new>
   +
  </new>
  <exclusive>
   yes
  </exclusive>
  <sporty>
   yes
  </sporty>
 </clothing>
 <clothing>
  <id>
   134598994
  </id>
  <name>
   DC Dress S-2980
  </name>
  <category>
   Dress
  </category>
  <size>
   S
  </size>
  <color>
   Оранжевый
  </color>
  <material>
   Нейлон
  </material>
  <price>
   267993
  </price>
  <rating>
   4.8
  </rating>
  <reviews>
   227066
  </reviews>
  <exclusive>
   no
  </exclusive>
 </clothing>
 <clothing>
  <id>
   120906715
  </id>
  <name>
   Nike Hat R-6144
  </name>
  <category>
   Hat
  </category>
  <size>
   XL
  </size>
  <color>
   Желтый
  </color>
  <material>
   Лен
  </material>
  <price>
   686808
  </price>
  <rating>
   4.77
  </rating>
  <reviews>
   338434
  </reviews>
  <new>
   +
  </new>
  <exclusive>
   no
  </exclusive>
  <sporty>
   no
  </sporty>
 </clothing>
 <clothing>
  <id>
   894247282
  </id>
  <name>
   New Balance Jeans G-7328
  </name>
  <category>
   Jeans
  </category>
  <size>
   M
  </size>
  <color>
   Оранжевый
  </color>
  <material>
   Шерсть
  </material>
  <price>
   919685
  </price>
  <rating>
   4.62
  </rating>
  <reviews>
   709056
  </reviews>
  <sporty>
   no
  </sporty>
 </clothing>
 <clothing>
  <id>
   212191233
  </id>
  <name>
   Fila Jeans G-5092
  </name>
  <category>
   Jeans
  </category>
  <size>
   L
  </size>
  <color>
   Фиолетовый
  </color>
  <material>
   Шелк
  </material>
  <price>
   625151
  </price>
  <rating>
   2.44
  </rating>
  <reviews>
   799635
  </reviews>
  <new>
   -
  </new>
 </clothing>
 <clothing>
  <id>
   290578611
  </id>
  <name>
   Nike Socks C-5504
  </name>
  <category>
   Socks
  </category>
  <size>
   XL
  </size>
  <color>
   Оранжевый
  </color>
  <material>
   Вискоза
  </material>
  <price>
   941488
  </price>
  <rating>
   3.4
  </rating>
  <reviews>
   426116
  </reviews>
 </clothing>
 <clothing>
  <id>
   747639176
  </id>
  <name>
   Nike Gloves R-1606
  </name>
  <category>
   Gloves
  </category>
  <size>
   XL
  </size>
  <color>
   Зеленый
  </color>
  <material>
   Шерсть
  </material>
  <price>
   490053
  </price>
  <rating>
   2.82
  </rating>
  <reviews>
   378124
  </reviews>
  <sporty>
   yes
  </sporty>
 </clothing>
 <clothing>
  <id>
   610212600
  </id>
  <name>
   Adidas Skirt C-8295
  </name>
  <category>
   Skirt
  </category>
  <size>
   XL
  </size>
  <color>
   Синий
  </color>
  <material>
   Лен
  </material>
  <price>
   208946
  </price>
  <rating>
   1.65
  </rating>
  <reviews>
   546267
  </reviews>
  <new>
   -
  </new>
  <exclusive>
   no
  </exclusive>
 </clothing>
 <clothing>
  <id>
   691127295
  </id>
  <name>
   Asics Skirt C-1773
  </name>
  <category>
   Skirt
  </category>
  <size>
   L
  </size>
  <color>
   Желтый
  </color>
  <material>
   Вискоза
  </material>
  <price>
   694334
  </price>
  <rating>
   4.27
  </rating>
  <reviews>
   871810
  </reviews>
  <sporty>
   yes
  </sporty>
 </clothing>
 <clothing>
  <id>
   663377158
  </id>
  <name>
   Adidas Gloves N-7184
  </name>
  <category>
   Gloves
  </category>
  <size>
   S
  </size>
  <color>
   Синий
  </color>
  <material>
   Шелк
  </material>
  <price>
   588619
  </price>
  <rating>
   2.55
  </rating>
  <reviews>
   428855
  </reviews>
  <new>
   +
  </new>
  <sporty>
   yes
  </sporty>
 </clothing>
 <clothing>
  <id>
   631747772
  </id>
  <name>
   Nike Shoes D-9976
  </name>
  <category>
   Shoes
  </category>
  <size>
   L
  </size>
  <color>
   Желтый
  </color>
  <material>
   Шерсть
  </material>
  <price>
   112260
  </price>
  <rating>
   1.42
  </rating>
  <reviews>
   110659
  </reviews>
  <exclusive>
   yes
  </exclusive>
 </clothing>
 <clothing>
  <id>
   204266128
  </id>
  <name>
   Fila Sweater H-7629
  </name>
  <category>
   Sweater
  </category>
  <size>
   XXL
  </size>
  <color>
   Фиолетовый
  </color>
  <material>
   Шерсть
  </material>
  <price>
   597573
  </price>
  <rating>
   3.74
  </rating>
  <reviews>
   156722
  </reviews>
  <sporty>
   no
  </sporty>
 </clothing>
 <clothing>
  <id>
   360351677
  </id>
  <name>
   PleinSport Sweater G-7974
  </name>
  <category>
   Sweater
  </category>
  <size>
   S
  </size>
  <color>
   Фиолетовый
  </color>
  <material>
   Кожа
  </material>
  <price>
   281503
  </price>
  <rating>
   3.28
  </rating>
  <reviews>
   45016
  </reviews>
  <new>
   -
  </new>
  <exclusive>
   no
  </exclusive>
  <sporty>
   yes
  </sporty>
 </clothing>
 <clothing>
  <id>
   815224736
  </id>
  <name>
   Vans Sweater C-6231
  </name>
  <category>
   Sweater
  </category>
  <size>
   M
  </size>
  <color>
   Фиолетовый
  </color>
  <material>
   Полиэстер
  </material>
  <price>
   725617
  </price>
  <rating>
   3.55
  </rating>
  <reviews>
   381998
  </reviews>
  <exclusive>
   no
  </exclusive>
  <sporty>
   no
  </sporty>
 </clothing>
 <clothing>
  <id>
   618862689
  </id>
  <name>
   Vans Shirt I-2416
  </name>
  <category>
   Shirt
  </category>
  <size>
   L
  </size>
  <color>
   Желтый
  </color>
  <material>
   Хлопок
  </material>
  <price>
   801220
  </price>
  <rating>
   2.67
  </rating>
  <reviews>
   648850
  </reviews>
  <new>
   -
  </new>
  <exclusive>
   yes
  </exclusive>
 </clothing>
 <clothing>
  <id>
   173343569
  </id>
  <name>
   New Balance Belts J-3818
  </name>
  <category>
   Belts
  </category>
  <size>
   XL
  </size>
  <color>
   Голубой
  </color>
  <material>
   Шерсть
  </material>
  <price>
   822185
  </price>
  <rating>
   2.09
  </rating>
  <reviews>
   849609
  </reviews>
 </clothing>
 <clothing>
  <id>
   474179015
  </id>
  <name>
   Converse Dress G-4687
  </name>
  <category>
   Dress
  </category>
  <size>
   XL
  </size>
  <color>
   Фиолетовый
  </color>
  <material>
   Хлопок
  </material>
  <price>
   729397
  </price>
  <rating>
   3.92
  </rating>
  <reviews>
   301645
  </reviews>
  <new>
   +
  </new>
  <exclusive>
   yes
  </exclusive>
  <sporty>
   no
  </sporty>
 </clothing>
 <clothing>
  <id>
   506572804
  </id>
  <name>
   New Balance Blouse I-2764
  </name>
  <category>
   Blouse
  </category>
  <size>
   XL
  </size>
  <color>
   Оранжевый
  </color>
  <material>
   Шерсть
  </material>
  <price>
   416865
  </price>
  <rating>
   3.01
  </rating>
  <reviews>
   823350
  </reviews>
  <exclusive>
   yes
  </exclusive>
  <sporty>
   no
  </sporty>
 </clothing>
 <clothing>
  <id>
   750119249
  </id>
  <name>
   Ellesse Hat E-8629
  </name>
  <category>
   Hat
  </category>
  <size>
   L
  </size>
  <color>
   Оранжевый
  </color>
  <material>
   Шелк
  </material>
  <price>
   173754
  </price>
  <rating>
   1.78
  </rating>
  <reviews>
   226036
  </reviews>
  <new>
   -
  </new>
  <exclusive>
   yes
  </exclusive>
 </clothing>
 <clothing>
  <id>
   164511389
  </id>
  <name>
   Fila Hat Y-9741
  </name>
  <category>
   Hat
  </category>
  <size>
   XXL
  </size>
  <color>
   Зеленый
  </color>
  <material>
   Нейлон
  </material>
  <price>
   175934
  </price>
  <rating>
   4.7
  </rating>
  <reviews>
   982663
  </reviews>
  <new>
   -
  </new>
  <exclusive>
   no
  </exclusive>
  <sporty>
   no
  </sporty>
 </clothing>
 <clothing>
  <id>
   353220599
  </id>
  <name>
   Lacoste Shoes G-7360
  </name>
  <category>
   Shoes
  </category>
  <size>
   M
  </size>
  <color>
   Синий
  </color>
  <material>
   Кожа
  </material>
  <price>
   280671
  </price>
  <rating>
   1.56
  </rating>
  <reviews>
   517375
  </reviews>
  <sporty>
   no
  </sporty>
 </clothing>
 <clothing>
  <id>
   353195276
  </id>
  <name>
   Brooks Shoes Q-5811
  </name>
  <category>
   Shoes
  </category>
  <size>
   XXL
  </size>
  <color>
   Зеленый
  </color>
  <material>
   Лен
  </material>
  <price>
   441022
  </price>
  <rating>
   2.89
  </rating>
  <reviews>
   473178
  </reviews>
  <exclusive>
   no
  </exclusive>
 </clothing>
 <clothing>
  <id>
   481740074
  </id>
  <name>
   Under Armour Gloves G-5015
  </name>
  <category>
   Gloves
  </category>
  <size>
   XL
  </size>
  <color>
   Фиолетовый
  </color>
  <material>
   Лен
  </material>
  <price>
   435657
  </price>
  <rating>
   2.64
  </rating>
  <reviews>
   389136
  </reviews>
  <new>
   +
  </new>
  <exclusive>
   no
  </exclusive>
  <sporty>
   no
  </sporty>
 </clothing>
 <clothing>
  <id>
   489829516
  </id>
  <name>
   Nike Shirt X-5586
  </name>
  <category>
   Shirt
  </category>
  <size>
   M
  </size>
  <color>
   Желтый
  </color>
  <material>
   Нейлон
  </material>
  <price>
   738851
  </price>
  <rating>
   3.37
  </rating>
  <reviews>
   49317
  </reviews>
  <sporty>
   no
  </sporty>
 </clothing>
 <clothing>
  <id>
   820854224
  </id>
  <name>
   Asics Sweater O-8578
  </name>
  <category>
   Sweater
  </category>
  <size>
   S
  </size>
  <color>
   Фиолетовый
  </color>
  <material>
   Кожа
  </material>
  <price>
   942627
  </price>
  <rating>
   1.79
  </rating>
  <reviews>
   348237
  </reviews>
 </clothing>
 <clothing>
  <id>
   759258056
  </id>
  <name>
   Addidas Belts N-1740
  </name>
  <category>
   Belts
  </category>
  <size>
   XL
  </size>
  <color>
   Голубой
  </color>
  <material>
   Шерсть
  </material>
  <price>
   836666
  </price>
  <rating>
   4.45
  </rating>
  <reviews>
   688881
  </reviews>
  <new>
   -
  </new>
 </clothing>
 <clothing>
  <id>
   719512849
  </id>
  <name>
   Fila Blouse Y-4774
  </name>
  <category>
   Blouse
  </category>
  <size>
   L
  </size>
  <color>
   Голубой
  </color>
  <material>
   Полиэстер
  </material>
  <price>
   656259
  </price>
  <rating>
   1.24
  </rating>
  <reviews>
   752947
  </reviews>
  <exclusive>
   yes
  </exclusive>
  <sporty>
   yes
  </sporty>
 </clothing>
 <clothing>
  <id>
   845620295
  </id>
  <name>
   Fila Shirt C-4472
  </name>
  <category>
   Shirt
  </category>
  <size>
   XL
  </size>
  <color>
   Оранжевый
  </color>
  <material>
   Шелк
  </material>
  <price>
   679679
  </price>
  <rating>
   2.34
  </rating>
  <reviews>
   20365
  </reviews>
  <new>
   +
  </new>
  <exclusive>
   no
  </exclusive>
  <sporty>
   no
  </sporty>
 </clothing>
 <clothing>
  <id>
   954982966
  </id>
  <name>
   DC Blouse C-6104
  </name>
  <category>
   Blouse
  </category>
  <size>
   XL
  </size>
  <color>
   Голубой
  </color>
  <material>
   Нейлон
  </material>
  <price>
   969750
  </price>
  <rating>
   4.33
  </rating>
  <reviews>
   826132
  </reviews>
  <exclusive>
   yes
  </exclusive>
 </clothing>
</clothing-items>
