<?xml version="1.0" encoding="utf-8"?>
<clothing-items>
 <clothing>
  <id>
   578726417
  </id>
  <name>
   Under Armour Skirt Y-2437
  </name>
  <category>
   Skirt
  </category>
  <size>
   XL
  </size>
  <color>
   Голубой
  </color>
  <material>
   Кожа
  </material>
  <price>
   874171
  </price>
  <rating>
   3.87
  </rating>
  <reviews>
   941351
  </reviews>
 </clothing>
 <clothing>
  <id>
   966955106
  </id>
  <name>
   Brooks Blouse I-3622
  </name>
  <category>
   Blouse
  </category>
  <size>
   S
  </size>
  <color>
   Оранжевый
  </color>
  <material>
   Полиэстер
  </material>
  <price>
   557594
  </price>
  <rating>
   1.6
  </rating>
  <reviews>
   676607
  </reviews>
  <exclusive>
   no
  </exclusive>
 </clothing>
 <clothing>
  <id>
   836580606
  </id>
  <name>
   Lacoste Jeans D-3522
  </name>
  <category>
   Jeans
  </category>
  <size>
   XXL
  </size>
  <color>
   Оранжевый
  </color>
  <material>
   Кожа
  </material>
  <price>
   720373
  </price>
  <rating>
   4.07
  </rating>
  <reviews>
   292416
  </reviews>
  <new>
   -
  </new>
  <exclusive>
   no
  </exclusive>
  <sporty>
   no
  </sporty>
 </clothing>
 <clothing>
  <id>
   804137125
  </id>
  <name>
   Addidas Hat S-6912
  </name>
  <category>
   Hat
  </category>
  <size>
   XXL
  </size>
  <color>
   Зеленый
  </color>
  <material>
   Кожа
  </material>
  <price>
   856071
  </price>
  <rating>
   3.26
  </rating>
  <reviews>
   6098
  </reviews>
  <new>
   -
  </new>
  <exclusive>
   no
  </exclusive>
  <sporty>
   yes
  </sporty>
 </clothing>
 <clothing>
  <id>
   371478797
  </id>
  <name>
   Ellesse Socks S-5440
  </name>
  <category>
   Socks
  </category>
  <size>
   M
  </size>
  <color>
   Желтый
  </color>
  <material>
   Шелк
  </material>
  <price>
   141255
  </price>
  <rating>
   2.73
  </rating>
  <reviews>
   842682
  </reviews>
  <new>
   -
  </new>
  <sporty>
   yes
  </sporty>
 </clothing>
 <clothing>
  <id>
   499455685
  </id>
  <name>
   Vans Skirt W-3629
  </name>
  <category>
   Skirt
  </category>
  <size>
   XL
  </size>
  <color>
   Синий
  </color>
  <material>
   Вискоза
  </material>
  <price>
   823267
  </price>
  <rating>
   2.02
  </rating>
  <reviews>
   848157
  </reviews>
  <new>
   +
  </new>
 </clothing>
 <clothing>
  <id>
   847051188
  </id>
  <name>
   Fila Jeans S-5981
  </name>
  <category>
   Jeans
  </category>
  <size>
   XXL
  </size>
  <color>
   Голубой
  </color>
  <material>
   Кожа
  </material>
  <price>
   370700
  </price>
  <rating>
   3.87
  </rating>
  <reviews>
   477865
  </reviews>
  <new>
   -
  </new>
  <exclusive>
   no
  </exclusive>
  <sporty>
   no
  </sporty>
 </clothing>
 <clothing>
  <id>
   699426379
  </id>
  <name>
   Puma Shoes C-6732
  </name>
  <category>
   Shoes
  </category>
  <size>
   S
  </size>
  <color>
   Синий
  </color>
  <material>
   Полиэстер
  </material>
  <price>
   636134
  </price>
  <rating>
   3.3
  </rating>
  <reviews>
   93728
  </reviews>
  <exclusive>
   no
  </exclusive>
  <sporty>
   yes
  </sporty>
 </clothing>
 <clothing>
  <id>
   699799846
  </id>
  <name>
   Under Armour Jeans D-5783
  </name>
  <category>
   Jeans
  </category>
  <size>
   XL
  </size>
  <color>
   Желтый
  </color>
  <material>
   Вискоза
  </material>
  <price>
   855944
  </price>
  <rating>
   1.66
  </rating>
  <reviews>
   698547
  </reviews>
  <new>
   +
  </new>
  <exclusive>
   no
  </exclusive>
  <sporty>
   no
  </sporty>
 </clothing>
 <clothing>
  <id>
   897107163
  </id>
  <name>
   Reebok Hat E-2989
  </name>
  <category>
   Hat
  </category>
  <size>
   M
  </size>
  <color>
   Фиолетовый
  </color>
  <material>
   Нейлон
  </material>
  <price>
   751675
  </price>
  <rating>
   4.73
  </rating>
  <reviews>
   91527
  </reviews>
  <exclusive>
   no
  </exclusive>
 </clothing>
 <clothing>
  <id>
   271193222
  </id>
  <name>
   Brooks Shoes T-2872
  </name>
  <category>
   Shoes
  </category>
  <size>
   S
  </size>
  <color>
   Голубой
  </color>
  <material>
   Хлопок
  </material>
  <price>
   324584
  </price>
  <rating>
   3.47
  </rating>
  <reviews>
   393657
  </reviews>
  <new>
   -
  </new>
  <exclusive>
   no
  </exclusive>
  <sporty>
   yes
  </sporty>
 </clothing>
 <clothing>
  <id>
   918770935
  </id>
  <name>
   Nike Socks W-4646
  </name>
  <category>
   Socks
  </category>
  <size>
   M
  </size>
  <color>
   Голубой
  </color>
  <material>
   Лен
  </material>
  <price>
   841014
  </price>
  <rating>
   2.75
  </rating>
  <reviews>
   104012
  </reviews>
  <new>
   -
  </new>
 </clothing>
 <clothing>
  <id>
   647636735
  </id>
  <name>
   Addidas Shoes Y-6111
  </name>
  <category>
   Shoes
  </category>
  <size>
   S
  </size>
  <color>
   Желтый
  </color>
  <material>
   Шерсть
  </material>
  <price>
   676054
  </price>
  <rating>
   2.53
  </rating>
  <reviews>
   262883
  </reviews>
  <new>
   -
  </new>
 </clothing>
 <clothing>
  <id>
   696402284
  </id>
  <name>
   PleinSport Belts G-6686
  </name>
  <category>
   Belts
  </category>
  <size>
   XL
  </size>
  <color>
   Синий
  </color>
  <material>
   Шерсть
  </material>
  <price>
   602779
  </price>
  <rating>
   2.25
  </rating>
  <reviews>
   210414
  </reviews>
  <new>
   -
  </new>
  <exclusive>
   no
  </exclusive>
 </clothing>
 <clothing>
  <id>
   336115573
  </id>
  <name>
   Addidas Shoes O-7980
  </name>
  <category>
   Shoes
  </category>
  <size>
   XL
  </size>
  <color>
   Красный
  </color>
  <material>
   Хлопок
  </material>
  <price>
   729783
  </price>
  <rating>
   1.95
  </rating>
  <reviews>
   105195
  </reviews>
  <new>
   -
  </new>
  <exclusive>
   no
  </exclusive>
 </clothing>
 <clothing>
  <id>
   213528396
  </id>
  <name>
   Addidas Shoes X-8792
  </name>
  <category>
   Shoes
  </category>
  <size>
   L
  </size>
  <color>
   Оранжевый
  </color>
  <material>
   Нейлон
  </material>
  <price>
   137844
  </price>
  <rating>
   3.42
  </rating>
  <reviews>
   641854
  </reviews>
  <new>
   +
  </new>
  <exclusive>
   no
  </exclusive>
  <sporty>
   no
  </sporty>
 </clothing>
 <clothing>
  <id>
   248024787
  </id>
  <name>
   PleinSport Jeans U-8350
  </name>
  <category>
   Jeans
  </category>
  <size>
   XXL
  </size>
  <color>
   Фиолетовый
  </color>
  <material>
   Лен
  </material>
  <price>
   996127
  </price>
  <rating>
   2.03
  </rating>
  <reviews>
   411169
  </reviews>
  <sporty>
   yes
  </sporty>
 </clothing>
 <clothing>
  <id>
   282534206
  </id>
  <name>
   Fila Socks W-8654
  </name>
  <category>
   Socks
  </category>
  <size>
   XXL
  </size>
  <color>
   Красный
  </color>
  <material>
   Полиэстер
  </material>
  <price>
   409076
  </price>
  <rating>
   3.61
  </rating>
  <reviews>
   712227
  </reviews>
  <new>
   +
  </new>
  <exclusive>
   no
  </exclusive>
  <sporty>
   no
  </sporty>
 </clothing>
</clothing-items>
