<?xml version="1.0" encoding="utf-8"?>
<clothing-items>
 <clothing>
  <id>
   455674900
  </id>
  <name>
   Reebok Blouse B-4289
  </name>
  <category>
   Blouse
  </category>
  <size>
   XXL
  </size>
  <color>
   Красный
  </color>
  <material>
   Кожа
  </material>
  <price>
   986017
  </price>
  <rating>
   4.44
  </rating>
  <reviews>
   950909
  </reviews>
  <exclusive>
   yes
  </exclusive>
 </clothing>
 <clothing>
  <id>
   563730720
  </id>
  <name>
   Fila Socks Z-9859
  </name>
  <category>
   Socks
  </category>
  <size>
   L
  </size>
  <color>
   Оранжевый
  </color>
  <material>
   Шелк
  </material>
  <price>
   700877
  </price>
  <rating>
   4.4
  </rating>
  <reviews>
   367469
  </reviews>
  <new>
   -
  </new>
  <sporty>
   no
  </sporty>
 </clothing>
 <clothing>
  <id>
   666943280
  </id>
  <name>
   Adidas Blouse I-2304
  </name>
  <category>
   Blouse
  </category>
  <size>
   L
  </size>
  <color>
   Фиолетовый
  </color>
  <material>
   Хлопок
  </material>
  <price>
   672058
  </price>
  <rating>
   3.06
  </rating>
  <reviews>
   127593
  </reviews>
  <new>
   -
  </new>
  <exclusive>
   no
  </exclusive>
  <sporty>
   yes
  </sporty>
 </clothing>
 <clothing>
  <id>
   357778347
  </id>
  <name>
   Converse Socks D-6696
  </name>
  <category>
   Socks
  </category>
  <size>
   XXL
  </size>
  <color>
   Голубой
  </color>
  <material>
   Шелк
  </material>
  <price>
   466704
  </price>
  <rating>
   1.7
  </rating>
  <reviews>
   885737
  </reviews>
  <new>
   +
  </new>
  <sporty>
   yes
  </sporty>
 </clothing>
 <clothing>
  <id>
   170343474
  </id>
  <name>
   Reebok Skirt D-5577
  </name>
  <category>
   Skirt
  </category>
  <size>
   M
  </size>
  <color>
   Голубой
  </color>
  <material>
   Кожа
  </material>
  <price>
   775413
  </price>
  <rating>
   2.83
  </rating>
  <reviews>
   492483
  </reviews>
  <new>
   +
  </new>
  <exclusive>
   no
  </exclusive>
  <sporty>
   yes
  </sporty>
 </clothing>
 <clothing>
  <id>
   460900836
  </id>
  <name>
   Brooks Sweater H-3807
  </name>
  <category>
   Sweater
  </category>
  <size>
   L
  </size>
  <color>
   Фиолетовый
  </color>
  <material>
   Нейлон
  </material>
  <price>
   415794
  </price>
  <rating>
   2.5
  </rating>
  <reviews>
   904334
  </reviews>
  <new>
   -
  </new>
  <exclusive>
   no
  </exclusive>
  <sporty>
   no
  </sporty>
 </clothing>
 <clothing>
  <id>
   216459112
  </id>
  <name>
   DC Jacket I-8965
  </name>
  <category>
   Jacket
  </category>
  <size>
   S
  </size>
  <color>
   Голубой
  </color>
  <material>
   Вискоза
  </material>
  <price>
   213322
  </price>
  <rating>
   4.74
  </rating>
  <reviews>
   408708
  </reviews>
  <exclusive>
   no
  </exclusive>
 </clothing>
 <clothing>
  <id>
   224103028
  </id>
  <name>
   Addidas Sweater N-1778
  </name>
  <category>
   Sweater
  </category>
  <size>
   L
  </size>
  <color>
   Зеленый
  </color>
  <material>
   Полиэстер
  </material>
  <price>
   321243
  </price>
  <rating>
   1.49
  </rating>
  <reviews>
   536322
  </reviews>
  <new>
   +
  </new>
  <exclusive>
   yes
  </exclusive>
 </clothing>
 <clothing>
  <id>
   199411938
  </id>
  <name>
   New Balance Dress X-5963
  </name>
  <category>
   Dress
  </category>
  <size>
   M
  </size>
  <color>
   Оранжевый
  </color>
  <material>
   Лен
  </material>
  <price>
   352000
  </price>
  <rating>
   3.78
  </rating>
  <reviews>
   13874
  </reviews>
  <new>
   -
  </new>
  <sporty>
   no
  </sporty>
 </clothing>
 <clothing>
  <id>
   652654000
  </id>
  <name>
   Asics Shirt E-2966
  </name>
  <category>
   Shirt
  </category>
  <size>
   XL
  </size>
  <color>
   Оранжевый
  </color>
  <material>
   Вискоза
  </material>
  <price>
   112661
  </price>
  <rating>
   3.99
  </rating>
  <reviews>
   543332
  </reviews>
  <new>
   -
  </new>
 </clothing>
 <clothing>
  <id>
   578458788
  </id>
  <name>
   PleinSport Skirt T-5249
  </name>
  <category>
   Skirt
  </category>
  <size>
   XL
  </size>
  <color>
   Фиолетовый
  </color>
  <material>
   Хлопок
  </material>
  <price>
   771415
  </price>
  <rating>
   2.84
  </rating>
  <reviews>
   433438
  </reviews>
  <new>
   -
  </new>
 </clothing>
 <clothing>
  <id>
   238401657
  </id>
  <name>
   Asics Handbags M-8130
  </name>
  <category>
   Handbags
  </category>
  <size>
   L
  </size>
  <color>
   Голубой
  </color>
  <material>
   Кожа
  </material>
  <price>
   853237
  </price>
  <rating>
   2.69
  </rating>
  <reviews>
   423495
  </reviews>
  <exclusive>
   no
  </exclusive>
 </clothing>
 <clothing>
  <id>
   773571376
  </id>
  <name>
   Reebok Shirt R-4572
  </name>
  <category>
   Shirt
  </category>
  <size>
   S
  </size>
  <color>
   Голубой
  </color>
  <material>
   Хлопок
  </material>
  <price>
   495682
  </price>
  <rating>
   3.09
  </rating>
  <reviews>
   617999
  </reviews>
  <exclusive>
   yes
  </exclusive>
  <sporty>
   no
  </sporty>
 </clothing>
 <clothing>
  <id>
   970149035
  </id>
  <name>
   Vans Hat H-7580
  </name>
  <category>
   Hat
  </category>
  <size>
   XL
  </size>
  <color>
   Желтый
  </color>
  <material>
   Полиэстер
  </material>
  <price>
   314357
  </price>
  <rating>
   3.33
  </rating>
  <reviews>
   532490
  </reviews>
  <new>
   -
  </new>
  <exclusive>
   yes
  </exclusive>
  <sporty>
   no
  </sporty>
 </clothing>
 <clothing>
  <id>
   283454162
  </id>
  <name>
   Under Armour T-shirt R-3283
  </name>
  <category>
   T-shirt
  </category>
  <size>
   XXL
  </size>
  <color>
   Оранжевый
  </color>
  <material>
   Шелк
  </material>
  <price>
   503618
  </price>
  <rating>
   2.96
  </rating>
  <reviews>
   901531
  </reviews>
  <new>
   +
  </new>
 </clothing>
 <clothing>
  <id>
   996944868
  </id>
  <name>
   Lacoste Shirt F-9625
  </name>
  <category>
   Shirt
  </category>
  <size>
   S
  </size>
  <color>
   Зеленый
  </color>
  <material>
   Шелк
  </material>
  <price>
   364009
  </price>
  <rating>
   2.84
  </rating>
  <reviews>
   120534
  </reviews>
  <new>
   -
  </new>
  <exclusive>
   no
  </exclusive>
  <sporty>
   no
  </sporty>
 </clothing>
 <clothing>
  <id>
   867735075
  </id>
  <name>
   Vans T-shirt T-9584
  </name>
  <category>
   T-shirt
  </category>
  <size>
   XL
  </size>
  <color>
   Желтый
  </color>
  <material>
   Полиэстер
  </material>
  <price>
   841100
  </price>
  <rating>
   2.86
  </rating>
  <reviews>
   165398
  </reviews>
  <new>
   -
  </new>
  <sporty>
   no
  </sporty>
 </clothing>
 <clothing>
  <id>
   654634534
  </id>
  <name>
   Asics Shirt V-7188
  </name>
  <category>
   Shirt
  </category>
  <size>
   L
  </size>
  <color>
   Голубой
  </color>
  <material>
   Хлопок
  </material>
  <price>
   224367
  </price>
  <rating>
   3.06
  </rating>
  <reviews>
   412424
  </reviews>
  <new>
   +
  </new>
  <exclusive>
   no
  </exclusive>
 </clothing>
 <clothing>
  <id>
   601583071
  </id>
  <name>
   Brooks Pants S-5961
  </name>
  <category>
   Pants
  </category>
  <size>
   XL
  </size>
  <color>
   Зеленый
  </color>
  <material>
   Нейлон
  </material>
  <price>
   643407
  </price>
  <rating>
   3.2
  </rating>
  <reviews>
   488057
  </reviews>
  <new>
   +
  </new>
 </clothing>
 <clothing>
  <id>
   891374954
  </id>
  <name>
   DC T-shirt S-8222
  </name>
  <category>
   T-shirt
  </category>
  <size>
   XL
  </size>
  <color>
   Голубой
  </color>
  <material>
   Хлопок
  </material>
  <price>
   349387
  </price>
  <rating>
   4.46
  </rating>
  <reviews>
   669707
  </reviews>
  <sporty>
   no
  </sporty>
 </clothing>
 <clothing>
  <id>
   582023755
  </id>
  <name>
   Lacoste Handbags F-9939
  </name>
  <category>
   Handbags
  </category>
  <size>
   XXL
  </size>
  <color>
   Оранжевый
  </color>
  <material>
   Полиэстер
  </material>
  <price>
   734449
  </price>
  <rating>
   3.46
  </rating>
  <reviews>
   660131
  </reviews>
  <new>
   -
  </new>
  <exclusive>
   yes
  </exclusive>
  <sporty>
   no
  </sporty>
 </clothing>
 <clothing>
  <id>
   211630598
  </id>
  <name>
   Asics Dress Q-1170
  </name>
  <category>
   Dress
  </category>
  <size>
   S
  </size>
  <color>
   Фиолетовый
  </color>
  <material>
   Хлопок
  </material>
  <price>
   617052
  </price>
  <rating>
   1.07
  </rating>
  <reviews>
   728206
  </reviews>
  <new>
   -
  </new>
  <exclusive>
   no
  </exclusive>
 </clothing>
 <clothing>
  <id>
   301515088
  </id>
  <name>
   Addidas Gloves D-5968
  </name>
  <category>
   Gloves
  </category>
  <size>
   XL
  </size>
  <color>
   Голубой
  </color>
  <material>
   Кожа
  </material>
  <price>
   477965
  </price>
  <rating>
   2.47
  </rating>
  <reviews>
   657212
  </reviews>
  <exclusive>
   yes
  </exclusive>
 </clothing>
 <clothing>
  <id>
   844915802
  </id>
  <name>
   PleinSport Blouse R-5605
  </name>
  <category>
   Blouse
  </category>
  <size>
   L
  </size>
  <color>
   Голубой
  </color>
  <material>
   Полиэстер
  </material>
  <price>
   615234
  </price>
  <rating>
   2.55
  </rating>
  <reviews>
   424441
  </reviews>
 </clothing>
 <clothing>
  <id>
   745324947
  </id>
  <name>
   DC Umbrellas E-3866
  </name>
  <category>
   Umbrellas
  </category>
  <size>
   L
  </size>
  <color>
   Голубой
  </color>
  <material>
   Кожа
  </material>
  <price>
   836384
  </price>
  <rating>
   1.54
  </rating>
  <reviews>
   764443
  </reviews>
 </clothing>
 <clothing>
  <id>
   688696485
  </id>
  <name>
   Reebok Shoes D-3938
  </name>
  <category>
   Shoes
  </category>
  <size>
   M
  </size>
  <color>
   Оранжевый
  </color>
  <material>
   Шерсть
  </material>
  <price>
   235844
  </price>
  <rating>
   1.29
  </rating>
  <reviews>
   438969
  </reviews>
  <new>
   -
  </new>
 </clothing>
 <clothing>
  <id>
   953535168
  </id>
  <name>
   Puma Jacket X-2446
  </name>
  <category>
   Jacket
  </category>
  <size>
   XXL
  </size>
  <color>
   Зеленый
  </color>
  <material>
   Вискоза
  </material>
  <price>
   462322
  </price>
  <rating>
   2.54
  </rating>
  <reviews>
   561009
  </reviews>
  <sporty>
   yes
  </sporty>
 </clothing>
 <clothing>
  <id>
   275869989
  </id>
  <name>
   Fila Belts P-7455
  </name>
  <category>
   Belts
  </category>
  <size>
   XXL
  </size>
  <color>
   Желтый
  </color>
  <material>
   Кожа
  </material>
  <price>
   770730
  </price>
  <rating>
   2.99
  </rating>
  <reviews>
   166037
  </reviews>
  <new>
   +
  </new>
 </clothing>
 <clothing>
  <id>
   348257290
  </id>
  <name>
   Nike Hat I-4637
  </name>
  <category>
   Hat
  </category>
  <size>
   XXL
  </size>
  <color>
   Оранжевый
  </color>
  <material>
   Полиэстер
  </material>
  <price>
   705535
  </price>
  <rating>
   4.81
  </rating>
  <reviews>
   546697
  </reviews>
  <exclusive>
   no
  </exclusive>
  <sporty>
   yes
  </sporty>
 </clothing>
 <clothing>
  <id>
   884374061
  </id>
  <name>
   Under Armour Blouse A-1416
  </name>
  <category>
   Blouse
  </category>
  <size>
   S
  </size>
  <color>
   Красный
  </color>
  <material>
   Кожа
  </material>
  <price>
   222891
  </price>
  <rating>
   2.66
  </rating>
  <reviews>
   671058
  </reviews>
  <new>
   +
  </new>
 </clothing>
 <clothing>
  <id>
   742921283
  </id>
  <name>
   DC Skirt V-6185
  </name>
  <category>
   Skirt
  </category>
  <size>
   XL
  </size>
  <color>
   Фиолетовый
  </color>
  <material>
   Нейлон
  </material>
  <price>
   818110
  </price>
  <rating>
   3.79
  </rating>
  <reviews>
   808138
  </reviews>
  <new>
   +
  </new>
  <sporty>
   no
  </sporty>
 </clothing>
 <clothing>
  <id>
   287221067
  </id>
  <name>
   Puma Socks W-9226
  </name>
  <category>
   Socks
  </category>
  <size>
   S
  </size>
  <color>
   Оранжевый
  </color>
  <material>
   Нейлон
  </material>
  <price>
   342133
  </price>
  <rating>
   2.85
  </rating>
  <reviews>
   140563
  </reviews>
  <exclusive>
   no
  </exclusive>
  <sporty>
   no
  </sporty>
 </clothing>
 <clothing>
  <id>
   726846239
  </id>
  <name>
   Converse Hat N-7080
  </name>
  <category>
   Hat
  </category>
  <size>
   L
  </size>
  <color>
   Фиолетовый
  </color>
  <material>
   Шелк
  </material>
  <price>
   881222
  </price>
  <rating>
   4.67
  </rating>
  <reviews>
   667836
  </reviews>
  <exclusive>
   yes
  </exclusive>
  <sporty>
   no
  </sporty>
 </clothing>
 <clothing>
  <id>
   293459797
  </id>
  <name>
   Brooks Gloves M-4811
  </name>
  <category>
   Gloves
  </category>
  <size>
   XXL
  </size>
  <color>
   Оранжевый
  </color>
  <material>
   Вискоза
  </material>
  <price>
   549166
  </price>
  <rating>
   2.33
  </rating>
  <reviews>
   76719
  </reviews>
 </clothing>
 <clothing>
  <id>
   595116608
  </id>
  <name>
   Vans Sweater Y-1116
  </name>
  <category>
   Sweater
  </category>
  <size>
   XXL
  </size>
  <color>
   Фиолетовый
  </color>
  <material>
   Полиэстер
  </material>
  <price>
   946795
  </price>
  <rating>
   3.16
  </rating>
  <reviews>
   44268
  </reviews>
  <exclusive>
   no
  </exclusive>
  <sporty>
   yes
  </sporty>
 </clothing>
 <clothing>
  <id>
   119315634
  </id>
  <name>
   Under Armour T-shirt A-8384
  </name>
  <category>
   T-shirt
  </category>
  <size>
   XL
  </size>
  <color>
   Желтый
  </color>
  <material>
   Шелк
  </material>
  <price>
   699557
  </price>
  <rating>
   3.82
  </rating>
  <reviews>
   686345
  </reviews>
  <new>
   -
  </new>
  <exclusive>
   no
  </exclusive>
  <sporty>
   no
  </sporty>
 </clothing>
</clothing-items>
