<?xml version="1.0" encoding="utf-8"?>
<clothing-items>
 <clothing>
  <id>
   928500495
  </id>
  <name>
   Brooks Socks G-5032
  </name>
  <category>
   Socks
  </category>
  <size>
   XXL
  </size>
  <color>
   Зеленый
  </color>
  <material>
   Вискоза
  </material>
  <price>
   472550
  </price>
  <rating>
   4.26
  </rating>
  <reviews>
   941714
  </reviews>
  <exclusive>
   no
  </exclusive>
  <sporty>
   yes
  </sporty>
 </clothing>
 <clothing>
  <id>
   207785761
  </id>
  <name>
   Adidas Dress X-7350
  </name>
  <category>
   Dress
  </category>
  <size>
   L
  </size>
  <color>
   Фиолетовый
  </color>
  <material>
   Шелк
  </material>
  <price>
   877935
  </price>
  <rating>
   3.5
  </rating>
  <reviews>
   600833
  </reviews>
  <new>
   -
  </new>
  <exclusive>
   yes
  </exclusive>
 </clothing>
 <clothing>
  <id>
   926256980
  </id>
  <name>
   New Balance Skirt F-4788
  </name>
  <category>
   Skirt
  </category>
  <size>
   S
  </size>
  <color>
   Оранжевый
  </color>
  <material>
   Хлопок
  </material>
  <price>
   710677
  </price>
  <rating>
   1.37
  </rating>
  <reviews>
   930875
  </reviews>
  <new>
   +
  </new>
  <sporty>
   yes
  </sporty>
 </clothing>
 <clothing>
  <id>
   783015673
  </id>
  <name>
   Ellesse Gloves E-2011
  </name>
  <category>
   Gloves
  </category>
  <size>
   XXL
  </size>
  <color>
   Зеленый
  </color>
  <material>
   Хлопок
  </material>
  <price>
   181686
  </price>
  <rating>
   4.69
  </rating>
  <reviews>
   259633
  </reviews>
  <new>
   -
  </new>
 </clothing>
 <clothing>
  <id>
   162468979
  </id>
  <name>
   PleinSport Dress E-3683
  </name>
  <category>
   Dress
  </category>
  <size>
   L
  </size>
  <color>
   Красный
  </color>
  <material>
   Кожа
  </material>
  <price>
   884665
  </price>
  <rating>
   4.68
  </rating>
  <reviews>
   686294
  </reviews>
  <new>
   -
  </new>
 </clothing>
 <clothing>
  <id>
   617282075
  </id>
  <name>
   Adidas Belts I-9050
  </name>
  <category>
   Belts
  </category>
  <size>
   S
  </size>
  <color>
   Желтый
  </color>
  <material>
   Кожа
  </material>
  <price>
   190276
  </price>
  <rating>
   1.63
  </rating>
  <reviews>
   500582
  </reviews>
  <new>
   +
  </new>
  <exclusive>
   no
  </exclusive>
  <sporty>
   no
  </sporty>
 </clothing>
 <clothing>
  <id>
   666841081
  </id>
  <name>
   PleinSport Gloves R-4396
  </name>
  <category>
   Gloves
  </category>
  <size>
   S
  </size>
  <color>
   Красный
  </color>
  <material>
   Полиэстер
  </material>
  <price>
   734095
  </price>
  <rating>
   1.26
  </rating>
  <reviews>
   212526
  </reviews>
  <new>
   +
  </new>
  <exclusive>
   no
  </exclusive>
 </clothing>
 <clothing>
  <id>
   482596455
  </id>
  <name>
   New Balance Jeans Q-1549
  </name>
  <category>
   Jeans
  </category>
  <size>
   L
  </size>
  <color>
   Зеленый
  </color>
  <material>
   Шерсть
  </material>
  <price>
   769861
  </price>
  <rating>
   3.68
  </rating>
  <reviews>
   609594
  </reviews>
  <sporty>
   yes
  </sporty>
 </clothing>
 <clothing>
  <id>
   860566207
  </id>
  <name>
   Ellesse Socks Z-4511
  </name>
  <category>
   Socks
  </category>
  <size>
   XXL
  </size>
  <color>
   Желтый
  </color>
  <material>
   Вискоза
  </material>
  <price>
   532927
  </price>
  <rating>
   3.25
  </rating>
  <reviews>
   905192
  </reviews>
  <new>
   -
  </new>
  <exclusive>
   no
  </exclusive>
 </clothing>
 <clothing>
  <id>
   670154715
  </id>
  <name>
   Ellesse Sweater R-9397
  </name>
  <category>
   Sweater
  </category>
  <size>
   L
  </size>
  <color>
   Желтый
  </color>
  <material>
   Вискоза
  </material>
  <price>
   167566
  </price>
  <rating>
   2.36
  </rating>
  <reviews>
   365398
  </reviews>
  <new>
   -
  </new>
  <exclusive>
   no
  </exclusive>
 </clothing>
 <clothing>
  <id>
   309522130
  </id>
  <name>
   Converse Pants Q-1080
  </name>
  <category>
   Pants
  </category>
  <size>
   XL
  </size>
  <color>
   Голубой
  </color>
  <material>
   Лен
  </material>
  <price>
   758936
  </price>
  <rating>
   3.12
  </rating>
  <reviews>
   164821
  </reviews>
  <new>
   -
  </new>
  <exclusive>
   no
  </exclusive>
 </clothing>
 <clothing>
  <id>
   110172604
  </id>
  <name>
   New Balance Gloves O-9613
  </name>
  <category>
   Gloves
  </category>
  <size>
   XXL
  </size>
  <color>
   Оранжевый
  </color>
  <material>
   Кожа
  </material>
  <price>
   164058
  </price>
  <rating>
   4.98
  </rating>
  <reviews>
   647650
  </reviews>
  <new>
   -
  </new>
  <exclusive>
   yes
  </exclusive>
 </clothing>
 <clothing>
  <id>
   973061770
  </id>
  <name>
   PleinSport Shirt C-3974
  </name>
  <category>
   Shirt
  </category>
  <size>
   XL
  </size>
  <color>
   Желтый
  </color>
  <material>
   Нейлон
  </material>
  <price>
   959391
  </price>
  <rating>
   2.98
  </rating>
  <reviews>
   127707
  </reviews>
  <new>
   -
  </new>
 </clothing>
 <clothing>
  <id>
   939761427
  </id>
  <name>
   PleinSport Gloves F-9218
  </name>
  <category>
   Gloves
  </category>
  <size>
   S
  </size>
  <color>
   Оранжевый
  </color>
  <material>
   Нейлон
  </material>
  <price>
   194497
  </price>
  <rating>
   2.13
  </rating>
  <reviews>
   394704
  </reviews>
  <new>
   -
  </new>
  <exclusive>
   yes
  </exclusive>
  <sporty>
   yes
  </sporty>
 </clothing>
 <clothing>
  <id>
   876098326
  </id>
  <name>
   Brooks Jacket W-1791
  </name>
  <category>
   Jacket
  </category>
  <size>
   M
  </size>
  <color>
   Синий
  </color>
  <material>
   Полиэстер
  </material>
  <price>
   889861
  </price>
  <rating>
   2.31
  </rating>
  <reviews>
   132440
  </reviews>
  <new>
   +
  </new>
  <exclusive>
   no
  </exclusive>
  <sporty>
   no
  </sporty>
 </clothing>
 <clothing>
  <id>
   984378182
  </id>
  <name>
   Vans Socks V-6332
  </name>
  <category>
   Socks
  </category>
  <size>
   L
  </size>
  <color>
   Красный
  </color>
  <material>
   Лен
  </material>
  <price>
   516519
  </price>
  <rating>
   2.31
  </rating>
  <reviews>
   517594
  </reviews>
 </clothing>
 <clothing>
  <id>
   729066016
  </id>
  <name>
   Asics Skirt O-2107
  </name>
  <category>
   Skirt
  </category>
  <size>
   M
  </size>
  <color>
   Фиолетовый
  </color>
  <material>
   Кожа
  </material>
  <price>
   806286
  </price>
  <rating>
   3.21
  </rating>
  <reviews>
   983724
  </reviews>
  <new>
   +
  </new>
  <exclusive>
   yes
  </exclusive>
  <sporty>
   no
  </sporty>
 </clothing>
 <clothing>
  <id>
   706079574
  </id>
  <name>
   Vans Shirt L-6495
  </name>
  <category>
   Shirt
  </category>
  <size>
   S
  </size>
  <color>
   Красный
  </color>
  <material>
   Шелк
  </material>
  <price>
   323088
  </price>
  <rating>
   1.3
  </rating>
  <reviews>
   206593
  </reviews>
  <new>
   -
  </new>
 </clothing>
 <clothing>
  <id>
   974248391
  </id>
  <name>
   DC Shirt M-5230
  </name>
  <category>
   Shirt
  </category>
  <size>
   XL
  </size>
  <color>
   Фиолетовый
  </color>
  <material>
   Кожа
  </material>
  <price>
   845445
  </price>
  <rating>
   4.84
  </rating>
  <reviews>
   165330
  </reviews>
  <new>
   -
  </new>
 </clothing>
 <clothing>
  <id>
   992751003
  </id>
  <name>
   Vans Jeans F-9194
  </name>
  <category>
   Jeans
  </category>
  <size>
   S
  </size>
  <color>
   Зеленый
  </color>
  <material>
   Шелк
  </material>
  <price>
   366837
  </price>
  <rating>
   4.71
  </rating>
  <reviews>
   539497
  </reviews>
  <new>
   -
  </new>
  <exclusive>
   no
  </exclusive>
  <sporty>
   no
  </sporty>
 </clothing>
</clothing-items>
