<?xml version="1.0" encoding="utf-8"?>
<clothing-items>
 <clothing>
  <id>
   870686946
  </id>
  <name>
   Lacoste Skirt C-4839
  </name>
  <category>
   Skirt
  </category>
  <size>
   S
  </size>
  <color>
   Фиолетовый
  </color>
  <material>
   Вискоза
  </material>
  <price>
   877961
  </price>
  <rating>
   1.33
  </rating>
  <reviews>
   805541
  </reviews>
  <exclusive>
   yes
  </exclusive>
  <sporty>
   no
  </sporty>
 </clothing>
 <clothing>
  <id>
   386703815
  </id>
  <name>
   Asics Hat Y-6070
  </name>
  <category>
   Hat
  </category>
  <size>
   L
  </size>
  <color>
   Голубой
  </color>
  <material>
   Шелк
  </material>
  <price>
   167691
  </price>
  <rating>
   4.13
  </rating>
  <reviews>
   835358
  </reviews>
  <new>
   +
  </new>
  <sporty>
   no
  </sporty>
 </clothing>
 <clothing>
  <id>
   269569438
  </id>
  <name>
   Lacoste T-shirt U-4147
  </name>
  <category>
   T-shirt
  </category>
  <size>
   S
  </size>
  <color>
   Оранжевый
  </color>
  <material>
   Полиэстер
  </material>
  <price>
   600615
  </price>
  <rating>
   3.92
  </rating>
  <reviews>
   859222
  </reviews>
  <exclusive>
   yes
  </exclusive>
 </clothing>
 <clothing>
  <id>
   414660941
  </id>
  <name>
   Fila Gloves Z-6397
  </name>
  <category>
   Gloves
  </category>
  <size>
   XXL
  </size>
  <color>
   Зеленый
  </color>
  <material>
   Хлопок
  </material>
  <price>
   538045
  </price>
  <rating>
   3.41
  </rating>
  <reviews>
   758454
  </reviews>
  <new>
   -
  </new>
  <exclusive>
   no
  </exclusive>
  <sporty>
   yes
  </sporty>
 </clothing>
 <clothing>
  <id>
   279185803
  </id>
  <name>
   Addidas Blouse X-5496
  </name>
  <category>
   Blouse
  </category>
  <size>
   XXL
  </size>
  <color>
   Синий
  </color>
  <material>
   Нейлон
  </material>
  <price>
   881930
  </price>
  <rating>
   4.99
  </rating>
  <reviews>
   859517
  </reviews>
  <sporty>
   no
  </sporty>
 </clothing>
 <clothing>
  <id>
   393483520
  </id>
  <name>
   Ellesse T-shirt G-4689
  </name>
  <category>
   T-shirt
  </category>
  <size>
   XL
  </size>
  <color>
   Желтый
  </color>
  <material>
   Лен
  </material>
  <price>
   563675
  </price>
  <rating>
   3.95
  </rating>
  <reviews>
   410246
  </reviews>
  <new>
   -
  </new>
  <sporty>
   no
  </sporty>
 </clothing>
 <clothing>
  <id>
   984792935
  </id>
  <name>
   New Balance Jacket D-5725
  </name>
  <category>
   Jacket
  </category>
  <size>
   L
  </size>
  <color>
   Синий
  </color>
  <material>
   Лен
  </material>
  <price>
   339832
  </price>
  <rating>
   1.3
  </rating>
  <reviews>
   144032
  </reviews>
  <sporty>
   yes
  </sporty>
 </clothing>
 <clothing>
  <id>
   476176569
  </id>
  <name>
   PleinSport Shoes O-1578
  </name>
  <category>
   Shoes
  </category>
  <size>
   L
  </size>
  <color>
   Голубой
  </color>
  <material>
   Полиэстер
  </material>
  <price>
   911452
  </price>
  <rating>
   1.1
  </rating>
  <reviews>
   356775
  </reviews>
  <new>
   -
  </new>
  <sporty>
   no
  </sporty>
 </clothing>
 <clothing>
  <id>
   676807484
  </id>
  <name>
   Ellesse Handbags C-8101
  </name>
  <category>
   Handbags
  </category>
  <size>
   XXL
  </size>
  <color>
   Голубой
  </color>
  <material>
   Хлопок
  </material>
  <price>
   110478
  </price>
  <rating>
   2.03
  </rating>
  <reviews>
   996346
  </reviews>
  <new>
   +
  </new>
 </clothing>
 <clothing>
  <id>
   218682715
  </id>
  <name>
   Fila Blouse F-4141
  </name>
  <category>
   Blouse
  </category>
  <size>
   L
  </size>
  <color>
   Оранжевый
  </color>
  <material>
   Вискоза
  </material>
  <price>
   550652
  </price>
  <rating>
   1.2
  </rating>
  <reviews>
   926977
  </reviews>
  <new>
   -
  </new>
  <exclusive>
   no
  </exclusive>
 </clothing>
 <clothing>
  <id>
   500818068
  </id>
  <name>
   Asics Hat J-8324
  </name>
  <category>
   Hat
  </category>
  <size>
   S
  </size>
  <color>
   Фиолетовый
  </color>
  <material>
   Кожа
  </material>
  <price>
   476844
  </price>
  <rating>
   3.8
  </rating>
  <reviews>
   90304
  </reviews>
  <sporty>
   no
  </sporty>
 </clothing>
 <clothing>
  <id>
   580463161
  </id>
  <name>
   Converse Handbags H-5558
  </name>
  <category>
   Handbags
  </category>
  <size>
   XXL
  </size>
  <color>
   Голубой
  </color>
  <material>
   Полиэстер
  </material>
  <price>
   634833
  </price>
  <rating>
   4.1
  </rating>
  <reviews>
   334412
  </reviews>
  <sporty>
   yes
  </sporty>
 </clothing>
 <clothing>
  <id>
   229220121
  </id>
  <name>
   PleinSport Socks N-9302
  </name>
  <category>
   Socks
  </category>
  <size>
   M
  </size>
  <color>
   Зеленый
  </color>
  <material>
   Кожа
  </material>
  <price>
   898543
  </price>
  <rating>
   3.01
  </rating>
  <reviews>
   324399
  </reviews>
  <new>
   +
  </new>
  <sporty>
   no
  </sporty>
 </clothing>
</clothing-items>
