<?xml version="1.0" encoding="utf-8"?>
<clothing-items>
 <clothing>
  <id>
   480421174
  </id>
  <name>
   Lacoste Sweater B-5116
  </name>
  <category>
   Sweater
  </category>
  <size>
   S
  </size>
  <color>
   Голубой
  </color>
  <material>
   Хлопок
  </material>
  <price>
   290169
  </price>
  <rating>
   3.69
  </rating>
  <reviews>
   869736
  </reviews>
  <sporty>
   no
  </sporty>
 </clothing>
 <clothing>
  <id>
   139213261
  </id>
  <name>
   Ellesse Gloves V-5675
  </name>
  <category>
   Gloves
  </category>
  <size>
   XXL
  </size>
  <color>
   Голубой
  </color>
  <material>
   Хлопок
  </material>
  <price>
   259607
  </price>
  <rating>
   1.06
  </rating>
  <reviews>
   346835
  </reviews>
  <new>
   -
  </new>
  <sporty>
   yes
  </sporty>
 </clothing>
 <clothing>
  <id>
   471758163
  </id>
  <name>
   Addidas Hat M-2561
  </name>
  <category>
   Hat
  </category>
  <size>
   XXL
  </size>
  <color>
   Фиолетовый
  </color>
  <material>
   Нейлон
  </material>
  <price>
   688850
  </price>
  <rating>
   3.64
  </rating>
  <reviews>
   451709
  </reviews>
  <new>
   -
  </new>
  <exclusive>
   no
  </exclusive>
  <sporty>
   no
  </sporty>
 </clothing>
 <clothing>
  <id>
   641655713
  </id>
  <name>
   Converse Jeans N-4906
  </name>
  <category>
   Jeans
  </category>
  <size>
   M
  </size>
  <color>
   Фиолетовый
  </color>
  <material>
   Кожа
  </material>
  <price>
   100999
  </price>
  <rating>
   1.17
  </rating>
  <reviews>
   266595
  </reviews>
  <exclusive>
   yes
  </exclusive>
  <sporty>
   no
  </sporty>
 </clothing>
 <clothing>
  <id>
   917472341
  </id>
  <name>
   Nike Shirt P-5164
  </name>
  <category>
   Shirt
  </category>
  <size>
   L
  </size>
  <color>
   Зеленый
  </color>
  <material>
   Вискоза
  </material>
  <price>
   737224
  </price>
  <rating>
   1.43
  </rating>
  <reviews>
   744880
  </reviews>
  <new>
   +
  </new>
  <sporty>
   no
  </sporty>
 </clothing>
 <clothing>
  <id>
   141538844
  </id>
  <name>
   Lacoste Socks D-6781
  </name>
  <category>
   Socks
  </category>
  <size>
   S
  </size>
  <color>
   Красный
  </color>
  <material>
   Полиэстер
  </material>
  <price>
   954623
  </price>
  <rating>
   2.65
  </rating>
  <reviews>
   776251
  </reviews>
  <sporty>
   yes
  </sporty>
 </clothing>
 <clothing>
  <id>
   228776126
  </id>
  <name>
   New Balance T-shirt M-6604
  </name>
  <category>
   T-shirt
  </category>
  <size>
   XXL
  </size>
  <color>
   Красный
  </color>
  <material>
   Лен
  </material>
  <price>
   941530
  </price>
  <rating>
   2.37
  </rating>
  <reviews>
   124372
  </reviews>
 </clothing>
 <clothing>
  <id>
   814173973
  </id>
  <name>
   New Balance Blouse G-6706
  </name>
  <category>
   Blouse
  </category>
  <size>
   XL
  </size>
  <color>
   Зеленый
  </color>
  <material>
   Нейлон
  </material>
  <price>
   297288
  </price>
  <rating>
   2.75
  </rating>
  <reviews>
   500509
  </reviews>
  <new>
   +
  </new>
 </clothing>
 <clothing>
  <id>
   999634863
  </id>
  <name>
   Converse Shirt Q-3984
  </name>
  <category>
   Shirt
  </category>
  <size>
   XXL
  </size>
  <color>
   Голубой
  </color>
  <material>
   Вискоза
  </material>
  <price>
   319318
  </price>
  <rating>
   2.18
  </rating>
  <reviews>
   141404
  </reviews>
  <new>
   -
  </new>
  <exclusive>
   yes
  </exclusive>
  <sporty>
   no
  </sporty>
 </clothing>
 <clothing>
  <id>
   275178128
  </id>
  <name>
   DC Skirt R-4876
  </name>
  <category>
   Skirt
  </category>
  <size>
   L
  </size>
  <color>
   Синий
  </color>
  <material>
   Шерсть
  </material>
  <price>
   434109
  </price>
  <rating>
   1.88
  </rating>
  <reviews>
   709444
  </reviews>
  <new>
   -
  </new>
  <exclusive>
   no
  </exclusive>
  <sporty>
   no
  </sporty>
 </clothing>
 <clothing>
  <id>
   964790129
  </id>
  <name>
   PleinSport T-shirt F-3366
  </name>
  <category>
   T-shirt
  </category>
  <size>
   L
  </size>
  <color>
   Голубой
  </color>
  <material>
   Шелк
  </material>
  <price>
   478841
  </price>
  <rating>
   4.89
  </rating>
  <reviews>
   179461
  </reviews>
  <new>
   +
  </new>
  <sporty>
   yes
  </sporty>
 </clothing>
 <clothing>
  <id>
   348507616
  </id>
  <name>
   Asics T-shirt O-8372
  </name>
  <category>
   T-shirt
  </category>
  <size>
   L
  </size>
  <color>
   Красный
  </color>
  <material>
   Нейлон
  </material>
  <price>
   490792
  </price>
  <rating>
   2.39
  </rating>
  <reviews>
   539619
  </reviews>
  <new>
   +
  </new>
 </clothing>
 <clothing>
  <id>
   950341698
  </id>
  <name>
   New Balance Dress O-4784
  </name>
  <category>
   Dress
  </category>
  <size>
   XXL
  </size>
  <color>
   Оранжевый
  </color>
  <material>
   Полиэстер
  </material>
  <price>
   262712
  </price>
  <rating>
   1.57
  </rating>
  <reviews>
   674962
  </reviews>
  <new>
   -
  </new>
  <exclusive>
   no
  </exclusive>
 </clothing>
 <clothing>
  <id>
   604225328
  </id>
  <name>
   Addidas Skirt R-9141
  </name>
  <category>
   Skirt
  </category>
  <size>
   XL
  </size>
  <color>
   Голубой
  </color>
  <material>
   Полиэстер
  </material>
  <price>
   277219
  </price>
  <rating>
   3.95
  </rating>
  <reviews>
   596668
  </reviews>
  <new>
   +
  </new>
  <exclusive>
   yes
  </exclusive>
  <sporty>
   no
  </sporty>
 </clothing>
 <clothing>
  <id>
   744371954
  </id>
  <name>
   DC Dress G-9415
  </name>
  <category>
   Dress
  </category>
  <size>
   XXL
  </size>
  <color>
   Фиолетовый
  </color>
  <material>
   Нейлон
  </material>
  <price>
   205894
  </price>
  <rating>
   1.21
  </rating>
  <reviews>
   54605
  </reviews>
  <exclusive>
   no
  </exclusive>
 </clothing>
 <clothing>
  <id>
   112556658
  </id>
  <name>
   Nike Jeans W-2382
  </name>
  <category>
   Jeans
  </category>
  <size>
   M
  </size>
  <color>
   Синий
  </color>
  <material>
   Полиэстер
  </material>
  <price>
   185316
  </price>
  <rating>
   3.63
  </rating>
  <reviews>
   847833
  </reviews>
  <exclusive>
   yes
  </exclusive>
  <sporty>
   yes
  </sporty>
 </clothing>
 <clothing>
  <id>
   657382618
  </id>
  <name>
   Asics Pants H-1544
  </name>
  <category>
   Pants
  </category>
  <size>
   XL
  </size>
  <color>
   Фиолетовый
  </color>
  <material>
   Лен
  </material>
  <price>
   204297
  </price>
  <rating>
   3.59
  </rating>
  <reviews>
   937893
  </reviews>
  <new>
   -
  </new>
 </clothing>
 <clothing>
  <id>
   659798545
  </id>
  <name>
   Asics Jeans R-7852
  </name>
  <category>
   Jeans
  </category>
  <size>
   L
  </size>
  <color>
   Оранжевый
  </color>
  <material>
   Нейлон
  </material>
  <price>
   450281
  </price>
  <rating>
   4.01
  </rating>
  <reviews>
   401146
  </reviews>
  <new>
   -
  </new>
  <exclusive>
   yes
  </exclusive>
  <sporty>
   no
  </sporty>
 </clothing>
 <clothing>
  <id>
   774138792
  </id>
  <name>
   Asics Hat Z-9817
  </name>
  <category>
   Hat
  </category>
  <size>
   S
  </size>
  <color>
   Красный
  </color>
  <material>
   Нейлон
  </material>
  <price>
   156112
  </price>
  <rating>
   2.6
  </rating>
  <reviews>
   462650
  </reviews>
  <new>
   +
  </new>
 </clothing>
 <clothing>
  <id>
   178283412
  </id>
  <name>
   Puma T-shirt S-1051
  </name>
  <category>
   T-shirt
  </category>
  <size>
   M
  </size>
  <color>
   Красный
  </color>
  <material>
   Шерсть
  </material>
  <price>
   435968
  </price>
  <rating>
   1.45
  </rating>
  <reviews>
   252036
  </reviews>
  <new>
   -
  </new>
  <exclusive>
   yes
  </exclusive>
  <sporty>
   no
  </sporty>
 </clothing>
 <clothing>
  <id>
   961754325
  </id>
  <name>
   Under Armour Jacket Z-5496
  </name>
  <category>
   Jacket
  </category>
  <size>
   XL
  </size>
  <color>
   Желтый
  </color>
  <material>
   Вискоза
  </material>
  <price>
   270647
  </price>
  <rating>
   3.47
  </rating>
  <reviews>
   7421
  </reviews>
  <new>
   +
  </new>
  <exclusive>
   no
  </exclusive>
  <sporty>
   no
  </sporty>
 </clothing>
 <clothing>
  <id>
   866574321
  </id>
  <name>
   Under Armour Shirt A-6966
  </name>
  <category>
   Shirt
  </category>
  <size>
   S
  </size>
  <color>
   Голубой
  </color>
  <material>
   Хлопок
  </material>
  <price>
   988863
  </price>
  <rating>
   3.18
  </rating>
  <reviews>
   180488
  </reviews>
  <new>
   -
  </new>
 </clothing>
 <clothing>
  <id>
   202714133
  </id>
  <name>
   Lacoste Skirt K-8920
  </name>
  <category>
   Skirt
  </category>
  <size>
   M
  </size>
  <color>
   Оранжевый
  </color>
  <material>
   Кожа
  </material>
  <price>
   208875
  </price>
  <rating>
   4.5
  </rating>
  <reviews>
   983949
  </reviews>
  <new>
   -
  </new>
 </clothing>
 <clothing>
  <id>
   317773715
  </id>
  <name>
   Lacoste Shirt Q-8935
  </name>
  <category>
   Shirt
  </category>
  <size>
   L
  </size>
  <color>
   Голубой
  </color>
  <material>
   Хлопок
  </material>
  <price>
   912992
  </price>
  <rating>
   4.66
  </rating>
  <reviews>
   591704
  </reviews>
  <sporty>
   no
  </sporty>
 </clothing>
</clothing-items>
