<?xml version="1.0" encoding="utf-8"?>
<clothing-items>
 <clothing>
  <id>
   853914801
  </id>
  <name>
   Under Armour Jeans S-2083
  </name>
  <category>
   Jeans
  </category>
  <size>
   L
  </size>
  <color>
   Красный
  </color>
  <material>
   Кожа
  </material>
  <price>
   887619
  </price>
  <rating>
   2.16
  </rating>
  <reviews>
   613394
  </reviews>
  <new>
   -
  </new>
 </clothing>
 <clothing>
  <id>
   248374090
  </id>
  <name>
   Asics Pants O-3003
  </name>
  <category>
   Pants
  </category>
  <size>
   S
  </size>
  <color>
   Зеленый
  </color>
  <material>
   Лен
  </material>
  <price>
   294215
  </price>
  <rating>
   1.96
  </rating>
  <reviews>
   512778
  </reviews>
  <exclusive>
   yes
  </exclusive>
  <sporty>
   no
  </sporty>
 </clothing>
 <clothing>
  <id>
   202937684
  </id>
  <name>
   Vans Shirt F-3554
  </name>
  <category>
   Shirt
  </category>
  <size>
   XXL
  </size>
  <color>
   Красный
  </color>
  <material>
   Вискоза
  </material>
  <price>
   564420
  </price>
  <rating>
   3.16
  </rating>
  <reviews>
   95883
  </reviews>
  <exclusive>
   yes
  </exclusive>
  <sporty>
   no
  </sporty>
 </clothing>
 <clothing>
  <id>
   487455310
  </id>
  <name>
   Lacoste Umbrellas I-9557
  </name>
  <category>
   Umbrellas
  </category>
  <size>
   M
  </size>
  <color>
   Зеленый
  </color>
  <material>
   Вискоза
  </material>
  <price>
   356388
  </price>
  <rating>
   4.37
  </rating>
  <reviews>
   13726
  </reviews>
  <new>
   +
  </new>
  <exclusive>
   no
  </exclusive>
  <sporty>
   yes
  </sporty>
 </clothing>
 <clothing>
  <id>
   678224315
  </id>
  <name>
   Nike Dress S-7822
  </name>
  <category>
   Dress
  </category>
  <size>
   L
  </size>
  <color>
   Фиолетовый
  </color>
  <material>
   Лен
  </material>
  <price>
   664156
  </price>
  <rating>
   3.32
  </rating>
  <reviews>
   285021
  </reviews>
  <new>
   -
  </new>
 </clothing>
 <clothing>
  <id>
   475315637
  </id>
  <name>
   Addidas Pants I-5346
  </name>
  <category>
   Pants
  </category>
  <size>
   XXL
  </size>
  <color>
   Фиолетовый
  </color>
  <material>
   Вискоза
  </material>
  <price>
   841672
  </price>
  <rating>
   2.55
  </rating>
  <reviews>
   814949
  </reviews>
  <exclusive>
   yes
  </exclusive>
 </clothing>
 <clothing>
  <id>
   501615686
  </id>
  <name>
   PleinSport T-shirt X-4025
  </name>
  <category>
   T-shirt
  </category>
  <size>
   XXL
  </size>
  <color>
   Голубой
  </color>
  <material>
   Полиэстер
  </material>
  <price>
   878153
  </price>
  <rating>
   2.71
  </rating>
  <reviews>
   642514
  </reviews>
  <new>
   -
  </new>
  <exclusive>
   yes
  </exclusive>
  <sporty>
   yes
  </sporty>
 </clothing>
 <clothing>
  <id>
   617108297
  </id>
  <name>
   Fila Umbrellas D-8882
  </name>
  <category>
   Umbrellas
  </category>
  <size>
   L
  </size>
  <color>
   Синий
  </color>
  <material>
   Нейлон
  </material>
  <price>
   119184
  </price>
  <rating>
   1.92
  </rating>
  <reviews>
   234147
  </reviews>
 </clothing>
 <clothing>
  <id>
   927799034
  </id>
  <name>
   Fila Gloves Z-8677
  </name>
  <category>
   Gloves
  </category>
  <size>
   XL
  </size>
  <color>
   Оранжевый
  </color>
  <material>
   Полиэстер
  </material>
  <price>
   436978
  </price>
  <rating>
   2.73
  </rating>
  <reviews>
   285919
  </reviews>
  <exclusive>
   yes
  </exclusive>
 </clothing>
 <clothing>
  <id>
   231408696
  </id>
  <name>
   Reebok Sweater E-9027
  </name>
  <category>
   Sweater
  </category>
  <size>
   M
  </size>
  <color>
   Оранжевый
  </color>
  <material>
   Вискоза
  </material>
  <price>
   101620
  </price>
  <rating>
   1.62
  </rating>
  <reviews>
   767600
  </reviews>
  <new>
   +
  </new>
  <exclusive>
   no
  </exclusive>
 </clothing>
 <clothing>
  <id>
   511512688
  </id>
  <name>
   New Balance Belts U-7046
  </name>
  <category>
   Belts
  </category>
  <size>
   XL
  </size>
  <color>
   Синий
  </color>
  <material>
   Хлопок
  </material>
  <price>
   737985
  </price>
  <rating>
   3.46
  </rating>
  <reviews>
   622030
  </reviews>
  <sporty>
   yes
  </sporty>
 </clothing>
 <clothing>
  <id>
   858177785
  </id>
  <name>
   DC Shoes A-5000
  </name>
  <category>
   Shoes
  </category>
  <size>
   S
  </size>
  <color>
   Синий
  </color>
  <material>
   Нейлон
  </material>
  <price>
   838538
  </price>
  <rating>
   4.63
  </rating>
  <reviews>
   750693
  </reviews>
  <new>
   -
  </new>
  <sporty>
   yes
  </sporty>
 </clothing>
 <clothing>
  <id>
   403600408
  </id>
  <name>
   Lacoste Socks X-6598
  </name>
  <category>
   Socks
  </category>
  <size>
   XL
  </size>
  <color>
   Голубой
  </color>
  <material>
   Нейлон
  </material>
  <price>
   288228
  </price>
  <rating>
   1.44
  </rating>
  <reviews>
   831853
  </reviews>
  <sporty>
   no
  </sporty>
 </clothing>
</clothing-items>
