<?xml version="1.0" encoding="utf-8"?>
<clothing-items>
 <clothing>
  <id>
   848608569
  </id>
  <name>
   DC Skirt L-4444
  </name>
  <category>
   Skirt
  </category>
  <size>
   M
  </size>
  <color>
   Желтый
  </color>
  <material>
   Кожа
  </material>
  <price>
   407225
  </price>
  <rating>
   3.96
  </rating>
  <reviews>
   933704
  </reviews>
  <new>
   -
  </new>
  <sporty>
   no
  </sporty>
 </clothing>
 <clothing>
  <id>
   147119702
  </id>
  <name>
   DC Jeans H-3979
  </name>
  <category>
   Jeans
  </category>
  <size>
   S
  </size>
  <color>
   Синий
  </color>
  <material>
   Лен
  </material>
  <price>
   960670
  </price>
  <rating>
   2.95
  </rating>
  <reviews>
   39244
  </reviews>
  <new>
   +
  </new>
  <sporty>
   yes
  </sporty>
 </clothing>
 <clothing>
  <id>
   434622343
  </id>
  <name>
   Puma Handbags D-6498
  </name>
  <category>
   Handbags
  </category>
  <size>
   L
  </size>
  <color>
   Красный
  </color>
  <material>
   Нейлон
  </material>
  <price>
   555433
  </price>
  <rating>
   2.65
  </rating>
  <reviews>
   594092
  </reviews>
  <new>
   +
  </new>
 </clothing>
 <clothing>
  <id>
   177757602
  </id>
  <name>
   Addidas Socks X-3353
  </name>
  <category>
   Socks
  </category>
  <size>
   L
  </size>
  <color>
   Зеленый
  </color>
  <material>
   Вискоза
  </material>
  <price>
   990581
  </price>
  <rating>
   3.1
  </rating>
  <reviews>
   160182
  </reviews>
 </clothing>
 <clothing>
  <id>
   101685315
  </id>
  <name>
   Addidas Umbrellas V-5968
  </name>
  <category>
   Umbrellas
  </category>
  <size>
   L
  </size>
  <color>
   Фиолетовый
  </color>
  <material>
   Нейлон
  </material>
  <price>
   566435
  </price>
  <rating>
   2.41
  </rating>
  <reviews>
   568330
  </reviews>
 </clothing>
 <clothing>
  <id>
   734743531
  </id>
  <name>
   PleinSport Shirt U-9345
  </name>
  <category>
   Shirt
  </category>
  <size>
   XL
  </size>
  <color>
   Зеленый
  </color>
  <material>
   Шерсть
  </material>
  <price>
   954544
  </price>
  <rating>
   2.79
  </rating>
  <reviews>
   6647
  </reviews>
  <new>
   +
  </new>
  <exclusive>
   no
  </exclusive>
  <sporty>
   no
  </sporty>
 </clothing>
 <clothing>
  <id>
   405402291
  </id>
  <name>
   Lacoste Gloves Y-3453
  </name>
  <category>
   Gloves
  </category>
  <size>
   L
  </size>
  <color>
   Зеленый
  </color>
  <material>
   Хлопок
  </material>
  <price>
   933537
  </price>
  <rating>
   4.59
  </rating>
  <reviews>
   813732
  </reviews>
  <exclusive>
   no
  </exclusive>
  <sporty>
   yes
  </sporty>
 </clothing>
 <clothing>
  <id>
   353384931
  </id>
  <name>
   Adidas Sweater V-1580
  </name>
  <category>
   Sweater
  </category>
  <size>
   XXL
  </size>
  <color>
   Фиолетовый
  </color>
  <material>
   Шелк
  </material>
  <price>
   816200
  </price>
  <rating>
   1.7
  </rating>
  <reviews>
   56820
  </reviews>
  <new>
   +
  </new>
  <exclusive>
   no
  </exclusive>
 </clothing>
 <clothing>
  <id>
   486448586
  </id>
  <name>
   Fila Hat S-1999
  </name>
  <category>
   Hat
  </category>
  <size>
   XL
  </size>
  <color>
   Зеленый
  </color>
  <material>
   Шерсть
  </material>
  <price>
   552304
  </price>
  <rating>
   4.65
  </rating>
  <reviews>
   445212
  </reviews>
  <exclusive>
   no
  </exclusive>
  <sporty>
   no
  </sporty>
 </clothing>
 <clothing>
  <id>
   265356507
  </id>
  <name>
   Under Armour Dress E-9377
  </name>
  <category>
   Dress
  </category>
  <size>
   XL
  </size>
  <color>
   Оранжевый
  </color>
  <material>
   Полиэстер
  </material>
  <price>
   627072
  </price>
  <rating>
   4.12
  </rating>
  <reviews>
   637329
  </reviews>
  <exclusive>
   no
  </exclusive>
 </clothing>
 <clothing>
  <id>
   770234036
  </id>
  <name>
   PleinSport Blouse E-1879
  </name>
  <category>
   Blouse
  </category>
  <size>
   M
  </size>
  <color>
   Синий
  </color>
  <material>
   Кожа
  </material>
  <price>
   436177
  </price>
  <rating>
   2.26
  </rating>
  <reviews>
   677017
  </reviews>
  <new>
   -
  </new>
  <sporty>
   yes
  </sporty>
 </clothing>
 <clothing>
  <id>
   194329340
  </id>
  <name>
   Asics T-shirt K-4635
  </name>
  <category>
   T-shirt
  </category>
  <size>
   M
  </size>
  <color>
   Зеленый
  </color>
  <material>
   Лен
  </material>
  <price>
   274296
  </price>
  <rating>
   3.42
  </rating>
  <reviews>
   819290
  </reviews>
  <new>
   +
  </new>
  <exclusive>
   yes
  </exclusive>
  <sporty>
   no
  </sporty>
 </clothing>
 <clothing>
  <id>
   959684721
  </id>
  <name>
   Under Armour Umbrellas A-7035
  </name>
  <category>
   Umbrellas
  </category>
  <size>
   XL
  </size>
  <color>
   Красный
  </color>
  <material>
   Кожа
  </material>
  <price>
   596637
  </price>
  <rating>
   3.91
  </rating>
  <reviews>
   160845
  </reviews>
  <new>
   -
  </new>
  <exclusive>
   yes
  </exclusive>
  <sporty>
   no
  </sporty>
 </clothing>
</clothing-items>
