<?xml version="1.0" encoding="utf-8"?>
<clothing-items>
 <clothing>
  <id>
   918693996
  </id>
  <name>
   Fila Sweater E-6029
  </name>
  <category>
   Sweater
  </category>
  <size>
   S
  </size>
  <color>
   Оранжевый
  </color>
  <material>
   Лен
  </material>
  <price>
   451841
  </price>
  <rating>
   3.1
  </rating>
  <reviews>
   330506
  </reviews>
  <new>
   -
  </new>
  <exclusive>
   no
  </exclusive>
  <sporty>
   no
  </sporty>
 </clothing>
 <clothing>
  <id>
   255831574
  </id>
  <name>
   Addidas Skirt F-7925
  </name>
  <category>
   Skirt
  </category>
  <size>
   M
  </size>
  <color>
   Оранжевый
  </color>
  <material>
   Полиэстер
  </material>
  <price>
   646500
  </price>
  <rating>
   3.36
  </rating>
  <reviews>
   915639
  </reviews>
  <new>
   +
  </new>
  <exclusive>
   no
  </exclusive>
  <sporty>
   no
  </sporty>
 </clothing>
 <clothing>
  <id>
   503971489
  </id>
  <name>
   Converse Shoes X-6954
  </name>
  <category>
   Shoes
  </category>
  <size>
   XXL
  </size>
  <color>
   Оранжевый
  </color>
  <material>
   Шерсть
  </material>
  <price>
   682988
  </price>
  <rating>
   2.27
  </rating>
  <reviews>
   314730
  </reviews>
  <new>
   -
  </new>
  <exclusive>
   no
  </exclusive>
 </clothing>
 <clothing>
  <id>
   642484607
  </id>
  <name>
   New Balance Dress N-1997
  </name>
  <category>
   Dress
  </category>
  <size>
   XXL
  </size>
  <color>
   Голубой
  </color>
  <material>
   Кожа
  </material>
  <price>
   933575
  </price>
  <rating>
   4.7
  </rating>
  <reviews>
   234692
  </reviews>
  <exclusive>
   no
  </exclusive>
  <sporty>
   no
  </sporty>
 </clothing>
 <clothing>
  <id>
   870240383
  </id>
  <name>
   New Balance Shoes D-5488
  </name>
  <category>
   Shoes
  </category>
  <size>
   XXL
  </size>
  <color>
   Зеленый
  </color>
  <material>
   Шелк
  </material>
  <price>
   879737
  </price>
  <rating>
   1.36
  </rating>
  <reviews>
   605456
  </reviews>
  <new>
   -
  </new>
  <exclusive>
   no
  </exclusive>
 </clothing>
 <clothing>
  <id>
   669843645
  </id>
  <name>
   Ellesse Gloves D-2316
  </name>
  <category>
   Gloves
  </category>
  <size>
   M
  </size>
  <color>
   Красный
  </color>
  <material>
   Нейлон
  </material>
  <price>
   999586
  </price>
  <rating>
   2.24
  </rating>
  <reviews>
   83747
  </reviews>
  <new>
   +
  </new>
  <exclusive>
   yes
  </exclusive>
  <sporty>
   no
  </sporty>
 </clothing>
 <clothing>
  <id>
   131438416
  </id>
  <name>
   DC Skirt U-7718
  </name>
  <category>
   Skirt
  </category>
  <size>
   L
  </size>
  <color>
   Синий
  </color>
  <material>
   Нейлон
  </material>
  <price>
   102642
  </price>
  <rating>
   2.97
  </rating>
  <reviews>
   967251
  </reviews>
  <sporty>
   yes
  </sporty>
 </clothing>
 <clothing>
  <id>
   174390044
  </id>
  <name>
   Lacoste T-shirt Y-7332
  </name>
  <category>
   T-shirt
  </category>
  <size>
   L
  </size>
  <color>
   Синий
  </color>
  <material>
   Хлопок
  </material>
  <price>
   581153
  </price>
  <rating>
   4.51
  </rating>
  <reviews>
   133848
  </reviews>
  <new>
   -
  </new>
  <exclusive>
   no
  </exclusive>
  <sporty>
   no
  </sporty>
 </clothing>
 <clothing>
  <id>
   856084955
  </id>
  <name>
   Addidas Dress C-2563
  </name>
  <category>
   Dress
  </category>
  <size>
   M
  </size>
  <color>
   Красный
  </color>
  <material>
   Кожа
  </material>
  <price>
   450051
  </price>
  <rating>
   3.59
  </rating>
  <reviews>
   150686
  </reviews>
  <new>
   -
  </new>
  <exclusive>
   no
  </exclusive>
 </clothing>
 <clothing>
  <id>
   145833003
  </id>
  <name>
   Puma Jacket M-3677
  </name>
  <category>
   Jacket
  </category>
  <size>
   S
  </size>
  <color>
   Оранжевый
  </color>
  <material>
   Лен
  </material>
  <price>
   575335
  </price>
  <rating>
   2.22
  </rating>
  <reviews>
   735539
  </reviews>
  <new>
   -
  </new>
  <sporty>
   no
  </sporty>
 </clothing>
 <clothing>
  <id>
   773234199
  </id>
  <name>
   Adidas Jeans B-6540
  </name>
  <category>
   Jeans
  </category>
  <size>
   XL
  </size>
  <color>
   Красный
  </color>
  <material>
   Шерсть
  </material>
  <price>
   321021
  </price>
  <rating>
   3.17
  </rating>
  <reviews>
   257648
  </reviews>
  <new>
   -
  </new>
  <exclusive>
   no
  </exclusive>
 </clothing>
 <clothing>
  <id>
   633828654
  </id>
  <name>
   Adidas Shoes S-4373
  </name>
  <category>
   Shoes
  </category>
  <size>
   XXL
  </size>
  <color>
   Красный
  </color>
  <material>
   Нейлон
  </material>
  <price>
   847599
  </price>
  <rating>
   3.99
  </rating>
  <reviews>
   586973
  </reviews>
  <new>
   +
  </new>
  <exclusive>
   no
  </exclusive>
  <sporty>
   no
  </sporty>
 </clothing>
 <clothing>
  <id>
   589576889
  </id>
  <name>
   DC Gloves N-4446
  </name>
  <category>
   Gloves
  </category>
  <size>
   S
  </size>
  <color>
   Синий
  </color>
  <material>
   Лен
  </material>
  <price>
   444017
  </price>
  <rating>
   3.57
  </rating>
  <reviews>
   986900
  </reviews>
  <exclusive>
   no
  </exclusive>
  <sporty>
   no
  </sporty>
 </clothing>
 <clothing>
  <id>
   175442897
  </id>
  <name>
   New Balance Socks S-1624
  </name>
  <category>
   Socks
  </category>
  <size>
   S
  </size>
  <color>
   Желтый
  </color>
  <material>
   Полиэстер
  </material>
  <price>
   760057
  </price>
  <rating>
   4.25
  </rating>
  <reviews>
   126322
  </reviews>
  <exclusive>
   no
  </exclusive>
 </clothing>
 <clothing>
  <id>
   224114414
  </id>
  <name>
   Puma Umbrellas R-9003
  </name>
  <category>
   Umbrellas
  </category>
  <size>
   M
  </size>
  <color>
   Фиолетовый
  </color>
  <material>
   Кожа
  </material>
  <price>
   356381
  </price>
  <rating>
   4.64
  </rating>
  <reviews>
   390323
  </reviews>
  <new>
   -
  </new>
 </clothing>
 <clothing>
  <id>
   575756040
  </id>
  <name>
   Addidas Shirt Y-8154
  </name>
  <category>
   Shirt
  </category>
  <size>
   M
  </size>
  <color>
   Синий
  </color>
  <material>
   Кожа
  </material>
  <price>
   766994
  </price>
  <rating>
   3.63
  </rating>
  <reviews>
   459022
  </reviews>
  <new>
   +
  </new>
  <exclusive>
   no
  </exclusive>
 </clothing>
 <clothing>
  <id>
   220139752
  </id>
  <name>
   New Balance Dress X-8054
  </name>
  <category>
   Dress
  </category>
  <size>
   S
  </size>
  <color>
   Зеленый
  </color>
  <material>
   Шелк
  </material>
  <price>
   696613
  </price>
  <rating>
   1.51
  </rating>
  <reviews>
   233560
  </reviews>
  <new>
   -
  </new>
  <exclusive>
   no
  </exclusive>
  <sporty>
   yes
  </sporty>
 </clothing>
 <clothing>
  <id>
   792115258
  </id>
  <name>
   Brooks Blouse C-9535
  </name>
  <category>
   Blouse
  </category>
  <size>
   XXL
  </size>
  <color>
   Зеленый
  </color>
  <material>
   Нейлон
  </material>
  <price>
   942700
  </price>
  <rating>
   2.88
  </rating>
  <reviews>
   956269
  </reviews>
  <sporty>
   no
  </sporty>
 </clothing>
 <clothing>
  <id>
   723726095
  </id>
  <name>
   Converse Skirt O-6263
  </name>
  <category>
   Skirt
  </category>
  <size>
   XL
  </size>
  <color>
   Фиолетовый
  </color>
  <material>
   Лен
  </material>
  <price>
   283826
  </price>
  <rating>
   3.58
  </rating>
  <reviews>
   436664
  </reviews>
  <new>
   -
  </new>
  <sporty>
   yes
  </sporty>
 </clothing>
 <clothing>
  <id>
   835683490
  </id>
  <name>
   Vans Gloves M-6557
  </name>
  <category>
   Gloves
  </category>
  <size>
   S
  </size>
  <color>
   Фиолетовый
  </color>
  <material>
   Лен
  </material>
  <price>
   629612
  </price>
  <rating>
   5.0
  </rating>
  <reviews>
   465034
  </reviews>
  <exclusive>
   yes
  </exclusive>
  <sporty>
   yes
  </sporty>
 </clothing>
 <clothing>
  <id>
   615171074
  </id>
  <name>
   Converse T-shirt E-6209
  </name>
  <category>
   T-shirt
  </category>
  <size>
   M
  </size>
  <color>
   Фиолетовый
  </color>
  <material>
   Лен
  </material>
  <price>
   471291
  </price>
  <rating>
   2.22
  </rating>
  <reviews>
   394131
  </reviews>
  <new>
   +
  </new>
  <sporty>
   no
  </sporty>
 </clothing>
 <clothing>
  <id>
   155762390
  </id>
  <name>
   Addidas Skirt F-6493
  </name>
  <category>
   Skirt
  </category>
  <size>
   L
  </size>
  <color>
   Фиолетовый
  </color>
  <material>
   Лен
  </material>
  <price>
   469978
  </price>
  <rating>
   3.25
  </rating>
  <reviews>
   117492
  </reviews>
  <new>
   -
  </new>
  <sporty>
   no
  </sporty>
 </clothing>
 <clothing>
  <id>
   895717936
  </id>
  <name>
   DC Shoes H-6506
  </name>
  <category>
   Shoes
  </category>
  <size>
   XXL
  </size>
  <color>
   Голубой
  </color>
  <material>
   Лен
  </material>
  <price>
   606816
  </price>
  <rating>
   1.35
  </rating>
  <reviews>
   420760
  </reviews>
  <new>
   -
  </new>
  <exclusive>
   yes
  </exclusive>
 </clothing>
 <clothing>
  <id>
   946528529
  </id>
  <name>
   Puma Hat X-3427
  </name>
  <category>
   Hat
  </category>
  <size>
   S
  </size>
  <color>
   Голубой
  </color>
  <material>
   Полиэстер
  </material>
  <price>
   924759
  </price>
  <rating>
   3.52
  </rating>
  <reviews>
   284097
  </reviews>
  <exclusive>
   no
  </exclusive>
  <sporty>
   yes
  </sporty>
 </clothing>
 <clothing>
  <id>
   264548071
  </id>
  <name>
   Brooks Umbrellas S-7622
  </name>
  <category>
   Umbrellas
  </category>
  <size>
   L
  </size>
  <color>
   Фиолетовый
  </color>
  <material>
   Шерсть
  </material>
  <price>
   456884
  </price>
  <rating>
   3.04
  </rating>
  <reviews>
   41503
  </reviews>
  <exclusive>
   yes
  </exclusive>
  <sporty>
   yes
  </sporty>
 </clothing>
 <clothing>
  <id>
   245056752
  </id>
  <name>
   Nike Shirt I-4658
  </name>
  <category>
   Shirt
  </category>
  <size>
   M
  </size>
  <color>
   Зеленый
  </color>
  <material>
   Шелк
  </material>
  <price>
   713551
  </price>
  <rating>
   1.91
  </rating>
  <reviews>
   665371
  </reviews>
  <exclusive>
   no
  </exclusive>
  <sporty>
   yes
  </sporty>
 </clothing>
 <clothing>
  <id>
   847793373
  </id>
  <name>
   Converse Skirt A-5427
  </name>
  <category>
   Skirt
  </category>
  <size>
   XL
  </size>
  <color>
   Оранжевый
  </color>
  <material>
   Шерсть
  </material>
  <price>
   952019
  </price>
  <rating>
   1.39
  </rating>
  <reviews>
   127660
  </reviews>
 </clothing>
 <clothing>
  <id>
   319314972
  </id>
  <name>
   New Balance Hat A-3531
  </name>
  <category>
   Hat
  </category>
  <size>
   M
  </size>
  <color>
   Зеленый
  </color>
  <material>
   Лен
  </material>
  <price>
   780497
  </price>
  <rating>
   4.6
  </rating>
  <reviews>
   194221
  </reviews>
  <new>
   -
  </new>
  <exclusive>
   no
  </exclusive>
  <sporty>
   no
  </sporty>
 </clothing>
 <clothing>
  <id>
   749883491
  </id>
  <name>
   Puma Blouse R-9110
  </name>
  <category>
   Blouse
  </category>
  <size>
   XXL
  </size>
  <color>
   Голубой
  </color>
  <material>
   Хлопок
  </material>
  <price>
   401588
  </price>
  <rating>
   2.82
  </rating>
  <reviews>
   199822
  </reviews>
  <new>
   +
  </new>
  <exclusive>
   no
  </exclusive>
  <sporty>
   no
  </sporty>
 </clothing>
 <clothing>
  <id>
   466782000
  </id>
  <name>
   Addidas Shirt A-7081
  </name>
  <category>
   Shirt
  </category>
  <size>
   XL
  </size>
  <color>
   Оранжевый
  </color>
  <material>
   Хлопок
  </material>
  <price>
   846907
  </price>
  <rating>
   1.53
  </rating>
  <reviews>
   787272
  </reviews>
  <exclusive>
   yes
  </exclusive>
 </clothing>
 <clothing>
  <id>
   230357170
  </id>
  <name>
   Fila Sweater R-8788
  </name>
  <category>
   Sweater
  </category>
  <size>
   XL
  </size>
  <color>
   Зеленый
  </color>
  <material>
   Шелк
  </material>
  <price>
   865427
  </price>
  <rating>
   3.02
  </rating>
  <reviews>
   966042
  </reviews>
  <new>
   +
  </new>
  <sporty>
   yes
  </sporty>
 </clothing>
 <clothing>
  <id>
   701211377
  </id>
  <name>
   Adidas Umbrellas M-5956
  </name>
  <category>
   Umbrellas
  </category>
  <size>
   M
  </size>
  <color>
   Зеленый
  </color>
  <material>
   Кожа
  </material>
  <price>
   375389
  </price>
  <rating>
   1.31
  </rating>
  <reviews>
   974781
  </reviews>
  <sporty>
   yes
  </sporty>
 </clothing>
 <clothing>
  <id>
   516540613
  </id>
  <name>
   PleinSport Umbrellas T-5627
  </name>
  <category>
   Umbrellas
  </category>
  <size>
   M
  </size>
  <color>
   Синий
  </color>
  <material>
   Вискоза
  </material>
  <price>
   205558
  </price>
  <rating>
   4.04
  </rating>
  <reviews>
   606068
  </reviews>
  <exclusive>
   yes
  </exclusive>
  <sporty>
   yes
  </sporty>
 </clothing>
 <clothing>
  <id>
   833143826
  </id>
  <name>
   Fila Hat L-9184
  </name>
  <category>
   Hat
  </category>
  <size>
   XL
  </size>
  <color>
   Зеленый
  </color>
  <material>
   Вискоза
  </material>
  <price>
   387891
  </price>
  <rating>
   2.82
  </rating>
  <reviews>
   129280
  </reviews>
  <new>
   +
  </new>
 </clothing>
 <clothing>
  <id>
   691497294
  </id>
  <name>
   Converse Pants S-7567
  </name>
  <category>
   Pants
  </category>
  <size>
   XXL
  </size>
  <color>
   Красный
  </color>
  <material>
   Хлопок
  </material>
  <price>
   791909
  </price>
  <rating>
   4.1
  </rating>
  <reviews>
   214382
  </reviews>
  <exclusive>
   no
  </exclusive>
  <sporty>
   no
  </sporty>
 </clothing>
 <clothing>
  <id>
   671855006
  </id>
  <name>
   Adidas Belts Y-2266
  </name>
  <category>
   Belts
  </category>
  <size>
   L
  </size>
  <color>
   Синий
  </color>
  <material>
   Кожа
  </material>
  <price>
   280561
  </price>
  <rating>
   4.73
  </rating>
  <reviews>
   26497
  </reviews>
  <new>
   -
  </new>
  <exclusive>
   yes
  </exclusive>
  <sporty>
   yes
  </sporty>
 </clothing>
 <clothing>
  <id>
   906449536
  </id>
  <name>
   Nike Hat B-7969
  </name>
  <category>
   Hat
  </category>
  <size>
   XXL
  </size>
  <color>
   Желтый
  </color>
  <material>
   Хлопок
  </material>
  <price>
   256076
  </price>
  <rating>
   1.46
  </rating>
  <reviews>
   354811
  </reviews>
  <new>
   -
  </new>
  <exclusive>
   yes
  </exclusive>
  <sporty>
   no
  </sporty>
 </clothing>
 <clothing>
  <id>
   820607302
  </id>
  <name>
   Lacoste Belts F-2921
  </name>
  <category>
   Belts
  </category>
  <size>
   M
  </size>
  <color>
   Синий
  </color>
  <material>
   Хлопок
  </material>
  <price>
   124525
  </price>
  <rating>
   1.83
  </rating>
  <reviews>
   240867
  </reviews>
  <new>
   -
  </new>
  <exclusive>
   no
  </exclusive>
 </clothing>
 <clothing>
  <id>
   501887124
  </id>
  <name>
   Under Armour Shoes W-6573
  </name>
  <category>
   Shoes
  </category>
  <size>
   L
  </size>
  <color>
   Желтый
  </color>
  <material>
   Шерсть
  </material>
  <price>
   938768
  </price>
  <rating>
   1.74
  </rating>
  <reviews>
   236368
  </reviews>
  <new>
   -
  </new>
  <exclusive>
   no
  </exclusive>
  <sporty>
   no
  </sporty>
 </clothing>
 <clothing>
  <id>
   601743562
  </id>
  <name>
   Fila Blouse D-7867
  </name>
  <category>
   Blouse
  </category>
  <size>
   S
  </size>
  <color>
   Желтый
  </color>
  <material>
   Хлопок
  </material>
  <price>
   945385
  </price>
  <rating>
   4.17
  </rating>
  <reviews>
   250142
  </reviews>
  <exclusive>
   no
  </exclusive>
  <sporty>
   no
  </sporty>
 </clothing>
 <clothing>
  <id>
   881030151
  </id>
  <name>
   DC Shirt Z-1494
  </name>
  <category>
   Shirt
  </category>
  <size>
   M
  </size>
  <color>
   Зеленый
  </color>
  <material>
   Шелк
  </material>
  <price>
   197359
  </price>
  <rating>
   1.84
  </rating>
  <reviews>
   303121
  </reviews>
  <exclusive>
   no
  </exclusive>
  <sporty>
   yes
  </sporty>
 </clothing>
</clothing-items>
