<?xml version="1.0" encoding="utf-8"?>
<clothing-items>
 <clothing>
  <id>
   361280452
  </id>
  <name>
   Asics Skirt M-1204
  </name>
  <category>
   Skirt
  </category>
  <size>
   L
  </size>
  <color>
   Синий
  </color>
  <material>
   Полиэстер
  </material>
  <price>
   925752
  </price>
  <rating>
   3.26
  </rating>
  <reviews>
   595725
  </reviews>
 </clothing>
 <clothing>
  <id>
   648523151
  </id>
  <name>
   Nike Umbrellas L-2920
  </name>
  <category>
   Umbrellas
  </category>
  <size>
   XL
  </size>
  <color>
   Фиолетовый
  </color>
  <material>
   Вискоза
  </material>
  <price>
   213930
  </price>
  <rating>
   2.86
  </rating>
  <reviews>
   634568
  </reviews>
  <exclusive>
   no
  </exclusive>
 </clothing>
 <clothing>
  <id>
   792529397
  </id>
  <name>
   Asics Umbrellas W-3123
  </name>
  <category>
   Umbrellas
  </category>
  <size>
   XL
  </size>
  <color>
   Синий
  </color>
  <material>
   Полиэстер
  </material>
  <price>
   102084
  </price>
  <rating>
   1.64
  </rating>
  <reviews>
   805163
  </reviews>
  <exclusive>
   yes
  </exclusive>
  <sporty>
   yes
  </sporty>
 </clothing>
 <clothing>
  <id>
   921257362
  </id>
  <name>
   Adidas Handbags B-8968
  </name>
  <category>
   Handbags
  </category>
  <size>
   L
  </size>
  <color>
   Оранжевый
  </color>
  <material>
   Шелк
  </material>
  <price>
   664978
  </price>
  <rating>
   3.75
  </rating>
  <reviews>
   952665
  </reviews>
  <new>
   +
  </new>
  <exclusive>
   yes
  </exclusive>
  <sporty>
   yes
  </sporty>
 </clothing>
 <clothing>
  <id>
   828651936
  </id>
  <name>
   Nike Shoes Q-9072
  </name>
  <category>
   Shoes
  </category>
  <size>
   XL
  </size>
  <color>
   Красный
  </color>
  <material>
   Хлопок
  </material>
  <price>
   232701
  </price>
  <rating>
   1.64
  </rating>
  <reviews>
   830729
  </reviews>
  <new>
   -
  </new>
  <sporty>
   no
  </sporty>
 </clothing>
 <clothing>
  <id>
   307479048
  </id>
  <name>
   Puma Jacket K-9822
  </name>
  <category>
   Jacket
  </category>
  <size>
   S
  </size>
  <color>
   Голубой
  </color>
  <material>
   Кожа
  </material>
  <price>
   948766
  </price>
  <rating>
   2.23
  </rating>
  <reviews>
   853536
  </reviews>
  <new>
   -
  </new>
  <exclusive>
   yes
  </exclusive>
  <sporty>
   no
  </sporty>
 </clothing>
 <clothing>
  <id>
   666882292
  </id>
  <name>
   Ellesse Blouse P-7295
  </name>
  <category>
   Blouse
  </category>
  <size>
   M
  </size>
  <color>
   Голубой
  </color>
  <material>
   Полиэстер
  </material>
  <price>
   447393
  </price>
  <rating>
   1.18
  </rating>
  <reviews>
   41827
  </reviews>
  <sporty>
   no
  </sporty>
 </clothing>
 <clothing>
  <id>
   245684037
  </id>
  <name>
   Under Armour Jacket I-2155
  </name>
  <category>
   Jacket
  </category>
  <size>
   L
  </size>
  <color>
   Красный
  </color>
  <material>
   Шерсть
  </material>
  <price>
   283278
  </price>
  <rating>
   1.24
  </rating>
  <reviews>
   525234
  </reviews>
  <new>
   -
  </new>
  <exclusive>
   yes
  </exclusive>
 </clothing>
 <clothing>
  <id>
   490525238
  </id>
  <name>
   Vans Gloves R-3770
  </name>
  <category>
   Gloves
  </category>
  <size>
   M
  </size>
  <color>
   Зеленый
  </color>
  <material>
   Шелк
  </material>
  <price>
   229121
  </price>
  <rating>
   1.53
  </rating>
  <reviews>
   228337
  </reviews>
  <exclusive>
   yes
  </exclusive>
  <sporty>
   yes
  </sporty>
 </clothing>
 <clothing>
  <id>
   857861455
  </id>
  <name>
   Nike Sweater W-7711
  </name>
  <category>
   Sweater
  </category>
  <size>
   M
  </size>
  <color>
   Желтый
  </color>
  <material>
   Шелк
  </material>
  <price>
   834185
  </price>
  <rating>
   3.57
  </rating>
  <reviews>
   908290
  </reviews>
  <new>
   -
  </new>
  <exclusive>
   no
  </exclusive>
 </clothing>
 <clothing>
  <id>
   876636923
  </id>
  <name>
   Lacoste Sweater S-8386
  </name>
  <category>
   Sweater
  </category>
  <size>
   L
  </size>
  <color>
   Оранжевый
  </color>
  <material>
   Полиэстер
  </material>
  <price>
   529350
  </price>
  <rating>
   2.48
  </rating>
  <reviews>
   528703
  </reviews>
  <new>
   -
  </new>
 </clothing>
 <clothing>
  <id>
   223157575
  </id>
  <name>
   Converse Jacket V-6669
  </name>
  <category>
   Jacket
  </category>
  <size>
   XXL
  </size>
  <color>
   Красный
  </color>
  <material>
   Шерсть
  </material>
  <price>
   910585
  </price>
  <rating>
   4.3
  </rating>
  <reviews>
   430200
  </reviews>
  <new>
   +
  </new>
  <sporty>
   no
  </sporty>
 </clothing>
 <clothing>
  <id>
   380870863
  </id>
  <name>
   Under Armour Jacket F-7667
  </name>
  <category>
   Jacket
  </category>
  <size>
   S
  </size>
  <color>
   Оранжевый
  </color>
  <material>
   Лен
  </material>
  <price>
   531117
  </price>
  <rating>
   2.18
  </rating>
  <reviews>
   546004
  </reviews>
  <exclusive>
   no
  </exclusive>
  <sporty>
   yes
  </sporty>
 </clothing>
 <clothing>
  <id>
   350109274
  </id>
  <name>
   Under Armour Socks Q-3775
  </name>
  <category>
   Socks
  </category>
  <size>
   L
  </size>
  <color>
   Синий
  </color>
  <material>
   Нейлон
  </material>
  <price>
   446814
  </price>
  <rating>
   1.77
  </rating>
  <reviews>
   680401
  </reviews>
  <exclusive>
   no
  </exclusive>
 </clothing>
 <clothing>
  <id>
   273895377
  </id>
  <name>
   Under Armour Shoes Z-2038
  </name>
  <category>
   Shoes
  </category>
  <size>
   XXL
  </size>
  <color>
   Фиолетовый
  </color>
  <material>
   Хлопок
  </material>
  <price>
   493664
  </price>
  <rating>
   2.21
  </rating>
  <reviews>
   62542
  </reviews>
  <new>
   -
  </new>
  <exclusive>
   no
  </exclusive>
  <sporty>
   no
  </sporty>
 </clothing>
 <clothing>
  <id>
   417166174
  </id>
  <name>
   Puma T-shirt I-1157
  </name>
  <category>
   T-shirt
  </category>
  <size>
   XXL
  </size>
  <color>
   Голубой
  </color>
  <material>
   Шерсть
  </material>
  <price>
   775737
  </price>
  <rating>
   1.46
  </rating>
  <reviews>
   887725
  </reviews>
  <new>
   +
  </new>
  <sporty>
   no
  </sporty>
 </clothing>
 <clothing>
  <id>
   121646620
  </id>
  <name>
   Fila T-shirt B-4299
  </name>
  <category>
   T-shirt
  </category>
  <size>
   S
  </size>
  <color>
   Желтый
  </color>
  <material>
   Хлопок
  </material>
  <price>
   574853
  </price>
  <rating>
   3.63
  </rating>
  <reviews>
   753491
  </reviews>
  <sporty>
   no
  </sporty>
 </clothing>
 <clothing>
  <id>
   564497363
  </id>
  <name>
   Vans Dress Q-8585
  </name>
  <category>
   Dress
  </category>
  <size>
   XL
  </size>
  <color>
   Красный
  </color>
  <material>
   Шерсть
  </material>
  <price>
   327134
  </price>
  <rating>
   2.9
  </rating>
  <reviews>
   738924
  </reviews>
  <new>
   -
  </new>
  <exclusive>
   yes
  </exclusive>
 </clothing>
 <clothing>
  <id>
   969004306
  </id>
  <name>
   PleinSport Shirt J-5435
  </name>
  <category>
   Shirt
  </category>
  <size>
   L
  </size>
  <color>
   Оранжевый
  </color>
  <material>
   Лен
  </material>
  <price>
   413136
  </price>
  <rating>
   1.15
  </rating>
  <reviews>
   158417
  </reviews>
  <new>
   +
  </new>
  <sporty>
   no
  </sporty>
 </clothing>
 <clothing>
  <id>
   317500241
  </id>
  <name>
   Reebok Dress G-8734
  </name>
  <category>
   Dress
  </category>
  <size>
   L
  </size>
  <color>
   Голубой
  </color>
  <material>
   Лен
  </material>
  <price>
   958174
  </price>
  <rating>
   3.78
  </rating>
  <reviews>
   7958
  </reviews>
  <new>
   -
  </new>
  <exclusive>
   no
  </exclusive>
  <sporty>
   no
  </sporty>
 </clothing>
 <clothing>
  <id>
   105536071
  </id>
  <name>
   Fila Socks P-1031
  </name>
  <category>
   Socks
  </category>
  <size>
   L
  </size>
  <color>
   Зеленый
  </color>
  <material>
   Лен
  </material>
  <price>
   600258
  </price>
  <rating>
   4.25
  </rating>
  <reviews>
   947351
  </reviews>
  <new>
   -
  </new>
  <exclusive>
   yes
  </exclusive>
 </clothing>
 <clothing>
  <id>
   968565347
  </id>
  <name>
   Adidas Dress L-7382
  </name>
  <category>
   Dress
  </category>
  <size>
   XL
  </size>
  <color>
   Голубой
  </color>
  <material>
   Шерсть
  </material>
  <price>
   987228
  </price>
  <rating>
   4.88
  </rating>
  <reviews>
   677926
  </reviews>
 </clothing>
 <clothing>
  <id>
   114664876
  </id>
  <name>
   DC Blouse N-2062
  </name>
  <category>
   Blouse
  </category>
  <size>
   M
  </size>
  <color>
   Синий
  </color>
  <material>
   Лен
  </material>
  <price>
   615695
  </price>
  <rating>
   1.62
  </rating>
  <reviews>
   978273
  </reviews>
  <new>
   -
  </new>
 </clothing>
 <clothing>
  <id>
   562338783
  </id>
  <name>
   Converse Dress V-9495
  </name>
  <category>
   Dress
  </category>
  <size>
   XXL
  </size>
  <color>
   Красный
  </color>
  <material>
   Кожа
  </material>
  <price>
   601458
  </price>
  <rating>
   4.04
  </rating>
  <reviews>
   399625
  </reviews>
  <exclusive>
   no
  </exclusive>
  <sporty>
   yes
  </sporty>
 </clothing>
 <clothing>
  <id>
   542113594
  </id>
  <name>
   Lacoste Shirt S-9652
  </name>
  <category>
   Shirt
  </category>
  <size>
   XXL
  </size>
  <color>
   Желтый
  </color>
  <material>
   Лен
  </material>
  <price>
   442012
  </price>
  <rating>
   3.61
  </rating>
  <reviews>
   137655
  </reviews>
  <new>
   +
  </new>
  <exclusive>
   yes
  </exclusive>
  <sporty>
   yes
  </sporty>
 </clothing>
 <clothing>
  <id>
   618990545
  </id>
  <name>
   Asics Handbags T-6257
  </name>
  <category>
   Handbags
  </category>
  <size>
   M
  </size>
  <color>
   Желтый
  </color>
  <material>
   Шерсть
  </material>
  <price>
   855588
  </price>
  <rating>
   2.32
  </rating>
  <reviews>
   516175
  </reviews>
  <exclusive>
   yes
  </exclusive>
 </clothing>
 <clothing>
  <id>
   419260418
  </id>
  <name>
   Ellesse Dress F-8477
  </name>
  <category>
   Dress
  </category>
  <size>
   XXL
  </size>
  <color>
   Оранжевый
  </color>
  <material>
   Хлопок
  </material>
  <price>
   990621
  </price>
  <rating>
   4.47
  </rating>
  <reviews>
   701549
  </reviews>
  <new>
   -
  </new>
  <exclusive>
   no
  </exclusive>
  <sporty>
   no
  </sporty>
 </clothing>
 <clothing>
  <id>
   490312425
  </id>
  <name>
   Brooks Dress Q-3280
  </name>
  <category>
   Dress
  </category>
  <size>
   L
  </size>
  <color>
   Зеленый
  </color>
  <material>
   Хлопок
  </material>
  <price>
   487462
  </price>
  <rating>
   1.12
  </rating>
  <reviews>
   459969
  </reviews>
  <new>
   -
  </new>
  <exclusive>
   no
  </exclusive>
  <sporty>
   no
  </sporty>
 </clothing>
 <clothing>
  <id>
   724871359
  </id>
  <name>
   Reebok Dress F-5112
  </name>
  <category>
   Dress
  </category>
  <size>
   M
  </size>
  <color>
   Синий
  </color>
  <material>
   Нейлон
  </material>
  <price>
   965170
  </price>
  <rating>
   3.89
  </rating>
  <reviews>
   299963
  </reviews>
  <new>
   +
  </new>
  <exclusive>
   no
  </exclusive>
  <sporty>
   yes
  </sporty>
 </clothing>
 <clothing>
  <id>
   733447996
  </id>
  <name>
   Puma Handbags X-2400
  </name>
  <category>
   Handbags
  </category>
  <size>
   L
  </size>
  <color>
   Фиолетовый
  </color>
  <material>
   Вискоза
  </material>
  <price>
   810114
  </price>
  <rating>
   3.45
  </rating>
  <reviews>
   505264
  </reviews>
  <exclusive>
   no
  </exclusive>
  <sporty>
   yes
  </sporty>
 </clothing>
 <clothing>
  <id>
   267343536
  </id>
  <name>
   Asics Gloves Q-9656
  </name>
  <category>
   Gloves
  </category>
  <size>
   XL
  </size>
  <color>
   Красный
  </color>
  <material>
   Кожа
  </material>
  <price>
   485668
  </price>
  <rating>
   4.77
  </rating>
  <reviews>
   840304
  </reviews>
  <new>
   -
  </new>
  <sporty>
   no
  </sporty>
 </clothing>
 <clothing>
  <id>
   872059765
  </id>
  <name>
   Converse Sweater M-7910
  </name>
  <category>
   Sweater
  </category>
  <size>
   S
  </size>
  <color>
   Красный
  </color>
  <material>
   Нейлон
  </material>
  <price>
   851500
  </price>
  <rating>
   4.53
  </rating>
  <reviews>
   411776
  </reviews>
  <new>
   -
  </new>
  <exclusive>
   yes
  </exclusive>
 </clothing>
 <clothing>
  <id>
   762423058
  </id>
  <name>
   Fila Hat S-3839
  </name>
  <category>
   Hat
  </category>
  <size>
   S
  </size>
  <color>
   Желтый
  </color>
  <material>
   Вискоза
  </material>
  <price>
   141434
  </price>
  <rating>
   1.81
  </rating>
  <reviews>
   323429
  </reviews>
  <exclusive>
   yes
  </exclusive>
  <sporty>
   no
  </sporty>
 </clothing>
 <clothing>
  <id>
   787946995
  </id>
  <name>
   Vans Handbags I-2865
  </name>
  <category>
   Handbags
  </category>
  <size>
   M
  </size>
  <color>
   Голубой
  </color>
  <material>
   Шерсть
  </material>
  <price>
   357931
  </price>
  <rating>
   2.52
  </rating>
  <reviews>
   615599
  </reviews>
  <new>
   -
  </new>
  <exclusive>
   no
  </exclusive>
 </clothing>
 <clothing>
  <id>
   907847547
  </id>
  <name>
   Fila Belts N-9161
  </name>
  <category>
   Belts
  </category>
  <size>
   L
  </size>
  <color>
   Синий
  </color>
  <material>
   Полиэстер
  </material>
  <price>
   383718
  </price>
  <rating>
   1.74
  </rating>
  <reviews>
   766783
  </reviews>
  <new>
   +
  </new>
 </clothing>
 <clothing>
  <id>
   603706061
  </id>
  <name>
   Addidas T-shirt G-7126
  </name>
  <category>
   T-shirt
  </category>
  <size>
   S
  </size>
  <color>
   Красный
  </color>
  <material>
   Хлопок
  </material>
  <price>
   765748
  </price>
  <rating>
   2.15
  </rating>
  <reviews>
   757579
  </reviews>
  <exclusive>
   no
  </exclusive>
 </clothing>
 <clothing>
  <id>
   470833634
  </id>
  <name>
   Vans Dress X-3417
  </name>
  <category>
   Dress
  </category>
  <size>
   M
  </size>
  <color>
   Красный
  </color>
  <material>
   Кожа
  </material>
  <price>
   994330
  </price>
  <rating>
   2.74
  </rating>
  <reviews>
   217433
  </reviews>
  <exclusive>
   no
  </exclusive>
  <sporty>
   no
  </sporty>
 </clothing>
 <clothing>
  <id>
   354185715
  </id>
  <name>
   Vans Pants W-9663
  </name>
  <category>
   Pants
  </category>
  <size>
   XXL
  </size>
  <color>
   Зеленый
  </color>
  <material>
   Шерсть
  </material>
  <price>
   703975
  </price>
  <rating>
   4.42
  </rating>
  <reviews>
   106059
  </reviews>
  <new>
   -
  </new>
  <exclusive>
   no
  </exclusive>
  <sporty>
   no
  </sporty>
 </clothing>
 <clothing>
  <id>
   306602847
  </id>
  <name>
   PleinSport Pants E-9225
  </name>
  <category>
   Pants
  </category>
  <size>
   XL
  </size>
  <color>
   Фиолетовый
  </color>
  <material>
   Полиэстер
  </material>
  <price>
   483580
  </price>
  <rating>
   3.36
  </rating>
  <reviews>
   87074
  </reviews>
  <sporty>
   no
  </sporty>
 </clothing>
 <clothing>
  <id>
   898452017
  </id>
  <name>
   Vans Gloves Z-9219
  </name>
  <category>
   Gloves
  </category>
  <size>
   S
  </size>
  <color>
   Красный
  </color>
  <material>
   Полиэстер
  </material>
  <price>
   260679
  </price>
  <rating>
   2.89
  </rating>
  <reviews>
   71000
  </reviews>
  <sporty>
   no
  </sporty>
 </clothing>
</clothing-items>
