<?xml version="1.0" encoding="utf-8"?>
<clothing-items>
 <clothing>
  <id>
   546485229
  </id>
  <name>
   Under Armour Skirt C-2656
  </name>
  <category>
   Skirt
  </category>
  <size>
   XL
  </size>
  <color>
   Синий
  </color>
  <material>
   Полиэстер
  </material>
  <price>
   717140
  </price>
  <rating>
   1.78
  </rating>
  <reviews>
   539119
  </reviews>
  <new>
   -
  </new>
  <exclusive>
   no
  </exclusive>
 </clothing>
 <clothing>
  <id>
   127449652
  </id>
  <name>
   Puma Sweater X-2781
  </name>
  <category>
   Sweater
  </category>
  <size>
   XL
  </size>
  <color>
   Голубой
  </color>
  <material>
   Хлопок
  </material>
  <price>
   885605
  </price>
  <rating>
   4.62
  </rating>
  <reviews>
   70004
  </reviews>
  <new>
   +
  </new>
  <exclusive>
   yes
  </exclusive>
 </clothing>
 <clothing>
  <id>
   833776815
  </id>
  <name>
   Reebok Belts U-3621
  </name>
  <category>
   Belts
  </category>
  <size>
   XXL
  </size>
  <color>
   Желтый
  </color>
  <material>
   Вискоза
  </material>
  <price>
   888043
  </price>
  <rating>
   3.64
  </rating>
  <reviews>
   269108
  </reviews>
  <exclusive>
   no
  </exclusive>
  <sporty>
   yes
  </sporty>
 </clothing>
 <clothing>
  <id>
   626143229
  </id>
  <name>
   Asics Jeans V-3272
  </name>
  <category>
   Jeans
  </category>
  <size>
   M
  </size>
  <color>
   Зеленый
  </color>
  <material>
   Вискоза
  </material>
  <price>
   908198
  </price>
  <rating>
   2.23
  </rating>
  <reviews>
   698905
  </reviews>
 </clothing>
 <clothing>
  <id>
   532018820
  </id>
  <name>
   Vans Skirt P-1867
  </name>
  <category>
   Skirt
  </category>
  <size>
   XL
  </size>
  <color>
   Фиолетовый
  </color>
  <material>
   Полиэстер
  </material>
  <price>
   862627
  </price>
  <rating>
   2.15
  </rating>
  <reviews>
   607820
  </reviews>
  <new>
   -
  </new>
  <exclusive>
   no
  </exclusive>
  <sporty>
   no
  </sporty>
 </clothing>
 <clothing>
  <id>
   692283053
  </id>
  <name>
   New Balance Belts T-9253
  </name>
  <category>
   Belts
  </category>
  <size>
   XL
  </size>
  <color>
   Синий
  </color>
  <material>
   Вискоза
  </material>
  <price>
   249338
  </price>
  <rating>
   1.47
  </rating>
  <reviews>
   574221
  </reviews>
  <exclusive>
   no
  </exclusive>
 </clothing>
 <clothing>
  <id>
   519426003
  </id>
  <name>
   Lacoste Umbrellas H-7331
  </name>
  <category>
   Umbrellas
  </category>
  <size>
   XL
  </size>
  <color>
   Оранжевый
  </color>
  <material>
   Хлопок
  </material>
  <price>
   735132
  </price>
  <rating>
   4.64
  </rating>
  <reviews>
   941707
  </reviews>
  <new>
   +
  </new>
  <exclusive>
   no
  </exclusive>
  <sporty>
   no
  </sporty>
 </clothing>
 <clothing>
  <id>
   734918604
  </id>
  <name>
   Lacoste Blouse N-5868
  </name>
  <category>
   Blouse
  </category>
  <size>
   XXL
  </size>
  <color>
   Фиолетовый
  </color>
  <material>
   Кожа
  </material>
  <price>
   255199
  </price>
  <rating>
   2.34
  </rating>
  <reviews>
   832069
  </reviews>
  <exclusive>
   no
  </exclusive>
  <sporty>
   no
  </sporty>
 </clothing>
 <clothing>
  <id>
   544263557
  </id>
  <name>
   Addidas Jacket K-6806
  </name>
  <category>
   Jacket
  </category>
  <size>
   L
  </size>
  <color>
   Зеленый
  </color>
  <material>
   Шелк
  </material>
  <price>
   306586
  </price>
  <rating>
   4.67
  </rating>
  <reviews>
   85747
  </reviews>
  <new>
   +
  </new>
  <exclusive>
   no
  </exclusive>
 </clothing>
 <clothing>
  <id>
   810239194
  </id>
  <name>
   Asics Dress N-9331
  </name>
  <category>
   Dress
  </category>
  <size>
   M
  </size>
  <color>
   Синий
  </color>
  <material>
   Вискоза
  </material>
  <price>
   715920
  </price>
  <rating>
   4.08
  </rating>
  <reviews>
   42450
  </reviews>
 </clothing>
 <clothing>
  <id>
   136935926
  </id>
  <name>
   Brooks Belts Z-5277
  </name>
  <category>
   Belts
  </category>
  <size>
   L
  </size>
  <color>
   Голубой
  </color>
  <material>
   Нейлон
  </material>
  <price>
   977802
  </price>
  <rating>
   4.15
  </rating>
  <reviews>
   92004
  </reviews>
  <new>
   -
  </new>
 </clothing>
 <clothing>
  <id>
   818536575
  </id>
  <name>
   New Balance Sweater J-9461
  </name>
  <category>
   Sweater
  </category>
  <size>
   XXL
  </size>
  <color>
   Желтый
  </color>
  <material>
   Хлопок
  </material>
  <price>
   913743
  </price>
  <rating>
   1.14
  </rating>
  <reviews>
   502883
  </reviews>
  <new>
   -
  </new>
  <exclusive>
   yes
  </exclusive>
  <sporty>
   no
  </sporty>
 </clothing>
 <clothing>
  <id>
   420614002
  </id>
  <name>
   PleinSport Sweater W-8413
  </name>
  <category>
   Sweater
  </category>
  <size>
   M
  </size>
  <color>
   Зеленый
  </color>
  <material>
   Полиэстер
  </material>
  <price>
   831032
  </price>
  <rating>
   4.28
  </rating>
  <reviews>
   912958
  </reviews>
  <new>
   +
  </new>
  <exclusive>
   no
  </exclusive>
  <sporty>
   no
  </sporty>
 </clothing>
 <clothing>
  <id>
   475492091
  </id>
  <name>
   New Balance Sweater N-6062
  </name>
  <category>
   Sweater
  </category>
  <size>
   XXL
  </size>
  <color>
   Фиолетовый
  </color>
  <material>
   Шелк
  </material>
  <price>
   747602
  </price>
  <rating>
   1.03
  </rating>
  <reviews>
   590104
  </reviews>
  <new>
   -
  </new>
  <exclusive>
   no
  </exclusive>
 </clothing>
 <clothing>
  <id>
   533777964
  </id>
  <name>
   Adidas Sweater D-9834
  </name>
  <category>
   Sweater
  </category>
  <size>
   M
  </size>
  <color>
   Синий
  </color>
  <material>
   Шерсть
  </material>
  <price>
   316311
  </price>
  <rating>
   3.05
  </rating>
  <reviews>
   745606
  </reviews>
  <new>
   +
  </new>
  <exclusive>
   yes
  </exclusive>
 </clothing>
</clothing-items>
