<?xml version="1.0" encoding="utf-8"?>
<clothing-items>
 <clothing>
  <id>
   239390379
  </id>
  <name>
   Adidas Socks F-1879
  </name>
  <category>
   Socks
  </category>
  <size>
   XL
  </size>
  <color>
   Голубой
  </color>
  <material>
   Полиэстер
  </material>
  <price>
   807606
  </price>
  <rating>
   2.69
  </rating>
  <reviews>
   342090
  </reviews>
  <new>
   -
  </new>
 </clothing>
 <clothing>
  <id>
   624489391
  </id>
  <name>
   Lacoste Gloves X-9564
  </name>
  <category>
   Gloves
  </category>
  <size>
   XL
  </size>
  <color>
   Синий
  </color>
  <material>
   Полиэстер
  </material>
  <price>
   491835
  </price>
  <rating>
   1.44
  </rating>
  <reviews>
   755991
  </reviews>
 </clothing>
 <clothing>
  <id>
   746213648
  </id>
  <name>
   Reebok Belts B-8019
  </name>
  <category>
   Belts
  </category>
  <size>
   M
  </size>
  <color>
   Фиолетовый
  </color>
  <material>
   Полиэстер
  </material>
  <price>
   125713
  </price>
  <rating>
   4.58
  </rating>
  <reviews>
   559761
  </reviews>
  <new>
   +
  </new>
  <exclusive>
   yes
  </exclusive>
  <sporty>
   no
  </sporty>
 </clothing>
 <clothing>
  <id>
   143106818
  </id>
  <name>
   Nike Belts Y-3332
  </name>
  <category>
   Belts
  </category>
  <size>
   S
  </size>
  <color>
   Зеленый
  </color>
  <material>
   Кожа
  </material>
  <price>
   335148
  </price>
  <rating>
   2.32
  </rating>
  <reviews>
   452425
  </reviews>
  <new>
   -
  </new>
  <sporty>
   no
  </sporty>
 </clothing>
 <clothing>
  <id>
   318435657
  </id>
  <name>
   Lacoste Belts Q-4507
  </name>
  <category>
   Belts
  </category>
  <size>
   L
  </size>
  <color>
   Желтый
  </color>
  <material>
   Лен
  </material>
  <price>
   558801
  </price>
  <rating>
   4.35
  </rating>
  <reviews>
   342297
  </reviews>
  <exclusive>
   no
  </exclusive>
  <sporty>
   no
  </sporty>
 </clothing>
 <clothing>
  <id>
   919114231
  </id>
  <name>
   Puma Hat L-8467
  </name>
  <category>
   Hat
  </category>
  <size>
   XL
  </size>
  <color>
   Красный
  </color>
  <material>
   Лен
  </material>
  <price>
   486470
  </price>
  <rating>
   4.44
  </rating>
  <reviews>
   363556
  </reviews>
  <new>
   +
  </new>
 </clothing>
 <clothing>
  <id>
   213562700
  </id>
  <name>
   Vans Dress P-5814
  </name>
  <category>
   Dress
  </category>
  <size>
   L
  </size>
  <color>
   Желтый
  </color>
  <material>
   Вискоза
  </material>
  <price>
   991319
  </price>
  <rating>
   3.59
  </rating>
  <reviews>
   995089
  </reviews>
  <new>
   -
  </new>
  <exclusive>
   no
  </exclusive>
 </clothing>
 <clothing>
  <id>
   683688937
  </id>
  <name>
   DC Hat P-7139
  </name>
  <category>
   Hat
  </category>
  <size>
   XXL
  </size>
  <color>
   Оранжевый
  </color>
  <material>
   Нейлон
  </material>
  <price>
   306033
  </price>
  <rating>
   3.12
  </rating>
  <reviews>
   884407
  </reviews>
  <new>
   -
  </new>
  <exclusive>
   no
  </exclusive>
 </clothing>
 <clothing>
  <id>
   262220566
  </id>
  <name>
   Ellesse Blouse A-3027
  </name>
  <category>
   Blouse
  </category>
  <size>
   XXL
  </size>
  <color>
   Синий
  </color>
  <material>
   Шелк
  </material>
  <price>
   470769
  </price>
  <rating>
   3.99
  </rating>
  <reviews>
   651198
  </reviews>
  <new>
   +
  </new>
  <exclusive>
   no
  </exclusive>
  <sporty>
   no
  </sporty>
 </clothing>
 <clothing>
  <id>
   520306909
  </id>
  <name>
   Converse T-shirt U-9082
  </name>
  <category>
   T-shirt
  </category>
  <size>
   XXL
  </size>
  <color>
   Зеленый
  </color>
  <material>
   Нейлон
  </material>
  <price>
   716139
  </price>
  <rating>
   2.3
  </rating>
  <reviews>
   201641
  </reviews>
  <new>
   +
  </new>
  <exclusive>
   yes
  </exclusive>
  <sporty>
   no
  </sporty>
 </clothing>
 <clothing>
  <id>
   295090453
  </id>
  <name>
   Ellesse Belts T-8100
  </name>
  <category>
   Belts
  </category>
  <size>
   S
  </size>
  <color>
   Голубой
  </color>
  <material>
   Кожа
  </material>
  <price>
   585802
  </price>
  <rating>
   2.95
  </rating>
  <reviews>
   931390
  </reviews>
  <new>
   -
  </new>
  <exclusive>
   yes
  </exclusive>
 </clothing>
 <clothing>
  <id>
   875730142
  </id>
  <name>
   Asics Shoes Z-3441
  </name>
  <category>
   Shoes
  </category>
  <size>
   S
  </size>
  <color>
   Голубой
  </color>
  <material>
   Шелк
  </material>
  <price>
   174745
  </price>
  <rating>
   1.39
  </rating>
  <reviews>
   989462
  </reviews>
  <new>
   -
  </new>
  <sporty>
   no
  </sporty>
 </clothing>
 <clothing>
  <id>
   908560696
  </id>
  <name>
   New Balance Dress I-6020
  </name>
  <category>
   Dress
  </category>
  <size>
   M
  </size>
  <color>
   Голубой
  </color>
  <material>
   Кожа
  </material>
  <price>
   710720
  </price>
  <rating>
   4.35
  </rating>
  <reviews>
   965279
  </reviews>
  <exclusive>
   no
  </exclusive>
 </clothing>
 <clothing>
  <id>
   140285345
  </id>
  <name>
   Vans Blouse M-1852
  </name>
  <category>
   Blouse
  </category>
  <size>
   S
  </size>
  <color>
   Зеленый
  </color>
  <material>
   Хлопок
  </material>
  <price>
   274515
  </price>
  <rating>
   1.07
  </rating>
  <reviews>
   408025
  </reviews>
  <new>
   -
  </new>
  <exclusive>
   yes
  </exclusive>
 </clothing>
 <clothing>
  <id>
   334434866
  </id>
  <name>
   DC Shirt V-9969
  </name>
  <category>
   Shirt
  </category>
  <size>
   XL
  </size>
  <color>
   Красный
  </color>
  <material>
   Полиэстер
  </material>
  <price>
   546169
  </price>
  <rating>
   4.42
  </rating>
  <reviews>
   642910
  </reviews>
  <new>
   +
  </new>
  <exclusive>
   no
  </exclusive>
  <sporty>
   no
  </sporty>
 </clothing>
 <clothing>
  <id>
   539620052
  </id>
  <name>
   Under Armour Shoes O-9895
  </name>
  <category>
   Shoes
  </category>
  <size>
   S
  </size>
  <color>
   Зеленый
  </color>
  <material>
   Вискоза
  </material>
  <price>
   825516
  </price>
  <rating>
   4.68
  </rating>
  <reviews>
   740087
  </reviews>
  <new>
   +
  </new>
  <exclusive>
   no
  </exclusive>
  <sporty>
   yes
  </sporty>
 </clothing>
 <clothing>
  <id>
   359506403
  </id>
  <name>
   Vans Pants I-1540
  </name>
  <category>
   Pants
  </category>
  <size>
   XL
  </size>
  <color>
   Синий
  </color>
  <material>
   Шелк
  </material>
  <price>
   951779
  </price>
  <rating>
   1.22
  </rating>
  <reviews>
   823191
  </reviews>
  <new>
   -
  </new>
  <sporty>
   no
  </sporty>
 </clothing>
</clothing-items>
