<?xml version="1.0" encoding="utf-8"?>
<clothing-items>
 <clothing>
  <id>
   635413640
  </id>
  <name>
   DC Pants C-2832
  </name>
  <category>
   Pants
  </category>
  <size>
   M
  </size>
  <color>
   Оранжевый
  </color>
  <material>
   Лен
  </material>
  <price>
   403923
  </price>
  <rating>
   1.22
  </rating>
  <reviews>
   801723
  </reviews>
  <sporty>
   yes
  </sporty>
 </clothing>
 <clothing>
  <id>
   380167001
  </id>
  <name>
   Converse Belts X-7692
  </name>
  <category>
   Belts
  </category>
  <size>
   S
  </size>
  <color>
   Голубой
  </color>
  <material>
   Нейлон
  </material>
  <price>
   173989
  </price>
  <rating>
   3.66
  </rating>
  <reviews>
   34341
  </reviews>
  <new>
   -
  </new>
  <exclusive>
   yes
  </exclusive>
  <sporty>
   no
  </sporty>
 </clothing>
 <clothing>
  <id>
   977644687
  </id>
  <name>
   Asics Shoes I-1617
  </name>
  <category>
   Shoes
  </category>
  <size>
   S
  </size>
  <color>
   Синий
  </color>
  <material>
   Шелк
  </material>
  <price>
   286590
  </price>
  <rating>
   4.17
  </rating>
  <reviews>
   594474
  </reviews>
  <exclusive>
   yes
  </exclusive>
 </clothing>
 <clothing>
  <id>
   378563434
  </id>
  <name>
   Ellesse Jacket S-1848
  </name>
  <category>
   Jacket
  </category>
  <size>
   L
  </size>
  <color>
   Красный
  </color>
  <material>
   Хлопок
  </material>
  <price>
   491082
  </price>
  <rating>
   4.2
  </rating>
  <reviews>
   157935
  </reviews>
  <new>
   +
  </new>
 </clothing>
 <clothing>
  <id>
   861426343
  </id>
  <name>
   Brooks Handbags F-1564
  </name>
  <category>
   Handbags
  </category>
  <size>
   XL
  </size>
  <color>
   Зеленый
  </color>
  <material>
   Хлопок
  </material>
  <price>
   484750
  </price>
  <rating>
   4.09
  </rating>
  <reviews>
   366950
  </reviews>
  <exclusive>
   yes
  </exclusive>
  <sporty>
   yes
  </sporty>
 </clothing>
 <clothing>
  <id>
   897450374
  </id>
  <name>
   DC Jacket M-1085
  </name>
  <category>
   Jacket
  </category>
  <size>
   L
  </size>
  <color>
   Фиолетовый
  </color>
  <material>
   Полиэстер
  </material>
  <price>
   483788
  </price>
  <rating>
   2.85
  </rating>
  <reviews>
   188503
  </reviews>
  <new>
   -
  </new>
  <exclusive>
   no
  </exclusive>
 </clothing>
 <clothing>
  <id>
   428342600
  </id>
  <name>
   Asics Skirt Y-3525
  </name>
  <category>
   Skirt
  </category>
  <size>
   XL
  </size>
  <color>
   Красный
  </color>
  <material>
   Полиэстер
  </material>
  <price>
   328503
  </price>
  <rating>
   2.13
  </rating>
  <reviews>
   597153
  </reviews>
  <new>
   +
  </new>
  <sporty>
   yes
  </sporty>
 </clothing>
 <clothing>
  <id>
   491461581
  </id>
  <name>
   Under Armour Skirt W-6086
  </name>
  <category>
   Skirt
  </category>
  <size>
   XXL
  </size>
  <color>
   Зеленый
  </color>
  <material>
   Вискоза
  </material>
  <price>
   754634
  </price>
  <rating>
   3.93
  </rating>
  <reviews>
   139968
  </reviews>
  <new>
   +
  </new>
 </clothing>
 <clothing>
  <id>
   226932843
  </id>
  <name>
   Adidas Handbags A-3607
  </name>
  <category>
   Handbags
  </category>
  <size>
   S
  </size>
  <color>
   Синий
  </color>
  <material>
   Вискоза
  </material>
  <price>
   298578
  </price>
  <rating>
   1.41
  </rating>
  <reviews>
   103411
  </reviews>
 </clothing>
 <clothing>
  <id>
   122314516
  </id>
  <name>
   Vans Dress Y-3051
  </name>
  <category>
   Dress
  </category>
  <size>
   XXL
  </size>
  <color>
   Желтый
  </color>
  <material>
   Кожа
  </material>
  <price>
   927688
  </price>
  <rating>
   2.89
  </rating>
  <reviews>
   686939
  </reviews>
  <new>
   -
  </new>
  <exclusive>
   yes
  </exclusive>
  <sporty>
   no
  </sporty>
 </clothing>
 <clothing>
  <id>
   349061622
  </id>
  <name>
   Nike Jeans C-9374
  </name>
  <category>
   Jeans
  </category>
  <size>
   L
  </size>
  <color>
   Фиолетовый
  </color>
  <material>
   Кожа
  </material>
  <price>
   288395
  </price>
  <rating>
   2.61
  </rating>
  <reviews>
   972196
  </reviews>
  <exclusive>
   yes
  </exclusive>
  <sporty>
   yes
  </sporty>
 </clothing>
 <clothing>
  <id>
   713580456
  </id>
  <name>
   PleinSport Jacket Y-6196
  </name>
  <category>
   Jacket
  </category>
  <size>
   XXL
  </size>
  <color>
   Желтый
  </color>
  <material>
   Вискоза
  </material>
  <price>
   233189
  </price>
  <rating>
   1.03
  </rating>
  <reviews>
   665485
  </reviews>
  <new>
   +
  </new>
  <exclusive>
   no
  </exclusive>
 </clothing>
 <clothing>
  <id>
   284714305
  </id>
  <name>
   Nike Shoes I-1598
  </name>
  <category>
   Shoes
  </category>
  <size>
   S
  </size>
  <color>
   Голубой
  </color>
  <material>
   Кожа
  </material>
  <price>
   253843
  </price>
  <rating>
   4.08
  </rating>
  <reviews>
   153039
  </reviews>
  <new>
   -
  </new>
  <exclusive>
   no
  </exclusive>
 </clothing>
 <clothing>
  <id>
   965541963
  </id>
  <name>
   Adidas Socks Z-4854
  </name>
  <category>
   Socks
  </category>
  <size>
   S
  </size>
  <color>
   Оранжевый
  </color>
  <material>
   Шелк
  </material>
  <price>
   722335
  </price>
  <rating>
   1.91
  </rating>
  <reviews>
   115895
  </reviews>
  <new>
   -
  </new>
 </clothing>
 <clothing>
  <id>
   605679051
  </id>
  <name>
   DC Belts V-2536
  </name>
  <category>
   Belts
  </category>
  <size>
   M
  </size>
  <color>
   Синий
  </color>
  <material>
   Нейлон
  </material>
  <price>
   587507
  </price>
  <rating>
   1.99
  </rating>
  <reviews>
   172515
  </reviews>
 </clothing>
 <clothing>
  <id>
   656832697
  </id>
  <name>
   Nike Skirt B-8518
  </name>
  <category>
   Skirt
  </category>
  <size>
   S
  </size>
  <color>
   Синий
  </color>
  <material>
   Кожа
  </material>
  <price>
   817237
  </price>
  <rating>
   2.39
  </rating>
  <reviews>
   92835
  </reviews>
  <new>
   -
  </new>
  <sporty>
   yes
  </sporty>
 </clothing>
 <clothing>
  <id>
   682490944
  </id>
  <name>
   Adidas Sweater R-1170
  </name>
  <category>
   Sweater
  </category>
  <size>
   M
  </size>
  <color>
   Синий
  </color>
  <material>
   Шерсть
  </material>
  <price>
   914716
  </price>
  <rating>
   1.87
  </rating>
  <reviews>
   540589
  </reviews>
  <exclusive>
   no
  </exclusive>
 </clothing>
 <clothing>
  <id>
   917376495
  </id>
  <name>
   Nike Gloves A-7000
  </name>
  <category>
   Gloves
  </category>
  <size>
   XXL
  </size>
  <color>
   Зеленый
  </color>
  <material>
   Хлопок
  </material>
  <price>
   883962
  </price>
  <rating>
   4.79
  </rating>
  <reviews>
   306594
  </reviews>
  <new>
   -
  </new>
  <exclusive>
   no
  </exclusive>
  <sporty>
   yes
  </sporty>
 </clothing>
 <clothing>
  <id>
   821377565
  </id>
  <name>
   Reebok Shirt A-9527
  </name>
  <category>
   Shirt
  </category>
  <size>
   XL
  </size>
  <color>
   Желтый
  </color>
  <material>
   Нейлон
  </material>
  <price>
   681755
  </price>
  <rating>
   3.47
  </rating>
  <reviews>
   406943
  </reviews>
  <exclusive>
   yes
  </exclusive>
  <sporty>
   no
  </sporty>
 </clothing>
 <clothing>
  <id>
   121855758
  </id>
  <name>
   Nike Skirt G-5315
  </name>
  <category>
   Skirt
  </category>
  <size>
   XXL
  </size>
  <color>
   Красный
  </color>
  <material>
   Полиэстер
  </material>
  <price>
   610810
  </price>
  <rating>
   3.78
  </rating>
  <reviews>
   235647
  </reviews>
  <new>
   -
  </new>
  <exclusive>
   yes
  </exclusive>
  <sporty>
   no
  </sporty>
 </clothing>
 <clothing>
  <id>
   566978763
  </id>
  <name>
   Ellesse Umbrellas L-1285
  </name>
  <category>
   Umbrellas
  </category>
  <size>
   L
  </size>
  <color>
   Синий
  </color>
  <material>
   Нейлон
  </material>
  <price>
   523002
  </price>
  <rating>
   1.19
  </rating>
  <reviews>
   81662
  </reviews>
  <new>
   +
  </new>
  <sporty>
   no
  </sporty>
 </clothing>
 <clothing>
  <id>
   245740423
  </id>
  <name>
   Asics Socks B-5516
  </name>
  <category>
   Socks
  </category>
  <size>
   M
  </size>
  <color>
   Фиолетовый
  </color>
  <material>
   Шелк
  </material>
  <price>
   608651
  </price>
  <rating>
   3.76
  </rating>
  <reviews>
   384373
  </reviews>
  <exclusive>
   yes
  </exclusive>
  <sporty>
   no
  </sporty>
 </clothing>
 <clothing>
  <id>
   674339710
  </id>
  <name>
   Lacoste Hat Z-3214
  </name>
  <category>
   Hat
  </category>
  <size>
   XXL
  </size>
  <color>
   Красный
  </color>
  <material>
   Шерсть
  </material>
  <price>
   729406
  </price>
  <rating>
   3.93
  </rating>
  <reviews>
   147962
  </reviews>
  <new>
   +
  </new>
  <sporty>
   yes
  </sporty>
 </clothing>
 <clothing>
  <id>
   412915206
  </id>
  <name>
   Asics Jacket C-7027
  </name>
  <category>
   Jacket
  </category>
  <size>
   M
  </size>
  <color>
   Голубой
  </color>
  <material>
   Кожа
  </material>
  <price>
   108389
  </price>
  <rating>
   1.3
  </rating>
  <reviews>
   876566
  </reviews>
  <new>
   -
  </new>
  <exclusive>
   no
  </exclusive>
  <sporty>
   no
  </sporty>
 </clothing>
</clothing-items>
