<?xml version="1.0" encoding="utf-8"?>
<clothing-items>
 <clothing>
  <id>
   865158150
  </id>
  <name>
   Addidas Umbrellas H-7279
  </name>
  <category>
   Umbrellas
  </category>
  <size>
   XXL
  </size>
  <color>
   Желтый
  </color>
  <material>
   Шерсть
  </material>
  <price>
   112232
  </price>
  <rating>
   2.13
  </rating>
  <reviews>
   548116
  </reviews>
  <exclusive>
   yes
  </exclusive>
 </clothing>
 <clothing>
  <id>
   928341457
  </id>
  <name>
   Addidas T-shirt P-2649
  </name>
  <category>
   T-shirt
  </category>
  <size>
   L
  </size>
  <color>
   Оранжевый
  </color>
  <material>
   Кожа
  </material>
  <price>
   130617
  </price>
  <rating>
   1.71
  </rating>
  <reviews>
   442501
  </reviews>
  <exclusive>
   yes
  </exclusive>
  <sporty>
   yes
  </sporty>
 </clothing>
 <clothing>
  <id>
   152869014
  </id>
  <name>
   Asics T-shirt B-4339
  </name>
  <category>
   T-shirt
  </category>
  <size>
   M
  </size>
  <color>
   Красный
  </color>
  <material>
   Вискоза
  </material>
  <price>
   722805
  </price>
  <rating>
   1.95
  </rating>
  <reviews>
   679627
  </reviews>
  <exclusive>
   no
  </exclusive>
 </clothing>
 <clothing>
  <id>
   218276560
  </id>
  <name>
   DC Gloves C-1241
  </name>
  <category>
   Gloves
  </category>
  <size>
   M
  </size>
  <color>
   Желтый
  </color>
  <material>
   Вискоза
  </material>
  <price>
   421526
  </price>
  <rating>
   2.57
  </rating>
  <reviews>
   55507
  </reviews>
  <new>
   -
  </new>
  <exclusive>
   yes
  </exclusive>
 </clothing>
 <clothing>
  <id>
   143523304
  </id>
  <name>
   Brooks Pants F-7180
  </name>
  <category>
   Pants
  </category>
  <size>
   XL
  </size>
  <color>
   Фиолетовый
  </color>
  <material>
   Шерсть
  </material>
  <price>
   309060
  </price>
  <rating>
   2.5
  </rating>
  <reviews>
   421201
  </reviews>
  <exclusive>
   yes
  </exclusive>
 </clothing>
 <clothing>
  <id>
   325640382
  </id>
  <name>
   Addidas Skirt Z-5280
  </name>
  <category>
   Skirt
  </category>
  <size>
   XL
  </size>
  <color>
   Желтый
  </color>
  <material>
   Лен
  </material>
  <price>
   401199
  </price>
  <rating>
   2.25
  </rating>
  <reviews>
   584534
  </reviews>
  <new>
   +
  </new>
  <sporty>
   no
  </sporty>
 </clothing>
 <clothing>
  <id>
   825079189
  </id>
  <name>
   Converse Blouse A-6584
  </name>
  <category>
   Blouse
  </category>
  <size>
   M
  </size>
  <color>
   Красный
  </color>
  <material>
   Шерсть
  </material>
  <price>
   269648
  </price>
  <rating>
   2.26
  </rating>
  <reviews>
   281001
  </reviews>
  <exclusive>
   yes
  </exclusive>
  <sporty>
   yes
  </sporty>
 </clothing>
 <clothing>
  <id>
   781592656
  </id>
  <name>
   Vans Socks P-7333
  </name>
  <category>
   Socks
  </category>
  <size>
   XL
  </size>
  <color>
   Оранжевый
  </color>
  <material>
   Хлопок
  </material>
  <price>
   123068
  </price>
  <rating>
   3.3
  </rating>
  <reviews>
   540864
  </reviews>
  <new>
   -
  </new>
  <exclusive>
   yes
  </exclusive>
 </clothing>
 <clothing>
  <id>
   132896241
  </id>
  <name>
   Asics Dress M-8735
  </name>
  <category>
   Dress
  </category>
  <size>
   XXL
  </size>
  <color>
   Зеленый
  </color>
  <material>
   Полиэстер
  </material>
  <price>
   424439
  </price>
  <rating>
   4.76
  </rating>
  <reviews>
   376077
  </reviews>
  <new>
   -
  </new>
  <exclusive>
   yes
  </exclusive>
 </clothing>
 <clothing>
  <id>
   277420194
  </id>
  <name>
   Puma Shirt K-1932
  </name>
  <category>
   Shirt
  </category>
  <size>
   S
  </size>
  <color>
   Фиолетовый
  </color>
  <material>
   Вискоза
  </material>
  <price>
   941707
  </price>
  <rating>
   2.75
  </rating>
  <reviews>
   842534
  </reviews>
  <exclusive>
   no
  </exclusive>
  <sporty>
   no
  </sporty>
 </clothing>
 <clothing>
  <id>
   420092931
  </id>
  <name>
   Brooks Socks Q-2234
  </name>
  <category>
   Socks
  </category>
  <size>
   XXL
  </size>
  <color>
   Голубой
  </color>
  <material>
   Лен
  </material>
  <price>
   808047
  </price>
  <rating>
   3.13
  </rating>
  <reviews>
   355492
  </reviews>
  <exclusive>
   yes
  </exclusive>
  <sporty>
   yes
  </sporty>
 </clothing>
 <clothing>
  <id>
   476104213
  </id>
  <name>
   Under Armour Pants X-3585
  </name>
  <category>
   Pants
  </category>
  <size>
   XL
  </size>
  <color>
   Желтый
  </color>
  <material>
   Лен
  </material>
  <price>
   463503
  </price>
  <rating>
   4.93
  </rating>
  <reviews>
   760603
  </reviews>
  <new>
   -
  </new>
  <exclusive>
   no
  </exclusive>
 </clothing>
 <clothing>
  <id>
   209544650
  </id>
  <name>
   Under Armour Belts I-7622
  </name>
  <category>
   Belts
  </category>
  <size>
   L
  </size>
  <color>
   Красный
  </color>
  <material>
   Полиэстер
  </material>
  <price>
   394780
  </price>
  <rating>
   3.51
  </rating>
  <reviews>
   965377
  </reviews>
  <new>
   -
  </new>
  <exclusive>
   no
  </exclusive>
  <sporty>
   no
  </sporty>
 </clothing>
 <clothing>
  <id>
   564176068
  </id>
  <name>
   Under Armour Handbags M-6849
  </name>
  <category>
   Handbags
  </category>
  <size>
   M
  </size>
  <color>
   Синий
  </color>
  <material>
   Вискоза
  </material>
  <price>
   502417
  </price>
  <rating>
   3.39
  </rating>
  <reviews>
   633359
  </reviews>
  <new>
   -
  </new>
  <exclusive>
   no
  </exclusive>
 </clothing>
 <clothing>
  <id>
   599015430
  </id>
  <name>
   Brooks Umbrellas S-7328
  </name>
  <category>
   Umbrellas
  </category>
  <size>
   L
  </size>
  <color>
   Красный
  </color>
  <material>
   Хлопок
  </material>
  <price>
   404182
  </price>
  <rating>
   4.32
  </rating>
  <reviews>
   707491
  </reviews>
  <exclusive>
   yes
  </exclusive>
  <sporty>
   no
  </sporty>
 </clothing>
 <clothing>
  <id>
   880677917
  </id>
  <name>
   Addidas T-shirt B-7587
  </name>
  <category>
   T-shirt
  </category>
  <size>
   S
  </size>
  <color>
   Оранжевый
  </color>
  <material>
   Кожа
  </material>
  <price>
   862697
  </price>
  <rating>
   4.92
  </rating>
  <reviews>
   940779
  </reviews>
  <new>
   +
  </new>
  <exclusive>
   yes
  </exclusive>
  <sporty>
   no
  </sporty>
 </clothing>
 <clothing>
  <id>
   708590685
  </id>
  <name>
   Reebok Dress N-1570
  </name>
  <category>
   Dress
  </category>
  <size>
   XL
  </size>
  <color>
   Фиолетовый
  </color>
  <material>
   Хлопок
  </material>
  <price>
   846257
  </price>
  <rating>
   1.18
  </rating>
  <reviews>
   617555
  </reviews>
  <sporty>
   no
  </sporty>
 </clothing>
 <clothing>
  <id>
   814801025
  </id>
  <name>
   Under Armour Belts K-7993
  </name>
  <category>
   Belts
  </category>
  <size>
   S
  </size>
  <color>
   Синий
  </color>
  <material>
   Хлопок
  </material>
  <price>
   174024
  </price>
  <rating>
   2.04
  </rating>
  <reviews>
   829578
  </reviews>
  <new>
   +
  </new>
  <exclusive>
   yes
  </exclusive>
 </clothing>
 <clothing>
  <id>
   571724620
  </id>
  <name>
   Lacoste Skirt W-6062
  </name>
  <category>
   Skirt
  </category>
  <size>
   S
  </size>
  <color>
   Желтый
  </color>
  <material>
   Нейлон
  </material>
  <price>
   728710
  </price>
  <rating>
   3.63
  </rating>
  <reviews>
   724787
  </reviews>
  <new>
   +
  </new>
  <exclusive>
   yes
  </exclusive>
 </clothing>
 <clothing>
  <id>
   412098223
  </id>
  <name>
   Under Armour Handbags N-5648
  </name>
  <category>
   Handbags
  </category>
  <size>
   S
  </size>
  <color>
   Красный
  </color>
  <material>
   Шерсть
  </material>
  <price>
   888447
  </price>
  <rating>
   3.9
  </rating>
  <reviews>
   121795
  </reviews>
  <new>
   -
  </new>
  <exclusive>
   yes
  </exclusive>
  <sporty>
   yes
  </sporty>
 </clothing>
 <clothing>
  <id>
   872984867
  </id>
  <name>
   Asics Socks G-6051
  </name>
  <category>
   Socks
  </category>
  <size>
   L
  </size>
  <color>
   Желтый
  </color>
  <material>
   Хлопок
  </material>
  <price>
   668033
  </price>
  <rating>
   3.19
  </rating>
  <reviews>
   191132
  </reviews>
  <new>
   +
  </new>
  <exclusive>
   no
  </exclusive>
  <sporty>
   no
  </sporty>
 </clothing>
 <clothing>
  <id>
   182772618
  </id>
  <name>
   Nike Jeans Z-1349
  </name>
  <category>
   Jeans
  </category>
  <size>
   L
  </size>
  <color>
   Оранжевый
  </color>
  <material>
   Нейлон
  </material>
  <price>
   949553
  </price>
  <rating>
   2.06
  </rating>
  <reviews>
   276347
  </reviews>
 </clothing>
 <clothing>
  <id>
   516820878
  </id>
  <name>
   Vans Shoes K-4205
  </name>
  <category>
   Shoes
  </category>
  <size>
   S
  </size>
  <color>
   Фиолетовый
  </color>
  <material>
   Полиэстер
  </material>
  <price>
   737312
  </price>
  <rating>
   4.68
  </rating>
  <reviews>
   734196
  </reviews>
  <exclusive>
   no
  </exclusive>
 </clothing>
 <clothing>
  <id>
   750035058
  </id>
  <name>
   Addidas Blouse L-2500
  </name>
  <category>
   Blouse
  </category>
  <size>
   XL
  </size>
  <color>
   Желтый
  </color>
  <material>
   Шелк
  </material>
  <price>
   438187
  </price>
  <rating>
   4.4
  </rating>
  <reviews>
   238488
  </reviews>
  <sporty>
   no
  </sporty>
 </clothing>
 <clothing>
  <id>
   732990874
  </id>
  <name>
   PleinSport Handbags D-2468
  </name>
  <category>
   Handbags
  </category>
  <size>
   XL
  </size>
  <color>
   Оранжевый
  </color>
  <material>
   Лен
  </material>
  <price>
   221435
  </price>
  <rating>
   4.32
  </rating>
  <reviews>
   229598
  </reviews>
  <new>
   -
  </new>
 </clothing>
 <clothing>
  <id>
   835840813
  </id>
  <name>
   Adidas Skirt Q-4266
  </name>
  <category>
   Skirt
  </category>
  <size>
   M
  </size>
  <color>
   Фиолетовый
  </color>
  <material>
   Вискоза
  </material>
  <price>
   722833
  </price>
  <rating>
   1.0
  </rating>
  <reviews>
   691179
  </reviews>
  <new>
   -
  </new>
  <exclusive>
   yes
  </exclusive>
  <sporty>
   yes
  </sporty>
 </clothing>
 <clothing>
  <id>
   991819968
  </id>
  <name>
   PleinSport Shirt K-7975
  </name>
  <category>
   Shirt
  </category>
  <size>
   M
  </size>
  <color>
   Желтый
  </color>
  <material>
   Вискоза
  </material>
  <price>
   830227
  </price>
  <rating>
   1.36
  </rating>
  <reviews>
   12591
  </reviews>
  <new>
   +
  </new>
  <sporty>
   no
  </sporty>
 </clothing>
 <clothing>
  <id>
   331644692
  </id>
  <name>
   Nike Skirt Z-7691
  </name>
  <category>
   Skirt
  </category>
  <size>
   L
  </size>
  <color>
   Оранжевый
  </color>
  <material>
   Хлопок
  </material>
  <price>
   542306
  </price>
  <rating>
   1.76
  </rating>
  <reviews>
   22418
  </reviews>
  <new>
   +
  </new>
  <exclusive>
   no
  </exclusive>
  <sporty>
   no
  </sporty>
 </clothing>
 <clothing>
  <id>
   555107682
  </id>
  <name>
   Nike Shoes Y-9204
  </name>
  <category>
   Shoes
  </category>
  <size>
   S
  </size>
  <color>
   Голубой
  </color>
  <material>
   Полиэстер
  </material>
  <price>
   389080
  </price>
  <rating>
   1.05
  </rating>
  <reviews>
   687577
  </reviews>
  <exclusive>
   no
  </exclusive>
 </clothing>
 <clothing>
  <id>
   956442057
  </id>
  <name>
   Reebok Sweater M-9253
  </name>
  <category>
   Sweater
  </category>
  <size>
   L
  </size>
  <color>
   Зеленый
  </color>
  <material>
   Нейлон
  </material>
  <price>
   702696
  </price>
  <rating>
   4.52
  </rating>
  <reviews>
   700459
  </reviews>
  <exclusive>
   no
  </exclusive>
  <sporty>
   yes
  </sporty>
 </clothing>
 <clothing>
  <id>
   756096816
  </id>
  <name>
   PleinSport Pants B-9433
  </name>
  <category>
   Pants
  </category>
  <size>
   S
  </size>
  <color>
   Красный
  </color>
  <material>
   Шерсть
  </material>
  <price>
   964336
  </price>
  <rating>
   1.64
  </rating>
  <reviews>
   486130
  </reviews>
  <exclusive>
   yes
  </exclusive>
 </clothing>
 <clothing>
  <id>
   692553293
  </id>
  <name>
   Fila Gloves Z-2126
  </name>
  <category>
   Gloves
  </category>
  <size>
   M
  </size>
  <color>
   Фиолетовый
  </color>
  <material>
   Полиэстер
  </material>
  <price>
   661736
  </price>
  <rating>
   1.05
  </rating>
  <reviews>
   226093
  </reviews>
  <new>
   -
  </new>
  <sporty>
   no
  </sporty>
 </clothing>
 <clothing>
  <id>
   712989376
  </id>
  <name>
   New Balance Hat C-4900
  </name>
  <category>
   Hat
  </category>
  <size>
   L
  </size>
  <color>
   Голубой
  </color>
  <material>
   Полиэстер
  </material>
  <price>
   816300
  </price>
  <rating>
   3.58
  </rating>
  <reviews>
   10890
  </reviews>
  <new>
   -
  </new>
  <sporty>
   no
  </sporty>
 </clothing>
 <clothing>
  <id>
   548457471
  </id>
  <name>
   Vans Sweater N-3684
  </name>
  <category>
   Sweater
  </category>
  <size>
   S
  </size>
  <color>
   Красный
  </color>
  <material>
   Шерсть
  </material>
  <price>
   300306
  </price>
  <rating>
   3.12
  </rating>
  <reviews>
   640918
  </reviews>
  <new>
   +
  </new>
  <exclusive>
   no
  </exclusive>
  <sporty>
   no
  </sporty>
 </clothing>
 <clothing>
  <id>
   694168206
  </id>
  <name>
   Brooks Handbags S-7010
  </name>
  <category>
   Handbags
  </category>
  <size>
   S
  </size>
  <color>
   Зеленый
  </color>
  <material>
   Лен
  </material>
  <price>
   384372
  </price>
  <rating>
   2.99
  </rating>
  <reviews>
   926537
  </reviews>
  <new>
   -
  </new>
  <exclusive>
   yes
  </exclusive>
 </clothing>
 <clothing>
  <id>
   974132340
  </id>
  <name>
   Asics Socks W-4867
  </name>
  <category>
   Socks
  </category>
  <size>
   XXL
  </size>
  <color>
   Фиолетовый
  </color>
  <material>
   Вискоза
  </material>
  <price>
   171204
  </price>
  <rating>
   1.36
  </rating>
  <reviews>
   668979
  </reviews>
  <exclusive>
   no
  </exclusive>
  <sporty>
   no
  </sporty>
 </clothing>
 <clothing>
  <id>
   702975047
  </id>
  <name>
   Brooks Gloves H-6547
  </name>
  <category>
   Gloves
  </category>
  <size>
   L
  </size>
  <color>
   Оранжевый
  </color>
  <material>
   Шелк
  </material>
  <price>
   238958
  </price>
  <rating>
   2.37
  </rating>
  <reviews>
   173979
  </reviews>
 </clothing>
 <clothing>
  <id>
   533940104
  </id>
  <name>
   Under Armour Jeans V-2979
  </name>
  <category>
   Jeans
  </category>
  <size>
   S
  </size>
  <color>
   Голубой
  </color>
  <material>
   Кожа
  </material>
  <price>
   257669
  </price>
  <rating>
   3.5
  </rating>
  <reviews>
   129176
  </reviews>
  <new>
   +
  </new>
  <sporty>
   yes
  </sporty>
 </clothing>
 <clothing>
  <id>
   321598203
  </id>
  <name>
   Asics Umbrellas C-4819
  </name>
  <category>
   Umbrellas
  </category>
  <size>
   L
  </size>
  <color>
   Красный
  </color>
  <material>
   Полиэстер
  </material>
  <price>
   531676
  </price>
  <rating>
   3.24
  </rating>
  <reviews>
   901362
  </reviews>
  <new>
   +
  </new>
  <exclusive>
   yes
  </exclusive>
 </clothing>
 <clothing>
  <id>
   670906348
  </id>
  <name>
   Converse Pants O-2645
  </name>
  <category>
   Pants
  </category>
  <size>
   XXL
  </size>
  <color>
   Синий
  </color>
  <material>
   Лен
  </material>
  <price>
   298872
  </price>
  <rating>
   4.48
  </rating>
  <reviews>
   296759
  </reviews>
  <new>
   +
  </new>
  <sporty>
   yes
  </sporty>
 </clothing>
 <clothing>
  <id>
   362400265
  </id>
  <name>
   Brooks Umbrellas F-9739
  </name>
  <category>
   Umbrellas
  </category>
  <size>
   S
  </size>
  <color>
   Оранжевый
  </color>
  <material>
   Вискоза
  </material>
  <price>
   258294
  </price>
  <rating>
   1.44
  </rating>
  <reviews>
   420624
  </reviews>
  <exclusive>
   yes
  </exclusive>
  <sporty>
   no
  </sporty>
 </clothing>
 <clothing>
  <id>
   365263767
  </id>
  <name>
   Asics Blouse M-7643
  </name>
  <category>
   Blouse
  </category>
  <size>
   S
  </size>
  <color>
   Голубой
  </color>
  <material>
   Шелк
  </material>
  <price>
   375967
  </price>
  <rating>
   1.13
  </rating>
  <reviews>
   378330
  </reviews>
  <new>
   -
  </new>
  <sporty>
   no
  </sporty>
 </clothing>
 <clothing>
  <id>
   808468800
  </id>
  <name>
   Ellesse Socks E-4884
  </name>
  <category>
   Socks
  </category>
  <size>
   XXL
  </size>
  <color>
   Зеленый
  </color>
  <material>
   Нейлон
  </material>
  <price>
   753800
  </price>
  <rating>
   3.67
  </rating>
  <reviews>
   534890
  </reviews>
  <new>
   -
  </new>
  <exclusive>
   no
  </exclusive>
  <sporty>
   no
  </sporty>
 </clothing>
 <clothing>
  <id>
   157995367
  </id>
  <name>
   New Balance Dress G-6025
  </name>
  <category>
   Dress
  </category>
  <size>
   L
  </size>
  <color>
   Оранжевый
  </color>
  <material>
   Шерсть
  </material>
  <price>
   233630
  </price>
  <rating>
   2.67
  </rating>
  <reviews>
   208904
  </reviews>
  <sporty>
   yes
  </sporty>
 </clothing>
 <clothing>
  <id>
   588646215
  </id>
  <name>
   PleinSport Shoes V-6630
  </name>
  <category>
   Shoes
  </category>
  <size>
   XL
  </size>
  <color>
   Фиолетовый
  </color>
  <material>
   Кожа
  </material>
  <price>
   734092
  </price>
  <rating>
   2.5
  </rating>
  <reviews>
   342192
  </reviews>
  <new>
   -
  </new>
  <exclusive>
   yes
  </exclusive>
  <sporty>
   no
  </sporty>
 </clothing>
 <clothing>
  <id>
   749709152
  </id>
  <name>
   Ellesse Belts M-2034
  </name>
  <category>
   Belts
  </category>
  <size>
   L
  </size>
  <color>
   Красный
  </color>
  <material>
   Полиэстер
  </material>
  <price>
   624449
  </price>
  <rating>
   2.2
  </rating>
  <reviews>
   540616
  </reviews>
  <new>
   -
  </new>
  <exclusive>
   yes
  </exclusive>
  <sporty>
   yes
  </sporty>
 </clothing>
 <clothing>
  <id>
   336233865
  </id>
  <name>
   Reebok Skirt M-4342
  </name>
  <category>
   Skirt
  </category>
  <size>
   S
  </size>
  <color>
   Оранжевый
  </color>
  <material>
   Шерсть
  </material>
  <price>
   731551
  </price>
  <rating>
   1.61
  </rating>
  <reviews>
   426310
  </reviews>
  <new>
   +
  </new>
  <exclusive>
   no
  </exclusive>
 </clothing>
 <clothing>
  <id>
   844578119
  </id>
  <name>
   Adidas Handbags C-8544
  </name>
  <category>
   Handbags
  </category>
  <size>
   XL
  </size>
  <color>
   Желтый
  </color>
  <material>
   Шерсть
  </material>
  <price>
   181090
  </price>
  <rating>
   2.69
  </rating>
  <reviews>
   385376
  </reviews>
  <new>
   +
  </new>
  <exclusive>
   no
  </exclusive>
 </clothing>
 <clothing>
  <id>
   355010810
  </id>
  <name>
   Puma Hat Q-3067
  </name>
  <category>
   Hat
  </category>
  <size>
   XL
  </size>
  <color>
   Голубой
  </color>
  <material>
   Нейлон
  </material>
  <price>
   702607
  </price>
  <rating>
   1.51
  </rating>
  <reviews>
   754897
  </reviews>
  <new>
   +
  </new>
  <sporty>
   no
  </sporty>
 </clothing>
</clothing-items>
