<?xml version="1.0" encoding="utf-8"?>
<clothing-items>
 <clothing>
  <id>
   400857775
  </id>
  <name>
   Nike Blouse A-5023
  </name>
  <category>
   Blouse
  </category>
  <size>
   M
  </size>
  <color>
   Зеленый
  </color>
  <material>
   Хлопок
  </material>
  <price>
   755758
  </price>
  <rating>
   1.62
  </rating>
  <reviews>
   449602
  </reviews>
  <sporty>
   yes
  </sporty>
 </clothing>
 <clothing>
  <id>
   706883105
  </id>
  <name>
   Under Armour Umbrellas G-8305
  </name>
  <category>
   Umbrellas
  </category>
  <size>
   M
  </size>
  <color>
   Красный
  </color>
  <material>
   Шерсть
  </material>
  <price>
   125328
  </price>
  <rating>
   1.25
  </rating>
  <reviews>
   267844
  </reviews>
  <new>
   -
  </new>
 </clothing>
 <clothing>
  <id>
   577248454
  </id>
  <name>
   Reebok Umbrellas B-5241
  </name>
  <category>
   Umbrellas
  </category>
  <size>
   M
  </size>
  <color>
   Красный
  </color>
  <material>
   Шелк
  </material>
  <price>
   429762
  </price>
  <rating>
   1.58
  </rating>
  <reviews>
   356856
  </reviews>
  <new>
   -
  </new>
  <exclusive>
   no
  </exclusive>
  <sporty>
   no
  </sporty>
 </clothing>
 <clothing>
  <id>
   323250099
  </id>
  <name>
   Brooks Dress E-9798
  </name>
  <category>
   Dress
  </category>
  <size>
   M
  </size>
  <color>
   Синий
  </color>
  <material>
   Лен
  </material>
  <price>
   969531
  </price>
  <rating>
   1.51
  </rating>
  <reviews>
   403598
  </reviews>
  <new>
   -
  </new>
  <exclusive>
   no
  </exclusive>
  <sporty>
   yes
  </sporty>
 </clothing>
 <clothing>
  <id>
   476506261
  </id>
  <name>
   DC Shoes Y-1555
  </name>
  <category>
   Shoes
  </category>
  <size>
   XL
  </size>
  <color>
   Зеленый
  </color>
  <material>
   Кожа
  </material>
  <price>
   489676
  </price>
  <rating>
   4.56
  </rating>
  <reviews>
   847525
  </reviews>
  <sporty>
   no
  </sporty>
 </clothing>
 <clothing>
  <id>
   910323995
  </id>
  <name>
   Adidas Handbags H-7090
  </name>
  <category>
   Handbags
  </category>
  <size>
   L
  </size>
  <color>
   Фиолетовый
  </color>
  <material>
   Лен
  </material>
  <price>
   504630
  </price>
  <rating>
   2.74
  </rating>
  <reviews>
   324894
  </reviews>
  <new>
   +
  </new>
  <exclusive>
   no
  </exclusive>
  <sporty>
   yes
  </sporty>
 </clothing>
 <clothing>
  <id>
   946729332
  </id>
  <name>
   Ellesse Dress B-8151
  </name>
  <category>
   Dress
  </category>
  <size>
   XL
  </size>
  <color>
   Фиолетовый
  </color>
  <material>
   Полиэстер
  </material>
  <price>
   605693
  </price>
  <rating>
   2.12
  </rating>
  <reviews>
   80012
  </reviews>
  <new>
   +
  </new>
  <exclusive>
   no
  </exclusive>
 </clothing>
 <clothing>
  <id>
   831105994
  </id>
  <name>
   Puma Belts P-2936
  </name>
  <category>
   Belts
  </category>
  <size>
   L
  </size>
  <color>
   Фиолетовый
  </color>
  <material>
   Шерсть
  </material>
  <price>
   464434
  </price>
  <rating>
   3.62
  </rating>
  <reviews>
   786478
  </reviews>
  <exclusive>
   no
  </exclusive>
 </clothing>
 <clothing>
  <id>
   259442438
  </id>
  <name>
   PleinSport Dress G-9337
  </name>
  <category>
   Dress
  </category>
  <size>
   XXL
  </size>
  <color>
   Оранжевый
  </color>
  <material>
   Шерсть
  </material>
  <price>
   584792
  </price>
  <rating>
   2.9
  </rating>
  <reviews>
   620087
  </reviews>
  <sporty>
   no
  </sporty>
 </clothing>
 <clothing>
  <id>
   162106119
  </id>
  <name>
   Under Armour Jeans R-9940
  </name>
  <category>
   Jeans
  </category>
  <size>
   L
  </size>
  <color>
   Красный
  </color>
  <material>
   Вискоза
  </material>
  <price>
   444708
  </price>
  <rating>
   3.76
  </rating>
  <reviews>
   8534
  </reviews>
  <exclusive>
   yes
  </exclusive>
  <sporty>
   yes
  </sporty>
 </clothing>
 <clothing>
  <id>
   826833868
  </id>
  <name>
   Converse Jeans B-9811
  </name>
  <category>
   Jeans
  </category>
  <size>
   M
  </size>
  <color>
   Оранжевый
  </color>
  <material>
   Лен
  </material>
  <price>
   855321
  </price>
  <rating>
   3.35
  </rating>
  <reviews>
   811578
  </reviews>
  <new>
   -
  </new>
  <exclusive>
   yes
  </exclusive>
  <sporty>
   yes
  </sporty>
 </clothing>
 <clothing>
  <id>
   695111112
  </id>
  <name>
   Asics Hat H-3552
  </name>
  <category>
   Hat
  </category>
  <size>
   S
  </size>
  <color>
   Синий
  </color>
  <material>
   Шерсть
  </material>
  <price>
   239603
  </price>
  <rating>
   3.33
  </rating>
  <reviews>
   520183
  </reviews>
 </clothing>
 <clothing>
  <id>
   134396770
  </id>
  <name>
   DC Handbags G-3967
  </name>
  <category>
   Handbags
  </category>
  <size>
   M
  </size>
  <color>
   Красный
  </color>
  <material>
   Полиэстер
  </material>
  <price>
   111209
  </price>
  <rating>
   4.54
  </rating>
  <reviews>
   255583
  </reviews>
  <new>
   -
  </new>
  <exclusive>
   yes
  </exclusive>
 </clothing>
 <clothing>
  <id>
   231883742
  </id>
  <name>
   Addidas Gloves C-7283
  </name>
  <category>
   Gloves
  </category>
  <size>
   XL
  </size>
  <color>
   Оранжевый
  </color>
  <material>
   Вискоза
  </material>
  <price>
   978238
  </price>
  <rating>
   2.32
  </rating>
  <reviews>
   901987
  </reviews>
  <sporty>
   no
  </sporty>
 </clothing>
 <clothing>
  <id>
   999055543
  </id>
  <name>
   Ellesse Blouse O-4405
  </name>
  <category>
   Blouse
  </category>
  <size>
   S
  </size>
  <color>
   Голубой
  </color>
  <material>
   Шерсть
  </material>
  <price>
   997507
  </price>
  <rating>
   1.65
  </rating>
  <reviews>
   233676
  </reviews>
  <exclusive>
   yes
  </exclusive>
  <sporty>
   no
  </sporty>
 </clothing>
 <clothing>
  <id>
   669284841
  </id>
  <name>
   PleinSport T-shirt W-6466
  </name>
  <category>
   T-shirt
  </category>
  <size>
   XL
  </size>
  <color>
   Желтый
  </color>
  <material>
   Лен
  </material>
  <price>
   833357
  </price>
  <rating>
   3.07
  </rating>
  <reviews>
   317411
  </reviews>
  <new>
   +
  </new>
  <exclusive>
   no
  </exclusive>
  <sporty>
   no
  </sporty>
 </clothing>
 <clothing>
  <id>
   768146698
  </id>
  <name>
   Addidas Socks L-8014
  </name>
  <category>
   Socks
  </category>
  <size>
   S
  </size>
  <color>
   Оранжевый
  </color>
  <material>
   Хлопок
  </material>
  <price>
   150499
  </price>
  <rating>
   2.06
  </rating>
  <reviews>
   539323
  </reviews>
  <exclusive>
   no
  </exclusive>
  <sporty>
   no
  </sporty>
 </clothing>
 <clothing>
  <id>
   873417541
  </id>
  <name>
   Addidas Umbrellas R-4038
  </name>
  <category>
   Umbrellas
  </category>
  <size>
   XL
  </size>
  <color>
   Желтый
  </color>
  <material>
   Нейлон
  </material>
  <price>
   740638
  </price>
  <rating>
   1.94
  </rating>
  <reviews>
   188810
  </reviews>
  <new>
   -
  </new>
 </clothing>
 <clothing>
  <id>
   505708646
  </id>
  <name>
   Vans T-shirt M-7828
  </name>
  <category>
   T-shirt
  </category>
  <size>
   S
  </size>
  <color>
   Желтый
  </color>
  <material>
   Вискоза
  </material>
  <price>
   104316
  </price>
  <rating>
   1.82
  </rating>
  <reviews>
   98466
  </reviews>
  <exclusive>
   yes
  </exclusive>
  <sporty>
   yes
  </sporty>
 </clothing>
 <clothing>
  <id>
   720346875
  </id>
  <name>
   Nike Shoes L-7091
  </name>
  <category>
   Shoes
  </category>
  <size>
   S
  </size>
  <color>
   Фиолетовый
  </color>
  <material>
   Нейлон
  </material>
  <price>
   767691
  </price>
  <rating>
   1.94
  </rating>
  <reviews>
   148430
  </reviews>
  <new>
   +
  </new>
  <exclusive>
   no
  </exclusive>
  <sporty>
   no
  </sporty>
 </clothing>
 <clothing>
  <id>
   932536292
  </id>
  <name>
   DC Umbrellas M-4771
  </name>
  <category>
   Umbrellas
  </category>
  <size>
   L
  </size>
  <color>
   Красный
  </color>
  <material>
   Полиэстер
  </material>
  <price>
   822905
  </price>
  <rating>
   3.11
  </rating>
  <reviews>
   734993
  </reviews>
  <new>
   -
  </new>
  <exclusive>
   no
  </exclusive>
  <sporty>
   no
  </sporty>
 </clothing>
 <clothing>
  <id>
   657722389
  </id>
  <name>
   Lacoste Hat A-3320
  </name>
  <category>
   Hat
  </category>
  <size>
   L
  </size>
  <color>
   Красный
  </color>
  <material>
   Шелк
  </material>
  <price>
   650404
  </price>
  <rating>
   2.65
  </rating>
  <reviews>
   731238
  </reviews>
  <exclusive>
   no
  </exclusive>
  <sporty>
   no
  </sporty>
 </clothing>
 <clothing>
  <id>
   158531787
  </id>
  <name>
   Fila Pants P-6206
  </name>
  <category>
   Pants
  </category>
  <size>
   L
  </size>
  <color>
   Оранжевый
  </color>
  <material>
   Хлопок
  </material>
  <price>
   573392
  </price>
  <rating>
   4.25
  </rating>
  <reviews>
   528042
  </reviews>
  <new>
   -
  </new>
  <exclusive>
   no
  </exclusive>
  <sporty>
   no
  </sporty>
 </clothing>
 <clothing>
  <id>
   927880217
  </id>
  <name>
   Vans Shirt R-2787
  </name>
  <category>
   Shirt
  </category>
  <size>
   M
  </size>
  <color>
   Красный
  </color>
  <material>
   Шерсть
  </material>
  <price>
   802789
  </price>
  <rating>
   3.72
  </rating>
  <reviews>
   207198
  </reviews>
  <exclusive>
   no
  </exclusive>
  <sporty>
   no
  </sporty>
 </clothing>
 <clothing>
  <id>
   661992433
  </id>
  <name>
   Ellesse Handbags E-8459
  </name>
  <category>
   Handbags
  </category>
  <size>
   XL
  </size>
  <color>
   Красный
  </color>
  <material>
   Хлопок
  </material>
  <price>
   479548
  </price>
  <rating>
   1.86
  </rating>
  <reviews>
   815674
  </reviews>
  <new>
   -
  </new>
  <exclusive>
   no
  </exclusive>
  <sporty>
   no
  </sporty>
 </clothing>
 <clothing>
  <id>
   457514035
  </id>
  <name>
   Nike Belts I-7404
  </name>
  <category>
   Belts
  </category>
  <size>
   M
  </size>
  <color>
   Оранжевый
  </color>
  <material>
   Шелк
  </material>
  <price>
   755511
  </price>
  <rating>
   3.37
  </rating>
  <reviews>
   472270
  </reviews>
  <exclusive>
   no
  </exclusive>
 </clothing>
 <clothing>
  <id>
   576940651
  </id>
  <name>
   Addidas Gloves V-8650
  </name>
  <category>
   Gloves
  </category>
  <size>
   XXL
  </size>
  <color>
   Фиолетовый
  </color>
  <material>
   Хлопок
  </material>
  <price>
   707033
  </price>
  <rating>
   2.31
  </rating>
  <reviews>
   425542
  </reviews>
  <new>
   -
  </new>
  <exclusive>
   no
  </exclusive>
  <sporty>
   no
  </sporty>
 </clothing>
 <clothing>
  <id>
   168849787
  </id>
  <name>
   Asics Gloves Q-9208
  </name>
  <category>
   Gloves
  </category>
  <size>
   XL
  </size>
  <color>
   Синий
  </color>
  <material>
   Полиэстер
  </material>
  <price>
   471302
  </price>
  <rating>
   3.46
  </rating>
  <reviews>
   407045
  </reviews>
  <sporty>
   yes
  </sporty>
 </clothing>
 <clothing>
  <id>
   581152733
  </id>
  <name>
   Puma Hat C-6151
  </name>
  <category>
   Hat
  </category>
  <size>
   L
  </size>
  <color>
   Зеленый
  </color>
  <material>
   Кожа
  </material>
  <price>
   669109
  </price>
  <rating>
   1.78
  </rating>
  <reviews>
   586490
  </reviews>
  <new>
   -
  </new>
  <exclusive>
   no
  </exclusive>
  <sporty>
   yes
  </sporty>
 </clothing>
 <clothing>
  <id>
   927450070
  </id>
  <name>
   Lacoste Belts W-8565
  </name>
  <category>
   Belts
  </category>
  <size>
   XL
  </size>
  <color>
   Оранжевый
  </color>
  <material>
   Кожа
  </material>
  <price>
   874129
  </price>
  <rating>
   3.16
  </rating>
  <reviews>
   469877
  </reviews>
  <new>
   -
  </new>
  <exclusive>
   no
  </exclusive>
 </clothing>
 <clothing>
  <id>
   583700388
  </id>
  <name>
   Puma Socks G-9773
  </name>
  <category>
   Socks
  </category>
  <size>
   XL
  </size>
  <color>
   Оранжевый
  </color>
  <material>
   Шелк
  </material>
  <price>
   916193
  </price>
  <rating>
   4.62
  </rating>
  <reviews>
   545346
  </reviews>
  <new>
   -
  </new>
  <sporty>
   yes
  </sporty>
 </clothing>
 <clothing>
  <id>
   377044329
  </id>
  <name>
   Fila Sweater Y-1972
  </name>
  <category>
   Sweater
  </category>
  <size>
   XXL
  </size>
  <color>
   Оранжевый
  </color>
  <material>
   Полиэстер
  </material>
  <price>
   869472
  </price>
  <rating>
   3.77
  </rating>
  <reviews>
   264071
  </reviews>
  <new>
   -
  </new>
  <exclusive>
   no
  </exclusive>
 </clothing>
 <clothing>
  <id>
   660703567
  </id>
  <name>
   DC Umbrellas A-6024
  </name>
  <category>
   Umbrellas
  </category>
  <size>
   L
  </size>
  <color>
   Синий
  </color>
  <material>
   Полиэстер
  </material>
  <price>
   934496
  </price>
  <rating>
   2.15
  </rating>
  <reviews>
   349606
  </reviews>
  <exclusive>
   yes
  </exclusive>
 </clothing>
 <clothing>
  <id>
   720382606
  </id>
  <name>
   Puma Shirt S-9544
  </name>
  <category>
   Shirt
  </category>
  <size>
   M
  </size>
  <color>
   Оранжевый
  </color>
  <material>
   Нейлон
  </material>
  <price>
   896195
  </price>
  <rating>
   2.02
  </rating>
  <reviews>
   279481
  </reviews>
  <new>
   -
  </new>
  <exclusive>
   no
  </exclusive>
  <sporty>
   yes
  </sporty>
 </clothing>
 <clothing>
  <id>
   195573586
  </id>
  <name>
   Converse T-shirt X-7278
  </name>
  <category>
   T-shirt
  </category>
  <size>
   L
  </size>
  <color>
   Оранжевый
  </color>
  <material>
   Полиэстер
  </material>
  <price>
   140577
  </price>
  <rating>
   4.16
  </rating>
  <reviews>
   642510
  </reviews>
  <exclusive>
   yes
  </exclusive>
  <sporty>
   yes
  </sporty>
 </clothing>
</clothing-items>
