<?xml version="1.0" encoding="utf-8"?>
<clothing-items>
 <clothing>
  <id>
   233652312
  </id>
  <name>
   Brooks Sweater U-2686
  </name>
  <category>
   Sweater
  </category>
  <size>
   M
  </size>
  <color>
   Зеленый
  </color>
  <material>
   Вискоза
  </material>
  <price>
   930144
  </price>
  <rating>
   4.74
  </rating>
  <reviews>
   617434
  </reviews>
  <new>
   -
  </new>
  <exclusive>
   yes
  </exclusive>
 </clothing>
 <clothing>
  <id>
   237006770
  </id>
  <name>
   Brooks Jeans G-7948
  </name>
  <category>
   Jeans
  </category>
  <size>
   XL
  </size>
  <color>
   Голубой
  </color>
  <material>
   Полиэстер
  </material>
  <price>
   322664
  </price>
  <rating>
   3.47
  </rating>
  <reviews>
   569595
  </reviews>
  <new>
   -
  </new>
  <exclusive>
   yes
  </exclusive>
  <sporty>
   no
  </sporty>
 </clothing>
 <clothing>
  <id>
   772692914
  </id>
  <name>
   Reebok Skirt G-5347
  </name>
  <category>
   Skirt
  </category>
  <size>
   M
  </size>
  <color>
   Голубой
  </color>
  <material>
   Хлопок
  </material>
  <price>
   998294
  </price>
  <rating>
   3.75
  </rating>
  <reviews>
   597168
  </reviews>
  <new>
   -
  </new>
 </clothing>
 <clothing>
  <id>
   607184827
  </id>
  <name>
   Under Armour Hat O-4915
  </name>
  <category>
   Hat
  </category>
  <size>
   L
  </size>
  <color>
   Фиолетовый
  </color>
  <material>
   Лен
  </material>
  <price>
   743584
  </price>
  <rating>
   1.15
  </rating>
  <reviews>
   979731
  </reviews>
 </clothing>
 <clothing>
  <id>
   694830516
  </id>
  <name>
   Ellesse Handbags C-3066
  </name>
  <category>
   Handbags
  </category>
  <size>
   M
  </size>
  <color>
   Оранжевый
  </color>
  <material>
   Полиэстер
  </material>
  <price>
   107070
  </price>
  <rating>
   2.02
  </rating>
  <reviews>
   970226
  </reviews>
  <exclusive>
   yes
  </exclusive>
 </clothing>
 <clothing>
  <id>
   323979170
  </id>
  <name>
   New Balance Jeans R-2737
  </name>
  <category>
   Jeans
  </category>
  <size>
   M
  </size>
  <color>
   Желтый
  </color>
  <material>
   Шелк
  </material>
  <price>
   293621
  </price>
  <rating>
   3.34
  </rating>
  <reviews>
   530614
  </reviews>
 </clothing>
 <clothing>
  <id>
   837377616
  </id>
  <name>
   Puma Umbrellas G-5167
  </name>
  <category>
   Umbrellas
  </category>
  <size>
   XXL
  </size>
  <color>
   Фиолетовый
  </color>
  <material>
   Полиэстер
  </material>
  <price>
   507221
  </price>
  <rating>
   4.68
  </rating>
  <reviews>
   902718
  </reviews>
  <exclusive>
   yes
  </exclusive>
 </clothing>
 <clothing>
  <id>
   143776745
  </id>
  <name>
   Under Armour Shirt I-4679
  </name>
  <category>
   Shirt
  </category>
  <size>
   L
  </size>
  <color>
   Фиолетовый
  </color>
  <material>
   Нейлон
  </material>
  <price>
   471336
  </price>
  <rating>
   1.44
  </rating>
  <reviews>
   749090
  </reviews>
  <exclusive>
   no
  </exclusive>
  <sporty>
   no
  </sporty>
 </clothing>
 <clothing>
  <id>
   357322225
  </id>
  <name>
   Ellesse Belts H-7670
  </name>
  <category>
   Belts
  </category>
  <size>
   XXL
  </size>
  <color>
   Оранжевый
  </color>
  <material>
   Нейлон
  </material>
  <price>
   303251
  </price>
  <rating>
   4.04
  </rating>
  <reviews>
   748552
  </reviews>
  <new>
   -
  </new>
  <exclusive>
   yes
  </exclusive>
 </clothing>
 <clothing>
  <id>
   511233400
  </id>
  <name>
   DC Skirt B-5733
  </name>
  <category>
   Skirt
  </category>
  <size>
   M
  </size>
  <color>
   Зеленый
  </color>
  <material>
   Шелк
  </material>
  <price>
   450517
  </price>
  <rating>
   1.18
  </rating>
  <reviews>
   943928
  </reviews>
  <new>
   -
  </new>
  <exclusive>
   no
  </exclusive>
 </clothing>
 <clothing>
  <id>
   217854627
  </id>
  <name>
   Puma Pants D-2799
  </name>
  <category>
   Pants
  </category>
  <size>
   XL
  </size>
  <color>
   Голубой
  </color>
  <material>
   Шелк
  </material>
  <price>
   384154
  </price>
  <rating>
   4.67
  </rating>
  <reviews>
   547077
  </reviews>
 </clothing>
 <clothing>
  <id>
   176708650
  </id>
  <name>
   Asics Sweater R-4845
  </name>
  <category>
   Sweater
  </category>
  <size>
   S
  </size>
  <color>
   Голубой
  </color>
  <material>
   Шерсть
  </material>
  <price>
   676022
  </price>
  <rating>
   2.89
  </rating>
  <reviews>
   647745
  </reviews>
  <new>
   -
  </new>
  <exclusive>
   no
  </exclusive>
  <sporty>
   no
  </sporty>
 </clothing>
 <clothing>
  <id>
   359308242
  </id>
  <name>
   Asics Jacket Q-7057
  </name>
  <category>
   Jacket
  </category>
  <size>
   XL
  </size>
  <color>
   Оранжевый
  </color>
  <material>
   Лен
  </material>
  <price>
   889983
  </price>
  <rating>
   1.77
  </rating>
  <reviews>
   116508
  </reviews>
  <new>
   -
  </new>
  <sporty>
   yes
  </sporty>
 </clothing>
 <clothing>
  <id>
   592749454
  </id>
  <name>
   Addidas Jacket W-6196
  </name>
  <category>
   Jacket
  </category>
  <size>
   S
  </size>
  <color>
   Оранжевый
  </color>
  <material>
   Кожа
  </material>
  <price>
   673780
  </price>
  <rating>
   2.52
  </rating>
  <reviews>
   232426
  </reviews>
 </clothing>
 <clothing>
  <id>
   261902773
  </id>
  <name>
   Vans Jacket X-9836
  </name>
  <category>
   Jacket
  </category>
  <size>
   M
  </size>
  <color>
   Фиолетовый
  </color>
  <material>
   Хлопок
  </material>
  <price>
   163379
  </price>
  <rating>
   4.24
  </rating>
  <reviews>
   198779
  </reviews>
  <sporty>
   no
  </sporty>
 </clothing>
 <clothing>
  <id>
   242930842
  </id>
  <name>
   Fila Jeans B-4838
  </name>
  <category>
   Jeans
  </category>
  <size>
   L
  </size>
  <color>
   Синий
  </color>
  <material>
   Хлопок
  </material>
  <price>
   759025
  </price>
  <rating>
   1.97
  </rating>
  <reviews>
   639831
  </reviews>
  <new>
   -
  </new>
  <sporty>
   no
  </sporty>
 </clothing>
 <clothing>
  <id>
   192325267
  </id>
  <name>
   Nike Jeans P-9832
  </name>
  <category>
   Jeans
  </category>
  <size>
   S
  </size>
  <color>
   Желтый
  </color>
  <material>
   Полиэстер
  </material>
  <price>
   946344
  </price>
  <rating>
   3.12
  </rating>
  <reviews>
   476274
  </reviews>
  <sporty>
   no
  </sporty>
 </clothing>
 <clothing>
  <id>
   386395769
  </id>
  <name>
   Fila Jeans H-9570
  </name>
  <category>
   Jeans
  </category>
  <size>
   XL
  </size>
  <color>
   Желтый
  </color>
  <material>
   Хлопок
  </material>
  <price>
   859494
  </price>
  <rating>
   3.56
  </rating>
  <reviews>
   251023
  </reviews>
  <new>
   +
  </new>
  <exclusive>
   yes
  </exclusive>
 </clothing>
 <clothing>
  <id>
   688449371
  </id>
  <name>
   Brooks T-shirt T-3627
  </name>
  <category>
   T-shirt
  </category>
  <size>
   XXL
  </size>
  <color>
   Синий
  </color>
  <material>
   Кожа
  </material>
  <price>
   392782
  </price>
  <rating>
   1.85
  </rating>
  <reviews>
   596146
  </reviews>
  <exclusive>
   no
  </exclusive>
 </clothing>
 <clothing>
  <id>
   444094332
  </id>
  <name>
   Fila Pants O-9100
  </name>
  <category>
   Pants
  </category>
  <size>
   M
  </size>
  <color>
   Голубой
  </color>
  <material>
   Вискоза
  </material>
  <price>
   953152
  </price>
  <rating>
   3.25
  </rating>
  <reviews>
   278867
  </reviews>
  <new>
   +
  </new>
 </clothing>
 <clothing>
  <id>
   213276549
  </id>
  <name>
   Puma Shirt K-7191
  </name>
  <category>
   Shirt
  </category>
  <size>
   S
  </size>
  <color>
   Фиолетовый
  </color>
  <material>
   Вискоза
  </material>
  <price>
   855669
  </price>
  <rating>
   1.05
  </rating>
  <reviews>
   945453
  </reviews>
  <new>
   +
  </new>
  <sporty>
   no
  </sporty>
 </clothing>
 <clothing>
  <id>
   976172128
  </id>
  <name>
   Asics Pants P-9658
  </name>
  <category>
   Pants
  </category>
  <size>
   M
  </size>
  <color>
   Оранжевый
  </color>
  <material>
   Лен
  </material>
  <price>
   844310
  </price>
  <rating>
   4.56
  </rating>
  <reviews>
   668062
  </reviews>
  <new>
   -
  </new>
  <exclusive>
   yes
  </exclusive>
  <sporty>
   no
  </sporty>
 </clothing>
 <clothing>
  <id>
   188783180
  </id>
  <name>
   Reebok Shirt X-9883
  </name>
  <category>
   Shirt
  </category>
  <size>
   S
  </size>
  <color>
   Оранжевый
  </color>
  <material>
   Хлопок
  </material>
  <price>
   192912
  </price>
  <rating>
   1.38
  </rating>
  <reviews>
   614613
  </reviews>
  <new>
   -
  </new>
  <sporty>
   yes
  </sporty>
 </clothing>
 <clothing>
  <id>
   328927189
  </id>
  <name>
   Fila Shirt R-4709
  </name>
  <category>
   Shirt
  </category>
  <size>
   L
  </size>
  <color>
   Желтый
  </color>
  <material>
   Нейлон
  </material>
  <price>
   859238
  </price>
  <rating>
   4.89
  </rating>
  <reviews>
   790084
  </reviews>
  <new>
   -
  </new>
  <exclusive>
   no
  </exclusive>
  <sporty>
   yes
  </sporty>
 </clothing>
 <clothing>
  <id>
   906752539
  </id>
  <name>
   Vans T-shirt P-1782
  </name>
  <category>
   T-shirt
  </category>
  <size>
   XXL
  </size>
  <color>
   Голубой
  </color>
  <material>
   Вискоза
  </material>
  <price>
   201093
  </price>
  <rating>
   2.6
  </rating>
  <reviews>
   858348
  </reviews>
  <new>
   +
  </new>
  <sporty>
   no
  </sporty>
 </clothing>
 <clothing>
  <id>
   362215189
  </id>
  <name>
   Puma Jacket K-8243
  </name>
  <category>
   Jacket
  </category>
  <size>
   M
  </size>
  <color>
   Оранжевый
  </color>
  <material>
   Шерсть
  </material>
  <price>
   802079
  </price>
  <rating>
   1.64
  </rating>
  <reviews>
   972594
  </reviews>
  <exclusive>
   yes
  </exclusive>
  <sporty>
   no
  </sporty>
 </clothing>
 <clothing>
  <id>
   173291833
  </id>
  <name>
   Adidas Shirt S-8683
  </name>
  <category>
   Shirt
  </category>
  <size>
   L
  </size>
  <color>
   Оранжевый
  </color>
  <material>
   Полиэстер
  </material>
  <price>
   990958
  </price>
  <rating>
   3.43
  </rating>
  <reviews>
   911237
  </reviews>
  <exclusive>
   yes
  </exclusive>
 </clothing>
 <clothing>
  <id>
   509352713
  </id>
  <name>
   Fila Shirt X-1816
  </name>
  <category>
   Shirt
  </category>
  <size>
   S
  </size>
  <color>
   Зеленый
  </color>
  <material>
   Полиэстер
  </material>
  <price>
   565571
  </price>
  <rating>
   3.99
  </rating>
  <reviews>
   7186
  </reviews>
  <exclusive>
   yes
  </exclusive>
 </clothing>
 <clothing>
  <id>
   586409567
  </id>
  <name>
   DC Umbrellas F-5261
  </name>
  <category>
   Umbrellas
  </category>
  <size>
   XXL
  </size>
  <color>
   Фиолетовый
  </color>
  <material>
   Хлопок
  </material>
  <price>
   593409
  </price>
  <rating>
   4.95
  </rating>
  <reviews>
   48397
  </reviews>
  <new>
   -
  </new>
  <exclusive>
   yes
  </exclusive>
  <sporty>
   no
  </sporty>
 </clothing>
 <clothing>
  <id>
   149206799
  </id>
  <name>
   Ellesse Skirt C-6454
  </name>
  <category>
   Skirt
  </category>
  <size>
   S
  </size>
  <color>
   Желтый
  </color>
  <material>
   Шелк
  </material>
  <price>
   264418
  </price>
  <rating>
   4.5
  </rating>
  <reviews>
   351423
  </reviews>
 </clothing>
 <clothing>
  <id>
   480827738
  </id>
  <name>
   Nike Skirt B-3004
  </name>
  <category>
   Skirt
  </category>
  <size>
   M
  </size>
  <color>
   Зеленый
  </color>
  <material>
   Нейлон
  </material>
  <price>
   668664
  </price>
  <rating>
   3.24
  </rating>
  <reviews>
   22053
  </reviews>
  <exclusive>
   yes
  </exclusive>
  <sporty>
   no
  </sporty>
 </clothing>
 <clothing>
  <id>
   788382504
  </id>
  <name>
   Converse Dress K-1436
  </name>
  <category>
   Dress
  </category>
  <size>
   XL
  </size>
  <color>
   Фиолетовый
  </color>
  <material>
   Нейлон
  </material>
  <price>
   736985
  </price>
  <rating>
   3.17
  </rating>
  <reviews>
   697513
  </reviews>
  <exclusive>
   yes
  </exclusive>
  <sporty>
   no
  </sporty>
 </clothing>
 <clothing>
  <id>
   298470281
  </id>
  <name>
   PleinSport Handbags Q-2356
  </name>
  <category>
   Handbags
  </category>
  <size>
   XXL
  </size>
  <color>
   Желтый
  </color>
  <material>
   Хлопок
  </material>
  <price>
   304307
  </price>
  <rating>
   3.2
  </rating>
  <reviews>
   69574
  </reviews>
  <new>
   -
  </new>
  <exclusive>
   yes
  </exclusive>
  <sporty>
   no
  </sporty>
 </clothing>
 <clothing>
  <id>
   466224233
  </id>
  <name>
   Asics Belts Q-6368
  </name>
  <category>
   Belts
  </category>
  <size>
   XXL
  </size>
  <color>
   Синий
  </color>
  <material>
   Лен
  </material>
  <price>
   260133
  </price>
  <rating>
   1.39
  </rating>
  <reviews>
   361639
  </reviews>
  <exclusive>
   no
  </exclusive>
 </clothing>
 <clothing>
  <id>
   574532810
  </id>
  <name>
   Under Armour Blouse O-1813
  </name>
  <category>
   Blouse
  </category>
  <size>
   L
  </size>
  <color>
   Желтый
  </color>
  <material>
   Лен
  </material>
  <price>
   757616
  </price>
  <rating>
   2.04
  </rating>
  <reviews>
   79312
  </reviews>
  <new>
   -
  </new>
  <exclusive>
   yes
  </exclusive>
  <sporty>
   no
  </sporty>
 </clothing>
 <clothing>
  <id>
   961079067
  </id>
  <name>
   New Balance T-shirt O-9067
  </name>
  <category>
   T-shirt
  </category>
  <size>
   L
  </size>
  <color>
   Желтый
  </color>
  <material>
   Хлопок
  </material>
  <price>
   704074
  </price>
  <rating>
   4.74
  </rating>
  <reviews>
   356557
  </reviews>
  <new>
   -
  </new>
  <exclusive>
   yes
  </exclusive>
  <sporty>
   yes
  </sporty>
 </clothing>
 <clothing>
  <id>
   404819970
  </id>
  <name>
   Vans Umbrellas U-9629
  </name>
  <category>
   Umbrellas
  </category>
  <size>
   XL
  </size>
  <color>
   Фиолетовый
  </color>
  <material>
   Вискоза
  </material>
  <price>
   276564
  </price>
  <rating>
   3.74
  </rating>
  <reviews>
   584998
  </reviews>
  <new>
   +
  </new>
  <sporty>
   no
  </sporty>
 </clothing>
 <clothing>
  <id>
   654359876
  </id>
  <name>
   Under Armour Blouse B-7475
  </name>
  <category>
   Blouse
  </category>
  <size>
   XXL
  </size>
  <color>
   Голубой
  </color>
  <material>
   Нейлон
  </material>
  <price>
   783744
  </price>
  <rating>
   2.55
  </rating>
  <reviews>
   43301
  </reviews>
  <sporty>
   no
  </sporty>
 </clothing>
 <clothing>
  <id>
   404683446
  </id>
  <name>
   Fila Skirt D-1156
  </name>
  <category>
   Skirt
  </category>
  <size>
   XXL
  </size>
  <color>
   Голубой
  </color>
  <material>
   Вискоза
  </material>
  <price>
   354671
  </price>
  <rating>
   1.59
  </rating>
  <reviews>
   720651
  </reviews>
  <new>
   -
  </new>
  <exclusive>
   yes
  </exclusive>
  <sporty>
   yes
  </sporty>
 </clothing>
 <clothing>
  <id>
   548006172
  </id>
  <name>
   Nike Belts Q-8855
  </name>
  <category>
   Belts
  </category>
  <size>
   S
  </size>
  <color>
   Желтый
  </color>
  <material>
   Вискоза
  </material>
  <price>
   880964
  </price>
  <rating>
   4.32
  </rating>
  <reviews>
   688540
  </reviews>
  <new>
   -
  </new>
  <sporty>
   no
  </sporty>
 </clothing>
 <clothing>
  <id>
   627734606
  </id>
  <name>
   Lacoste Shirt V-1704
  </name>
  <category>
   Shirt
  </category>
  <size>
   XXL
  </size>
  <color>
   Фиолетовый
  </color>
  <material>
   Кожа
  </material>
  <price>
   709489
  </price>
  <rating>
   4.21
  </rating>
  <reviews>
   126858
  </reviews>
  <new>
   -
  </new>
  <sporty>
   no
  </sporty>
 </clothing>
 <clothing>
  <id>
   923535864
  </id>
  <name>
   Nike Jeans V-5528
  </name>
  <category>
   Jeans
  </category>
  <size>
   XXL
  </size>
  <color>
   Зеленый
  </color>
  <material>
   Шерсть
  </material>
  <price>
   831633
  </price>
  <rating>
   2.2
  </rating>
  <reviews>
   908328
  </reviews>
  <exclusive>
   yes
  </exclusive>
  <sporty>
   yes
  </sporty>
 </clothing>
 <clothing>
  <id>
   143927091
  </id>
  <name>
   Ellesse Jeans S-4741
  </name>
  <category>
   Jeans
  </category>
  <size>
   XL
  </size>
  <color>
   Синий
  </color>
  <material>
   Полиэстер
  </material>
  <price>
   452593
  </price>
  <rating>
   2.02
  </rating>
  <reviews>
   357847
  </reviews>
  <new>
   +
  </new>
  <sporty>
   no
  </sporty>
 </clothing>
 <clothing>
  <id>
   239322917
  </id>
  <name>
   Vans Hat L-2981
  </name>
  <category>
   Hat
  </category>
  <size>
   L
  </size>
  <color>
   Зеленый
  </color>
  <material>
   Полиэстер
  </material>
  <price>
   381085
  </price>
  <rating>
   2.65
  </rating>
  <reviews>
   615428
  </reviews>
  <new>
   -
  </new>
  <sporty>
   yes
  </sporty>
 </clothing>
 <clothing>
  <id>
   158024207
  </id>
  <name>
   Converse Hat C-3028
  </name>
  <category>
   Hat
  </category>
  <size>
   M
  </size>
  <color>
   Голубой
  </color>
  <material>
   Кожа
  </material>
  <price>
   707139
  </price>
  <rating>
   2.84
  </rating>
  <reviews>
   138109
  </reviews>
  <exclusive>
   yes
  </exclusive>
  <sporty>
   yes
  </sporty>
 </clothing>
 <clothing>
  <id>
   207996798
  </id>
  <name>
   Brooks Handbags G-3835
  </name>
  <category>
   Handbags
  </category>
  <size>
   L
  </size>
  <color>
   Синий
  </color>
  <material>
   Полиэстер
  </material>
  <price>
   853117
  </price>
  <rating>
   2.59
  </rating>
  <reviews>
   81528
  </reviews>
  <exclusive>
   no
  </exclusive>
  <sporty>
   no
  </sporty>
 </clothing>
 <clothing>
  <id>
   103580625
  </id>
  <name>
   Under Armour Socks F-1949
  </name>
  <category>
   Socks
  </category>
  <size>
   S
  </size>
  <color>
   Зеленый
  </color>
  <material>
   Шелк
  </material>
  <price>
   168828
  </price>
  <rating>
   1.0
  </rating>
  <reviews>
   654142
  </reviews>
  <exclusive>
   no
  </exclusive>
  <sporty>
   no
  </sporty>
 </clothing>
 <clothing>
  <id>
   688101503
  </id>
  <name>
   Nike Hat S-2146
  </name>
  <category>
   Hat
  </category>
  <size>
   L
  </size>
  <color>
   Фиолетовый
  </color>
  <material>
   Нейлон
  </material>
  <price>
   616313
  </price>
  <rating>
   4.05
  </rating>
  <reviews>
   759409
  </reviews>
  <exclusive>
   no
  </exclusive>
  <sporty>
   no
  </sporty>
 </clothing>
</clothing-items>
