<?xml version="1.0" encoding="utf-8"?>
<clothing-items>
 <clothing>
  <id>
   461116204
  </id>
  <name>
   Addidas Handbags W-2228
  </name>
  <category>
   Handbags
  </category>
  <size>
   XL
  </size>
  <color>
   Синий
  </color>
  <material>
   Шерсть
  </material>
  <price>
   546801
  </price>
  <rating>
   4.7
  </rating>
  <reviews>
   817905
  </reviews>
  <new>
   -
  </new>
  <exclusive>
   no
  </exclusive>
 </clothing>
 <clothing>
  <id>
   870332580
  </id>
  <name>
   Vans Shoes B-5723
  </name>
  <category>
   Shoes
  </category>
  <size>
   XL
  </size>
  <color>
   Фиолетовый
  </color>
  <material>
   Кожа
  </material>
  <price>
   925425
  </price>
  <rating>
   2.65
  </rating>
  <reviews>
   981732
  </reviews>
  <new>
   +
  </new>
  <sporty>
   no
  </sporty>
 </clothing>
 <clothing>
  <id>
   630385402
  </id>
  <name>
   Adidas Shirt B-7946
  </name>
  <category>
   Shirt
  </category>
  <size>
   S
  </size>
  <color>
   Красный
  </color>
  <material>
   Хлопок
  </material>
  <price>
   142017
  </price>
  <rating>
   2.18
  </rating>
  <reviews>
   321111
  </reviews>
  <new>
   -
  </new>
  <exclusive>
   no
  </exclusive>
  <sporty>
   yes
  </sporty>
 </clothing>
 <clothing>
  <id>
   568151379
  </id>
  <name>
   Asics Sweater M-7192
  </name>
  <category>
   Sweater
  </category>
  <size>
   M
  </size>
  <color>
   Оранжевый
  </color>
  <material>
   Полиэстер
  </material>
  <price>
   827333
  </price>
  <rating>
   3.99
  </rating>
  <reviews>
   962846
  </reviews>
  <new>
   +
  </new>
  <exclusive>
   no
  </exclusive>
 </clothing>
 <clothing>
  <id>
   250785852
  </id>
  <name>
   Brooks Jacket Y-6750
  </name>
  <category>
   Jacket
  </category>
  <size>
   XXL
  </size>
  <color>
   Красный
  </color>
  <material>
   Шерсть
  </material>
  <price>
   851387
  </price>
  <rating>
   4.05
  </rating>
  <reviews>
   230097
  </reviews>
 </clothing>
 <clothing>
  <id>
   331578213
  </id>
  <name>
   Vans Shoes G-7459
  </name>
  <category>
   Shoes
  </category>
  <size>
   L
  </size>
  <color>
   Синий
  </color>
  <material>
   Шелк
  </material>
  <price>
   250262
  </price>
  <rating>
   3.95
  </rating>
  <reviews>
   695893
  </reviews>
  <new>
   +
  </new>
 </clothing>
 <clothing>
  <id>
   892664297
  </id>
  <name>
   Vans Jacket L-1204
  </name>
  <category>
   Jacket
  </category>
  <size>
   XXL
  </size>
  <color>
   Зеленый
  </color>
  <material>
   Нейлон
  </material>
  <price>
   289739
  </price>
  <rating>
   1.16
  </rating>
  <reviews>
   849089
  </reviews>
  <new>
   -
  </new>
  <exclusive>
   yes
  </exclusive>
  <sporty>
   no
  </sporty>
 </clothing>
 <clothing>
  <id>
   484048647
  </id>
  <name>
   Asics Shirt I-4895
  </name>
  <category>
   Shirt
  </category>
  <size>
   XXL
  </size>
  <color>
   Голубой
  </color>
  <material>
   Кожа
  </material>
  <price>
   745394
  </price>
  <rating>
   1.36
  </rating>
  <reviews>
   720031
  </reviews>
  <exclusive>
   no
  </exclusive>
 </clothing>
 <clothing>
  <id>
   499157858
  </id>
  <name>
   Reebok Socks Q-1970
  </name>
  <category>
   Socks
  </category>
  <size>
   XL
  </size>
  <color>
   Фиолетовый
  </color>
  <material>
   Хлопок
  </material>
  <price>
   523227
  </price>
  <rating>
   3.74
  </rating>
  <reviews>
   50575
  </reviews>
  <exclusive>
   yes
  </exclusive>
  <sporty>
   no
  </sporty>
 </clothing>
 <clothing>
  <id>
   214270267
  </id>
  <name>
   Converse Shoes Y-7644
  </name>
  <category>
   Shoes
  </category>
  <size>
   XXL
  </size>
  <color>
   Зеленый
  </color>
  <material>
   Вискоза
  </material>
  <price>
   609815
  </price>
  <rating>
   3.54
  </rating>
  <reviews>
   362013
  </reviews>
  <sporty>
   yes
  </sporty>
 </clothing>
 <clothing>
  <id>
   956978574
  </id>
  <name>
   Under Armour Jacket Q-3464
  </name>
  <category>
   Jacket
  </category>
  <size>
   L
  </size>
  <color>
   Синий
  </color>
  <material>
   Шерсть
  </material>
  <price>
   224060
  </price>
  <rating>
   1.8
  </rating>
  <reviews>
   642699
  </reviews>
  <new>
   -
  </new>
  <exclusive>
   no
  </exclusive>
  <sporty>
   yes
  </sporty>
 </clothing>
 <clothing>
  <id>
   817724886
  </id>
  <name>
   DC Skirt M-5015
  </name>
  <category>
   Skirt
  </category>
  <size>
   L
  </size>
  <color>
   Красный
  </color>
  <material>
   Лен
  </material>
  <price>
   176855
  </price>
  <rating>
   1.95
  </rating>
  <reviews>
   108756
  </reviews>
  <exclusive>
   no
  </exclusive>
 </clothing>
 <clothing>
  <id>
   649601708
  </id>
  <name>
   Puma T-shirt C-8027
  </name>
  <category>
   T-shirt
  </category>
  <size>
   S
  </size>
  <color>
   Зеленый
  </color>
  <material>
   Кожа
  </material>
  <price>
   798200
  </price>
  <rating>
   2.41
  </rating>
  <reviews>
   218249
  </reviews>
  <new>
   +
  </new>
  <exclusive>
   no
  </exclusive>
  <sporty>
   no
  </sporty>
 </clothing>
 <clothing>
  <id>
   923280977
  </id>
  <name>
   Ellesse Shoes R-5852
  </name>
  <category>
   Shoes
  </category>
  <size>
   M
  </size>
  <color>
   Оранжевый
  </color>
  <material>
   Полиэстер
  </material>
  <price>
   285705
  </price>
  <rating>
   3.74
  </rating>
  <reviews>
   420844
  </reviews>
  <exclusive>
   no
  </exclusive>
  <sporty>
   yes
  </sporty>
 </clothing>
 <clothing>
  <id>
   428468995
  </id>
  <name>
   Under Armour Belts U-7975
  </name>
  <category>
   Belts
  </category>
  <size>
   XXL
  </size>
  <color>
   Оранжевый
  </color>
  <material>
   Шерсть
  </material>
  <price>
   983905
  </price>
  <rating>
   2.32
  </rating>
  <reviews>
   64772
  </reviews>
  <new>
   +
  </new>
  <exclusive>
   no
  </exclusive>
  <sporty>
   yes
  </sporty>
 </clothing>
 <clothing>
  <id>
   739717969
  </id>
  <name>
   Nike Gloves N-1979
  </name>
  <category>
   Gloves
  </category>
  <size>
   XL
  </size>
  <color>
   Красный
  </color>
  <material>
   Лен
  </material>
  <price>
   859380
  </price>
  <rating>
   4.32
  </rating>
  <reviews>
   190800
  </reviews>
  <exclusive>
   no
  </exclusive>
 </clothing>
 <clothing>
  <id>
   325931711
  </id>
  <name>
   New Balance Jeans G-6208
  </name>
  <category>
   Jeans
  </category>
  <size>
   XL
  </size>
  <color>
   Желтый
  </color>
  <material>
   Шелк
  </material>
  <price>
   915251
  </price>
  <rating>
   3.86
  </rating>
  <reviews>
   123141
  </reviews>
  <new>
   -
  </new>
  <sporty>
   no
  </sporty>
 </clothing>
 <clothing>
  <id>
   871040201
  </id>
  <name>
   Adidas Jacket M-1552
  </name>
  <category>
   Jacket
  </category>
  <size>
   XXL
  </size>
  <color>
   Желтый
  </color>
  <material>
   Шерсть
  </material>
  <price>
   601304
  </price>
  <rating>
   1.09
  </rating>
  <reviews>
   862079
  </reviews>
  <new>
   +
  </new>
 </clothing>
 <clothing>
  <id>
   326396236
  </id>
  <name>
   Fila Gloves T-8123
  </name>
  <category>
   Gloves
  </category>
  <size>
   S
  </size>
  <color>
   Зеленый
  </color>
  <material>
   Лен
  </material>
  <price>
   798779
  </price>
  <rating>
   1.6
  </rating>
  <reviews>
   64452
  </reviews>
  <new>
   -
  </new>
  <exclusive>
   no
  </exclusive>
  <sporty>
   no
  </sporty>
 </clothing>
 <clothing>
  <id>
   803639368
  </id>
  <name>
   PleinSport Handbags R-8448
  </name>
  <category>
   Handbags
  </category>
  <size>
   S
  </size>
  <color>
   Желтый
  </color>
  <material>
   Шелк
  </material>
  <price>
   946957
  </price>
  <rating>
   2.38
  </rating>
  <reviews>
   441128
  </reviews>
  <new>
   +
  </new>
 </clothing>
 <clothing>
  <id>
   999749110
  </id>
  <name>
   Adidas Socks M-5295
  </name>
  <category>
   Socks
  </category>
  <size>
   XXL
  </size>
  <color>
   Синий
  </color>
  <material>
   Полиэстер
  </material>
  <price>
   179931
  </price>
  <rating>
   2.69
  </rating>
  <reviews>
   218923
  </reviews>
  <exclusive>
   no
  </exclusive>
 </clothing>
 <clothing>
  <id>
   782181377
  </id>
  <name>
   Reebok Gloves Q-3866
  </name>
  <category>
   Gloves
  </category>
  <size>
   L
  </size>
  <color>
   Синий
  </color>
  <material>
   Полиэстер
  </material>
  <price>
   534301
  </price>
  <rating>
   3.58
  </rating>
  <reviews>
   17266
  </reviews>
  <new>
   -
  </new>
  <exclusive>
   no
  </exclusive>
  <sporty>
   yes
  </sporty>
 </clothing>
 <clothing>
  <id>
   955708005
  </id>
  <name>
   Under Armour Handbags L-6637
  </name>
  <category>
   Handbags
  </category>
  <size>
   XXL
  </size>
  <color>
   Синий
  </color>
  <material>
   Полиэстер
  </material>
  <price>
   874370
  </price>
  <rating>
   4.32
  </rating>
  <reviews>
   124979
  </reviews>
  <new>
   -
  </new>
  <sporty>
   yes
  </sporty>
 </clothing>
 <clothing>
  <id>
   561991252
  </id>
  <name>
   Adidas Shoes A-5856
  </name>
  <category>
   Shoes
  </category>
  <size>
   XXL
  </size>
  <color>
   Голубой
  </color>
  <material>
   Лен
  </material>
  <price>
   138411
  </price>
  <rating>
   2.69
  </rating>
  <reviews>
   873519
  </reviews>
  <new>
   -
  </new>
  <sporty>
   no
  </sporty>
 </clothing>
 <clothing>
  <id>
   110852131
  </id>
  <name>
   Brooks Socks E-8588
  </name>
  <category>
   Socks
  </category>
  <size>
   XXL
  </size>
  <color>
   Фиолетовый
  </color>
  <material>
   Полиэстер
  </material>
  <price>
   523467
  </price>
  <rating>
   1.68
  </rating>
  <reviews>
   346875
  </reviews>
  <exclusive>
   no
  </exclusive>
  <sporty>
   no
  </sporty>
 </clothing>
 <clothing>
  <id>
   678060346
  </id>
  <name>
   Fila Gloves D-3117
  </name>
  <category>
   Gloves
  </category>
  <size>
   XXL
  </size>
  <color>
   Фиолетовый
  </color>
  <material>
   Лен
  </material>
  <price>
   506778
  </price>
  <rating>
   4.37
  </rating>
  <reviews>
   220389
  </reviews>
  <exclusive>
   no
  </exclusive>
  <sporty>
   yes
  </sporty>
 </clothing>
 <clothing>
  <id>
   547916306
  </id>
  <name>
   Nike Skirt H-9624
  </name>
  <category>
   Skirt
  </category>
  <size>
   XXL
  </size>
  <color>
   Желтый
  </color>
  <material>
   Нейлон
  </material>
  <price>
   482897
  </price>
  <rating>
   4.86
  </rating>
  <reviews>
   292774
  </reviews>
  <sporty>
   no
  </sporty>
 </clothing>
 <clothing>
  <id>
   902999318
  </id>
  <name>
   PleinSport Shirt Z-5117
  </name>
  <category>
   Shirt
  </category>
  <size>
   M
  </size>
  <color>
   Фиолетовый
  </color>
  <material>
   Нейлон
  </material>
  <price>
   426355
  </price>
  <rating>
   4.51
  </rating>
  <reviews>
   597923
  </reviews>
  <exclusive>
   no
  </exclusive>
  <sporty>
   no
  </sporty>
 </clothing>
 <clothing>
  <id>
   604369443
  </id>
  <name>
   DC Umbrellas R-4110
  </name>
  <category>
   Umbrellas
  </category>
  <size>
   M
  </size>
  <color>
   Желтый
  </color>
  <material>
   Полиэстер
  </material>
  <price>
   844589
  </price>
  <rating>
   4.23
  </rating>
  <reviews>
   639039
  </reviews>
  <new>
   -
  </new>
  <sporty>
   no
  </sporty>
 </clothing>
 <clothing>
  <id>
   770842221
  </id>
  <name>
   Adidas Handbags L-2940
  </name>
  <category>
   Handbags
  </category>
  <size>
   XXL
  </size>
  <color>
   Зеленый
  </color>
  <material>
   Хлопок
  </material>
  <price>
   536758
  </price>
  <rating>
   1.54
  </rating>
  <reviews>
   874966
  </reviews>
  <new>
   +
  </new>
  <exclusive>
   yes
  </exclusive>
  <sporty>
   no
  </sporty>
 </clothing>
 <clothing>
  <id>
   467458151
  </id>
  <name>
   Asics Blouse I-1957
  </name>
  <category>
   Blouse
  </category>
  <size>
   M
  </size>
  <color>
   Синий
  </color>
  <material>
   Полиэстер
  </material>
  <price>
   158128
  </price>
  <rating>
   4.28
  </rating>
  <reviews>
   866024
  </reviews>
  <new>
   -
  </new>
  <exclusive>
   no
  </exclusive>
  <sporty>
   no
  </sporty>
 </clothing>
 <clothing>
  <id>
   518558270
  </id>
  <name>
   New Balance T-shirt B-1594
  </name>
  <category>
   T-shirt
  </category>
  <size>
   M
  </size>
  <color>
   Синий
  </color>
  <material>
   Полиэстер
  </material>
  <price>
   622395
  </price>
  <rating>
   3.86
  </rating>
  <reviews>
   257226
  </reviews>
  <new>
   -
  </new>
  <exclusive>
   no
  </exclusive>
  <sporty>
   yes
  </sporty>
 </clothing>
 <clothing>
  <id>
   781180952
  </id>
  <name>
   Adidas Pants D-4940
  </name>
  <category>
   Pants
  </category>
  <size>
   S
  </size>
  <color>
   Оранжевый
  </color>
  <material>
   Нейлон
  </material>
  <price>
   238066
  </price>
  <rating>
   3.89
  </rating>
  <reviews>
   595926
  </reviews>
  <new>
   +
  </new>
 </clothing>
 <clothing>
  <id>
   921946237
  </id>
  <name>
   Fila Handbags E-8860
  </name>
  <category>
   Handbags
  </category>
  <size>
   S
  </size>
  <color>
   Зеленый
  </color>
  <material>
   Полиэстер
  </material>
  <price>
   786770
  </price>
  <rating>
   1.79
  </rating>
  <reviews>
   438787
  </reviews>
  <exclusive>
   yes
  </exclusive>
  <sporty>
   yes
  </sporty>
 </clothing>
 <clothing>
  <id>
   384463142
  </id>
  <name>
   PleinSport Umbrellas E-8786
  </name>
  <category>
   Umbrellas
  </category>
  <size>
   M
  </size>
  <color>
   Синий
  </color>
  <material>
   Полиэстер
  </material>
  <price>
   338667
  </price>
  <rating>
   4.31
  </rating>
  <reviews>
   450845
  </reviews>
  <exclusive>
   yes
  </exclusive>
  <sporty>
   yes
  </sporty>
 </clothing>
 <clothing>
  <id>
   184137283
  </id>
  <name>
   Adidas Gloves S-7871
  </name>
  <category>
   Gloves
  </category>
  <size>
   S
  </size>
  <color>
   Оранжевый
  </color>
  <material>
   Нейлон
  </material>
  <price>
   364403
  </price>
  <rating>
   2.1
  </rating>
  <reviews>
   902655
  </reviews>
  <new>
   -
  </new>
  <sporty>
   no
  </sporty>
 </clothing>
 <clothing>
  <id>
   808224259
  </id>
  <name>
   Adidas Shoes T-3994
  </name>
  <category>
   Shoes
  </category>
  <size>
   M
  </size>
  <color>
   Красный
  </color>
  <material>
   Вискоза
  </material>
  <price>
   375945
  </price>
  <rating>
   1.52
  </rating>
  <reviews>
   830763
  </reviews>
  <new>
   -
  </new>
  <exclusive>
   no
  </exclusive>
  <sporty>
   no
  </sporty>
 </clothing>
 <clothing>
  <id>
   886454637
  </id>
  <name>
   Vans Gloves U-2929
  </name>
  <category>
   Gloves
  </category>
  <size>
   XL
  </size>
  <color>
   Зеленый
  </color>
  <material>
   Лен
  </material>
  <price>
   224027
  </price>
  <rating>
   1.05
  </rating>
  <reviews>
   408117
  </reviews>
 </clothing>
 <clothing>
  <id>
   563742000
  </id>
  <name>
   Adidas Umbrellas U-6813
  </name>
  <category>
   Umbrellas
  </category>
  <size>
   M
  </size>
  <color>
   Голубой
  </color>
  <material>
   Лен
  </material>
  <price>
   683877
  </price>
  <rating>
   1.13
  </rating>
  <reviews>
   716559
  </reviews>
  <new>
   -
  </new>
  <sporty>
   yes
  </sporty>
 </clothing>
 <clothing>
  <id>
   929009428
  </id>
  <name>
   DC Hat W-6033
  </name>
  <category>
   Hat
  </category>
  <size>
   XL
  </size>
  <color>
   Синий
  </color>
  <material>
   Шелк
  </material>
  <price>
   159703
  </price>
  <rating>
   2.06
  </rating>
  <reviews>
   784850
  </reviews>
  <new>
   +
  </new>
  <exclusive>
   yes
  </exclusive>
 </clothing>
 <clothing>
  <id>
   887201191
  </id>
  <name>
   Reebok Jeans R-3057
  </name>
  <category>
   Jeans
  </category>
  <size>
   XL
  </size>
  <color>
   Фиолетовый
  </color>
  <material>
   Вискоза
  </material>
  <price>
   123237
  </price>
  <rating>
   4.67
  </rating>
  <reviews>
   795537
  </reviews>
  <sporty>
   yes
  </sporty>
 </clothing>
 <clothing>
  <id>
   662741331
  </id>
  <name>
   Nike Belts O-3500
  </name>
  <category>
   Belts
  </category>
  <size>
   S
  </size>
  <color>
   Зеленый
  </color>
  <material>
   Лен
  </material>
  <price>
   702600
  </price>
  <rating>
   4.83
  </rating>
  <reviews>
   175501
  </reviews>
  <exclusive>
   no
  </exclusive>
 </clothing>
 <clothing>
  <id>
   762821349
  </id>
  <name>
   Ellesse Jacket A-4723
  </name>
  <category>
   Jacket
  </category>
  <size>
   L
  </size>
  <color>
   Желтый
  </color>
  <material>
   Кожа
  </material>
  <price>
   441760
  </price>
  <rating>
   3.78
  </rating>
  <reviews>
   885204
  </reviews>
  <new>
   -
  </new>
  <exclusive>
   no
  </exclusive>
  <sporty>
   no
  </sporty>
 </clothing>
 <clothing>
  <id>
   767208999
  </id>
  <name>
   New Balance Dress U-1664
  </name>
  <category>
   Dress
  </category>
  <size>
   XL
  </size>
  <color>
   Голубой
  </color>
  <material>
   Вискоза
  </material>
  <price>
   785507
  </price>
  <rating>
   4.66
  </rating>
  <reviews>
   188751
  </reviews>
  <sporty>
   yes
  </sporty>
 </clothing>
 <clothing>
  <id>
   207362740
  </id>
  <name>
   DC Dress S-5055
  </name>
  <category>
   Dress
  </category>
  <size>
   M
  </size>
  <color>
   Желтый
  </color>
  <material>
   Шерсть
  </material>
  <price>
   704052
  </price>
  <rating>
   4.82
  </rating>
  <reviews>
   485107
  </reviews>
  <new>
   -
  </new>
 </clothing>
 <clothing>
  <id>
   354182071
  </id>
  <name>
   Brooks Handbags D-7585
  </name>
  <category>
   Handbags
  </category>
  <size>
   M
  </size>
  <color>
   Оранжевый
  </color>
  <material>
   Кожа
  </material>
  <price>
   678031
  </price>
  <rating>
   3.62
  </rating>
  <reviews>
   216649
  </reviews>
  <new>
   +
  </new>
  <sporty>
   no
  </sporty>
 </clothing>
 <clothing>
  <id>
   930790774
  </id>
  <name>
   Lacoste Sweater C-8440
  </name>
  <category>
   Sweater
  </category>
  <size>
   L
  </size>
  <color>
   Оранжевый
  </color>
  <material>
   Шелк
  </material>
  <price>
   638815
  </price>
  <rating>
   4.58
  </rating>
  <reviews>
   95160
  </reviews>
  <new>
   -
  </new>
  <sporty>
   no
  </sporty>
 </clothing>
</clothing-items>
