<?xml version="1.0" encoding="utf-8"?>
<clothing-items>
 <clothing>
  <id>
   706075884
  </id>
  <name>
   Reebok Skirt Y-4463
  </name>
  <category>
   Skirt
  </category>
  <size>
   L
  </size>
  <color>
   Оранжевый
  </color>
  <material>
   Кожа
  </material>
  <price>
   955029
  </price>
  <rating>
   4.82
  </rating>
  <reviews>
   216519
  </reviews>
  <new>
   -
  </new>
 </clothing>
 <clothing>
  <id>
   326570340
  </id>
  <name>
   Puma Umbrellas G-5286
  </name>
  <category>
   Umbrellas
  </category>
  <size>
   S
  </size>
  <color>
   Зеленый
  </color>
  <material>
   Шелк
  </material>
  <price>
   460318
  </price>
  <rating>
   4.96
  </rating>
  <reviews>
   46657
  </reviews>
  <sporty>
   no
  </sporty>
 </clothing>
 <clothing>
  <id>
   307324005
  </id>
  <name>
   Nike Gloves P-5839
  </name>
  <category>
   Gloves
  </category>
  <size>
   XL
  </size>
  <color>
   Зеленый
  </color>
  <material>
   Вискоза
  </material>
  <price>
   656638
  </price>
  <rating>
   1.06
  </rating>
  <reviews>
   911138
  </reviews>
  <new>
   -
  </new>
  <exclusive>
   yes
  </exclusive>
  <sporty>
   no
  </sporty>
 </clothing>
 <clothing>
  <id>
   682936444
  </id>
  <name>
   Nike Blouse M-3195
  </name>
  <category>
   Blouse
  </category>
  <size>
   M
  </size>
  <color>
   Оранжевый
  </color>
  <material>
   Нейлон
  </material>
  <price>
   728640
  </price>
  <rating>
   2.11
  </rating>
  <reviews>
   280461
  </reviews>
  <exclusive>
   no
  </exclusive>
  <sporty>
   no
  </sporty>
 </clothing>
 <clothing>
  <id>
   607791319
  </id>
  <name>
   Under Armour Umbrellas R-3971
  </name>
  <category>
   Umbrellas
  </category>
  <size>
   XL
  </size>
  <color>
   Голубой
  </color>
  <material>
   Лен
  </material>
  <price>
   554443
  </price>
  <rating>
   3.07
  </rating>
  <reviews>
   313611
  </reviews>
  <new>
   -
  </new>
  <exclusive>
   yes
  </exclusive>
  <sporty>
   no
  </sporty>
 </clothing>
 <clothing>
  <id>
   354868155
  </id>
  <name>
   Lacoste Jeans A-2320
  </name>
  <category>
   Jeans
  </category>
  <size>
   M
  </size>
  <color>
   Оранжевый
  </color>
  <material>
   Кожа
  </material>
  <price>
   427087
  </price>
  <rating>
   3.87
  </rating>
  <reviews>
   853309
  </reviews>
  <exclusive>
   no
  </exclusive>
 </clothing>
 <clothing>
  <id>
   384711778
  </id>
  <name>
   Nike Handbags T-8713
  </name>
  <category>
   Handbags
  </category>
  <size>
   XXL
  </size>
  <color>
   Красный
  </color>
  <material>
   Полиэстер
  </material>
  <price>
   787755
  </price>
  <rating>
   4.42
  </rating>
  <reviews>
   1051
  </reviews>
  <exclusive>
   yes
  </exclusive>
  <sporty>
   no
  </sporty>
 </clothing>
 <clothing>
  <id>
   783786959
  </id>
  <name>
   DC Dress P-2672
  </name>
  <category>
   Dress
  </category>
  <size>
   XL
  </size>
  <color>
   Фиолетовый
  </color>
  <material>
   Хлопок
  </material>
  <price>
   387358
  </price>
  <rating>
   4.41
  </rating>
  <reviews>
   914724
  </reviews>
  <new>
   -
  </new>
  <exclusive>
   yes
  </exclusive>
 </clothing>
 <clothing>
  <id>
   498163608
  </id>
  <name>
   Puma Handbags Y-7282
  </name>
  <category>
   Handbags
  </category>
  <size>
   XL
  </size>
  <color>
   Фиолетовый
  </color>
  <material>
   Шелк
  </material>
  <price>
   485675
  </price>
  <rating>
   1.94
  </rating>
  <reviews>
   652884
  </reviews>
  <new>
   +
  </new>
  <sporty>
   no
  </sporty>
 </clothing>
 <clothing>
  <id>
   675677275
  </id>
  <name>
   Vans Belts C-8902
  </name>
  <category>
   Belts
  </category>
  <size>
   M
  </size>
  <color>
   Оранжевый
  </color>
  <material>
   Лен
  </material>
  <price>
   622370
  </price>
  <rating>
   1.32
  </rating>
  <reviews>
   941476
  </reviews>
  <new>
   -
  </new>
  <sporty>
   no
  </sporty>
 </clothing>
 <clothing>
  <id>
   132683636
  </id>
  <name>
   Asics Gloves K-3376
  </name>
  <category>
   Gloves
  </category>
  <size>
   M
  </size>
  <color>
   Желтый
  </color>
  <material>
   Лен
  </material>
  <price>
   104989
  </price>
  <rating>
   1.45
  </rating>
  <reviews>
   936971
  </reviews>
  <new>
   +
  </new>
  <exclusive>
   no
  </exclusive>
  <sporty>
   no
  </sporty>
 </clothing>
 <clothing>
  <id>
   110452157
  </id>
  <name>
   Asics Handbags L-1607
  </name>
  <category>
   Handbags
  </category>
  <size>
   S
  </size>
  <color>
   Фиолетовый
  </color>
  <material>
   Шелк
  </material>
  <price>
   798858
  </price>
  <rating>
   3.17
  </rating>
  <reviews>
   197012
  </reviews>
  <sporty>
   no
  </sporty>
 </clothing>
 <clothing>
  <id>
   233096997
  </id>
  <name>
   Vans Hat T-6728
  </name>
  <category>
   Hat
  </category>
  <size>
   M
  </size>
  <color>
   Оранжевый
  </color>
  <material>
   Нейлон
  </material>
  <price>
   571440
  </price>
  <rating>
   1.03
  </rating>
  <reviews>
   150914
  </reviews>
  <new>
   -
  </new>
  <exclusive>
   yes
  </exclusive>
 </clothing>
 <clothing>
  <id>
   154126057
  </id>
  <name>
   Adidas Shirt U-8418
  </name>
  <category>
   Shirt
  </category>
  <size>
   L
  </size>
  <color>
   Желтый
  </color>
  <material>
   Шерсть
  </material>
  <price>
   990370
  </price>
  <rating>
   1.79
  </rating>
  <reviews>
   908522
  </reviews>
 </clothing>
 <clothing>
  <id>
   925530138
  </id>
  <name>
   Reebok Skirt M-9068
  </name>
  <category>
   Skirt
  </category>
  <size>
   S
  </size>
  <color>
   Голубой
  </color>
  <material>
   Нейлон
  </material>
  <price>
   683337
  </price>
  <rating>
   1.51
  </rating>
  <reviews>
   743527
  </reviews>
  <new>
   -
  </new>
  <exclusive>
   no
  </exclusive>
  <sporty>
   yes
  </sporty>
 </clothing>
 <clothing>
  <id>
   282722341
  </id>
  <name>
   Puma Shoes L-5627
  </name>
  <category>
   Shoes
  </category>
  <size>
   XL
  </size>
  <color>
   Красный
  </color>
  <material>
   Кожа
  </material>
  <price>
   669410
  </price>
  <rating>
   4.89
  </rating>
  <reviews>
   253074
  </reviews>
 </clothing>
 <clothing>
  <id>
   436096642
  </id>
  <name>
   Asics Hat Q-6943
  </name>
  <category>
   Hat
  </category>
  <size>
   XL
  </size>
  <color>
   Синий
  </color>
  <material>
   Вискоза
  </material>
  <price>
   434428
  </price>
  <rating>
   4.09
  </rating>
  <reviews>
   138844
  </reviews>
  <new>
   -
  </new>
  <exclusive>
   yes
  </exclusive>
  <sporty>
   no
  </sporty>
 </clothing>
 <clothing>
  <id>
   629846547
  </id>
  <name>
   Converse Shirt N-9399
  </name>
  <category>
   Shirt
  </category>
  <size>
   L
  </size>
  <color>
   Красный
  </color>
  <material>
   Вискоза
  </material>
  <price>
   556006
  </price>
  <rating>
   1.24
  </rating>
  <reviews>
   169073
  </reviews>
  <new>
   +
  </new>
  <sporty>
   yes
  </sporty>
 </clothing>
 <clothing>
  <id>
   796920113
  </id>
  <name>
   Reebok Shirt O-9418
  </name>
  <category>
   Shirt
  </category>
  <size>
   S
  </size>
  <color>
   Голубой
  </color>
  <material>
   Шерсть
  </material>
  <price>
   564752
  </price>
  <rating>
   1.22
  </rating>
  <reviews>
   846845
  </reviews>
  <sporty>
   yes
  </sporty>
 </clothing>
 <clothing>
  <id>
   928983800
  </id>
  <name>
   New Balance Belts R-7334
  </name>
  <category>
   Belts
  </category>
  <size>
   S
  </size>
  <color>
   Синий
  </color>
  <material>
   Кожа
  </material>
  <price>
   725276
  </price>
  <rating>
   4.76
  </rating>
  <reviews>
   718245
  </reviews>
  <new>
   -
  </new>
  <exclusive>
   no
  </exclusive>
  <sporty>
   no
  </sporty>
 </clothing>
 <clothing>
  <id>
   465531778
  </id>
  <name>
   Fila Pants H-8229
  </name>
  <category>
   Pants
  </category>
  <size>
   XXL
  </size>
  <color>
   Голубой
  </color>
  <material>
   Шелк
  </material>
  <price>
   263834
  </price>
  <rating>
   1.5
  </rating>
  <reviews>
   271301
  </reviews>
  <new>
   -
  </new>
  <exclusive>
   no
  </exclusive>
  <sporty>
   no
  </sporty>
 </clothing>
 <clothing>
  <id>
   204093028
  </id>
  <name>
   Addidas Socks K-4137
  </name>
  <category>
   Socks
  </category>
  <size>
   XXL
  </size>
  <color>
   Зеленый
  </color>
  <material>
   Лен
  </material>
  <price>
   588459
  </price>
  <rating>
   2.5
  </rating>
  <reviews>
   778486
  </reviews>
  <sporty>
   yes
  </sporty>
 </clothing>
 <clothing>
  <id>
   378183203
  </id>
  <name>
   PleinSport Blouse L-7686
  </name>
  <category>
   Blouse
  </category>
  <size>
   L
  </size>
  <color>
   Фиолетовый
  </color>
  <material>
   Шерсть
  </material>
  <price>
   752033
  </price>
  <rating>
   2.02
  </rating>
  <reviews>
   516348
  </reviews>
  <new>
   -
  </new>
  <sporty>
   no
  </sporty>
 </clothing>
 <clothing>
  <id>
   877513586
  </id>
  <name>
   Lacoste Shoes F-9387
  </name>
  <category>
   Shoes
  </category>
  <size>
   L
  </size>
  <color>
   Фиолетовый
  </color>
  <material>
   Хлопок
  </material>
  <price>
   933149
  </price>
  <rating>
   4.64
  </rating>
  <reviews>
   741611
  </reviews>
  <new>
   -
  </new>
  <exclusive>
   yes
  </exclusive>
  <sporty>
   no
  </sporty>
 </clothing>
 <clothing>
  <id>
   370967032
  </id>
  <name>
   Asics Blouse B-9314
  </name>
  <category>
   Blouse
  </category>
  <size>
   XXL
  </size>
  <color>
   Оранжевый
  </color>
  <material>
   Шелк
  </material>
  <price>
   528081
  </price>
  <rating>
   1.59
  </rating>
  <reviews>
   960606
  </reviews>
  <exclusive>
   yes
  </exclusive>
  <sporty>
   no
  </sporty>
 </clothing>
 <clothing>
  <id>
   978154772
  </id>
  <name>
   Addidas Shirt K-4003
  </name>
  <category>
   Shirt
  </category>
  <size>
   S
  </size>
  <color>
   Желтый
  </color>
  <material>
   Лен
  </material>
  <price>
   641261
  </price>
  <rating>
   3.58
  </rating>
  <reviews>
   381566
  </reviews>
  <sporty>
   no
  </sporty>
 </clothing>
 <clothing>
  <id>
   491659844
  </id>
  <name>
   New Balance Blouse P-8542
  </name>
  <category>
   Blouse
  </category>
  <size>
   XXL
  </size>
  <color>
   Зеленый
  </color>
  <material>
   Кожа
  </material>
  <price>
   584713
  </price>
  <rating>
   2.84
  </rating>
  <reviews>
   906336
  </reviews>
  <exclusive>
   no
  </exclusive>
  <sporty>
   yes
  </sporty>
 </clothing>
 <clothing>
  <id>
   463037955
  </id>
  <name>
   Converse Jacket M-4458
  </name>
  <category>
   Jacket
  </category>
  <size>
   XL
  </size>
  <color>
   Оранжевый
  </color>
  <material>
   Хлопок
  </material>
  <price>
   650588
  </price>
  <rating>
   4.18
  </rating>
  <reviews>
   645277
  </reviews>
  <new>
   +
  </new>
 </clothing>
 <clothing>
  <id>
   913402698
  </id>
  <name>
   Addidas Shoes C-3570
  </name>
  <category>
   Shoes
  </category>
  <size>
   L
  </size>
  <color>
   Желтый
  </color>
  <material>
   Лен
  </material>
  <price>
   655480
  </price>
  <rating>
   1.71
  </rating>
  <reviews>
   183487
  </reviews>
  <new>
   +
  </new>
 </clothing>
 <clothing>
  <id>
   545003080
  </id>
  <name>
   Converse Hat W-6816
  </name>
  <category>
   Hat
  </category>
  <size>
   XXL
  </size>
  <color>
   Желтый
  </color>
  <material>
   Кожа
  </material>
  <price>
   598203
  </price>
  <rating>
   4.55
  </rating>
  <reviews>
   207966
  </reviews>
  <exclusive>
   no
  </exclusive>
  <sporty>
   no
  </sporty>
 </clothing>
 <clothing>
  <id>
   305964220
  </id>
  <name>
   Ellesse Pants F-6509
  </name>
  <category>
   Pants
  </category>
  <size>
   XL
  </size>
  <color>
   Зеленый
  </color>
  <material>
   Кожа
  </material>
  <price>
   426511
  </price>
  <rating>
   1.18
  </rating>
  <reviews>
   16302
  </reviews>
  <new>
   +
  </new>
 </clothing>
 <clothing>
  <id>
   975080552
  </id>
  <name>
   Adidas Sweater G-7844
  </name>
  <category>
   Sweater
  </category>
  <size>
   XL
  </size>
  <color>
   Оранжевый
  </color>
  <material>
   Хлопок
  </material>
  <price>
   568071
  </price>
  <rating>
   2.06
  </rating>
  <reviews>
   601769
  </reviews>
  <new>
   +
  </new>
 </clothing>
 <clothing>
  <id>
   888421386
  </id>
  <name>
   Puma Dress S-3758
  </name>
  <category>
   Dress
  </category>
  <size>
   XXL
  </size>
  <color>
   Синий
  </color>
  <material>
   Нейлон
  </material>
  <price>
   600263
  </price>
  <rating>
   1.24
  </rating>
  <reviews>
   499230
  </reviews>
  <new>
   -
  </new>
  <sporty>
   yes
  </sporty>
 </clothing>
 <clothing>
  <id>
   739248175
  </id>
  <name>
   Fila Umbrellas O-6378
  </name>
  <category>
   Umbrellas
  </category>
  <size>
   L
  </size>
  <color>
   Голубой
  </color>
  <material>
   Шерсть
  </material>
  <price>
   720977
  </price>
  <rating>
   2.25
  </rating>
  <reviews>
   39701
  </reviews>
  <new>
   -
  </new>
 </clothing>
 <clothing>
  <id>
   297169539
  </id>
  <name>
   Brooks Jeans K-7833
  </name>
  <category>
   Jeans
  </category>
  <size>
   M
  </size>
  <color>
   Красный
  </color>
  <material>
   Вискоза
  </material>
  <price>
   246653
  </price>
  <rating>
   4.21
  </rating>
  <reviews>
   495734
  </reviews>
  <new>
   -
  </new>
  <exclusive>
   no
  </exclusive>
 </clothing>
 <clothing>
  <id>
   784832280
  </id>
  <name>
   Vans Dress Y-5719
  </name>
  <category>
   Dress
  </category>
  <size>
   S
  </size>
  <color>
   Фиолетовый
  </color>
  <material>
   Шелк
  </material>
  <price>
   310855
  </price>
  <rating>
   2.74
  </rating>
  <reviews>
   999505
  </reviews>
  <exclusive>
   no
  </exclusive>
  <sporty>
   no
  </sporty>
 </clothing>
 <clothing>
  <id>
   752666902
  </id>
  <name>
   Asics Sweater M-5627
  </name>
  <category>
   Sweater
  </category>
  <size>
   S
  </size>
  <color>
   Зеленый
  </color>
  <material>
   Шелк
  </material>
  <price>
   631408
  </price>
  <rating>
   4.85
  </rating>
  <reviews>
   196308
  </reviews>
  <exclusive>
   no
  </exclusive>
  <sporty>
   yes
  </sporty>
 </clothing>
 <clothing>
  <id>
   362451433
  </id>
  <name>
   Brooks Blouse Q-5247
  </name>
  <category>
   Blouse
  </category>
  <size>
   L
  </size>
  <color>
   Желтый
  </color>
  <material>
   Лен
  </material>
  <price>
   270299
  </price>
  <rating>
   1.28
  </rating>
  <reviews>
   657741
  </reviews>
  <new>
   +
  </new>
  <exclusive>
   yes
  </exclusive>
 </clothing>
 <clothing>
  <id>
   186397791
  </id>
  <name>
   New Balance Blouse Y-7095
  </name>
  <category>
   Blouse
  </category>
  <size>
   S
  </size>
  <color>
   Фиолетовый
  </color>
  <material>
   Полиэстер
  </material>
  <price>
   848585
  </price>
  <rating>
   3.97
  </rating>
  <reviews>
   754364
  </reviews>
  <new>
   +
  </new>
  <sporty>
   no
  </sporty>
 </clothing>
 <clothing>
  <id>
   797201536
  </id>
  <name>
   Brooks T-shirt I-5307
  </name>
  <category>
   T-shirt
  </category>
  <size>
   XL
  </size>
  <color>
   Синий
  </color>
  <material>
   Шерсть
  </material>
  <price>
   674849
  </price>
  <rating>
   3.54
  </rating>
  <reviews>
   578457
  </reviews>
  <sporty>
   no
  </sporty>
 </clothing>
 <clothing>
  <id>
   164344418
  </id>
  <name>
   Addidas Dress L-7896
  </name>
  <category>
   Dress
  </category>
  <size>
   L
  </size>
  <color>
   Голубой
  </color>
  <material>
   Вискоза
  </material>
  <price>
   746274
  </price>
  <rating>
   2.75
  </rating>
  <reviews>
   409290
  </reviews>
 </clothing>
 <clothing>
  <id>
   890386052
  </id>
  <name>
   Brooks Jeans L-6447
  </name>
  <category>
   Jeans
  </category>
  <size>
   M
  </size>
  <color>
   Синий
  </color>
  <material>
   Хлопок
  </material>
  <price>
   647061
  </price>
  <rating>
   3.74
  </rating>
  <reviews>
   861554
  </reviews>
  <new>
   +
  </new>
 </clothing>
 <clothing>
  <id>
   604135265
  </id>
  <name>
   Brooks Jeans B-9788
  </name>
  <category>
   Jeans
  </category>
  <size>
   S
  </size>
  <color>
   Фиолетовый
  </color>
  <material>
   Шелк
  </material>
  <price>
   171372
  </price>
  <rating>
   1.21
  </rating>
  <reviews>
   81314
  </reviews>
  <new>
   +
  </new>
 </clothing>
 <clothing>
  <id>
   304749118
  </id>
  <name>
   Reebok Handbags L-3591
  </name>
  <category>
   Handbags
  </category>
  <size>
   XXL
  </size>
  <color>
   Синий
  </color>
  <material>
   Полиэстер
  </material>
  <price>
   988560
  </price>
  <rating>
   1.34
  </rating>
  <reviews>
   614009
  </reviews>
  <sporty>
   yes
  </sporty>
 </clothing>
 <clothing>
  <id>
   547607429
  </id>
  <name>
   Brooks Sweater E-4943
  </name>
  <category>
   Sweater
  </category>
  <size>
   XXL
  </size>
  <color>
   Синий
  </color>
  <material>
   Лен
  </material>
  <price>
   414783
  </price>
  <rating>
   4.62
  </rating>
  <reviews>
   690148
  </reviews>
 </clothing>
 <clothing>
  <id>
   149530818
  </id>
  <name>
   Nike Socks W-3106
  </name>
  <category>
   Socks
  </category>
  <size>
   S
  </size>
  <color>
   Зеленый
  </color>
  <material>
   Хлопок
  </material>
  <price>
   373100
  </price>
  <rating>
   2.75
  </rating>
  <reviews>
   507432
  </reviews>
  <new>
   +
  </new>
  <exclusive>
   no
  </exclusive>
 </clothing>
 <clothing>
  <id>
   188849956
  </id>
  <name>
   PleinSport Shoes B-9990
  </name>
  <category>
   Shoes
  </category>
  <size>
   XL
  </size>
  <color>
   Голубой
  </color>
  <material>
   Кожа
  </material>
  <price>
   771582
  </price>
  <rating>
   4.79
  </rating>
  <reviews>
   880764
  </reviews>
  <new>
   -
  </new>
 </clothing>
 <clothing>
  <id>
   295078059
  </id>
  <name>
   DC Jacket P-6725
  </name>
  <category>
   Jacket
  </category>
  <size>
   M
  </size>
  <color>
   Красный
  </color>
  <material>
   Лен
  </material>
  <price>
   254370
  </price>
  <rating>
   2.62
  </rating>
  <reviews>
   566091
  </reviews>
  <new>
   -
  </new>
  <exclusive>
   no
  </exclusive>
 </clothing>
 <clothing>
  <id>
   586880653
  </id>
  <name>
   Brooks Pants J-1569
  </name>
  <category>
   Pants
  </category>
  <size>
   XXL
  </size>
  <color>
   Желтый
  </color>
  <material>
   Шелк
  </material>
  <price>
   508655
  </price>
  <rating>
   2.02
  </rating>
  <reviews>
   892415
  </reviews>
  <sporty>
   no
  </sporty>
 </clothing>
 <clothing>
  <id>
   901298813
  </id>
  <name>
   New Balance Sweater B-3547
  </name>
  <category>
   Sweater
  </category>
  <size>
   XXL
  </size>
  <color>
   Красный
  </color>
  <material>
   Шелк
  </material>
  <price>
   892909
  </price>
  <rating>
   2.34
  </rating>
  <reviews>
   309362
  </reviews>
  <new>
   +
  </new>
  <exclusive>
   no
  </exclusive>
 </clothing>
</clothing-items>
