<?xml version="1.0" encoding="utf-8"?>
<clothing-items>
 <clothing>
  <id>
   282286031
  </id>
  <name>
   New Balance Skirt X-3822
  </name>
  <category>
   Skirt
  </category>
  <size>
   XL
  </size>
  <color>
   Желтый
  </color>
  <material>
   Хлопок
  </material>
  <price>
   628580
  </price>
  <rating>
   3.49
  </rating>
  <reviews>
   543347
  </reviews>
  <sporty>
   yes
  </sporty>
 </clothing>
 <clothing>
  <id>
   650042829
  </id>
  <name>
   Reebok Pants W-9922
  </name>
  <category>
   Pants
  </category>
  <size>
   M
  </size>
  <color>
   Красный
  </color>
  <material>
   Шерсть
  </material>
  <price>
   124706
  </price>
  <rating>
   3.54
  </rating>
  <reviews>
   887966
  </reviews>
 </clothing>
 <clothing>
  <id>
   443505213
  </id>
  <name>
   Vans Shirt M-8518
  </name>
  <category>
   Shirt
  </category>
  <size>
   S
  </size>
  <color>
   Красный
  </color>
  <material>
   Шелк
  </material>
  <price>
   388219
  </price>
  <rating>
   1.88
  </rating>
  <reviews>
   457570
  </reviews>
  <exclusive>
   yes
  </exclusive>
  <sporty>
   no
  </sporty>
 </clothing>
 <clothing>
  <id>
   535770804
  </id>
  <name>
   Converse Dress N-4378
  </name>
  <category>
   Dress
  </category>
  <size>
   XXL
  </size>
  <color>
   Синий
  </color>
  <material>
   Нейлон
  </material>
  <price>
   616204
  </price>
  <rating>
   1.35
  </rating>
  <reviews>
   816852
  </reviews>
  <new>
   -
  </new>
  <exclusive>
   no
  </exclusive>
  <sporty>
   yes
  </sporty>
 </clothing>
 <clothing>
  <id>
   107965169
  </id>
  <name>
   Lacoste Gloves H-9164
  </name>
  <category>
   Gloves
  </category>
  <size>
   XL
  </size>
  <color>
   Фиолетовый
  </color>
  <material>
   Лен
  </material>
  <price>
   747110
  </price>
  <rating>
   3.67
  </rating>
  <reviews>
   970845
  </reviews>
  <new>
   -
  </new>
  <exclusive>
   yes
  </exclusive>
  <sporty>
   yes
  </sporty>
 </clothing>
 <clothing>
  <id>
   487398416
  </id>
  <name>
   Reebok Gloves Z-6449
  </name>
  <category>
   Gloves
  </category>
  <size>
   XL
  </size>
  <color>
   Синий
  </color>
  <material>
   Полиэстер
  </material>
  <price>
   156533
  </price>
  <rating>
   4.36
  </rating>
  <reviews>
   655370
  </reviews>
 </clothing>
 <clothing>
  <id>
   339385515
  </id>
  <name>
   New Balance Skirt K-4343
  </name>
  <category>
   Skirt
  </category>
  <size>
   XL
  </size>
  <color>
   Зеленый
  </color>
  <material>
   Нейлон
  </material>
  <price>
   539813
  </price>
  <rating>
   1.07
  </rating>
  <reviews>
   84060
  </reviews>
  <exclusive>
   yes
  </exclusive>
  <sporty>
   no
  </sporty>
 </clothing>
 <clothing>
  <id>
   621413499
  </id>
  <name>
   Asics Handbags Y-5069
  </name>
  <category>
   Handbags
  </category>
  <size>
   M
  </size>
  <color>
   Зеленый
  </color>
  <material>
   Нейлон
  </material>
  <price>
   612668
  </price>
  <rating>
   4.5
  </rating>
  <reviews>
   393164
  </reviews>
  <new>
   -
  </new>
  <sporty>
   yes
  </sporty>
 </clothing>
 <clothing>
  <id>
   637830263
  </id>
  <name>
   Under Armour Socks D-7004
  </name>
  <category>
   Socks
  </category>
  <size>
   M
  </size>
  <color>
   Фиолетовый
  </color>
  <material>
   Шерсть
  </material>
  <price>
   211850
  </price>
  <rating>
   2.51
  </rating>
  <reviews>
   816421
  </reviews>
  <new>
   +
  </new>
  <sporty>
   yes
  </sporty>
 </clothing>
 <clothing>
  <id>
   916871283
  </id>
  <name>
   Fila Umbrellas Y-2986
  </name>
  <category>
   Umbrellas
  </category>
  <size>
   S
  </size>
  <color>
   Желтый
  </color>
  <material>
   Хлопок
  </material>
  <price>
   270874
  </price>
  <rating>
   4.25
  </rating>
  <reviews>
   42418
  </reviews>
  <exclusive>
   no
  </exclusive>
  <sporty>
   no
  </sporty>
 </clothing>
 <clothing>
  <id>
   749298114
  </id>
  <name>
   PleinSport Umbrellas V-2897
  </name>
  <category>
   Umbrellas
  </category>
  <size>
   XL
  </size>
  <color>
   Оранжевый
  </color>
  <material>
   Шерсть
  </material>
  <price>
   573831
  </price>
  <rating>
   4.68
  </rating>
  <reviews>
   905312
  </reviews>
  <exclusive>
   yes
  </exclusive>
 </clothing>
 <clothing>
  <id>
   146045930
  </id>
  <name>
   Adidas Dress H-5819
  </name>
  <category>
   Dress
  </category>
  <size>
   S
  </size>
  <color>
   Голубой
  </color>
  <material>
   Полиэстер
  </material>
  <price>
   444851
  </price>
  <rating>
   3.27
  </rating>
  <reviews>
   404989
  </reviews>
  <new>
   -
  </new>
  <sporty>
   no
  </sporty>
 </clothing>
 <clothing>
  <id>
   156023176
  </id>
  <name>
   Addidas Blouse I-8454
  </name>
  <category>
   Blouse
  </category>
  <size>
   XXL
  </size>
  <color>
   Фиолетовый
  </color>
  <material>
   Нейлон
  </material>
  <price>
   486947
  </price>
  <rating>
   4.58
  </rating>
  <reviews>
   564132
  </reviews>
  <exclusive>
   no
  </exclusive>
 </clothing>
 <clothing>
  <id>
   142511649
  </id>
  <name>
   Nike Hat A-3204
  </name>
  <category>
   Hat
  </category>
  <size>
   M
  </size>
  <color>
   Красный
  </color>
  <material>
   Вискоза
  </material>
  <price>
   486886
  </price>
  <rating>
   2.7
  </rating>
  <reviews>
   640356
  </reviews>
  <exclusive>
   no
  </exclusive>
  <sporty>
   yes
  </sporty>
 </clothing>
 <clothing>
  <id>
   915968775
  </id>
  <name>
   PleinSport Sweater L-1968
  </name>
  <category>
   Sweater
  </category>
  <size>
   L
  </size>
  <color>
   Желтый
  </color>
  <material>
   Шелк
  </material>
  <price>
   693717
  </price>
  <rating>
   3.32
  </rating>
  <reviews>
   194723
  </reviews>
  <new>
   -
  </new>
 </clothing>
 <clothing>
  <id>
   840900905
  </id>
  <name>
   Fila Umbrellas S-6283
  </name>
  <category>
   Umbrellas
  </category>
  <size>
   XL
  </size>
  <color>
   Голубой
  </color>
  <material>
   Полиэстер
  </material>
  <price>
   295038
  </price>
  <rating>
   2.12
  </rating>
  <reviews>
   412251
  </reviews>
  <new>
   +
  </new>
  <sporty>
   yes
  </sporty>
 </clothing>
 <clothing>
  <id>
   394855150
  </id>
  <name>
   Fila Gloves M-6636
  </name>
  <category>
   Gloves
  </category>
  <size>
   XXL
  </size>
  <color>
   Красный
  </color>
  <material>
   Шелк
  </material>
  <price>
   308800
  </price>
  <rating>
   3.7
  </rating>
  <reviews>
   427462
  </reviews>
  <new>
   -
  </new>
  <sporty>
   no
  </sporty>
 </clothing>
 <clothing>
  <id>
   185041365
  </id>
  <name>
   Fila Shoes B-1519
  </name>
  <category>
   Shoes
  </category>
  <size>
   XXL
  </size>
  <color>
   Фиолетовый
  </color>
  <material>
   Лен
  </material>
  <price>
   591936
  </price>
  <rating>
   1.34
  </rating>
  <reviews>
   483852
  </reviews>
  <new>
   +
  </new>
  <exclusive>
   yes
  </exclusive>
  <sporty>
   no
  </sporty>
 </clothing>
 <clothing>
  <id>
   839118015
  </id>
  <name>
   Converse Gloves X-1420
  </name>
  <category>
   Gloves
  </category>
  <size>
   M
  </size>
  <color>
   Зеленый
  </color>
  <material>
   Кожа
  </material>
  <price>
   173257
  </price>
  <rating>
   1.43
  </rating>
  <reviews>
   237360
  </reviews>
  <new>
   +
  </new>
  <sporty>
   yes
  </sporty>
 </clothing>
 <clothing>
  <id>
   440663568
  </id>
  <name>
   PleinSport Shoes Y-3783
  </name>
  <category>
   Shoes
  </category>
  <size>
   L
  </size>
  <color>
   Голубой
  </color>
  <material>
   Полиэстер
  </material>
  <price>
   690459
  </price>
  <rating>
   1.18
  </rating>
  <reviews>
   335091
  </reviews>
  <exclusive>
   no
  </exclusive>
 </clothing>
 <clothing>
  <id>
   769067312
  </id>
  <name>
   Under Armour T-shirt X-9713
  </name>
  <category>
   T-shirt
  </category>
  <size>
   S
  </size>
  <color>
   Зеленый
  </color>
  <material>
   Нейлон
  </material>
  <price>
   904499
  </price>
  <rating>
   1.34
  </rating>
  <reviews>
   179881
  </reviews>
  <exclusive>
   yes
  </exclusive>
  <sporty>
   yes
  </sporty>
 </clothing>
 <clothing>
  <id>
   861059105
  </id>
  <name>
   Nike Shoes H-3049
  </name>
  <category>
   Shoes
  </category>
  <size>
   M
  </size>
  <color>
   Синий
  </color>
  <material>
   Лен
  </material>
  <price>
   183974
  </price>
  <rating>
   3.55
  </rating>
  <reviews>
   670027
  </reviews>
  <exclusive>
   no
  </exclusive>
  <sporty>
   no
  </sporty>
 </clothing>
 <clothing>
  <id>
   553003236
  </id>
  <name>
   Lacoste Sweater H-6459
  </name>
  <category>
   Sweater
  </category>
  <size>
   S
  </size>
  <color>
   Оранжевый
  </color>
  <material>
   Лен
  </material>
  <price>
   898700
  </price>
  <rating>
   3.75
  </rating>
  <reviews>
   171455
  </reviews>
  <exclusive>
   no
  </exclusive>
  <sporty>
   yes
  </sporty>
 </clothing>
 <clothing>
  <id>
   449357507
  </id>
  <name>
   Nike Gloves B-9095
  </name>
  <category>
   Gloves
  </category>
  <size>
   XL
  </size>
  <color>
   Красный
  </color>
  <material>
   Шелк
  </material>
  <price>
   488955
  </price>
  <rating>
   3.61
  </rating>
  <reviews>
   397883
  </reviews>
  <new>
   -
  </new>
 </clothing>
</clothing-items>
