<?xml version="1.0" encoding="utf-8"?>
<clothing-items>
 <clothing>
  <id>
   872976448
  </id>
  <name>
   Fila T-shirt T-3816
  </name>
  <category>
   T-shirt
  </category>
  <size>
   L
  </size>
  <color>
   Желтый
  </color>
  <material>
   Полиэстер
  </material>
  <price>
   304242
  </price>
  <rating>
   3.74
  </rating>
  <reviews>
   962861
  </reviews>
  <exclusive>
   no
  </exclusive>
  <sporty>
   no
  </sporty>
 </clothing>
 <clothing>
  <id>
   875343787
  </id>
  <name>
   Adidas Jacket E-4217
  </name>
  <category>
   Jacket
  </category>
  <size>
   XXL
  </size>
  <color>
   Оранжевый
  </color>
  <material>
   Шерсть
  </material>
  <price>
   954091
  </price>
  <rating>
   3.22
  </rating>
  <reviews>
   822005
  </reviews>
  <new>
   -
  </new>
  <exclusive>
   yes
  </exclusive>
 </clothing>
 <clothing>
  <id>
   927474902
  </id>
  <name>
   Puma Skirt H-3750
  </name>
  <category>
   Skirt
  </category>
  <size>
   XL
  </size>
  <color>
   Желтый
  </color>
  <material>
   Кожа
  </material>
  <price>
   526794
  </price>
  <rating>
   4.75
  </rating>
  <reviews>
   203641
  </reviews>
  <exclusive>
   yes
  </exclusive>
  <sporty>
   yes
  </sporty>
 </clothing>
 <clothing>
  <id>
   259190788
  </id>
  <name>
   Reebok Belts E-4100
  </name>
  <category>
   Belts
  </category>
  <size>
   XL
  </size>
  <color>
   Синий
  </color>
  <material>
   Шелк
  </material>
  <price>
   908210
  </price>
  <rating>
   4.46
  </rating>
  <reviews>
   789075
  </reviews>
  <new>
   -
  </new>
  <exclusive>
   yes
  </exclusive>
  <sporty>
   no
  </sporty>
 </clothing>
 <clothing>
  <id>
   763978066
  </id>
  <name>
   New Balance Jacket J-6152
  </name>
  <category>
   Jacket
  </category>
  <size>
   L
  </size>
  <color>
   Оранжевый
  </color>
  <material>
   Нейлон
  </material>
  <price>
   708273
  </price>
  <rating>
   1.79
  </rating>
  <reviews>
   729953
  </reviews>
  <exclusive>
   yes
  </exclusive>
  <sporty>
   yes
  </sporty>
 </clothing>
 <clothing>
  <id>
   807757189
  </id>
  <name>
   Addidas Dress J-2690
  </name>
  <category>
   Dress
  </category>
  <size>
   XXL
  </size>
  <color>
   Фиолетовый
  </color>
  <material>
   Нейлон
  </material>
  <price>
   694437
  </price>
  <rating>
   3.81
  </rating>
  <reviews>
   27128
  </reviews>
  <exclusive>
   yes
  </exclusive>
 </clothing>
 <clothing>
  <id>
   591365238
  </id>
  <name>
   Adidas Handbags X-9779
  </name>
  <category>
   Handbags
  </category>
  <size>
   M
  </size>
  <color>
   Желтый
  </color>
  <material>
   Шелк
  </material>
  <price>
   385469
  </price>
  <rating>
   3.64
  </rating>
  <reviews>
   857147
  </reviews>
  <new>
   -
  </new>
  <sporty>
   no
  </sporty>
 </clothing>
 <clothing>
  <id>
   722527286
  </id>
  <name>
   Reebok Hat Y-4427
  </name>
  <category>
   Hat
  </category>
  <size>
   L
  </size>
  <color>
   Фиолетовый
  </color>
  <material>
   Полиэстер
  </material>
  <price>
   242859
  </price>
  <rating>
   2.19
  </rating>
  <reviews>
   346623
  </reviews>
  <new>
   +
  </new>
  <exclusive>
   no
  </exclusive>
  <sporty>
   yes
  </sporty>
 </clothing>
 <clothing>
  <id>
   119385212
  </id>
  <name>
   Lacoste Pants U-6113
  </name>
  <category>
   Pants
  </category>
  <size>
   M
  </size>
  <color>
   Оранжевый
  </color>
  <material>
   Шерсть
  </material>
  <price>
   281949
  </price>
  <rating>
   2.24
  </rating>
  <reviews>
   546678
  </reviews>
  <new>
   +
  </new>
  <exclusive>
   no
  </exclusive>
  <sporty>
   yes
  </sporty>
 </clothing>
 <clothing>
  <id>
   509502684
  </id>
  <name>
   PleinSport Jeans Z-9378
  </name>
  <category>
   Jeans
  </category>
  <size>
   M
  </size>
  <color>
   Голубой
  </color>
  <material>
   Кожа
  </material>
  <price>
   664655
  </price>
  <rating>
   2.75
  </rating>
  <reviews>
   130169
  </reviews>
 </clothing>
 <clothing>
  <id>
   109199321
  </id>
  <name>
   Under Armour Skirt X-5638
  </name>
  <category>
   Skirt
  </category>
  <size>
   XL
  </size>
  <color>
   Оранжевый
  </color>
  <material>
   Вискоза
  </material>
  <price>
   324257
  </price>
  <rating>
   3.99
  </rating>
  <reviews>
   468703
  </reviews>
  <new>
   +
  </new>
  <exclusive>
   no
  </exclusive>
  <sporty>
   no
  </sporty>
 </clothing>
 <clothing>
  <id>
   203291105
  </id>
  <name>
   Puma Dress V-5461
  </name>
  <category>
   Dress
  </category>
  <size>
   M
  </size>
  <color>
   Зеленый
  </color>
  <material>
   Вискоза
  </material>
  <price>
   799442
  </price>
  <rating>
   1.87
  </rating>
  <reviews>
   334332
  </reviews>
  <new>
   -
  </new>
  <exclusive>
   no
  </exclusive>
 </clothing>
 <clothing>
  <id>
   800668259
  </id>
  <name>
   Ellesse Sweater O-5383
  </name>
  <category>
   Sweater
  </category>
  <size>
   S
  </size>
  <color>
   Фиолетовый
  </color>
  <material>
   Вискоза
  </material>
  <price>
   260486
  </price>
  <rating>
   3.97
  </rating>
  <reviews>
   434248
  </reviews>
  <sporty>
   no
  </sporty>
 </clothing>
 <clothing>
  <id>
   318887152
  </id>
  <name>
   Ellesse Socks Y-7650
  </name>
  <category>
   Socks
  </category>
  <size>
   L
  </size>
  <color>
   Оранжевый
  </color>
  <material>
   Нейлон
  </material>
  <price>
   545517
  </price>
  <rating>
   1.3
  </rating>
  <reviews>
   262350
  </reviews>
  <new>
   -
  </new>
  <sporty>
   no
  </sporty>
 </clothing>
 <clothing>
  <id>
   309595482
  </id>
  <name>
   Asics Sweater J-1244
  </name>
  <category>
   Sweater
  </category>
  <size>
   XXL
  </size>
  <color>
   Синий
  </color>
  <material>
   Полиэстер
  </material>
  <price>
   323487
  </price>
  <rating>
   1.74
  </rating>
  <reviews>
   392100
  </reviews>
  <sporty>
   no
  </sporty>
 </clothing>
 <clothing>
  <id>
   291048723
  </id>
  <name>
   Nike Blouse T-4400
  </name>
  <category>
   Blouse
  </category>
  <size>
   XL
  </size>
  <color>
   Фиолетовый
  </color>
  <material>
   Вискоза
  </material>
  <price>
   152445
  </price>
  <rating>
   2.66
  </rating>
  <reviews>
   114189
  </reviews>
 </clothing>
 <clothing>
  <id>
   891262404
  </id>
  <name>
   DC Dress T-3540
  </name>
  <category>
   Dress
  </category>
  <size>
   M
  </size>
  <color>
   Голубой
  </color>
  <material>
   Шерсть
  </material>
  <price>
   496511
  </price>
  <rating>
   1.6
  </rating>
  <reviews>
   60553
  </reviews>
  <new>
   -
  </new>
  <exclusive>
   no
  </exclusive>
 </clothing>
 <clothing>
  <id>
   138276919
  </id>
  <name>
   Brooks Gloves U-8366
  </name>
  <category>
   Gloves
  </category>
  <size>
   L
  </size>
  <color>
   Красный
  </color>
  <material>
   Шелк
  </material>
  <price>
   646287
  </price>
  <rating>
   4.52
  </rating>
  <reviews>
   826040
  </reviews>
  <new>
   -
  </new>
  <exclusive>
   no
  </exclusive>
  <sporty>
   yes
  </sporty>
 </clothing>
 <clothing>
  <id>
   269774982
  </id>
  <name>
   Reebok Pants L-5809
  </name>
  <category>
   Pants
  </category>
  <size>
   XL
  </size>
  <color>
   Оранжевый
  </color>
  <material>
   Шерсть
  </material>
  <price>
   159886
  </price>
  <rating>
   3.19
  </rating>
  <reviews>
   94428
  </reviews>
  <new>
   -
  </new>
 </clothing>
 <clothing>
  <id>
   941880637
  </id>
  <name>
   DC Hat E-7657
  </name>
  <category>
   Hat
  </category>
  <size>
   L
  </size>
  <color>
   Красный
  </color>
  <material>
   Шерсть
  </material>
  <price>
   982510
  </price>
  <rating>
   4.39
  </rating>
  <reviews>
   636550
  </reviews>
 </clothing>
 <clothing>
  <id>
   683380354
  </id>
  <name>
   New Balance Socks Q-8575
  </name>
  <category>
   Socks
  </category>
  <size>
   XXL
  </size>
  <color>
   Синий
  </color>
  <material>
   Шерсть
  </material>
  <price>
   257060
  </price>
  <rating>
   4.91
  </rating>
  <reviews>
   620206
  </reviews>
  <new>
   +
  </new>
  <exclusive>
   no
  </exclusive>
 </clothing>
 <clothing>
  <id>
   113118705
  </id>
  <name>
   Lacoste Umbrellas L-8758
  </name>
  <category>
   Umbrellas
  </category>
  <size>
   XXL
  </size>
  <color>
   Голубой
  </color>
  <material>
   Шерсть
  </material>
  <price>
   764737
  </price>
  <rating>
   1.26
  </rating>
  <reviews>
   377529
  </reviews>
  <new>
   -
  </new>
 </clothing>
 <clothing>
  <id>
   322215005
  </id>
  <name>
   New Balance Belts A-8679
  </name>
  <category>
   Belts
  </category>
  <size>
   XXL
  </size>
  <color>
   Синий
  </color>
  <material>
   Шелк
  </material>
  <price>
   801376
  </price>
  <rating>
   4.81
  </rating>
  <reviews>
   214582
  </reviews>
  <new>
   -
  </new>
  <exclusive>
   yes
  </exclusive>
 </clothing>
 <clothing>
  <id>
   316224746
  </id>
  <name>
   Puma Hat H-5136
  </name>
  <category>
   Hat
  </category>
  <size>
   XXL
  </size>
  <color>
   Зеленый
  </color>
  <material>
   Шелк
  </material>
  <price>
   521707
  </price>
  <rating>
   4.92
  </rating>
  <reviews>
   933235
  </reviews>
  <exclusive>
   yes
  </exclusive>
 </clothing>
 <clothing>
  <id>
   109189950
  </id>
  <name>
   Adidas Jeans Z-8757
  </name>
  <category>
   Jeans
  </category>
  <size>
   S
  </size>
  <color>
   Оранжевый
  </color>
  <material>
   Шелк
  </material>
  <price>
   432519
  </price>
  <rating>
   2.65
  </rating>
  <reviews>
   78646
  </reviews>
  <new>
   -
  </new>
  <exclusive>
   yes
  </exclusive>
 </clothing>
 <clothing>
  <id>
   769889159
  </id>
  <name>
   PleinSport Skirt Z-6059
  </name>
  <category>
   Skirt
  </category>
  <size>
   M
  </size>
  <color>
   Желтый
  </color>
  <material>
   Шелк
  </material>
  <price>
   171752
  </price>
  <rating>
   2.09
  </rating>
  <reviews>
   589513
  </reviews>
  <new>
   -
  </new>
  <sporty>
   yes
  </sporty>
 </clothing>
 <clothing>
  <id>
   425212227
  </id>
  <name>
   Puma Umbrellas S-3122
  </name>
  <category>
   Umbrellas
  </category>
  <size>
   S
  </size>
  <color>
   Красный
  </color>
  <material>
   Вискоза
  </material>
  <price>
   455417
  </price>
  <rating>
   2.89
  </rating>
  <reviews>
   974291
  </reviews>
  <new>
   +
  </new>
  <sporty>
   no
  </sporty>
 </clothing>
 <clothing>
  <id>
   350972385
  </id>
  <name>
   Puma Shoes M-9772
  </name>
  <category>
   Shoes
  </category>
  <size>
   S
  </size>
  <color>
   Зеленый
  </color>
  <material>
   Кожа
  </material>
  <price>
   982442
  </price>
  <rating>
   4.88
  </rating>
  <reviews>
   25871
  </reviews>
  <exclusive>
   yes
  </exclusive>
  <sporty>
   yes
  </sporty>
 </clothing>
 <clothing>
  <id>
   268435667
  </id>
  <name>
   Adidas Belts E-1542
  </name>
  <category>
   Belts
  </category>
  <size>
   M
  </size>
  <color>
   Фиолетовый
  </color>
  <material>
   Шерсть
  </material>
  <price>
   276824
  </price>
  <rating>
   1.6
  </rating>
  <reviews>
   438087
  </reviews>
  <new>
   -
  </new>
  <exclusive>
   yes
  </exclusive>
 </clothing>
 <clothing>
  <id>
   309542960
  </id>
  <name>
   Fila Shoes A-6685
  </name>
  <category>
   Shoes
  </category>
  <size>
   M
  </size>
  <color>
   Фиолетовый
  </color>
  <material>
   Кожа
  </material>
  <price>
   178147
  </price>
  <rating>
   3.73
  </rating>
  <reviews>
   55662
  </reviews>
  <new>
   -
  </new>
  <exclusive>
   no
  </exclusive>
 </clothing>
 <clothing>
  <id>
   922267342
  </id>
  <name>
   Addidas Socks H-2767
  </name>
  <category>
   Socks
  </category>
  <size>
   M
  </size>
  <color>
   Зеленый
  </color>
  <material>
   Нейлон
  </material>
  <price>
   483874
  </price>
  <rating>
   1.58
  </rating>
  <reviews>
   930915
  </reviews>
  <new>
   -
  </new>
  <sporty>
   yes
  </sporty>
 </clothing>
 <clothing>
  <id>
   885725706
  </id>
  <name>
   Nike Blouse C-4562
  </name>
  <category>
   Blouse
  </category>
  <size>
   XL
  </size>
  <color>
   Оранжевый
  </color>
  <material>
   Вискоза
  </material>
  <price>
   968616
  </price>
  <rating>
   4.35
  </rating>
  <reviews>
   959331
  </reviews>
  <new>
   -
  </new>
  <exclusive>
   no
  </exclusive>
 </clothing>
 <clothing>
  <id>
   174454724
  </id>
  <name>
   Addidas Sweater Q-3022
  </name>
  <category>
   Sweater
  </category>
  <size>
   XL
  </size>
  <color>
   Оранжевый
  </color>
  <material>
   Хлопок
  </material>
  <price>
   832531
  </price>
  <rating>
   1.32
  </rating>
  <reviews>
   318425
  </reviews>
 </clothing>
 <clothing>
  <id>
   707469908
  </id>
  <name>
   Vans Jacket D-8199
  </name>
  <category>
   Jacket
  </category>
  <size>
   M
  </size>
  <color>
   Голубой
  </color>
  <material>
   Кожа
  </material>
  <price>
   764084
  </price>
  <rating>
   3.78
  </rating>
  <reviews>
   300193
  </reviews>
  <new>
   -
  </new>
 </clothing>
 <clothing>
  <id>
   496169209
  </id>
  <name>
   Puma Shoes H-5463
  </name>
  <category>
   Shoes
  </category>
  <size>
   S
  </size>
  <color>
   Оранжевый
  </color>
  <material>
   Кожа
  </material>
  <price>
   115890
  </price>
  <rating>
   2.29
  </rating>
  <reviews>
   489318
  </reviews>
  <new>
   +
  </new>
  <sporty>
   yes
  </sporty>
 </clothing>
 <clothing>
  <id>
   764323252
  </id>
  <name>
   Under Armour Sweater A-9784
  </name>
  <category>
   Sweater
  </category>
  <size>
   XL
  </size>
  <color>
   Желтый
  </color>
  <material>
   Кожа
  </material>
  <price>
   913117
  </price>
  <rating>
   1.02
  </rating>
  <reviews>
   183675
  </reviews>
  <new>
   -
  </new>
  <exclusive>
   no
  </exclusive>
  <sporty>
   yes
  </sporty>
 </clothing>
 <clothing>
  <id>
   544601367
  </id>
  <name>
   Converse Hat I-9862
  </name>
  <category>
   Hat
  </category>
  <size>
   M
  </size>
  <color>
   Зеленый
  </color>
  <material>
   Полиэстер
  </material>
  <price>
   107675
  </price>
  <rating>
   2.13
  </rating>
  <reviews>
   664300
  </reviews>
  <new>
   +
  </new>
  <exclusive>
   yes
  </exclusive>
  <sporty>
   yes
  </sporty>
 </clothing>
 <clothing>
  <id>
   575487851
  </id>
  <name>
   New Balance Jeans M-6767
  </name>
  <category>
   Jeans
  </category>
  <size>
   XL
  </size>
  <color>
   Желтый
  </color>
  <material>
   Кожа
  </material>
  <price>
   339334
  </price>
  <rating>
   2.23
  </rating>
  <reviews>
   317989
  </reviews>
  <new>
   +
  </new>
  <sporty>
   no
  </sporty>
 </clothing>
</clothing-items>
