<?xml version="1.0" encoding="utf-8"?>
<clothing-items>
 <clothing>
  <id>
   767126260
  </id>
  <name>
   Reebok Blouse H-3192
  </name>
  <category>
   Blouse
  </category>
  <size>
   S
  </size>
  <color>
   Красный
  </color>
  <material>
   Шелк
  </material>
  <price>
   569620
  </price>
  <rating>
   2.51
  </rating>
  <reviews>
   564095
  </reviews>
  <exclusive>
   no
  </exclusive>
  <sporty>
   no
  </sporty>
 </clothing>
 <clothing>
  <id>
   203117381
  </id>
  <name>
   Adidas Umbrellas Y-4181
  </name>
  <category>
   Umbrellas
  </category>
  <size>
   XL
  </size>
  <color>
   Красный
  </color>
  <material>
   Нейлон
  </material>
  <price>
   321262
  </price>
  <rating>
   4.87
  </rating>
  <reviews>
   602866
  </reviews>
  <new>
   +
  </new>
  <sporty>
   no
  </sporty>
 </clothing>
 <clothing>
  <id>
   258550042
  </id>
  <name>
   DC Hat F-8927
  </name>
  <category>
   Hat
  </category>
  <size>
   XXL
  </size>
  <color>
   Зеленый
  </color>
  <material>
   Полиэстер
  </material>
  <price>
   498519
  </price>
  <rating>
   2.36
  </rating>
  <reviews>
   926786
  </reviews>
 </clothing>
 <clothing>
  <id>
   975113742
  </id>
  <name>
   Adidas Jeans S-6867
  </name>
  <category>
   Jeans
  </category>
  <size>
   S
  </size>
  <color>
   Зеленый
  </color>
  <material>
   Лен
  </material>
  <price>
   192840
  </price>
  <rating>
   2.03
  </rating>
  <reviews>
   558625
  </reviews>
  <new>
   +
  </new>
  <exclusive>
   yes
  </exclusive>
  <sporty>
   no
  </sporty>
 </clothing>
 <clothing>
  <id>
   289203870
  </id>
  <name>
   PleinSport Jeans P-4446
  </name>
  <category>
   Jeans
  </category>
  <size>
   XL
  </size>
  <color>
   Оранжевый
  </color>
  <material>
   Шерсть
  </material>
  <price>
   932238
  </price>
  <rating>
   2.6
  </rating>
  <reviews>
   190524
  </reviews>
  <exclusive>
   yes
  </exclusive>
 </clothing>
 <clothing>
  <id>
   573561180
  </id>
  <name>
   New Balance Handbags H-7923
  </name>
  <category>
   Handbags
  </category>
  <size>
   L
  </size>
  <color>
   Красный
  </color>
  <material>
   Лен
  </material>
  <price>
   993199
  </price>
  <rating>
   3.61
  </rating>
  <reviews>
   756565
  </reviews>
  <sporty>
   yes
  </sporty>
 </clothing>
 <clothing>
  <id>
   845045306
  </id>
  <name>
   Puma Shirt F-9764
  </name>
  <category>
   Shirt
  </category>
  <size>
   L
  </size>
  <color>
   Красный
  </color>
  <material>
   Нейлон
  </material>
  <price>
   694274
  </price>
  <rating>
   4.33
  </rating>
  <reviews>
   223222
  </reviews>
  <sporty>
   no
  </sporty>
 </clothing>
 <clothing>
  <id>
   781186535
  </id>
  <name>
   Asics Jacket L-5043
  </name>
  <category>
   Jacket
  </category>
  <size>
   M
  </size>
  <color>
   Зеленый
  </color>
  <material>
   Шелк
  </material>
  <price>
   452194
  </price>
  <rating>
   2.82
  </rating>
  <reviews>
   992910
  </reviews>
  <exclusive>
   yes
  </exclusive>
  <sporty>
   yes
  </sporty>
 </clothing>
 <clothing>
  <id>
   473421035
  </id>
  <name>
   Ellesse Jeans R-4502
  </name>
  <category>
   Jeans
  </category>
  <size>
   S
  </size>
  <color>
   Синий
  </color>
  <material>
   Хлопок
  </material>
  <price>
   717458
  </price>
  <rating>
   4.1
  </rating>
  <reviews>
   657266
  </reviews>
  <new>
   +
  </new>
  <exclusive>
   yes
  </exclusive>
  <sporty>
   yes
  </sporty>
 </clothing>
 <clothing>
  <id>
   629201735
  </id>
  <name>
   Puma Hat Z-3514
  </name>
  <category>
   Hat
  </category>
  <size>
   L
  </size>
  <color>
   Оранжевый
  </color>
  <material>
   Кожа
  </material>
  <price>
   565268
  </price>
  <rating>
   1.67
  </rating>
  <reviews>
   387552
  </reviews>
  <exclusive>
   no
  </exclusive>
  <sporty>
   no
  </sporty>
 </clothing>
 <clothing>
  <id>
   627391353
  </id>
  <name>
   Converse Skirt P-4503
  </name>
  <category>
   Skirt
  </category>
  <size>
   M
  </size>
  <color>
   Желтый
  </color>
  <material>
   Шерсть
  </material>
  <price>
   848386
  </price>
  <rating>
   3.63
  </rating>
  <reviews>
   118863
  </reviews>
  <exclusive>
   no
  </exclusive>
 </clothing>
 <clothing>
  <id>
   792216615
  </id>
  <name>
   Vans Jeans T-2203
  </name>
  <category>
   Jeans
  </category>
  <size>
   M
  </size>
  <color>
   Фиолетовый
  </color>
  <material>
   Нейлон
  </material>
  <price>
   357231
  </price>
  <rating>
   1.72
  </rating>
  <reviews>
   496842
  </reviews>
  <exclusive>
   yes
  </exclusive>
 </clothing>
 <clothing>
  <id>
   919071286
  </id>
  <name>
   Puma Socks D-8176
  </name>
  <category>
   Socks
  </category>
  <size>
   L
  </size>
  <color>
   Фиолетовый
  </color>
  <material>
   Шерсть
  </material>
  <price>
   674576
  </price>
  <rating>
   3.28
  </rating>
  <reviews>
   188904
  </reviews>
  <new>
   -
  </new>
  <exclusive>
   no
  </exclusive>
 </clothing>
 <clothing>
  <id>
   534017747
  </id>
  <name>
   Lacoste Blouse V-2156
  </name>
  <category>
   Blouse
  </category>
  <size>
   M
  </size>
  <color>
   Желтый
  </color>
  <material>
   Хлопок
  </material>
  <price>
   702406
  </price>
  <rating>
   4.87
  </rating>
  <reviews>
   664706
  </reviews>
  <new>
   +
  </new>
 </clothing>
 <clothing>
  <id>
   260490841
  </id>
  <name>
   Ellesse Blouse B-9999
  </name>
  <category>
   Blouse
  </category>
  <size>
   S
  </size>
  <color>
   Синий
  </color>
  <material>
   Шелк
  </material>
  <price>
   727601
  </price>
  <rating>
   2.14
  </rating>
  <reviews>
   559780
  </reviews>
  <exclusive>
   yes
  </exclusive>
  <sporty>
   no
  </sporty>
 </clothing>
 <clothing>
  <id>
   284514966
  </id>
  <name>
   Asics Handbags Y-1003
  </name>
  <category>
   Handbags
  </category>
  <size>
   XXL
  </size>
  <color>
   Синий
  </color>
  <material>
   Лен
  </material>
  <price>
   358501
  </price>
  <rating>
   2.35
  </rating>
  <reviews>
   404324
  </reviews>
  <exclusive>
   yes
  </exclusive>
  <sporty>
   no
  </sporty>
 </clothing>
 <clothing>
  <id>
   266148794
  </id>
  <name>
   PleinSport Skirt D-2973
  </name>
  <category>
   Skirt
  </category>
  <size>
   XXL
  </size>
  <color>
   Синий
  </color>
  <material>
   Кожа
  </material>
  <price>
   715216
  </price>
  <rating>
   4.95
  </rating>
  <reviews>
   299552
  </reviews>
  <new>
   -
  </new>
  <exclusive>
   yes
  </exclusive>
 </clothing>
 <clothing>
  <id>
   450061399
  </id>
  <name>
   Under Armour Blouse C-4985
  </name>
  <category>
   Blouse
  </category>
  <size>
   S
  </size>
  <color>
   Красный
  </color>
  <material>
   Кожа
  </material>
  <price>
   266920
  </price>
  <rating>
   4.94
  </rating>
  <reviews>
   719065
  </reviews>
 </clothing>
 <clothing>
  <id>
   812537193
  </id>
  <name>
   Nike Blouse N-7009
  </name>
  <category>
   Blouse
  </category>
  <size>
   XL
  </size>
  <color>
   Синий
  </color>
  <material>
   Шелк
  </material>
  <price>
   561205
  </price>
  <rating>
   2.97
  </rating>
  <reviews>
   981697
  </reviews>
  <new>
   -
  </new>
  <exclusive>
   no
  </exclusive>
  <sporty>
   yes
  </sporty>
 </clothing>
 <clothing>
  <id>
   671025349
  </id>
  <name>
   Puma Shoes L-2775
  </name>
  <category>
   Shoes
  </category>
  <size>
   XXL
  </size>
  <color>
   Зеленый
  </color>
  <material>
   Лен
  </material>
  <price>
   805518
  </price>
  <rating>
   4.22
  </rating>
  <reviews>
   300171
  </reviews>
  <exclusive>
   no
  </exclusive>
 </clothing>
 <clothing>
  <id>
   859781770
  </id>
  <name>
   Under Armour Jacket R-9792
  </name>
  <category>
   Jacket
  </category>
  <size>
   XL
  </size>
  <color>
   Желтый
  </color>
  <material>
   Лен
  </material>
  <price>
   140523
  </price>
  <rating>
   4.68
  </rating>
  <reviews>
   961450
  </reviews>
  <new>
   -
  </new>
 </clothing>
 <clothing>
  <id>
   224053895
  </id>
  <name>
   Brooks Jacket N-4670
  </name>
  <category>
   Jacket
  </category>
  <size>
   M
  </size>
  <color>
   Желтый
  </color>
  <material>
   Шелк
  </material>
  <price>
   196723
  </price>
  <rating>
   2.81
  </rating>
  <reviews>
   24842
  </reviews>
  <exclusive>
   no
  </exclusive>
 </clothing>
 <clothing>
  <id>
   320493407
  </id>
  <name>
   Asics Shirt G-1558
  </name>
  <category>
   Shirt
  </category>
  <size>
   XL
  </size>
  <color>
   Фиолетовый
  </color>
  <material>
   Шерсть
  </material>
  <price>
   249261
  </price>
  <rating>
   4.51
  </rating>
  <reviews>
   5750
  </reviews>
  <sporty>
   no
  </sporty>
 </clothing>
 <clothing>
  <id>
   919394784
  </id>
  <name>
   Ellesse Shoes G-4955
  </name>
  <category>
   Shoes
  </category>
  <size>
   XL
  </size>
  <color>
   Желтый
  </color>
  <material>
   Нейлон
  </material>
  <price>
   985253
  </price>
  <rating>
   2.62
  </rating>
  <reviews>
   19104
  </reviews>
  <new>
   -
  </new>
  <sporty>
   no
  </sporty>
 </clothing>
 <clothing>
  <id>
   924565730
  </id>
  <name>
   PleinSport Socks Z-4010
  </name>
  <category>
   Socks
  </category>
  <size>
   L
  </size>
  <color>
   Красный
  </color>
  <material>
   Лен
  </material>
  <price>
   160526
  </price>
  <rating>
   3.07
  </rating>
  <reviews>
   910600
  </reviews>
  <new>
   -
  </new>
  <sporty>
   no
  </sporty>
 </clothing>
 <clothing>
  <id>
   889016544
  </id>
  <name>
   DC Handbags W-4099
  </name>
  <category>
   Handbags
  </category>
  <size>
   XL
  </size>
  <color>
   Зеленый
  </color>
  <material>
   Кожа
  </material>
  <price>
   242714
  </price>
  <rating>
   3.88
  </rating>
  <reviews>
   825361
  </reviews>
  <new>
   -
  </new>
  <sporty>
   no
  </sporty>
 </clothing>
 <clothing>
  <id>
   150100762
  </id>
  <name>
   Fila T-shirt I-8977
  </name>
  <category>
   T-shirt
  </category>
  <size>
   XXL
  </size>
  <color>
   Красный
  </color>
  <material>
   Хлопок
  </material>
  <price>
   236899
  </price>
  <rating>
   4.87
  </rating>
  <reviews>
   27679
  </reviews>
  <exclusive>
   no
  </exclusive>
  <sporty>
   yes
  </sporty>
 </clothing>
 <clothing>
  <id>
   858784068
  </id>
  <name>
   PleinSport Sweater K-1197
  </name>
  <category>
   Sweater
  </category>
  <size>
   XXL
  </size>
  <color>
   Синий
  </color>
  <material>
   Нейлон
  </material>
  <price>
   161762
  </price>
  <rating>
   4.84
  </rating>
  <reviews>
   72916
  </reviews>
  <new>
   -
  </new>
  <exclusive>
   no
  </exclusive>
 </clothing>
 <clothing>
  <id>
   930494504
  </id>
  <name>
   Converse Skirt I-8998
  </name>
  <category>
   Skirt
  </category>
  <size>
   XL
  </size>
  <color>
   Голубой
  </color>
  <material>
   Полиэстер
  </material>
  <price>
   142083
  </price>
  <rating>
   1.05
  </rating>
  <reviews>
   326655
  </reviews>
  <exclusive>
   no
  </exclusive>
  <sporty>
   no
  </sporty>
 </clothing>
 <clothing>
  <id>
   579610775
  </id>
  <name>
   Converse Umbrellas Q-6945
  </name>
  <category>
   Umbrellas
  </category>
  <size>
   XXL
  </size>
  <color>
   Синий
  </color>
  <material>
   Хлопок
  </material>
  <price>
   150701
  </price>
  <rating>
   4.61
  </rating>
  <reviews>
   930538
  </reviews>
  <new>
   -
  </new>
  <sporty>
   yes
  </sporty>
 </clothing>
 <clothing>
  <id>
   147506628
  </id>
  <name>
   Vans Hat W-6015
  </name>
  <category>
   Hat
  </category>
  <size>
   XXL
  </size>
  <color>
   Зеленый
  </color>
  <material>
   Вискоза
  </material>
  <price>
   368874
  </price>
  <rating>
   1.92
  </rating>
  <reviews>
   365892
  </reviews>
  <new>
   -
  </new>
  <exclusive>
   no
  </exclusive>
  <sporty>
   yes
  </sporty>
 </clothing>
 <clothing>
  <id>
   840947948
  </id>
  <name>
   Converse Jacket D-4745
  </name>
  <category>
   Jacket
  </category>
  <size>
   S
  </size>
  <color>
   Красный
  </color>
  <material>
   Шелк
  </material>
  <price>
   557081
  </price>
  <rating>
   3.07
  </rating>
  <reviews>
   339666
  </reviews>
  <new>
   +
  </new>
  <exclusive>
   yes
  </exclusive>
 </clothing>
 <clothing>
  <id>
   828752778
  </id>
  <name>
   Addidas Socks U-2012
  </name>
  <category>
   Socks
  </category>
  <size>
   XL
  </size>
  <color>
   Зеленый
  </color>
  <material>
   Хлопок
  </material>
  <price>
   700989
  </price>
  <rating>
   4.78
  </rating>
  <reviews>
   976868
  </reviews>
  <new>
   -
  </new>
  <exclusive>
   no
  </exclusive>
 </clothing>
 <clothing>
  <id>
   360369338
  </id>
  <name>
   Reebok Shoes W-2305
  </name>
  <category>
   Shoes
  </category>
  <size>
   XXL
  </size>
  <color>
   Красный
  </color>
  <material>
   Полиэстер
  </material>
  <price>
   853350
  </price>
  <rating>
   2.5
  </rating>
  <reviews>
   150254
  </reviews>
  <sporty>
   no
  </sporty>
 </clothing>
 <clothing>
  <id>
   385576951
  </id>
  <name>
   Converse Blouse Z-6277
  </name>
  <category>
   Blouse
  </category>
  <size>
   XXL
  </size>
  <color>
   Зеленый
  </color>
  <material>
   Лен
  </material>
  <price>
   723909
  </price>
  <rating>
   4.15
  </rating>
  <reviews>
   380769
  </reviews>
  <new>
   -
  </new>
  <exclusive>
   no
  </exclusive>
 </clothing>
</clothing-items>
