<?xml version="1.0" encoding="utf-8"?>
<clothing-items>
 <clothing>
  <id>
   668787134
  </id>
  <name>
   Lacoste Shoes M-8511
  </name>
  <category>
   Shoes
  </category>
  <size>
   S
  </size>
  <color>
   Оранжевый
  </color>
  <material>
   Шелк
  </material>
  <price>
   828563
  </price>
  <rating>
   3.19
  </rating>
  <reviews>
   301687
  </reviews>
  <new>
   -
  </new>
  <sporty>
   no
  </sporty>
 </clothing>
 <clothing>
  <id>
   812657111
  </id>
  <name>
   Vans Sweater V-8201
  </name>
  <category>
   Sweater
  </category>
  <size>
   M
  </size>
  <color>
   Красный
  </color>
  <material>
   Шерсть
  </material>
  <price>
   698880
  </price>
  <rating>
   1.08
  </rating>
  <reviews>
   704239
  </reviews>
  <exclusive>
   no
  </exclusive>
 </clothing>
 <clothing>
  <id>
   433800792
  </id>
  <name>
   Vans Umbrellas G-3017
  </name>
  <category>
   Umbrellas
  </category>
  <size>
   XL
  </size>
  <color>
   Фиолетовый
  </color>
  <material>
   Вискоза
  </material>
  <price>
   522903
  </price>
  <rating>
   3.27
  </rating>
  <reviews>
   184048
  </reviews>
  <new>
   -
  </new>
 </clothing>
 <clothing>
  <id>
   279564638
  </id>
  <name>
   Asics Belts S-8151
  </name>
  <category>
   Belts
  </category>
  <size>
   M
  </size>
  <color>
   Голубой
  </color>
  <material>
   Полиэстер
  </material>
  <price>
   594518
  </price>
  <rating>
   1.23
  </rating>
  <reviews>
   553255
  </reviews>
  <exclusive>
   no
  </exclusive>
 </clothing>
 <clothing>
  <id>
   634503783
  </id>
  <name>
   Lacoste Umbrellas S-9020
  </name>
  <category>
   Umbrellas
  </category>
  <size>
   L
  </size>
  <color>
   Голубой
  </color>
  <material>
   Хлопок
  </material>
  <price>
   324133
  </price>
  <rating>
   4.34
  </rating>
  <reviews>
   213962
  </reviews>
  <exclusive>
   no
  </exclusive>
  <sporty>
   yes
  </sporty>
 </clothing>
 <clothing>
  <id>
   427983290
  </id>
  <name>
   Reebok Dress W-5264
  </name>
  <category>
   Dress
  </category>
  <size>
   L
  </size>
  <color>
   Голубой
  </color>
  <material>
   Нейлон
  </material>
  <price>
   623190
  </price>
  <rating>
   2.22
  </rating>
  <reviews>
   17508
  </reviews>
  <new>
   -
  </new>
 </clothing>
 <clothing>
  <id>
   937437111
  </id>
  <name>
   Nike Umbrellas D-6686
  </name>
  <category>
   Umbrellas
  </category>
  <size>
   XXL
  </size>
  <color>
   Зеленый
  </color>
  <material>
   Хлопок
  </material>
  <price>
   618042
  </price>
  <rating>
   1.68
  </rating>
  <reviews>
   534323
  </reviews>
  <new>
   -
  </new>
  <sporty>
   yes
  </sporty>
 </clothing>
 <clothing>
  <id>
   947236812
  </id>
  <name>
   Brooks Shirt O-9839
  </name>
  <category>
   Shirt
  </category>
  <size>
   XXL
  </size>
  <color>
   Фиолетовый
  </color>
  <material>
   Вискоза
  </material>
  <price>
   287632
  </price>
  <rating>
   1.0
  </rating>
  <reviews>
   215899
  </reviews>
  <exclusive>
   yes
  </exclusive>
  <sporty>
   yes
  </sporty>
 </clothing>
 <clothing>
  <id>
   939720093
  </id>
  <name>
   Adidas Pants I-6527
  </name>
  <category>
   Pants
  </category>
  <size>
   XL
  </size>
  <color>
   Оранжевый
  </color>
  <material>
   Лен
  </material>
  <price>
   976242
  </price>
  <rating>
   3.84
  </rating>
  <reviews>
   127199
  </reviews>
  <new>
   -
  </new>
  <exclusive>
   no
  </exclusive>
 </clothing>
 <clothing>
  <id>
   644466367
  </id>
  <name>
   Adidas Jeans B-2047
  </name>
  <category>
   Jeans
  </category>
  <size>
   M
  </size>
  <color>
   Фиолетовый
  </color>
  <material>
   Нейлон
  </material>
  <price>
   832775
  </price>
  <rating>
   1.77
  </rating>
  <reviews>
   12694
  </reviews>
  <new>
   -
  </new>
  <exclusive>
   yes
  </exclusive>
  <sporty>
   yes
  </sporty>
 </clothing>
 <clothing>
  <id>
   989836920
  </id>
  <name>
   Fila Jacket M-7089
  </name>
  <category>
   Jacket
  </category>
  <size>
   M
  </size>
  <color>
   Синий
  </color>
  <material>
   Шелк
  </material>
  <price>
   679473
  </price>
  <rating>
   4.45
  </rating>
  <reviews>
   985706
  </reviews>
  <new>
   +
  </new>
  <exclusive>
   yes
  </exclusive>
  <sporty>
   yes
  </sporty>
 </clothing>
 <clothing>
  <id>
   793323369
  </id>
  <name>
   Adidas Jacket H-5387
  </name>
  <category>
   Jacket
  </category>
  <size>
   XXL
  </size>
  <color>
   Синий
  </color>
  <material>
   Хлопок
  </material>
  <price>
   281942
  </price>
  <rating>
   3.17
  </rating>
  <reviews>
   691669
  </reviews>
  <new>
   -
  </new>
 </clothing>
 <clothing>
  <id>
   148869506
  </id>
  <name>
   DC Umbrellas H-4825
  </name>
  <category>
   Umbrellas
  </category>
  <size>
   M
  </size>
  <color>
   Голубой
  </color>
  <material>
   Кожа
  </material>
  <price>
   821544
  </price>
  <rating>
   3.45
  </rating>
  <reviews>
   211760
  </reviews>
 </clothing>
 <clothing>
  <id>
   920358119
  </id>
  <name>
   Asics Jeans O-7924
  </name>
  <category>
   Jeans
  </category>
  <size>
   S
  </size>
  <color>
   Желтый
  </color>
  <material>
   Хлопок
  </material>
  <price>
   811371
  </price>
  <rating>
   3.51
  </rating>
  <reviews>
   797096
  </reviews>
  <new>
   +
  </new>
  <exclusive>
   no
  </exclusive>
 </clothing>
 <clothing>
  <id>
   148467998
  </id>
  <name>
   Reebok Umbrellas K-8570
  </name>
  <category>
   Umbrellas
  </category>
  <size>
   M
  </size>
  <color>
   Синий
  </color>
  <material>
   Нейлон
  </material>
  <price>
   679351
  </price>
  <rating>
   4.22
  </rating>
  <reviews>
   66690
  </reviews>
  <exclusive>
   no
  </exclusive>
 </clothing>
 <clothing>
  <id>
   105791287
  </id>
  <name>
   DC Dress R-4307
  </name>
  <category>
   Dress
  </category>
  <size>
   S
  </size>
  <color>
   Синий
  </color>
  <material>
   Хлопок
  </material>
  <price>
   510038
  </price>
  <rating>
   1.83
  </rating>
  <reviews>
   775237
  </reviews>
  <new>
   +
  </new>
  <exclusive>
   no
  </exclusive>
 </clothing>
 <clothing>
  <id>
   463345649
  </id>
  <name>
   Converse Sweater Y-3129
  </name>
  <category>
   Sweater
  </category>
  <size>
   S
  </size>
  <color>
   Желтый
  </color>
  <material>
   Нейлон
  </material>
  <price>
   574036
  </price>
  <rating>
   1.08
  </rating>
  <reviews>
   491550
  </reviews>
  <new>
   -
  </new>
  <exclusive>
   no
  </exclusive>
 </clothing>
 <clothing>
  <id>
   446541541
  </id>
  <name>
   Vans Handbags T-7858
  </name>
  <category>
   Handbags
  </category>
  <size>
   XXL
  </size>
  <color>
   Зеленый
  </color>
  <material>
   Лен
  </material>
  <price>
   486301
  </price>
  <rating>
   3.88
  </rating>
  <reviews>
   539208
  </reviews>
  <new>
   +
  </new>
  <exclusive>
   yes
  </exclusive>
  <sporty>
   yes
  </sporty>
 </clothing>
 <clothing>
  <id>
   889741306
  </id>
  <name>
   Puma T-shirt M-8053
  </name>
  <category>
   T-shirt
  </category>
  <size>
   XL
  </size>
  <color>
   Синий
  </color>
  <material>
   Хлопок
  </material>
  <price>
   314932
  </price>
  <rating>
   4.7
  </rating>
  <reviews>
   568841
  </reviews>
  <new>
   +
  </new>
  <exclusive>
   yes
  </exclusive>
 </clothing>
 <clothing>
  <id>
   478248294
  </id>
  <name>
   Reebok Umbrellas T-2206
  </name>
  <category>
   Umbrellas
  </category>
  <size>
   S
  </size>
  <color>
   Синий
  </color>
  <material>
   Шелк
  </material>
  <price>
   491332
  </price>
  <rating>
   1.13
  </rating>
  <reviews>
   361187
  </reviews>
  <exclusive>
   yes
  </exclusive>
  <sporty>
   no
  </sporty>
 </clothing>
 <clothing>
  <id>
   108004565
  </id>
  <name>
   DC Belts L-9628
  </name>
  <category>
   Belts
  </category>
  <size>
   S
  </size>
  <color>
   Оранжевый
  </color>
  <material>
   Шерсть
  </material>
  <price>
   573520
  </price>
  <rating>
   1.06
  </rating>
  <reviews>
   841594
  </reviews>
  <new>
   +
  </new>
  <sporty>
   no
  </sporty>
 </clothing>
 <clothing>
  <id>
   362869677
  </id>
  <name>
   Lacoste Dress T-7172
  </name>
  <category>
   Dress
  </category>
  <size>
   L
  </size>
  <color>
   Оранжевый
  </color>
  <material>
   Вискоза
  </material>
  <price>
   149170
  </price>
  <rating>
   4.38
  </rating>
  <reviews>
   708992
  </reviews>
  <new>
   -
  </new>
 </clothing>
 <clothing>
  <id>
   460764169
  </id>
  <name>
   Puma Belts F-7021
  </name>
  <category>
   Belts
  </category>
  <size>
   XXL
  </size>
  <color>
   Зеленый
  </color>
  <material>
   Кожа
  </material>
  <price>
   463778
  </price>
  <rating>
   2.27
  </rating>
  <reviews>
   222079
  </reviews>
  <new>
   -
  </new>
  <sporty>
   no
  </sporty>
 </clothing>
 <clothing>
  <id>
   486974419
  </id>
  <name>
   Addidas Pants V-7066
  </name>
  <category>
   Pants
  </category>
  <size>
   M
  </size>
  <color>
   Зеленый
  </color>
  <material>
   Лен
  </material>
  <price>
   784541
  </price>
  <rating>
   4.65
  </rating>
  <reviews>
   407266
  </reviews>
  <new>
   -
  </new>
 </clothing>
 <clothing>
  <id>
   178620476
  </id>
  <name>
   Reebok Sweater J-5394
  </name>
  <category>
   Sweater
  </category>
  <size>
   M
  </size>
  <color>
   Голубой
  </color>
  <material>
   Вискоза
  </material>
  <price>
   751489
  </price>
  <rating>
   4.65
  </rating>
  <reviews>
   254720
  </reviews>
  <new>
   -
  </new>
  <exclusive>
   yes
  </exclusive>
  <sporty>
   yes
  </sporty>
 </clothing>
 <clothing>
  <id>
   181121257
  </id>
  <name>
   Adidas Jacket Q-8764
  </name>
  <category>
   Jacket
  </category>
  <size>
   S
  </size>
  <color>
   Оранжевый
  </color>
  <material>
   Лен
  </material>
  <price>
   648694
  </price>
  <rating>
   1.62
  </rating>
  <reviews>
   912339
  </reviews>
  <new>
   -
  </new>
  <exclusive>
   no
  </exclusive>
  <sporty>
   no
  </sporty>
 </clothing>
 <clothing>
  <id>
   911053988
  </id>
  <name>
   Asics Pants B-1686
  </name>
  <category>
   Pants
  </category>
  <size>
   S
  </size>
  <color>
   Фиолетовый
  </color>
  <material>
   Кожа
  </material>
  <price>
   673409
  </price>
  <rating>
   4.39
  </rating>
  <reviews>
   626288
  </reviews>
  <new>
   -
  </new>
  <exclusive>
   yes
  </exclusive>
  <sporty>
   no
  </sporty>
 </clothing>
 <clothing>
  <id>
   398774045
  </id>
  <name>
   PleinSport Jeans D-8956
  </name>
  <category>
   Jeans
  </category>
  <size>
   XXL
  </size>
  <color>
   Желтый
  </color>
  <material>
   Нейлон
  </material>
  <price>
   352457
  </price>
  <rating>
   1.11
  </rating>
  <reviews>
   323288
  </reviews>
  <new>
   +
  </new>
  <exclusive>
   yes
  </exclusive>
 </clothing>
 <clothing>
  <id>
   606964344
  </id>
  <name>
   Nike T-shirt S-4435
  </name>
  <category>
   T-shirt
  </category>
  <size>
   L
  </size>
  <color>
   Оранжевый
  </color>
  <material>
   Шерсть
  </material>
  <price>
   818078
  </price>
  <rating>
   1.7
  </rating>
  <reviews>
   992827
  </reviews>
  <new>
   +
  </new>
  <exclusive>
   no
  </exclusive>
 </clothing>
 <clothing>
  <id>
   173337493
  </id>
  <name>
   New Balance Umbrellas K-4069
  </name>
  <category>
   Umbrellas
  </category>
  <size>
   M
  </size>
  <color>
   Желтый
  </color>
  <material>
   Шелк
  </material>
  <price>
   385130
  </price>
  <rating>
   1.68
  </rating>
  <reviews>
   151957
  </reviews>
  <exclusive>
   no
  </exclusive>
  <sporty>
   no
  </sporty>
 </clothing>
 <clothing>
  <id>
   874908957
  </id>
  <name>
   PleinSport Blouse I-7547
  </name>
  <category>
   Blouse
  </category>
  <size>
   M
  </size>
  <color>
   Желтый
  </color>
  <material>
   Кожа
  </material>
  <price>
   384662
  </price>
  <rating>
   1.37
  </rating>
  <reviews>
   263920
  </reviews>
  <sporty>
   yes
  </sporty>
 </clothing>
 <clothing>
  <id>
   195980856
  </id>
  <name>
   DC Shoes N-1549
  </name>
  <category>
   Shoes
  </category>
  <size>
   L
  </size>
  <color>
   Зеленый
  </color>
  <material>
   Кожа
  </material>
  <price>
   812745
  </price>
  <rating>
   4.41
  </rating>
  <reviews>
   912235
  </reviews>
  <new>
   +
  </new>
  <exclusive>
   no
  </exclusive>
 </clothing>
 <clothing>
  <id>
   831990086
  </id>
  <name>
   Addidas Handbags J-7278
  </name>
  <category>
   Handbags
  </category>
  <size>
   XL
  </size>
  <color>
   Красный
  </color>
  <material>
   Лен
  </material>
  <price>
   135842
  </price>
  <rating>
   2.61
  </rating>
  <reviews>
   297002
  </reviews>
 </clothing>
 <clothing>
  <id>
   550541954
  </id>
  <name>
   Lacoste Blouse T-5928
  </name>
  <category>
   Blouse
  </category>
  <size>
   M
  </size>
  <color>
   Зеленый
  </color>
  <material>
   Полиэстер
  </material>
  <price>
   569526
  </price>
  <rating>
   1.28
  </rating>
  <reviews>
   692102
  </reviews>
  <new>
   +
  </new>
  <exclusive>
   no
  </exclusive>
 </clothing>
 <clothing>
  <id>
   393183099
  </id>
  <name>
   Under Armour Umbrellas L-3900
  </name>
  <category>
   Umbrellas
  </category>
  <size>
   M
  </size>
  <color>
   Красный
  </color>
  <material>
   Нейлон
  </material>
  <price>
   222135
  </price>
  <rating>
   4.71
  </rating>
  <reviews>
   937417
  </reviews>
  <new>
   -
  </new>
  <sporty>
   no
  </sporty>
 </clothing>
 <clothing>
  <id>
   770833181
  </id>
  <name>
   Reebok Shoes V-2693
  </name>
  <category>
   Shoes
  </category>
  <size>
   M
  </size>
  <color>
   Желтый
  </color>
  <material>
   Лен
  </material>
  <price>
   152093
  </price>
  <rating>
   2.1
  </rating>
  <reviews>
   319668
  </reviews>
  <sporty>
   no
  </sporty>
 </clothing>
</clothing-items>
