<?xml version="1.0" encoding="utf-8"?>
<clothing-items>
 <clothing>
  <id>
   398606569
  </id>
  <name>
   Converse Shirt I-1038
  </name>
  <category>
   Shirt
  </category>
  <size>
   XL
  </size>
  <color>
   Оранжевый
  </color>
  <material>
   Нейлон
  </material>
  <price>
   727179
  </price>
  <rating>
   1.19
  </rating>
  <reviews>
   733474
  </reviews>
  <new>
   -
  </new>
  <exclusive>
   no
  </exclusive>
  <sporty>
   yes
  </sporty>
 </clothing>
 <clothing>
  <id>
   706384448
  </id>
  <name>
   Reebok Belts K-3027
  </name>
  <category>
   Belts
  </category>
  <size>
   XL
  </size>
  <color>
   Желтый
  </color>
  <material>
   Нейлон
  </material>
  <price>
   400439
  </price>
  <rating>
   3.04
  </rating>
  <reviews>
   280323
  </reviews>
  <sporty>
   no
  </sporty>
 </clothing>
 <clothing>
  <id>
   497667869
  </id>
  <name>
   Nike Pants F-9612
  </name>
  <category>
   Pants
  </category>
  <size>
   XXL
  </size>
  <color>
   Зеленый
  </color>
  <material>
   Шерсть
  </material>
  <price>
   303256
  </price>
  <rating>
   5.0
  </rating>
  <reviews>
   564047
  </reviews>
 </clothing>
 <clothing>
  <id>
   991285452
  </id>
  <name>
   Reebok T-shirt A-9751
  </name>
  <category>
   T-shirt
  </category>
  <size>
   M
  </size>
  <color>
   Красный
  </color>
  <material>
   Хлопок
  </material>
  <price>
   118400
  </price>
  <rating>
   1.93
  </rating>
  <reviews>
   869496
  </reviews>
  <new>
   -
  </new>
  <exclusive>
   yes
  </exclusive>
  <sporty>
   no
  </sporty>
 </clothing>
 <clothing>
  <id>
   995411901
  </id>
  <name>
   Under Armour T-shirt A-5524
  </name>
  <category>
   T-shirt
  </category>
  <size>
   XL
  </size>
  <color>
   Синий
  </color>
  <material>
   Вискоза
  </material>
  <price>
   152600
  </price>
  <rating>
   2.86
  </rating>
  <reviews>
   701791
  </reviews>
  <sporty>
   no
  </sporty>
 </clothing>
 <clothing>
  <id>
   633258530
  </id>
  <name>
   Brooks Belts W-7699
  </name>
  <category>
   Belts
  </category>
  <size>
   XXL
  </size>
  <color>
   Желтый
  </color>
  <material>
   Нейлон
  </material>
  <price>
   999663
  </price>
  <rating>
   1.39
  </rating>
  <reviews>
   246486
  </reviews>
  <new>
   +
  </new>
  <exclusive>
   no
  </exclusive>
 </clothing>
 <clothing>
  <id>
   682604305
  </id>
  <name>
   PleinSport Jeans Z-6341
  </name>
  <category>
   Jeans
  </category>
  <size>
   XXL
  </size>
  <color>
   Красный
  </color>
  <material>
   Вискоза
  </material>
  <price>
   215217
  </price>
  <rating>
   1.46
  </rating>
  <reviews>
   143102
  </reviews>
  <new>
   +
  </new>
  <exclusive>
   no
  </exclusive>
  <sporty>
   no
  </sporty>
 </clothing>
 <clothing>
  <id>
   800205480
  </id>
  <name>
   Reebok Skirt T-3313
  </name>
  <category>
   Skirt
  </category>
  <size>
   XXL
  </size>
  <color>
   Оранжевый
  </color>
  <material>
   Вискоза
  </material>
  <price>
   449731
  </price>
  <rating>
   4.53
  </rating>
  <reviews>
   669641
  </reviews>
  <exclusive>
   no
  </exclusive>
  <sporty>
   no
  </sporty>
 </clothing>
 <clothing>
  <id>
   567816504
  </id>
  <name>
   PleinSport Blouse B-1593
  </name>
  <category>
   Blouse
  </category>
  <size>
   M
  </size>
  <color>
   Фиолетовый
  </color>
  <material>
   Шелк
  </material>
  <price>
   187829
  </price>
  <rating>
   3.13
  </rating>
  <reviews>
   453880
  </reviews>
  <sporty>
   no
  </sporty>
 </clothing>
 <clothing>
  <id>
   270620903
  </id>
  <name>
   PleinSport Belts G-5000
  </name>
  <category>
   Belts
  </category>
  <size>
   XXL
  </size>
  <color>
   Зеленый
  </color>
  <material>
   Вискоза
  </material>
  <price>
   611561
  </price>
  <rating>
   1.21
  </rating>
  <reviews>
   338271
  </reviews>
  <new>
   -
  </new>
  <sporty>
   yes
  </sporty>
 </clothing>
 <clothing>
  <id>
   615884598
  </id>
  <name>
   Ellesse Sweater X-8090
  </name>
  <category>
   Sweater
  </category>
  <size>
   XXL
  </size>
  <color>
   Голубой
  </color>
  <material>
   Нейлон
  </material>
  <price>
   967625
  </price>
  <rating>
   2.42
  </rating>
  <reviews>
   821327
  </reviews>
  <new>
   +
  </new>
  <exclusive>
   yes
  </exclusive>
  <sporty>
   yes
  </sporty>
 </clothing>
 <clothing>
  <id>
   684767389
  </id>
  <name>
   Adidas Sweater H-7315
  </name>
  <category>
   Sweater
  </category>
  <size>
   XXL
  </size>
  <color>
   Желтый
  </color>
  <material>
   Шерсть
  </material>
  <price>
   119129
  </price>
  <rating>
   3.39
  </rating>
  <reviews>
   875128
  </reviews>
  <new>
   -
  </new>
 </clothing>
 <clothing>
  <id>
   378902567
  </id>
  <name>
   Adidas Dress P-5062
  </name>
  <category>
   Dress
  </category>
  <size>
   XXL
  </size>
  <color>
   Оранжевый
  </color>
  <material>
   Хлопок
  </material>
  <price>
   806433
  </price>
  <rating>
   4.37
  </rating>
  <reviews>
   419974
  </reviews>
  <new>
   -
  </new>
  <exclusive>
   no
  </exclusive>
 </clothing>
 <clothing>
  <id>
   558332140
  </id>
  <name>
   Vans Dress O-7003
  </name>
  <category>
   Dress
  </category>
  <size>
   L
  </size>
  <color>
   Красный
  </color>
  <material>
   Нейлон
  </material>
  <price>
   852795
  </price>
  <rating>
   1.91
  </rating>
  <reviews>
   611952
  </reviews>
  <new>
   +
  </new>
  <sporty>
   no
  </sporty>
 </clothing>
 <clothing>
  <id>
   209900935
  </id>
  <name>
   Puma T-shirt K-4232
  </name>
  <category>
   T-shirt
  </category>
  <size>
   XXL
  </size>
  <color>
   Голубой
  </color>
  <material>
   Полиэстер
  </material>
  <price>
   670077
  </price>
  <rating>
   1.29
  </rating>
  <reviews>
   560195
  </reviews>
  <new>
   -
  </new>
  <sporty>
   no
  </sporty>
 </clothing>
 <clothing>
  <id>
   216472881
  </id>
  <name>
   Reebok Pants K-7676
  </name>
  <category>
   Pants
  </category>
  <size>
   M
  </size>
  <color>
   Красный
  </color>
  <material>
   Хлопок
  </material>
  <price>
   126816
  </price>
  <rating>
   4.25
  </rating>
  <reviews>
   815485
  </reviews>
  <new>
   -
  </new>
  <exclusive>
   no
  </exclusive>
  <sporty>
   no
  </sporty>
 </clothing>
 <clothing>
  <id>
   230467391
  </id>
  <name>
   Under Armour Dress R-4964
  </name>
  <category>
   Dress
  </category>
  <size>
   XL
  </size>
  <color>
   Зеленый
  </color>
  <material>
   Хлопок
  </material>
  <price>
   925984
  </price>
  <rating>
   1.75
  </rating>
  <reviews>
   75798
  </reviews>
  <new>
   -
  </new>
  <exclusive>
   yes
  </exclusive>
 </clothing>
 <clothing>
  <id>
   498180324
  </id>
  <name>
   Vans Gloves H-6459
  </name>
  <category>
   Gloves
  </category>
  <size>
   M
  </size>
  <color>
   Синий
  </color>
  <material>
   Шерсть
  </material>
  <price>
   535778
  </price>
  <rating>
   1.12
  </rating>
  <reviews>
   250067
  </reviews>
  <exclusive>
   no
  </exclusive>
  <sporty>
   no
  </sporty>
 </clothing>
 <clothing>
  <id>
   500546457
  </id>
  <name>
   DC Sweater Y-6648
  </name>
  <category>
   Sweater
  </category>
  <size>
   M
  </size>
  <color>
   Оранжевый
  </color>
  <material>
   Хлопок
  </material>
  <price>
   267588
  </price>
  <rating>
   3.51
  </rating>
  <reviews>
   550006
  </reviews>
  <exclusive>
   yes
  </exclusive>
  <sporty>
   yes
  </sporty>
 </clothing>
 <clothing>
  <id>
   571178114
  </id>
  <name>
   Nike Jacket Q-4956
  </name>
  <category>
   Jacket
  </category>
  <size>
   XL
  </size>
  <color>
   Желтый
  </color>
  <material>
   Вискоза
  </material>
  <price>
   665851
  </price>
  <rating>
   1.88
  </rating>
  <reviews>
   854439
  </reviews>
  <sporty>
   no
  </sporty>
 </clothing>
 <clothing>
  <id>
   483697701
  </id>
  <name>
   Ellesse Jacket A-9628
  </name>
  <category>
   Jacket
  </category>
  <size>
   XXL
  </size>
  <color>
   Фиолетовый
  </color>
  <material>
   Полиэстер
  </material>
  <price>
   872496
  </price>
  <rating>
   4.52
  </rating>
  <reviews>
   841074
  </reviews>
  <exclusive>
   yes
  </exclusive>
  <sporty>
   no
  </sporty>
 </clothing>
 <clothing>
  <id>
   544743396
  </id>
  <name>
   Brooks Pants G-9999
  </name>
  <category>
   Pants
  </category>
  <size>
   S
  </size>
  <color>
   Фиолетовый
  </color>
  <material>
   Шелк
  </material>
  <price>
   286754
  </price>
  <rating>
   1.29
  </rating>
  <reviews>
   273355
  </reviews>
  <new>
   -
  </new>
  <sporty>
   yes
  </sporty>
 </clothing>
 <clothing>
  <id>
   594219199
  </id>
  <name>
   Reebok T-shirt V-1956
  </name>
  <category>
   T-shirt
  </category>
  <size>
   XL
  </size>
  <color>
   Оранжевый
  </color>
  <material>
   Шерсть
  </material>
  <price>
   485404
  </price>
  <rating>
   3.74
  </rating>
  <reviews>
   862403
  </reviews>
  <exclusive>
   yes
  </exclusive>
  <sporty>
   no
  </sporty>
 </clothing>
 <clothing>
  <id>
   703898424
  </id>
  <name>
   Under Armour Skirt O-7641
  </name>
  <category>
   Skirt
  </category>
  <size>
   M
  </size>
  <color>
   Оранжевый
  </color>
  <material>
   Лен
  </material>
  <price>
   241065
  </price>
  <rating>
   1.6
  </rating>
  <reviews>
   554667
  </reviews>
  <exclusive>
   no
  </exclusive>
 </clothing>
 <clothing>
  <id>
   188636978
  </id>
  <name>
   Adidas Socks U-1947
  </name>
  <category>
   Socks
  </category>
  <size>
   S
  </size>
  <color>
   Зеленый
  </color>
  <material>
   Кожа
  </material>
  <price>
   189959
  </price>
  <rating>
   4.87
  </rating>
  <reviews>
   912486
  </reviews>
  <new>
   +
  </new>
  <exclusive>
   yes
  </exclusive>
  <sporty>
   yes
  </sporty>
 </clothing>
 <clothing>
  <id>
   387950528
  </id>
  <name>
   Fila Shoes T-9080
  </name>
  <category>
   Shoes
  </category>
  <size>
   L
  </size>
  <color>
   Красный
  </color>
  <material>
   Нейлон
  </material>
  <price>
   857741
  </price>
  <rating>
   3.65
  </rating>
  <reviews>
   554694
  </reviews>
  <sporty>
   no
  </sporty>
 </clothing>
 <clothing>
  <id>
   611778979
  </id>
  <name>
   Vans Socks M-7668
  </name>
  <category>
   Socks
  </category>
  <size>
   M
  </size>
  <color>
   Красный
  </color>
  <material>
   Вискоза
  </material>
  <price>
   958665
  </price>
  <rating>
   4.88
  </rating>
  <reviews>
   826616
  </reviews>
  <exclusive>
   yes
  </exclusive>
  <sporty>
   no
  </sporty>
 </clothing>
 <clothing>
  <id>
   332345586
  </id>
  <name>
   Adidas Dress Q-9689
  </name>
  <category>
   Dress
  </category>
  <size>
   XXL
  </size>
  <color>
   Фиолетовый
  </color>
  <material>
   Шелк
  </material>
  <price>
   123098
  </price>
  <rating>
   4.74
  </rating>
  <reviews>
   163336
  </reviews>
  <new>
   -
  </new>
  <sporty>
   no
  </sporty>
 </clothing>
 <clothing>
  <id>
   960283626
  </id>
  <name>
   Addidas Shirt U-1332
  </name>
  <category>
   Shirt
  </category>
  <size>
   M
  </size>
  <color>
   Красный
  </color>
  <material>
   Нейлон
  </material>
  <price>
   999167
  </price>
  <rating>
   3.76
  </rating>
  <reviews>
   779939
  </reviews>
  <new>
   -
  </new>
 </clothing>
 <clothing>
  <id>
   747731924
  </id>
  <name>
   Lacoste Jacket J-7164
  </name>
  <category>
   Jacket
  </category>
  <size>
   XXL
  </size>
  <color>
   Желтый
  </color>
  <material>
   Нейлон
  </material>
  <price>
   646435
  </price>
  <rating>
   4.19
  </rating>
  <reviews>
   516848
  </reviews>
  <new>
   -
  </new>
  <exclusive>
   no
  </exclusive>
  <sporty>
   yes
  </sporty>
 </clothing>
 <clothing>
  <id>
   309143066
  </id>
  <name>
   PleinSport Umbrellas T-3128
  </name>
  <category>
   Umbrellas
  </category>
  <size>
   S
  </size>
  <color>
   Голубой
  </color>
  <material>
   Шелк
  </material>
  <price>
   732242
  </price>
  <rating>
   1.21
  </rating>
  <reviews>
   544589
  </reviews>
  <exclusive>
   yes
  </exclusive>
  <sporty>
   no
  </sporty>
 </clothing>
 <clothing>
  <id>
   779449500
  </id>
  <name>
   Under Armour Shoes L-3668
  </name>
  <category>
   Shoes
  </category>
  <size>
   M
  </size>
  <color>
   Синий
  </color>
  <material>
   Вискоза
  </material>
  <price>
   326535
  </price>
  <rating>
   3.86
  </rating>
  <reviews>
   247529
  </reviews>
  <exclusive>
   yes
  </exclusive>
 </clothing>
 <clothing>
  <id>
   600650333
  </id>
  <name>
   Converse Belts W-4654
  </name>
  <category>
   Belts
  </category>
  <size>
   XXL
  </size>
  <color>
   Оранжевый
  </color>
  <material>
   Лен
  </material>
  <price>
   604851
  </price>
  <rating>
   3.7
  </rating>
  <reviews>
   367067
  </reviews>
  <new>
   -
  </new>
 </clothing>
 <clothing>
  <id>
   820839012
  </id>
  <name>
   Nike Pants T-7780
  </name>
  <category>
   Pants
  </category>
  <size>
   L
  </size>
  <color>
   Зеленый
  </color>
  <material>
   Хлопок
  </material>
  <price>
   258646
  </price>
  <rating>
   4.44
  </rating>
  <reviews>
   227941
  </reviews>
  <exclusive>
   no
  </exclusive>
  <sporty>
   yes
  </sporty>
 </clothing>
 <clothing>
  <id>
   193930039
  </id>
  <name>
   Vans Umbrellas W-9886
  </name>
  <category>
   Umbrellas
  </category>
  <size>
   S
  </size>
  <color>
   Желтый
  </color>
  <material>
   Лен
  </material>
  <price>
   166562
  </price>
  <rating>
   4.59
  </rating>
  <reviews>
   937782
  </reviews>
  <new>
   -
  </new>
  <exclusive>
   no
  </exclusive>
  <sporty>
   no
  </sporty>
 </clothing>
 <clothing>
  <id>
   747749266
  </id>
  <name>
   Reebok Hat O-5304
  </name>
  <category>
   Hat
  </category>
  <size>
   XXL
  </size>
  <color>
   Красный
  </color>
  <material>
   Лен
  </material>
  <price>
   202013
  </price>
  <rating>
   2.67
  </rating>
  <reviews>
   153766
  </reviews>
  <new>
   +
  </new>
  <exclusive>
   yes
  </exclusive>
 </clothing>
 <clothing>
  <id>
   927550317
  </id>
  <name>
   PleinSport Socks B-7558
  </name>
  <category>
   Socks
  </category>
  <size>
   XXL
  </size>
  <color>
   Оранжевый
  </color>
  <material>
   Кожа
  </material>
  <price>
   638142
  </price>
  <rating>
   2.86
  </rating>
  <reviews>
   631469
  </reviews>
  <exclusive>
   no
  </exclusive>
  <sporty>
   no
  </sporty>
 </clothing>
 <clothing>
  <id>
   792772882
  </id>
  <name>
   Vans Jeans Z-5867
  </name>
  <category>
   Jeans
  </category>
  <size>
   XL
  </size>
  <color>
   Зеленый
  </color>
  <material>
   Кожа
  </material>
  <price>
   722044
  </price>
  <rating>
   3.48
  </rating>
  <reviews>
   655445
  </reviews>
  <new>
   -
  </new>
  <exclusive>
   yes
  </exclusive>
  <sporty>
   yes
  </sporty>
 </clothing>
</clothing-items>
