<?xml version="1.0" encoding="utf-8"?>
<clothing-items>
 <clothing>
  <id>
   325412714
  </id>
  <name>
   Converse Umbrellas Q-7255
  </name>
  <category>
   Umbrellas
  </category>
  <size>
   L
  </size>
  <color>
   Красный
  </color>
  <material>
   Нейлон
  </material>
  <price>
   807549
  </price>
  <rating>
   1.67
  </rating>
  <reviews>
   991631
  </reviews>
  <new>
   +
  </new>
  <exclusive>
   no
  </exclusive>
  <sporty>
   no
  </sporty>
 </clothing>
 <clothing>
  <id>
   232318969
  </id>
  <name>
   Fila Shoes P-2113
  </name>
  <category>
   Shoes
  </category>
  <size>
   XXL
  </size>
  <color>
   Оранжевый
  </color>
  <material>
   Полиэстер
  </material>
  <price>
   252570
  </price>
  <rating>
   4.84
  </rating>
  <reviews>
   375939
  </reviews>
  <new>
   +
  </new>
  <exclusive>
   yes
  </exclusive>
  <sporty>
   no
  </sporty>
 </clothing>
 <clothing>
  <id>
   943968710
  </id>
  <name>
   DC Skirt C-7847
  </name>
  <category>
   Skirt
  </category>
  <size>
   L
  </size>
  <color>
   Фиолетовый
  </color>
  <material>
   Хлопок
  </material>
  <price>
   764185
  </price>
  <rating>
   1.6
  </rating>
  <reviews>
   920708
  </reviews>
  <new>
   +
  </new>
  <sporty>
   no
  </sporty>
 </clothing>
 <clothing>
  <id>
   218522154
  </id>
  <name>
   PleinSport Jacket P-6216
  </name>
  <category>
   Jacket
  </category>
  <size>
   M
  </size>
  <color>
   Голубой
  </color>
  <material>
   Нейлон
  </material>
  <price>
   626658
  </price>
  <rating>
   1.51
  </rating>
  <reviews>
   222031
  </reviews>
  <new>
   -
  </new>
 </clothing>
 <clothing>
  <id>
   467083578
  </id>
  <name>
   Addidas Dress E-5136
  </name>
  <category>
   Dress
  </category>
  <size>
   M
  </size>
  <color>
   Красный
  </color>
  <material>
   Вискоза
  </material>
  <price>
   326455
  </price>
  <rating>
   2.2
  </rating>
  <reviews>
   245769
  </reviews>
  <exclusive>
   yes
  </exclusive>
 </clothing>
 <clothing>
  <id>
   444127267
  </id>
  <name>
   Fila Hat X-7406
  </name>
  <category>
   Hat
  </category>
  <size>
   L
  </size>
  <color>
   Оранжевый
  </color>
  <material>
   Вискоза
  </material>
  <price>
   129502
  </price>
  <rating>
   4.78
  </rating>
  <reviews>
   237900
  </reviews>
  <exclusive>
   no
  </exclusive>
  <sporty>
   yes
  </sporty>
 </clothing>
 <clothing>
  <id>
   807192404
  </id>
  <name>
   Adidas Pants M-8252
  </name>
  <category>
   Pants
  </category>
  <size>
   XL
  </size>
  <color>
   Голубой
  </color>
  <material>
   Полиэстер
  </material>
  <price>
   482512
  </price>
  <rating>
   3.31
  </rating>
  <reviews>
   788334
  </reviews>
 </clothing>
 <clothing>
  <id>
   593158204
  </id>
  <name>
   New Balance Shirt I-4678
  </name>
  <category>
   Shirt
  </category>
  <size>
   M
  </size>
  <color>
   Синий
  </color>
  <material>
   Хлопок
  </material>
  <price>
   118975
  </price>
  <rating>
   4.82
  </rating>
  <reviews>
   186317
  </reviews>
  <new>
   -
  </new>
  <exclusive>
   yes
  </exclusive>
  <sporty>
   yes
  </sporty>
 </clothing>
 <clothing>
  <id>
   299503337
  </id>
  <name>
   Converse Gloves P-4755
  </name>
  <category>
   Gloves
  </category>
  <size>
   L
  </size>
  <color>
   Желтый
  </color>
  <material>
   Хлопок
  </material>
  <price>
   377030
  </price>
  <rating>
   4.83
  </rating>
  <reviews>
   183279
  </reviews>
  <new>
   +
  </new>
  <exclusive>
   yes
  </exclusive>
  <sporty>
   no
  </sporty>
 </clothing>
 <clothing>
  <id>
   995710914
  </id>
  <name>
   Fila Belts Z-9524
  </name>
  <category>
   Belts
  </category>
  <size>
   L
  </size>
  <color>
   Голубой
  </color>
  <material>
   Шерсть
  </material>
  <price>
   542364
  </price>
  <rating>
   1.0
  </rating>
  <reviews>
   414294
  </reviews>
 </clothing>
 <clothing>
  <id>
   739172322
  </id>
  <name>
   Nike Pants J-8612
  </name>
  <category>
   Pants
  </category>
  <size>
   XL
  </size>
  <color>
   Синий
  </color>
  <material>
   Вискоза
  </material>
  <price>
   393279
  </price>
  <rating>
   4.66
  </rating>
  <reviews>
   370688
  </reviews>
  <new>
   -
  </new>
  <exclusive>
   yes
  </exclusive>
 </clothing>
 <clothing>
  <id>
   999280970
  </id>
  <name>
   Under Armour Hat Z-1722
  </name>
  <category>
   Hat
  </category>
  <size>
   XXL
  </size>
  <color>
   Зеленый
  </color>
  <material>
   Лен
  </material>
  <price>
   253980
  </price>
  <rating>
   4.46
  </rating>
  <reviews>
   522749
  </reviews>
  <new>
   +
  </new>
  <exclusive>
   no
  </exclusive>
 </clothing>
 <clothing>
  <id>
   988933219
  </id>
  <name>
   Converse Shoes U-9265
  </name>
  <category>
   Shoes
  </category>
  <size>
   XXL
  </size>
  <color>
   Оранжевый
  </color>
  <material>
   Шелк
  </material>
  <price>
   403455
  </price>
  <rating>
   1.85
  </rating>
  <reviews>
   660899
  </reviews>
  <exclusive>
   yes
  </exclusive>
 </clothing>
 <clothing>
  <id>
   637416177
  </id>
  <name>
   Brooks Shirt F-3993
  </name>
  <category>
   Shirt
  </category>
  <size>
   M
  </size>
  <color>
   Красный
  </color>
  <material>
   Хлопок
  </material>
  <price>
   773314
  </price>
  <rating>
   3.84
  </rating>
  <reviews>
   294675
  </reviews>
  <exclusive>
   yes
  </exclusive>
  <sporty>
   no
  </sporty>
 </clothing>
 <clothing>
  <id>
   993125185
  </id>
  <name>
   Reebok Belts O-4486
  </name>
  <category>
   Belts
  </category>
  <size>
   M
  </size>
  <color>
   Желтый
  </color>
  <material>
   Вискоза
  </material>
  <price>
   738029
  </price>
  <rating>
   4.19
  </rating>
  <reviews>
   896086
  </reviews>
  <new>
   -
  </new>
  <sporty>
   yes
  </sporty>
 </clothing>
 <clothing>
  <id>
   454599114
  </id>
  <name>
   New Balance Jacket G-5426
  </name>
  <category>
   Jacket
  </category>
  <size>
   S
  </size>
  <color>
   Оранжевый
  </color>
  <material>
   Кожа
  </material>
  <price>
   133422
  </price>
  <rating>
   2.12
  </rating>
  <reviews>
   415311
  </reviews>
  <exclusive>
   no
  </exclusive>
  <sporty>
   no
  </sporty>
 </clothing>
 <clothing>
  <id>
   308029500
  </id>
  <name>
   Ellesse Blouse O-3757
  </name>
  <category>
   Blouse
  </category>
  <size>
   S
  </size>
  <color>
   Желтый
  </color>
  <material>
   Кожа
  </material>
  <price>
   666910
  </price>
  <rating>
   2.31
  </rating>
  <reviews>
   953067
  </reviews>
  <new>
   -
  </new>
  <exclusive>
   yes
  </exclusive>
  <sporty>
   yes
  </sporty>
 </clothing>
 <clothing>
  <id>
   495432101
  </id>
  <name>
   Nike Socks T-7332
  </name>
  <category>
   Socks
  </category>
  <size>
   S
  </size>
  <color>
   Оранжевый
  </color>
  <material>
   Полиэстер
  </material>
  <price>
   320805
  </price>
  <rating>
   2.48
  </rating>
  <reviews>
   54331
  </reviews>
  <exclusive>
   no
  </exclusive>
 </clothing>
 <clothing>
  <id>
   867601474
  </id>
  <name>
   Converse Jeans R-6059
  </name>
  <category>
   Jeans
  </category>
  <size>
   M
  </size>
  <color>
   Фиолетовый
  </color>
  <material>
   Кожа
  </material>
  <price>
   719440
  </price>
  <rating>
   1.68
  </rating>
  <reviews>
   631577
  </reviews>
  <sporty>
   yes
  </sporty>
 </clothing>
 <clothing>
  <id>
   472777108
  </id>
  <name>
   Brooks Pants D-4544
  </name>
  <category>
   Pants
  </category>
  <size>
   M
  </size>
  <color>
   Желтый
  </color>
  <material>
   Вискоза
  </material>
  <price>
   741840
  </price>
  <rating>
   4.62
  </rating>
  <reviews>
   547764
  </reviews>
 </clothing>
 <clothing>
  <id>
   593268626
  </id>
  <name>
   Addidas Umbrellas V-1786
  </name>
  <category>
   Umbrellas
  </category>
  <size>
   XXL
  </size>
  <color>
   Голубой
  </color>
  <material>
   Лен
  </material>
  <price>
   855198
  </price>
  <rating>
   4.87
  </rating>
  <reviews>
   726348
  </reviews>
  <exclusive>
   yes
  </exclusive>
  <sporty>
   no
  </sporty>
 </clothing>
 <clothing>
  <id>
   285008833
  </id>
  <name>
   Asics T-shirt L-3362
  </name>
  <category>
   T-shirt
  </category>
  <size>
   L
  </size>
  <color>
   Зеленый
  </color>
  <material>
   Лен
  </material>
  <price>
   159128
  </price>
  <rating>
   2.38
  </rating>
  <reviews>
   803406
  </reviews>
  <exclusive>
   yes
  </exclusive>
  <sporty>
   no
  </sporty>
 </clothing>
 <clothing>
  <id>
   980105777
  </id>
  <name>
   Under Armour Blouse B-7362
  </name>
  <category>
   Blouse
  </category>
  <size>
   XXL
  </size>
  <color>
   Зеленый
  </color>
  <material>
   Вискоза
  </material>
  <price>
   724644
  </price>
  <rating>
   2.5
  </rating>
  <reviews>
   49905
  </reviews>
  <new>
   -
  </new>
  <sporty>
   yes
  </sporty>
 </clothing>
 <clothing>
  <id>
   756113666
  </id>
  <name>
   Nike Skirt D-6037
  </name>
  <category>
   Skirt
  </category>
  <size>
   M
  </size>
  <color>
   Синий
  </color>
  <material>
   Хлопок
  </material>
  <price>
   668521
  </price>
  <rating>
   4.85
  </rating>
  <reviews>
   514398
  </reviews>
  <new>
   -
  </new>
  <exclusive>
   no
  </exclusive>
 </clothing>
 <clothing>
  <id>
   305986941
  </id>
  <name>
   Nike Shoes M-8002
  </name>
  <category>
   Shoes
  </category>
  <size>
   L
  </size>
  <color>
   Красный
  </color>
  <material>
   Шерсть
  </material>
  <price>
   351510
  </price>
  <rating>
   4.54
  </rating>
  <reviews>
   12879
  </reviews>
  <exclusive>
   no
  </exclusive>
 </clothing>
 <clothing>
  <id>
   962831745
  </id>
  <name>
   DC Belts Z-1976
  </name>
  <category>
   Belts
  </category>
  <size>
   XXL
  </size>
  <color>
   Оранжевый
  </color>
  <material>
   Шерсть
  </material>
  <price>
   733592
  </price>
  <rating>
   1.52
  </rating>
  <reviews>
   37886
  </reviews>
  <new>
   +
  </new>
  <exclusive>
   no
  </exclusive>
  <sporty>
   yes
  </sporty>
 </clothing>
 <clothing>
  <id>
   323644324
  </id>
  <name>
   PleinSport Hat E-7179
  </name>
  <category>
   Hat
  </category>
  <size>
   M
  </size>
  <color>
   Синий
  </color>
  <material>
   Хлопок
  </material>
  <price>
   253577
  </price>
  <rating>
   3.91
  </rating>
  <reviews>
   152958
  </reviews>
  <sporty>
   no
  </sporty>
 </clothing>
 <clothing>
  <id>
   452324877
  </id>
  <name>
   Adidas Shirt N-7837
  </name>
  <category>
   Shirt
  </category>
  <size>
   XL
  </size>
  <color>
   Оранжевый
  </color>
  <material>
   Кожа
  </material>
  <price>
   103244
  </price>
  <rating>
   4.13
  </rating>
  <reviews>
   31532
  </reviews>
  <exclusive>
   no
  </exclusive>
  <sporty>
   no
  </sporty>
 </clothing>
 <clothing>
  <id>
   107471897
  </id>
  <name>
   Nike Socks N-5131
  </name>
  <category>
   Socks
  </category>
  <size>
   M
  </size>
  <color>
   Синий
  </color>
  <material>
   Кожа
  </material>
  <price>
   894781
  </price>
  <rating>
   2.73
  </rating>
  <reviews>
   551231
  </reviews>
  <new>
   -
  </new>
  <exclusive>
   no
  </exclusive>
  <sporty>
   no
  </sporty>
 </clothing>
 <clothing>
  <id>
   751111235
  </id>
  <name>
   Adidas Jacket Q-7381
  </name>
  <category>
   Jacket
  </category>
  <size>
   M
  </size>
  <color>
   Голубой
  </color>
  <material>
   Вискоза
  </material>
  <price>
   384665
  </price>
  <rating>
   4.09
  </rating>
  <reviews>
   545449
  </reviews>
  <new>
   -
  </new>
  <sporty>
   no
  </sporty>
 </clothing>
 <clothing>
  <id>
   988702353
  </id>
  <name>
   Ellesse Jeans H-4963
  </name>
  <category>
   Jeans
  </category>
  <size>
   L
  </size>
  <color>
   Желтый
  </color>
  <material>
   Шерсть
  </material>
  <price>
   366368
  </price>
  <rating>
   1.78
  </rating>
  <reviews>
   185103
  </reviews>
  <new>
   -
  </new>
  <sporty>
   no
  </sporty>
 </clothing>
 <clothing>
  <id>
   135010789
  </id>
  <name>
   DC Blouse Z-6841
  </name>
  <category>
   Blouse
  </category>
  <size>
   XL
  </size>
  <color>
   Голубой
  </color>
  <material>
   Нейлон
  </material>
  <price>
   166758
  </price>
  <rating>
   1.6
  </rating>
  <reviews>
   841900
  </reviews>
  <exclusive>
   yes
  </exclusive>
 </clothing>
 <clothing>
  <id>
   187565944
  </id>
  <name>
   Converse Pants U-6649
  </name>
  <category>
   Pants
  </category>
  <size>
   XXL
  </size>
  <color>
   Синий
  </color>
  <material>
   Нейлон
  </material>
  <price>
   264359
  </price>
  <rating>
   2.81
  </rating>
  <reviews>
   498489
  </reviews>
  <exclusive>
   yes
  </exclusive>
 </clothing>
</clothing-items>
