<?xml version="1.0" encoding="utf-8"?>
<clothing-items>
 <clothing>
  <id>
   958339138
  </id>
  <name>
   Vans Shoes Y-7934
  </name>
  <category>
   Shoes
  </category>
  <size>
   XL
  </size>
  <color>
   Оранжевый
  </color>
  <material>
   Нейлон
  </material>
  <price>
   329548
  </price>
  <rating>
   3.86
  </rating>
  <reviews>
   547862
  </reviews>
  <new>
   +
  </new>
  <exclusive>
   no
  </exclusive>
 </clothing>
 <clothing>
  <id>
   464045703
  </id>
  <name>
   New Balance Handbags J-3032
  </name>
  <category>
   Handbags
  </category>
  <size>
   M
  </size>
  <color>
   Фиолетовый
  </color>
  <material>
   Хлопок
  </material>
  <price>
   588990
  </price>
  <rating>
   1.33
  </rating>
  <reviews>
   852380
  </reviews>
  <new>
   -
  </new>
  <exclusive>
   yes
  </exclusive>
 </clothing>
 <clothing>
  <id>
   290280176
  </id>
  <name>
   Fila Umbrellas R-1442
  </name>
  <category>
   Umbrellas
  </category>
  <size>
   L
  </size>
  <color>
   Фиолетовый
  </color>
  <material>
   Полиэстер
  </material>
  <price>
   725982
  </price>
  <rating>
   3.26
  </rating>
  <reviews>
   16416
  </reviews>
  <exclusive>
   no
  </exclusive>
  <sporty>
   yes
  </sporty>
 </clothing>
 <clothing>
  <id>
   308574636
  </id>
  <name>
   Puma Skirt Z-9215
  </name>
  <category>
   Skirt
  </category>
  <size>
   L
  </size>
  <color>
   Красный
  </color>
  <material>
   Нейлон
  </material>
  <price>
   358153
  </price>
  <rating>
   4.89
  </rating>
  <reviews>
   580616
  </reviews>
  <new>
   -
  </new>
 </clothing>
 <clothing>
  <id>
   909760476
  </id>
  <name>
   Puma Jacket D-8762
  </name>
  <category>
   Jacket
  </category>
  <size>
   S
  </size>
  <color>
   Желтый
  </color>
  <material>
   Шелк
  </material>
  <price>
   711451
  </price>
  <rating>
   4.27
  </rating>
  <reviews>
   953789
  </reviews>
  <sporty>
   yes
  </sporty>
 </clothing>
 <clothing>
  <id>
   680743007
  </id>
  <name>
   Ellesse Gloves M-5504
  </name>
  <category>
   Gloves
  </category>
  <size>
   XXL
  </size>
  <color>
   Желтый
  </color>
  <material>
   Кожа
  </material>
  <price>
   501018
  </price>
  <rating>
   2.0
  </rating>
  <reviews>
   762839
  </reviews>
  <new>
   -
  </new>
  <exclusive>
   yes
  </exclusive>
  <sporty>
   yes
  </sporty>
 </clothing>
 <clothing>
  <id>
   199153019
  </id>
  <name>
   Adidas Gloves J-2861
  </name>
  <category>
   Gloves
  </category>
  <size>
   M
  </size>
  <color>
   Зеленый
  </color>
  <material>
   Лен
  </material>
  <price>
   853048
  </price>
  <rating>
   3.64
  </rating>
  <reviews>
   256006
  </reviews>
  <new>
   +
  </new>
 </clothing>
 <clothing>
  <id>
   635456571
  </id>
  <name>
   Fila Blouse D-2337
  </name>
  <category>
   Blouse
  </category>
  <size>
   L
  </size>
  <color>
   Фиолетовый
  </color>
  <material>
   Шелк
  </material>
  <price>
   995982
  </price>
  <rating>
   4.61
  </rating>
  <reviews>
   30420
  </reviews>
  <new>
   +
  </new>
 </clothing>
 <clothing>
  <id>
   404845988
  </id>
  <name>
   Nike Hat C-7096
  </name>
  <category>
   Hat
  </category>
  <size>
   XXL
  </size>
  <color>
   Желтый
  </color>
  <material>
   Вискоза
  </material>
  <price>
   795077
  </price>
  <rating>
   3.41
  </rating>
  <reviews>
   769271
  </reviews>
  <sporty>
   no
  </sporty>
 </clothing>
 <clothing>
  <id>
   686556991
  </id>
  <name>
   Adidas Handbags J-2087
  </name>
  <category>
   Handbags
  </category>
  <size>
   XL
  </size>
  <color>
   Фиолетовый
  </color>
  <material>
   Вискоза
  </material>
  <price>
   705724
  </price>
  <rating>
   1.27
  </rating>
  <reviews>
   673498
  </reviews>
  <new>
   +
  </new>
  <exclusive>
   yes
  </exclusive>
  <sporty>
   yes
  </sporty>
 </clothing>
 <clothing>
  <id>
   368267376
  </id>
  <name>
   Ellesse Pants I-2118
  </name>
  <category>
   Pants
  </category>
  <size>
   S
  </size>
  <color>
   Оранжевый
  </color>
  <material>
   Нейлон
  </material>
  <price>
   367038
  </price>
  <rating>
   2.59
  </rating>
  <reviews>
   254219
  </reviews>
  <exclusive>
   yes
  </exclusive>
 </clothing>
 <clothing>
  <id>
   914770488
  </id>
  <name>
   Puma Jacket W-2447
  </name>
  <category>
   Jacket
  </category>
  <size>
   M
  </size>
  <color>
   Оранжевый
  </color>
  <material>
   Шелк
  </material>
  <price>
   167196
  </price>
  <rating>
   1.05
  </rating>
  <reviews>
   994412
  </reviews>
  <new>
   -
  </new>
  <sporty>
   yes
  </sporty>
 </clothing>
 <clothing>
  <id>
   827441086
  </id>
  <name>
   Adidas Gloves Y-2132
  </name>
  <category>
   Gloves
  </category>
  <size>
   M
  </size>
  <color>
   Зеленый
  </color>
  <material>
   Кожа
  </material>
  <price>
   149944
  </price>
  <rating>
   3.82
  </rating>
  <reviews>
   825586
  </reviews>
  <new>
   +
  </new>
 </clothing>
 <clothing>
  <id>
   224808057
  </id>
  <name>
   Ellesse Sweater W-5865
  </name>
  <category>
   Sweater
  </category>
  <size>
   M
  </size>
  <color>
   Оранжевый
  </color>
  <material>
   Хлопок
  </material>
  <price>
   684685
  </price>
  <rating>
   2.3
  </rating>
  <reviews>
   210831
  </reviews>
  <sporty>
   no
  </sporty>
 </clothing>
 <clothing>
  <id>
   626190767
  </id>
  <name>
   Converse Pants R-1137
  </name>
  <category>
   Pants
  </category>
  <size>
   M
  </size>
  <color>
   Желтый
  </color>
  <material>
   Хлопок
  </material>
  <price>
   456070
  </price>
  <rating>
   2.6
  </rating>
  <reviews>
   357179
  </reviews>
  <exclusive>
   no
  </exclusive>
 </clothing>
 <clothing>
  <id>
   394492732
  </id>
  <name>
   Ellesse Blouse Q-5876
  </name>
  <category>
   Blouse
  </category>
  <size>
   XL
  </size>
  <color>
   Желтый
  </color>
  <material>
   Лен
  </material>
  <price>
   892445
  </price>
  <rating>
   2.57
  </rating>
  <reviews>
   564780
  </reviews>
  <new>
   -
  </new>
  <sporty>
   yes
  </sporty>
 </clothing>
 <clothing>
  <id>
   886736724
  </id>
  <name>
   Ellesse Dress X-5528
  </name>
  <category>
   Dress
  </category>
  <size>
   XL
  </size>
  <color>
   Голубой
  </color>
  <material>
   Хлопок
  </material>
  <price>
   482851
  </price>
  <rating>
   1.18
  </rating>
  <reviews>
   248596
  </reviews>
  <new>
   -
  </new>
  <exclusive>
   no
  </exclusive>
  <sporty>
   no
  </sporty>
 </clothing>
 <clothing>
  <id>
   104506595
  </id>
  <name>
   Brooks T-shirt O-5852
  </name>
  <category>
   T-shirt
  </category>
  <size>
   L
  </size>
  <color>
   Оранжевый
  </color>
  <material>
   Нейлон
  </material>
  <price>
   257920
  </price>
  <rating>
   3.81
  </rating>
  <reviews>
   290705
  </reviews>
  <exclusive>
   yes
  </exclusive>
  <sporty>
   no
  </sporty>
 </clothing>
 <clothing>
  <id>
   590330761
  </id>
  <name>
   Vans T-shirt H-1662
  </name>
  <category>
   T-shirt
  </category>
  <size>
   XXL
  </size>
  <color>
   Фиолетовый
  </color>
  <material>
   Шелк
  </material>
  <price>
   510230
  </price>
  <rating>
   2.75
  </rating>
  <reviews>
   150755
  </reviews>
  <exclusive>
   yes
  </exclusive>
  <sporty>
   yes
  </sporty>
 </clothing>
 <clothing>
  <id>
   905296725
  </id>
  <name>
   Vans Blouse O-9495
  </name>
  <category>
   Blouse
  </category>
  <size>
   XL
  </size>
  <color>
   Голубой
  </color>
  <material>
   Шерсть
  </material>
  <price>
   692572
  </price>
  <rating>
   4.35
  </rating>
  <reviews>
   395828
  </reviews>
 </clothing>
 <clothing>
  <id>
   547861802
  </id>
  <name>
   Asics Shoes F-7342
  </name>
  <category>
   Shoes
  </category>
  <size>
   XL
  </size>
  <color>
   Синий
  </color>
  <material>
   Хлопок
  </material>
  <price>
   229463
  </price>
  <rating>
   2.12
  </rating>
  <reviews>
   486677
  </reviews>
 </clothing>
</clothing-items>
