<?xml version="1.0" encoding="utf-8"?>
<clothing-items>
 <clothing>
  <id>
   745279593
  </id>
  <name>
   Addidas Belts B-3054
  </name>
  <category>
   Belts
  </category>
  <size>
   S
  </size>
  <color>
   Зеленый
  </color>
  <material>
   Хлопок
  </material>
  <price>
   130979
  </price>
  <rating>
   3.42
  </rating>
  <reviews>
   794448
  </reviews>
  <exclusive>
   yes
  </exclusive>
  <sporty>
   no
  </sporty>
 </clothing>
 <clothing>
  <id>
   749503453
  </id>
  <name>
   Asics Skirt H-5087
  </name>
  <category>
   Skirt
  </category>
  <size>
   M
  </size>
  <color>
   Зеленый
  </color>
  <material>
   Полиэстер
  </material>
  <price>
   634357
  </price>
  <rating>
   2.36
  </rating>
  <reviews>
   26523
  </reviews>
  <new>
   +
  </new>
 </clothing>
 <clothing>
  <id>
   671449739
  </id>
  <name>
   Adidas Socks P-9346
  </name>
  <category>
   Socks
  </category>
  <size>
   M
  </size>
  <color>
   Зеленый
  </color>
  <material>
   Хлопок
  </material>
  <price>
   282879
  </price>
  <rating>
   4.31
  </rating>
  <reviews>
   108570
  </reviews>
  <new>
   -
  </new>
  <sporty>
   yes
  </sporty>
 </clothing>
 <clothing>
  <id>
   132027386
  </id>
  <name>
   Vans Hat E-3653
  </name>
  <category>
   Hat
  </category>
  <size>
   L
  </size>
  <color>
   Зеленый
  </color>
  <material>
   Нейлон
  </material>
  <price>
   756083
  </price>
  <rating>
   1.59
  </rating>
  <reviews>
   866985
  </reviews>
  <exclusive>
   no
  </exclusive>
  <sporty>
   yes
  </sporty>
 </clothing>
 <clothing>
  <id>
   748286907
  </id>
  <name>
   Nike Dress U-3364
  </name>
  <category>
   Dress
  </category>
  <size>
   S
  </size>
  <color>
   Синий
  </color>
  <material>
   Кожа
  </material>
  <price>
   994651
  </price>
  <rating>
   4.52
  </rating>
  <reviews>
   849800
  </reviews>
  <new>
   -
  </new>
  <sporty>
   yes
  </sporty>
 </clothing>
 <clothing>
  <id>
   869141012
  </id>
  <name>
   Vans Handbags L-3705
  </name>
  <category>
   Handbags
  </category>
  <size>
   L
  </size>
  <color>
   Оранжевый
  </color>
  <material>
   Нейлон
  </material>
  <price>
   737015
  </price>
  <rating>
   2.56
  </rating>
  <reviews>
   479946
  </reviews>
  <new>
   +
  </new>
  <exclusive>
   yes
  </exclusive>
  <sporty>
   yes
  </sporty>
 </clothing>
 <clothing>
  <id>
   898263778
  </id>
  <name>
   Asics Socks R-7565
  </name>
  <category>
   Socks
  </category>
  <size>
   M
  </size>
  <color>
   Синий
  </color>
  <material>
   Вискоза
  </material>
  <price>
   341658
  </price>
  <rating>
   4.42
  </rating>
  <reviews>
   825081
  </reviews>
  <new>
   +
  </new>
 </clothing>
 <clothing>
  <id>
   492539492
  </id>
  <name>
   Lacoste Dress P-6637
  </name>
  <category>
   Dress
  </category>
  <size>
   L
  </size>
  <color>
   Фиолетовый
  </color>
  <material>
   Шелк
  </material>
  <price>
   534391
  </price>
  <rating>
   1.82
  </rating>
  <reviews>
   730606
  </reviews>
  <exclusive>
   yes
  </exclusive>
  <sporty>
   no
  </sporty>
 </clothing>
 <clothing>
  <id>
   128592787
  </id>
  <name>
   Under Armour Umbrellas V-7240
  </name>
  <category>
   Umbrellas
  </category>
  <size>
   XL
  </size>
  <color>
   Оранжевый
  </color>
  <material>
   Лен
  </material>
  <price>
   616985
  </price>
  <rating>
   3.81
  </rating>
  <reviews>
   887363
  </reviews>
  <exclusive>
   yes
  </exclusive>
  <sporty>
   yes
  </sporty>
 </clothing>
 <clothing>
  <id>
   163642636
  </id>
  <name>
   New Balance Pants W-4018
  </name>
  <category>
   Pants
  </category>
  <size>
   XL
  </size>
  <color>
   Синий
  </color>
  <material>
   Кожа
  </material>
  <price>
   756485
  </price>
  <rating>
   2.17
  </rating>
  <reviews>
   60020
  </reviews>
  <exclusive>
   yes
  </exclusive>
 </clothing>
 <clothing>
  <id>
   910236153
  </id>
  <name>
   Fila Gloves G-9293
  </name>
  <category>
   Gloves
  </category>
  <size>
   M
  </size>
  <color>
   Голубой
  </color>
  <material>
   Нейлон
  </material>
  <price>
   436029
  </price>
  <rating>
   4.51
  </rating>
  <reviews>
   748937
  </reviews>
  <new>
   -
  </new>
  <exclusive>
   no
  </exclusive>
 </clothing>
 <clothing>
  <id>
   234921987
  </id>
  <name>
   Vans Belts D-4719
  </name>
  <category>
   Belts
  </category>
  <size>
   L
  </size>
  <color>
   Синий
  </color>
  <material>
   Шерсть
  </material>
  <price>
   237063
  </price>
  <rating>
   1.31
  </rating>
  <reviews>
   67831
  </reviews>
  <new>
   +
  </new>
  <exclusive>
   no
  </exclusive>
 </clothing>
 <clothing>
  <id>
   220141474
  </id>
  <name>
   Brooks T-shirt K-4785
  </name>
  <category>
   T-shirt
  </category>
  <size>
   M
  </size>
  <color>
   Зеленый
  </color>
  <material>
   Лен
  </material>
  <price>
   917136
  </price>
  <rating>
   4.45
  </rating>
  <reviews>
   958778
  </reviews>
  <new>
   +
  </new>
  <exclusive>
   no
  </exclusive>
  <sporty>
   no
  </sporty>
 </clothing>
 <clothing>
  <id>
   413116592
  </id>
  <name>
   Converse Skirt O-4070
  </name>
  <category>
   Skirt
  </category>
  <size>
   XL
  </size>
  <color>
   Синий
  </color>
  <material>
   Шелк
  </material>
  <price>
   110027
  </price>
  <rating>
   1.8
  </rating>
  <reviews>
   329583
  </reviews>
  <new>
   +
  </new>
 </clothing>
</clothing-items>
