<?xml version="1.0" encoding="utf-8"?>
<clothing-items>
 <clothing>
  <id>
   917091114
  </id>
  <name>
   Under Armour Skirt F-2889
  </name>
  <category>
   Skirt
  </category>
  <size>
   L
  </size>
  <color>
   Фиолетовый
  </color>
  <material>
   Шерсть
  </material>
  <price>
   697688
  </price>
  <rating>
   3.42
  </rating>
  <reviews>
   28111
  </reviews>
  <new>
   +
  </new>
  <exclusive>
   no
  </exclusive>
  <sporty>
   yes
  </sporty>
 </clothing>
 <clothing>
  <id>
   219624130
  </id>
  <name>
   Converse Sweater G-6872
  </name>
  <category>
   Sweater
  </category>
  <size>
   L
  </size>
  <color>
   Зеленый
  </color>
  <material>
   Шелк
  </material>
  <price>
   197318
  </price>
  <rating>
   1.84
  </rating>
  <reviews>
   861442
  </reviews>
  <new>
   +
  </new>
  <exclusive>
   no
  </exclusive>
 </clothing>
 <clothing>
  <id>
   383821906
  </id>
  <name>
   Addidas Pants L-4003
  </name>
  <category>
   Pants
  </category>
  <size>
   XL
  </size>
  <color>
   Фиолетовый
  </color>
  <material>
   Лен
  </material>
  <price>
   810014
  </price>
  <rating>
   3.27
  </rating>
  <reviews>
   345935
  </reviews>
  <new>
   -
  </new>
  <exclusive>
   yes
  </exclusive>
 </clothing>
 <clothing>
  <id>
   727116986
  </id>
  <name>
   Fila Gloves J-2056
  </name>
  <category>
   Gloves
  </category>
  <size>
   L
  </size>
  <color>
   Желтый
  </color>
  <material>
   Нейлон
  </material>
  <price>
   844815
  </price>
  <rating>
   2.08
  </rating>
  <reviews>
   805759
  </reviews>
  <exclusive>
   yes
  </exclusive>
  <sporty>
   no
  </sporty>
 </clothing>
 <clothing>
  <id>
   770711839
  </id>
  <name>
   Under Armour Sweater R-1028
  </name>
  <category>
   Sweater
  </category>
  <size>
   S
  </size>
  <color>
   Фиолетовый
  </color>
  <material>
   Вискоза
  </material>
  <price>
   822085
  </price>
  <rating>
   4.57
  </rating>
  <reviews>
   956586
  </reviews>
  <exclusive>
   yes
  </exclusive>
  <sporty>
   yes
  </sporty>
 </clothing>
 <clothing>
  <id>
   945897560
  </id>
  <name>
   Reebok Handbags X-7087
  </name>
  <category>
   Handbags
  </category>
  <size>
   XL
  </size>
  <color>
   Зеленый
  </color>
  <material>
   Кожа
  </material>
  <price>
   729256
  </price>
  <rating>
   3.99
  </rating>
  <reviews>
   345292
  </reviews>
  <new>
   +
  </new>
  <sporty>
   no
  </sporty>
 </clothing>
 <clothing>
  <id>
   193016950
  </id>
  <name>
   Fila Dress S-1616
  </name>
  <category>
   Dress
  </category>
  <size>
   M
  </size>
  <color>
   Красный
  </color>
  <material>
   Полиэстер
  </material>
  <price>
   818544
  </price>
  <rating>
   2.25
  </rating>
  <reviews>
   535774
  </reviews>
  <exclusive>
   no
  </exclusive>
  <sporty>
   yes
  </sporty>
 </clothing>
 <clothing>
  <id>
   697282177
  </id>
  <name>
   Vans Shirt S-7206
  </name>
  <category>
   Shirt
  </category>
  <size>
   M
  </size>
  <color>
   Фиолетовый
  </color>
  <material>
   Вискоза
  </material>
  <price>
   740839
  </price>
  <rating>
   1.62
  </rating>
  <reviews>
   288623
  </reviews>
  <exclusive>
   no
  </exclusive>
  <sporty>
   no
  </sporty>
 </clothing>
 <clothing>
  <id>
   112170651
  </id>
  <name>
   Lacoste Hat I-5398
  </name>
  <category>
   Hat
  </category>
  <size>
   XXL
  </size>
  <color>
   Голубой
  </color>
  <material>
   Нейлон
  </material>
  <price>
   274730
  </price>
  <rating>
   1.85
  </rating>
  <reviews>
   81014
  </reviews>
  <new>
   -
  </new>
  <sporty>
   yes
  </sporty>
 </clothing>
 <clothing>
  <id>
   496767046
  </id>
  <name>
   Vans Handbags Z-6178
  </name>
  <category>
   Handbags
  </category>
  <size>
   L
  </size>
  <color>
   Фиолетовый
  </color>
  <material>
   Полиэстер
  </material>
  <price>
   948926
  </price>
  <rating>
   2.9
  </rating>
  <reviews>
   82796
  </reviews>
  <sporty>
   yes
  </sporty>
 </clothing>
 <clothing>
  <id>
   242640081
  </id>
  <name>
   DC Dress L-4832
  </name>
  <category>
   Dress
  </category>
  <size>
   XXL
  </size>
  <color>
   Зеленый
  </color>
  <material>
   Хлопок
  </material>
  <price>
   339204
  </price>
  <rating>
   1.52
  </rating>
  <reviews>
   537864
  </reviews>
  <new>
   +
  </new>
  <exclusive>
   no
  </exclusive>
 </clothing>
 <clothing>
  <id>
   549889010
  </id>
  <name>
   Nike Shirt I-2494
  </name>
  <category>
   Shirt
  </category>
  <size>
   XXL
  </size>
  <color>
   Синий
  </color>
  <material>
   Лен
  </material>
  <price>
   449851
  </price>
  <rating>
   2.34
  </rating>
  <reviews>
   230515
  </reviews>
  <new>
   +
  </new>
  <exclusive>
   yes
  </exclusive>
  <sporty>
   no
  </sporty>
 </clothing>
 <clothing>
  <id>
   395681513
  </id>
  <name>
   Adidas Shirt C-5503
  </name>
  <category>
   Shirt
  </category>
  <size>
   XXL
  </size>
  <color>
   Желтый
  </color>
  <material>
   Нейлон
  </material>
  <price>
   961899
  </price>
  <rating>
   1.91
  </rating>
  <reviews>
   980343
  </reviews>
  <new>
   +
  </new>
  <exclusive>
   no
  </exclusive>
  <sporty>
   no
  </sporty>
 </clothing>
 <clothing>
  <id>
   573472804
  </id>
  <name>
   Asics Handbags S-5468
  </name>
  <category>
   Handbags
  </category>
  <size>
   S
  </size>
  <color>
   Синий
  </color>
  <material>
   Шелк
  </material>
  <price>
   851368
  </price>
  <rating>
   3.65
  </rating>
  <reviews>
   409022
  </reviews>
  <new>
   -
  </new>
  <exclusive>
   yes
  </exclusive>
  <sporty>
   yes
  </sporty>
 </clothing>
 <clothing>
  <id>
   890447604
  </id>
  <name>
   Addidas T-shirt Z-6949
  </name>
  <category>
   T-shirt
  </category>
  <size>
   S
  </size>
  <color>
   Фиолетовый
  </color>
  <material>
   Кожа
  </material>
  <price>
   421363
  </price>
  <rating>
   2.6
  </rating>
  <reviews>
   443986
  </reviews>
  <new>
   -
  </new>
  <exclusive>
   yes
  </exclusive>
 </clothing>
 <clothing>
  <id>
   693929489
  </id>
  <name>
   Nike Dress C-1845
  </name>
  <category>
   Dress
  </category>
  <size>
   M
  </size>
  <color>
   Оранжевый
  </color>
  <material>
   Шерсть
  </material>
  <price>
   354192
  </price>
  <rating>
   3.35
  </rating>
  <reviews>
   956500
  </reviews>
  <sporty>
   no
  </sporty>
 </clothing>
 <clothing>
  <id>
   311489992
  </id>
  <name>
   Adidas Pants O-5936
  </name>
  <category>
   Pants
  </category>
  <size>
   XXL
  </size>
  <color>
   Фиолетовый
  </color>
  <material>
   Хлопок
  </material>
  <price>
   967146
  </price>
  <rating>
   3.1
  </rating>
  <reviews>
   31081
  </reviews>
  <new>
   +
  </new>
  <sporty>
   yes
  </sporty>
 </clothing>
 <clothing>
  <id>
   214224834
  </id>
  <name>
   Nike Umbrellas H-5031
  </name>
  <category>
   Umbrellas
  </category>
  <size>
   XL
  </size>
  <color>
   Желтый
  </color>
  <material>
   Хлопок
  </material>
  <price>
   686439
  </price>
  <rating>
   1.43
  </rating>
  <reviews>
   340949
  </reviews>
  <exclusive>
   no
  </exclusive>
  <sporty>
   no
  </sporty>
 </clothing>
 <clothing>
  <id>
   741273658
  </id>
  <name>
   Nike Shoes A-2237
  </name>
  <category>
   Shoes
  </category>
  <size>
   XXL
  </size>
  <color>
   Голубой
  </color>
  <material>
   Лен
  </material>
  <price>
   495578
  </price>
  <rating>
   4.57
  </rating>
  <reviews>
   303079
  </reviews>
  <exclusive>
   no
  </exclusive>
  <sporty>
   yes
  </sporty>
 </clothing>
 <clothing>
  <id>
   373400171
  </id>
  <name>
   Under Armour Jeans W-8537
  </name>
  <category>
   Jeans
  </category>
  <size>
   M
  </size>
  <color>
   Оранжевый
  </color>
  <material>
   Хлопок
  </material>
  <price>
   962262
  </price>
  <rating>
   3.15
  </rating>
  <reviews>
   953290
  </reviews>
  <new>
   -
  </new>
  <exclusive>
   no
  </exclusive>
 </clothing>
 <clothing>
  <id>
   432801992
  </id>
  <name>
   Nike Belts Q-9598
  </name>
  <category>
   Belts
  </category>
  <size>
   XXL
  </size>
  <color>
   Зеленый
  </color>
  <material>
   Полиэстер
  </material>
  <price>
   156755
  </price>
  <rating>
   3.92
  </rating>
  <reviews>
   839635
  </reviews>
  <sporty>
   no
  </sporty>
 </clothing>
 <clothing>
  <id>
   208001728
  </id>
  <name>
   Converse Shoes T-9349
  </name>
  <category>
   Shoes
  </category>
  <size>
   L
  </size>
  <color>
   Фиолетовый
  </color>
  <material>
   Шерсть
  </material>
  <price>
   556030
  </price>
  <rating>
   3.64
  </rating>
  <reviews>
   377284
  </reviews>
  <new>
   +
  </new>
  <exclusive>
   yes
  </exclusive>
 </clothing>
 <clothing>
  <id>
   458627604
  </id>
  <name>
   Fila Socks M-8919
  </name>
  <category>
   Socks
  </category>
  <size>
   XXL
  </size>
  <color>
   Оранжевый
  </color>
  <material>
   Полиэстер
  </material>
  <price>
   247626
  </price>
  <rating>
   4.93
  </rating>
  <reviews>
   265189
  </reviews>
  <new>
   +
  </new>
  <exclusive>
   no
  </exclusive>
 </clothing>
 <clothing>
  <id>
   437348305
  </id>
  <name>
   Adidas Blouse U-1094
  </name>
  <category>
   Blouse
  </category>
  <size>
   M
  </size>
  <color>
   Желтый
  </color>
  <material>
   Шерсть
  </material>
  <price>
   970811
  </price>
  <rating>
   2.61
  </rating>
  <reviews>
   947233
  </reviews>
  <new>
   +
  </new>
  <exclusive>
   yes
  </exclusive>
  <sporty>
   yes
  </sporty>
 </clothing>
 <clothing>
  <id>
   563405365
  </id>
  <name>
   DC Belts G-4970
  </name>
  <category>
   Belts
  </category>
  <size>
   XXL
  </size>
  <color>
   Красный
  </color>
  <material>
   Вискоза
  </material>
  <price>
   610398
  </price>
  <rating>
   2.11
  </rating>
  <reviews>
   993539
  </reviews>
  <exclusive>
   no
  </exclusive>
 </clothing>
 <clothing>
  <id>
   831802455
  </id>
  <name>
   Converse Dress X-9909
  </name>
  <category>
   Dress
  </category>
  <size>
   XXL
  </size>
  <color>
   Синий
  </color>
  <material>
   Вискоза
  </material>
  <price>
   343478
  </price>
  <rating>
   4.59
  </rating>
  <reviews>
   492877
  </reviews>
  <new>
   +
  </new>
  <sporty>
   no
  </sporty>
 </clothing>
 <clothing>
  <id>
   286856753
  </id>
  <name>
   Brooks Pants W-8258
  </name>
  <category>
   Pants
  </category>
  <size>
   L
  </size>
  <color>
   Оранжевый
  </color>
  <material>
   Полиэстер
  </material>
  <price>
   467855
  </price>
  <rating>
   1.71
  </rating>
  <reviews>
   539801
  </reviews>
  <new>
   +
  </new>
  <exclusive>
   yes
  </exclusive>
 </clothing>
 <clothing>
  <id>
   322737293
  </id>
  <name>
   Adidas Sweater G-1577
  </name>
  <category>
   Sweater
  </category>
  <size>
   S
  </size>
  <color>
   Зеленый
  </color>
  <material>
   Кожа
  </material>
  <price>
   781408
  </price>
  <rating>
   2.42
  </rating>
  <reviews>
   102599
  </reviews>
  <new>
   -
  </new>
  <exclusive>
   yes
  </exclusive>
 </clothing>
 <clothing>
  <id>
   595852199
  </id>
  <name>
   Brooks Dress I-2728
  </name>
  <category>
   Dress
  </category>
  <size>
   XXL
  </size>
  <color>
   Красный
  </color>
  <material>
   Кожа
  </material>
  <price>
   339128
  </price>
  <rating>
   4.05
  </rating>
  <reviews>
   560135
  </reviews>
  <new>
   -
  </new>
  <exclusive>
   yes
  </exclusive>
  <sporty>
   yes
  </sporty>
 </clothing>
 <clothing>
  <id>
   244429864
  </id>
  <name>
   Converse Dress Y-2925
  </name>
  <category>
   Dress
  </category>
  <size>
   XXL
  </size>
  <color>
   Красный
  </color>
  <material>
   Хлопок
  </material>
  <price>
   323397
  </price>
  <rating>
   1.02
  </rating>
  <reviews>
   586013
  </reviews>
  <new>
   -
  </new>
  <exclusive>
   yes
  </exclusive>
 </clothing>
 <clothing>
  <id>
   673497923
  </id>
  <name>
   Addidas Gloves C-2100
  </name>
  <category>
   Gloves
  </category>
  <size>
   S
  </size>
  <color>
   Синий
  </color>
  <material>
   Нейлон
  </material>
  <price>
   647432
  </price>
  <rating>
   1.42
  </rating>
  <reviews>
   675324
  </reviews>
  <new>
   -
  </new>
  <exclusive>
   yes
  </exclusive>
  <sporty>
   no
  </sporty>
 </clothing>
 <clothing>
  <id>
   795861549
  </id>
  <name>
   PleinSport Pants K-7603
  </name>
  <category>
   Pants
  </category>
  <size>
   M
  </size>
  <color>
   Красный
  </color>
  <material>
   Кожа
  </material>
  <price>
   597868
  </price>
  <rating>
   2.35
  </rating>
  <reviews>
   629385
  </reviews>
  <exclusive>
   no
  </exclusive>
  <sporty>
   no
  </sporty>
 </clothing>
 <clothing>
  <id>
   616609920
  </id>
  <name>
   PleinSport Shoes K-9405
  </name>
  <category>
   Shoes
  </category>
  <size>
   S
  </size>
  <color>
   Синий
  </color>
  <material>
   Полиэстер
  </material>
  <price>
   894770
  </price>
  <rating>
   1.88
  </rating>
  <reviews>
   874787
  </reviews>
 </clothing>
 <clothing>
  <id>
   111152043
  </id>
  <name>
   Ellesse Handbags G-7415
  </name>
  <category>
   Handbags
  </category>
  <size>
   XL
  </size>
  <color>
   Зеленый
  </color>
  <material>
   Шелк
  </material>
  <price>
   259597
  </price>
  <rating>
   1.51
  </rating>
  <reviews>
   850916
  </reviews>
  <new>
   -
  </new>
  <sporty>
   no
  </sporty>
 </clothing>
 <clothing>
  <id>
   454414223
  </id>
  <name>
   Asics Hat Y-8046
  </name>
  <category>
   Hat
  </category>
  <size>
   S
  </size>
  <color>
   Фиолетовый
  </color>
  <material>
   Полиэстер
  </material>
  <price>
   874094
  </price>
  <rating>
   2.22
  </rating>
  <reviews>
   896386
  </reviews>
  <exclusive>
   yes
  </exclusive>
  <sporty>
   yes
  </sporty>
 </clothing>
 <clothing>
  <id>
   560052380
  </id>
  <name>
   New Balance Jacket F-4078
  </name>
  <category>
   Jacket
  </category>
  <size>
   L
  </size>
  <color>
   Желтый
  </color>
  <material>
   Хлопок
  </material>
  <price>
   807988
  </price>
  <rating>
   2.07
  </rating>
  <reviews>
   712947
  </reviews>
  <new>
   +
  </new>
 </clothing>
 <clothing>
  <id>
   834761015
  </id>
  <name>
   Reebok Umbrellas T-2701
  </name>
  <category>
   Umbrellas
  </category>
  <size>
   L
  </size>
  <color>
   Красный
  </color>
  <material>
   Лен
  </material>
  <price>
   251482
  </price>
  <rating>
   2.3
  </rating>
  <reviews>
   31362
  </reviews>
  <new>
   -
  </new>
 </clothing>
 <clothing>
  <id>
   551382127
  </id>
  <name>
   Under Armour Shoes Z-4575
  </name>
  <category>
   Shoes
  </category>
  <size>
   M
  </size>
  <color>
   Желтый
  </color>
  <material>
   Хлопок
  </material>
  <price>
   476279
  </price>
  <rating>
   4.1
  </rating>
  <reviews>
   273083
  </reviews>
 </clothing>
 <clothing>
  <id>
   268417415
  </id>
  <name>
   Lacoste Shirt Z-7826
  </name>
  <category>
   Shirt
  </category>
  <size>
   XXL
  </size>
  <color>
   Голубой
  </color>
  <material>
   Лен
  </material>
  <price>
   539350
  </price>
  <rating>
   4.5
  </rating>
  <reviews>
   191219
  </reviews>
  <new>
   -
  </new>
  <exclusive>
   yes
  </exclusive>
 </clothing>
 <clothing>
  <id>
   164471836
  </id>
  <name>
   Lacoste Belts I-5774
  </name>
  <category>
   Belts
  </category>
  <size>
   XXL
  </size>
  <color>
   Зеленый
  </color>
  <material>
   Хлопок
  </material>
  <price>
   361805
  </price>
  <rating>
   3.07
  </rating>
  <reviews>
   393346
  </reviews>
  <new>
   -
  </new>
  <exclusive>
   yes
  </exclusive>
 </clothing>
 <clothing>
  <id>
   395007716
  </id>
  <name>
   Vans Shirt P-2108
  </name>
  <category>
   Shirt
  </category>
  <size>
   XL
  </size>
  <color>
   Фиолетовый
  </color>
  <material>
   Вискоза
  </material>
  <price>
   121074
  </price>
  <rating>
   3.24
  </rating>
  <reviews>
   153882
  </reviews>
  <new>
   -
  </new>
  <exclusive>
   no
  </exclusive>
 </clothing>
</clothing-items>
