<?xml version="1.0" encoding="utf-8"?>
<clothing-items>
 <clothing>
  <id>
   641102305
  </id>
  <name>
   Reebok Socks G-1335
  </name>
  <category>
   Socks
  </category>
  <size>
   XL
  </size>
  <color>
   Синий
  </color>
  <material>
   Лен
  </material>
  <price>
   526944
  </price>
  <rating>
   3.42
  </rating>
  <reviews>
   680089
  </reviews>
  <exclusive>
   yes
  </exclusive>
 </clothing>
 <clothing>
  <id>
   154778341
  </id>
  <name>
   Puma T-shirt X-8522
  </name>
  <category>
   T-shirt
  </category>
  <size>
   M
  </size>
  <color>
   Желтый
  </color>
  <material>
   Хлопок
  </material>
  <price>
   316922
  </price>
  <rating>
   3.58
  </rating>
  <reviews>
   218749
  </reviews>
  <new>
   +
  </new>
  <sporty>
   yes
  </sporty>
 </clothing>
 <clothing>
  <id>
   142257717
  </id>
  <name>
   Ellesse Handbags O-8020
  </name>
  <category>
   Handbags
  </category>
  <size>
   XL
  </size>
  <color>
   Зеленый
  </color>
  <material>
   Вискоза
  </material>
  <price>
   411413
  </price>
  <rating>
   1.12
  </rating>
  <reviews>
   624792
  </reviews>
  <exclusive>
   yes
  </exclusive>
  <sporty>
   no
  </sporty>
 </clothing>
 <clothing>
  <id>
   523510912
  </id>
  <name>
   Addidas Gloves F-8310
  </name>
  <category>
   Gloves
  </category>
  <size>
   M
  </size>
  <color>
   Синий
  </color>
  <material>
   Полиэстер
  </material>
  <price>
   203360
  </price>
  <rating>
   2.72
  </rating>
  <reviews>
   474047
  </reviews>
  <exclusive>
   yes
  </exclusive>
  <sporty>
   yes
  </sporty>
 </clothing>
 <clothing>
  <id>
   811694915
  </id>
  <name>
   New Balance Shirt B-9726
  </name>
  <category>
   Shirt
  </category>
  <size>
   S
  </size>
  <color>
   Желтый
  </color>
  <material>
   Полиэстер
  </material>
  <price>
   635426
  </price>
  <rating>
   2.74
  </rating>
  <reviews>
   931133
  </reviews>
  <new>
   +
  </new>
  <sporty>
   no
  </sporty>
 </clothing>
 <clothing>
  <id>
   475825468
  </id>
  <name>
   Vans T-shirt H-2401
  </name>
  <category>
   T-shirt
  </category>
  <size>
   L
  </size>
  <color>
   Желтый
  </color>
  <material>
   Полиэстер
  </material>
  <price>
   923159
  </price>
  <rating>
   2.76
  </rating>
  <reviews>
   406845
  </reviews>
  <new>
   -
  </new>
  <exclusive>
   yes
  </exclusive>
 </clothing>
 <clothing>
  <id>
   689018342
  </id>
  <name>
   Brooks Gloves O-2529
  </name>
  <category>
   Gloves
  </category>
  <size>
   M
  </size>
  <color>
   Красный
  </color>
  <material>
   Вискоза
  </material>
  <price>
   818700
  </price>
  <rating>
   1.37
  </rating>
  <reviews>
   276280
  </reviews>
  <sporty>
   no
  </sporty>
 </clothing>
 <clothing>
  <id>
   486153929
  </id>
  <name>
   Nike Jeans B-8175
  </name>
  <category>
   Jeans
  </category>
  <size>
   XXL
  </size>
  <color>
   Синий
  </color>
  <material>
   Нейлон
  </material>
  <price>
   759304
  </price>
  <rating>
   1.51
  </rating>
  <reviews>
   999745
  </reviews>
  <new>
   -
  </new>
  <sporty>
   no
  </sporty>
 </clothing>
 <clothing>
  <id>
   422322792
  </id>
  <name>
   Vans Gloves N-9411
  </name>
  <category>
   Gloves
  </category>
  <size>
   XL
  </size>
  <color>
   Синий
  </color>
  <material>
   Полиэстер
  </material>
  <price>
   598614
  </price>
  <rating>
   3.71
  </rating>
  <reviews>
   152966
  </reviews>
  <new>
   +
  </new>
  <exclusive>
   no
  </exclusive>
 </clothing>
 <clothing>
  <id>
   807280218
  </id>
  <name>
   Nike Jacket T-4101
  </name>
  <category>
   Jacket
  </category>
  <size>
   XL
  </size>
  <color>
   Желтый
  </color>
  <material>
   Хлопок
  </material>
  <price>
   121272
  </price>
  <rating>
   2.41
  </rating>
  <reviews>
   456637
  </reviews>
  <new>
   +
  </new>
 </clothing>
 <clothing>
  <id>
   815142806
  </id>
  <name>
   Nike Socks S-6191
  </name>
  <category>
   Socks
  </category>
  <size>
   L
  </size>
  <color>
   Красный
  </color>
  <material>
   Хлопок
  </material>
  <price>
   318395
  </price>
  <rating>
   3.27
  </rating>
  <reviews>
   587133
  </reviews>
  <new>
   -
  </new>
 </clothing>
 <clothing>
  <id>
   502888771
  </id>
  <name>
   Fila Belts V-8568
  </name>
  <category>
   Belts
  </category>
  <size>
   L
  </size>
  <color>
   Синий
  </color>
  <material>
   Хлопок
  </material>
  <price>
   762838
  </price>
  <rating>
   2.19
  </rating>
  <reviews>
   677148
  </reviews>
  <new>
   +
  </new>
  <exclusive>
   no
  </exclusive>
  <sporty>
   yes
  </sporty>
 </clothing>
 <clothing>
  <id>
   860186964
  </id>
  <name>
   Vans Handbags X-9760
  </name>
  <category>
   Handbags
  </category>
  <size>
   L
  </size>
  <color>
   Зеленый
  </color>
  <material>
   Нейлон
  </material>
  <price>
   550158
  </price>
  <rating>
   1.59
  </rating>
  <reviews>
   575366
  </reviews>
  <exclusive>
   no
  </exclusive>
 </clothing>
 <clothing>
  <id>
   293215132
  </id>
  <name>
   Addidas Shirt Z-9640
  </name>
  <category>
   Shirt
  </category>
  <size>
   XXL
  </size>
  <color>
   Зеленый
  </color>
  <material>
   Хлопок
  </material>
  <price>
   203520
  </price>
  <rating>
   4.78
  </rating>
  <reviews>
   527369
  </reviews>
  <new>
   -
  </new>
  <sporty>
   no
  </sporty>
 </clothing>
 <clothing>
  <id>
   727163702
  </id>
  <name>
   Adidas Gloves L-5167
  </name>
  <category>
   Gloves
  </category>
  <size>
   XL
  </size>
  <color>
   Синий
  </color>
  <material>
   Кожа
  </material>
  <price>
   888685
  </price>
  <rating>
   2.31
  </rating>
  <reviews>
   526844
  </reviews>
  <new>
   +
  </new>
  <sporty>
   no
  </sporty>
 </clothing>
 <clothing>
  <id>
   313952856
  </id>
  <name>
   New Balance Skirt Q-4234
  </name>
  <category>
   Skirt
  </category>
  <size>
   M
  </size>
  <color>
   Голубой
  </color>
  <material>
   Полиэстер
  </material>
  <price>
   150500
  </price>
  <rating>
   4.78
  </rating>
  <reviews>
   125009
  </reviews>
  <exclusive>
   yes
  </exclusive>
  <sporty>
   no
  </sporty>
 </clothing>
 <clothing>
  <id>
   321171691
  </id>
  <name>
   Lacoste Sweater U-1479
  </name>
  <category>
   Sweater
  </category>
  <size>
   XL
  </size>
  <color>
   Голубой
  </color>
  <material>
   Лен
  </material>
  <price>
   468582
  </price>
  <rating>
   2.83
  </rating>
  <reviews>
   922806
  </reviews>
  <new>
   +
  </new>
  <exclusive>
   no
  </exclusive>
  <sporty>
   no
  </sporty>
 </clothing>
 <clothing>
  <id>
   126913730
  </id>
  <name>
   Puma Socks M-2110
  </name>
  <category>
   Socks
  </category>
  <size>
   S
  </size>
  <color>
   Красный
  </color>
  <material>
   Нейлон
  </material>
  <price>
   636512
  </price>
  <rating>
   1.48
  </rating>
  <reviews>
   27277
  </reviews>
  <new>
   +
  </new>
  <sporty>
   no
  </sporty>
 </clothing>
</clothing-items>
