<?xml version="1.0" encoding="utf-8"?>
<clothing-items>
 <clothing>
  <id>
   217606722
  </id>
  <name>
   Nike Skirt D-1150
  </name>
  <category>
   Skirt
  </category>
  <size>
   M
  </size>
  <color>
   Голубой
  </color>
  <material>
   Шелк
  </material>
  <price>
   774380
  </price>
  <rating>
   1.07
  </rating>
  <reviews>
   923588
  </reviews>
  <sporty>
   no
  </sporty>
 </clothing>
 <clothing>
  <id>
   513000220
  </id>
  <name>
   Ellesse Belts Y-6114
  </name>
  <category>
   Belts
  </category>
  <size>
   L
  </size>
  <color>
   Оранжевый
  </color>
  <material>
   Шелк
  </material>
  <price>
   494073
  </price>
  <rating>
   1.8
  </rating>
  <reviews>
   363782
  </reviews>
  <new>
   -
  </new>
  <exclusive>
   no
  </exclusive>
 </clothing>
 <clothing>
  <id>
   749207771
  </id>
  <name>
   Nike Socks C-5763
  </name>
  <category>
   Socks
  </category>
  <size>
   XL
  </size>
  <color>
   Зеленый
  </color>
  <material>
   Нейлон
  </material>
  <price>
   677219
  </price>
  <rating>
   4.87
  </rating>
  <reviews>
   271595
  </reviews>
 </clothing>
 <clothing>
  <id>
   490178412
  </id>
  <name>
   Vans Umbrellas Y-2895
  </name>
  <category>
   Umbrellas
  </category>
  <size>
   L
  </size>
  <color>
   Желтый
  </color>
  <material>
   Полиэстер
  </material>
  <price>
   795735
  </price>
  <rating>
   1.41
  </rating>
  <reviews>
   261192
  </reviews>
  <new>
   -
  </new>
  <sporty>
   no
  </sporty>
 </clothing>
 <clothing>
  <id>
   148578535
  </id>
  <name>
   DC Jacket E-7696
  </name>
  <category>
   Jacket
  </category>
  <size>
   L
  </size>
  <color>
   Красный
  </color>
  <material>
   Кожа
  </material>
  <price>
   837950
  </price>
  <rating>
   1.24
  </rating>
  <reviews>
   161656
  </reviews>
  <new>
   +
  </new>
 </clothing>
 <clothing>
  <id>
   479372060
  </id>
  <name>
   Brooks Umbrellas G-6945
  </name>
  <category>
   Umbrellas
  </category>
  <size>
   M
  </size>
  <color>
   Красный
  </color>
  <material>
   Нейлон
  </material>
  <price>
   763725
  </price>
  <rating>
   3.3
  </rating>
  <reviews>
   764847
  </reviews>
  <new>
   -
  </new>
  <exclusive>
   no
  </exclusive>
  <sporty>
   yes
  </sporty>
 </clothing>
 <clothing>
  <id>
   461271360
  </id>
  <name>
   Fila Hat R-1481
  </name>
  <category>
   Hat
  </category>
  <size>
   L
  </size>
  <color>
   Зеленый
  </color>
  <material>
   Лен
  </material>
  <price>
   204469
  </price>
  <rating>
   1.74
  </rating>
  <reviews>
   617444
  </reviews>
  <exclusive>
   no
  </exclusive>
 </clothing>
 <clothing>
  <id>
   824282777
  </id>
  <name>
   Ellesse Blouse V-5536
  </name>
  <category>
   Blouse
  </category>
  <size>
   XXL
  </size>
  <color>
   Красный
  </color>
  <material>
   Кожа
  </material>
  <price>
   341157
  </price>
  <rating>
   2.48
  </rating>
  <reviews>
   445907
  </reviews>
  <new>
   -
  </new>
 </clothing>
 <clothing>
  <id>
   206340400
  </id>
  <name>
   Lacoste Pants H-1691
  </name>
  <category>
   Pants
  </category>
  <size>
   S
  </size>
  <color>
   Оранжевый
  </color>
  <material>
   Вискоза
  </material>
  <price>
   158757
  </price>
  <rating>
   4.73
  </rating>
  <reviews>
   62949
  </reviews>
  <new>
   +
  </new>
  <exclusive>
   yes
  </exclusive>
  <sporty>
   yes
  </sporty>
 </clothing>
 <clothing>
  <id>
   648150611
  </id>
  <name>
   Nike Dress Q-9541
  </name>
  <category>
   Dress
  </category>
  <size>
   M
  </size>
  <color>
   Оранжевый
  </color>
  <material>
   Вискоза
  </material>
  <price>
   489902
  </price>
  <rating>
   3.14
  </rating>
  <reviews>
   845837
  </reviews>
  <exclusive>
   yes
  </exclusive>
  <sporty>
   no
  </sporty>
 </clothing>
 <clothing>
  <id>
   104480210
  </id>
  <name>
   Fila Shirt I-9101
  </name>
  <category>
   Shirt
  </category>
  <size>
   M
  </size>
  <color>
   Синий
  </color>
  <material>
   Хлопок
  </material>
  <price>
   637740
  </price>
  <rating>
   2.14
  </rating>
  <reviews>
   609026
  </reviews>
  <new>
   +
  </new>
  <exclusive>
   no
  </exclusive>
 </clothing>
 <clothing>
  <id>
   782730149
  </id>
  <name>
   New Balance Shoes L-9974
  </name>
  <category>
   Shoes
  </category>
  <size>
   L
  </size>
  <color>
   Синий
  </color>
  <material>
   Нейлон
  </material>
  <price>
   114240
  </price>
  <rating>
   4.65
  </rating>
  <reviews>
   979311
  </reviews>
  <new>
   +
  </new>
  <exclusive>
   no
  </exclusive>
  <sporty>
   no
  </sporty>
 </clothing>
 <clothing>
  <id>
   786832847
  </id>
  <name>
   Converse Shirt S-4325
  </name>
  <category>
   Shirt
  </category>
  <size>
   L
  </size>
  <color>
   Синий
  </color>
  <material>
   Вискоза
  </material>
  <price>
   273983
  </price>
  <rating>
   2.02
  </rating>
  <reviews>
   119477
  </reviews>
  <new>
   -
  </new>
  <exclusive>
   yes
  </exclusive>
 </clothing>
 <clothing>
  <id>
   638535526
  </id>
  <name>
   Addidas Sweater U-2866
  </name>
  <category>
   Sweater
  </category>
  <size>
   L
  </size>
  <color>
   Оранжевый
  </color>
  <material>
   Шерсть
  </material>
  <price>
   101263
  </price>
  <rating>
   4.13
  </rating>
  <reviews>
   315490
  </reviews>
  <new>
   -
  </new>
  <exclusive>
   yes
  </exclusive>
  <sporty>
   no
  </sporty>
 </clothing>
 <clothing>
  <id>
   803823999
  </id>
  <name>
   Nike Skirt I-6974
  </name>
  <category>
   Skirt
  </category>
  <size>
   XXL
  </size>
  <color>
   Фиолетовый
  </color>
  <material>
   Нейлон
  </material>
  <price>
   497133
  </price>
  <rating>
   2.49
  </rating>
  <reviews>
   547093
  </reviews>
  <new>
   -
  </new>
  <exclusive>
   yes
  </exclusive>
 </clothing>
 <clothing>
  <id>
   859800850
  </id>
  <name>
   Ellesse Dress C-6983
  </name>
  <category>
   Dress
  </category>
  <size>
   M
  </size>
  <color>
   Желтый
  </color>
  <material>
   Вискоза
  </material>
  <price>
   390318
  </price>
  <rating>
   2.19
  </rating>
  <reviews>
   589107
  </reviews>
  <new>
   +
  </new>
  <sporty>
   yes
  </sporty>
 </clothing>
 <clothing>
  <id>
   987979865
  </id>
  <name>
   Ellesse Socks W-9922
  </name>
  <category>
   Socks
  </category>
  <size>
   XXL
  </size>
  <color>
   Фиолетовый
  </color>
  <material>
   Шерсть
  </material>
  <price>
   668778
  </price>
  <rating>
   2.0
  </rating>
  <reviews>
   600458
  </reviews>
  <new>
   +
  </new>
  <exclusive>
   yes
  </exclusive>
  <sporty>
   yes
  </sporty>
 </clothing>
 <clothing>
  <id>
   701655607
  </id>
  <name>
   Reebok Blouse F-4014
  </name>
  <category>
   Blouse
  </category>
  <size>
   XXL
  </size>
  <color>
   Синий
  </color>
  <material>
   Лен
  </material>
  <price>
   160907
  </price>
  <rating>
   1.56
  </rating>
  <reviews>
   851256
  </reviews>
  <exclusive>
   yes
  </exclusive>
 </clothing>
 <clothing>
  <id>
   869704331
  </id>
  <name>
   PleinSport Handbags P-2932
  </name>
  <category>
   Handbags
  </category>
  <size>
   XXL
  </size>
  <color>
   Красный
  </color>
  <material>
   Хлопок
  </material>
  <price>
   407471
  </price>
  <rating>
   3.81
  </rating>
  <reviews>
   855836
  </reviews>
  <sporty>
   yes
  </sporty>
 </clothing>
 <clothing>
  <id>
   975829683
  </id>
  <name>
   Brooks Hat L-2051
  </name>
  <category>
   Hat
  </category>
  <size>
   XXL
  </size>
  <color>
   Красный
  </color>
  <material>
   Хлопок
  </material>
  <price>
   515720
  </price>
  <rating>
   3.36
  </rating>
  <reviews>
   233252
  </reviews>
  <new>
   -
  </new>
 </clothing>
 <clothing>
  <id>
   126200561
  </id>
  <name>
   Addidas Gloves C-3149
  </name>
  <category>
   Gloves
  </category>
  <size>
   M
  </size>
  <color>
   Фиолетовый
  </color>
  <material>
   Кожа
  </material>
  <price>
   249690
  </price>
  <rating>
   1.83
  </rating>
  <reviews>
   326065
  </reviews>
  <exclusive>
   no
  </exclusive>
 </clothing>
 <clothing>
  <id>
   437264338
  </id>
  <name>
   Reebok Hat W-4191
  </name>
  <category>
   Hat
  </category>
  <size>
   S
  </size>
  <color>
   Красный
  </color>
  <material>
   Вискоза
  </material>
  <price>
   975058
  </price>
  <rating>
   2.84
  </rating>
  <reviews>
   52031
  </reviews>
  <new>
   +
  </new>
  <sporty>
   no
  </sporty>
 </clothing>
 <clothing>
  <id>
   942509665
  </id>
  <name>
   Asics Jacket U-4747
  </name>
  <category>
   Jacket
  </category>
  <size>
   L
  </size>
  <color>
   Красный
  </color>
  <material>
   Полиэстер
  </material>
  <price>
   632122
  </price>
  <rating>
   4.26
  </rating>
  <reviews>
   698896
  </reviews>
  <new>
   +
  </new>
 </clothing>
 <clothing>
  <id>
   820281719
  </id>
  <name>
   Under Armour Umbrellas L-6712
  </name>
  <category>
   Umbrellas
  </category>
  <size>
   S
  </size>
  <color>
   Синий
  </color>
  <material>
   Шелк
  </material>
  <price>
   626950
  </price>
  <rating>
   1.41
  </rating>
  <reviews>
   429593
  </reviews>
  <new>
   -
  </new>
  <exclusive>
   no
  </exclusive>
  <sporty>
   no
  </sporty>
 </clothing>
 <clothing>
  <id>
   304501859
  </id>
  <name>
   Puma Shirt S-3182
  </name>
  <category>
   Shirt
  </category>
  <size>
   XL
  </size>
  <color>
   Желтый
  </color>
  <material>
   Полиэстер
  </material>
  <price>
   100457
  </price>
  <rating>
   2.54
  </rating>
  <reviews>
   292528
  </reviews>
  <new>
   -
  </new>
  <exclusive>
   no
  </exclusive>
 </clothing>
 <clothing>
  <id>
   991874414
  </id>
  <name>
   Nike T-shirt U-9456
  </name>
  <category>
   T-shirt
  </category>
  <size>
   XXL
  </size>
  <color>
   Синий
  </color>
  <material>
   Кожа
  </material>
  <price>
   427426
  </price>
  <rating>
   4.29
  </rating>
  <reviews>
   990756
  </reviews>
  <new>
   +
  </new>
  <sporty>
   yes
  </sporty>
 </clothing>
 <clothing>
  <id>
   928799973
  </id>
  <name>
   DC Shirt X-5459
  </name>
  <category>
   Shirt
  </category>
  <size>
   S
  </size>
  <color>
   Синий
  </color>
  <material>
   Кожа
  </material>
  <price>
   848458
  </price>
  <rating>
   2.25
  </rating>
  <reviews>
   947231
  </reviews>
  <exclusive>
   yes
  </exclusive>
 </clothing>
 <clothing>
  <id>
   793870260
  </id>
  <name>
   Under Armour Shirt K-4146
  </name>
  <category>
   Shirt
  </category>
  <size>
   XXL
  </size>
  <color>
   Голубой
  </color>
  <material>
   Нейлон
  </material>
  <price>
   927795
  </price>
  <rating>
   1.14
  </rating>
  <reviews>
   740460
  </reviews>
  <sporty>
   yes
  </sporty>
 </clothing>
 <clothing>
  <id>
   609900937
  </id>
  <name>
   Nike Gloves M-5882
  </name>
  <category>
   Gloves
  </category>
  <size>
   L
  </size>
  <color>
   Зеленый
  </color>
  <material>
   Вискоза
  </material>
  <price>
   337984
  </price>
  <rating>
   1.11
  </rating>
  <reviews>
   69363
  </reviews>
  <new>
   -
  </new>
  <exclusive>
   no
  </exclusive>
 </clothing>
 <clothing>
  <id>
   511827071
  </id>
  <name>
   Fila Umbrellas I-7977
  </name>
  <category>
   Umbrellas
  </category>
  <size>
   S
  </size>
  <color>
   Синий
  </color>
  <material>
   Лен
  </material>
  <price>
   443212
  </price>
  <rating>
   2.77
  </rating>
  <reviews>
   549446
  </reviews>
  <new>
   +
  </new>
  <exclusive>
   yes
  </exclusive>
  <sporty>
   no
  </sporty>
 </clothing>
 <clothing>
  <id>
   322633245
  </id>
  <name>
   Puma Shirt L-8802
  </name>
  <category>
   Shirt
  </category>
  <size>
   L
  </size>
  <color>
   Голубой
  </color>
  <material>
   Шелк
  </material>
  <price>
   606422
  </price>
  <rating>
   3.75
  </rating>
  <reviews>
   725512
  </reviews>
  <new>
   +
  </new>
  <exclusive>
   yes
  </exclusive>
 </clothing>
 <clothing>
  <id>
   199911888
  </id>
  <name>
   Brooks Dress Z-6549
  </name>
  <category>
   Dress
  </category>
  <size>
   XL
  </size>
  <color>
   Фиолетовый
  </color>
  <material>
   Лен
  </material>
  <price>
   125962
  </price>
  <rating>
   4.11
  </rating>
  <reviews>
   853821
  </reviews>
  <sporty>
   no
  </sporty>
 </clothing>
 <clothing>
  <id>
   741537090
  </id>
  <name>
   Reebok T-shirt L-2913
  </name>
  <category>
   T-shirt
  </category>
  <size>
   XL
  </size>
  <color>
   Голубой
  </color>
  <material>
   Полиэстер
  </material>
  <price>
   184173
  </price>
  <rating>
   3.07
  </rating>
  <reviews>
   304372
  </reviews>
  <new>
   -
  </new>
  <exclusive>
   no
  </exclusive>
 </clothing>
 <clothing>
  <id>
   278565544
  </id>
  <name>
   Reebok Handbags W-5414
  </name>
  <category>
   Handbags
  </category>
  <size>
   M
  </size>
  <color>
   Фиолетовый
  </color>
  <material>
   Нейлон
  </material>
  <price>
   612902
  </price>
  <rating>
   2.1
  </rating>
  <reviews>
   154028
  </reviews>
  <sporty>
   no
  </sporty>
 </clothing>
 <clothing>
  <id>
   474911885
  </id>
  <name>
   Adidas Umbrellas T-1797
  </name>
  <category>
   Umbrellas
  </category>
  <size>
   XXL
  </size>
  <color>
   Оранжевый
  </color>
  <material>
   Хлопок
  </material>
  <price>
   487795
  </price>
  <rating>
   2.88
  </rating>
  <reviews>
   471812
  </reviews>
  <new>
   -
  </new>
  <exclusive>
   yes
  </exclusive>
  <sporty>
   no
  </sporty>
 </clothing>
 <clothing>
  <id>
   202205067
  </id>
  <name>
   Nike Shirt M-1092
  </name>
  <category>
   Shirt
  </category>
  <size>
   XXL
  </size>
  <color>
   Голубой
  </color>
  <material>
   Вискоза
  </material>
  <price>
   545573
  </price>
  <rating>
   3.41
  </rating>
  <reviews>
   880982
  </reviews>
  <new>
   -
  </new>
  <sporty>
   yes
  </sporty>
 </clothing>
</clothing-items>
