<?xml version="1.0" encoding="utf-8"?>
<clothing-items>
 <clothing>
  <id>
   971651640
  </id>
  <name>
   Under Armour T-shirt E-8019
  </name>
  <category>
   T-shirt
  </category>
  <size>
   L
  </size>
  <color>
   Голубой
  </color>
  <material>
   Шелк
  </material>
  <price>
   243777
  </price>
  <rating>
   4.98
  </rating>
  <reviews>
   713136
  </reviews>
  <new>
   -
  </new>
  <sporty>
   no
  </sporty>
 </clothing>
 <clothing>
  <id>
   479519104
  </id>
  <name>
   Nike Skirt R-4144
  </name>
  <category>
   Skirt
  </category>
  <size>
   XXL
  </size>
  <color>
   Синий
  </color>
  <material>
   Полиэстер
  </material>
  <price>
   361546
  </price>
  <rating>
   3.1
  </rating>
  <reviews>
   194404
  </reviews>
  <new>
   +
  </new>
  <exclusive>
   no
  </exclusive>
  <sporty>
   no
  </sporty>
 </clothing>
 <clothing>
  <id>
   461189920
  </id>
  <name>
   Under Armour Shoes Y-5744
  </name>
  <category>
   Shoes
  </category>
  <size>
   S
  </size>
  <color>
   Синий
  </color>
  <material>
   Кожа
  </material>
  <price>
   568494
  </price>
  <rating>
   3.3
  </rating>
  <reviews>
   995041
  </reviews>
  <new>
   -
  </new>
  <exclusive>
   yes
  </exclusive>
 </clothing>
 <clothing>
  <id>
   354187801
  </id>
  <name>
   Adidas Dress J-5009
  </name>
  <category>
   Dress
  </category>
  <size>
   M
  </size>
  <color>
   Голубой
  </color>
  <material>
   Лен
  </material>
  <price>
   976250
  </price>
  <rating>
   1.07
  </rating>
  <reviews>
   172515
  </reviews>
  <new>
   -
  </new>
  <exclusive>
   yes
  </exclusive>
 </clothing>
 <clothing>
  <id>
   114244755
  </id>
  <name>
   Puma Socks X-9553
  </name>
  <category>
   Socks
  </category>
  <size>
   S
  </size>
  <color>
   Голубой
  </color>
  <material>
   Полиэстер
  </material>
  <price>
   374642
  </price>
  <rating>
   3.3
  </rating>
  <reviews>
   716088
  </reviews>
  <exclusive>
   no
  </exclusive>
 </clothing>
 <clothing>
  <id>
   785409059
  </id>
  <name>
   Ellesse Sweater F-3257
  </name>
  <category>
   Sweater
  </category>
  <size>
   XXL
  </size>
  <color>
   Голубой
  </color>
  <material>
   Полиэстер
  </material>
  <price>
   894011
  </price>
  <rating>
   1.1
  </rating>
  <reviews>
   972464
  </reviews>
  <exclusive>
   yes
  </exclusive>
  <sporty>
   no
  </sporty>
 </clothing>
 <clothing>
  <id>
   480757341
  </id>
  <name>
   Under Armour Belts Q-9807
  </name>
  <category>
   Belts
  </category>
  <size>
   L
  </size>
  <color>
   Голубой
  </color>
  <material>
   Шерсть
  </material>
  <price>
   739500
  </price>
  <rating>
   3.98
  </rating>
  <reviews>
   709445
  </reviews>
  <new>
   -
  </new>
  <exclusive>
   yes
  </exclusive>
 </clothing>
 <clothing>
  <id>
   922880598
  </id>
  <name>
   Addidas Shirt V-8711
  </name>
  <category>
   Shirt
  </category>
  <size>
   S
  </size>
  <color>
   Голубой
  </color>
  <material>
   Кожа
  </material>
  <price>
   882230
  </price>
  <rating>
   4.06
  </rating>
  <reviews>
   703480
  </reviews>
  <new>
   -
  </new>
  <sporty>
   no
  </sporty>
 </clothing>
 <clothing>
  <id>
   288498487
  </id>
  <name>
   PleinSport Dress Q-8710
  </name>
  <category>
   Dress
  </category>
  <size>
   S
  </size>
  <color>
   Желтый
  </color>
  <material>
   Нейлон
  </material>
  <price>
   283659
  </price>
  <rating>
   4.64
  </rating>
  <reviews>
   170363
  </reviews>
  <exclusive>
   no
  </exclusive>
  <sporty>
   no
  </sporty>
 </clothing>
 <clothing>
  <id>
   381308099
  </id>
  <name>
   Fila Blouse F-7794
  </name>
  <category>
   Blouse
  </category>
  <size>
   M
  </size>
  <color>
   Синий
  </color>
  <material>
   Лен
  </material>
  <price>
   304914
  </price>
  <rating>
   2.9
  </rating>
  <reviews>
   857598
  </reviews>
  <new>
   -
  </new>
 </clothing>
 <clothing>
  <id>
   644749876
  </id>
  <name>
   DC Jacket Q-3911
  </name>
  <category>
   Jacket
  </category>
  <size>
   XXL
  </size>
  <color>
   Фиолетовый
  </color>
  <material>
   Кожа
  </material>
  <price>
   838623
  </price>
  <rating>
   4.12
  </rating>
  <reviews>
   560406
  </reviews>
  <new>
   -
  </new>
  <exclusive>
   yes
  </exclusive>
  <sporty>
   no
  </sporty>
 </clothing>
 <clothing>
  <id>
   381951058
  </id>
  <name>
   Adidas Hat Y-2753
  </name>
  <category>
   Hat
  </category>
  <size>
   S
  </size>
  <color>
   Желтый
  </color>
  <material>
   Вискоза
  </material>
  <price>
   689363
  </price>
  <rating>
   2.05
  </rating>
  <reviews>
   506859
  </reviews>
  <new>
   +
  </new>
  <sporty>
   no
  </sporty>
 </clothing>
 <clothing>
  <id>
   694075901
  </id>
  <name>
   PleinSport Jacket A-1068
  </name>
  <category>
   Jacket
  </category>
  <size>
   L
  </size>
  <color>
   Оранжевый
  </color>
  <material>
   Нейлон
  </material>
  <price>
   830078
  </price>
  <rating>
   1.7
  </rating>
  <reviews>
   620734
  </reviews>
 </clothing>
 <clothing>
  <id>
   729012374
  </id>
  <name>
   Under Armour Umbrellas Q-7127
  </name>
  <category>
   Umbrellas
  </category>
  <size>
   XXL
  </size>
  <color>
   Оранжевый
  </color>
  <material>
   Кожа
  </material>
  <price>
   759070
  </price>
  <rating>
   1.99
  </rating>
  <reviews>
   164110
  </reviews>
  <new>
   -
  </new>
  <exclusive>
   yes
  </exclusive>
  <sporty>
   no
  </sporty>
 </clothing>
 <clothing>
  <id>
   527031775
  </id>
  <name>
   Addidas Hat W-8339
  </name>
  <category>
   Hat
  </category>
  <size>
   M
  </size>
  <color>
   Красный
  </color>
  <material>
   Нейлон
  </material>
  <price>
   889707
  </price>
  <rating>
   4.95
  </rating>
  <reviews>
   832335
  </reviews>
  <exclusive>
   yes
  </exclusive>
  <sporty>
   no
  </sporty>
 </clothing>
 <clothing>
  <id>
   127778508
  </id>
  <name>
   Under Armour Handbags Z-9670
  </name>
  <category>
   Handbags
  </category>
  <size>
   S
  </size>
  <color>
   Красный
  </color>
  <material>
   Нейлон
  </material>
  <price>
   153457
  </price>
  <rating>
   2.64
  </rating>
  <reviews>
   264250
  </reviews>
  <exclusive>
   no
  </exclusive>
 </clothing>
 <clothing>
  <id>
   149734441
  </id>
  <name>
   Lacoste Pants B-1444
  </name>
  <category>
   Pants
  </category>
  <size>
   M
  </size>
  <color>
   Оранжевый
  </color>
  <material>
   Вискоза
  </material>
  <price>
   588923
  </price>
  <rating>
   1.43
  </rating>
  <reviews>
   507836
  </reviews>
  <new>
   +
  </new>
 </clothing>
 <clothing>
  <id>
   408347673
  </id>
  <name>
   Brooks Belts Z-2157
  </name>
  <category>
   Belts
  </category>
  <size>
   S
  </size>
  <color>
   Оранжевый
  </color>
  <material>
   Лен
  </material>
  <price>
   959114
  </price>
  <rating>
   1.38
  </rating>
  <reviews>
   352870
  </reviews>
  <new>
   +
  </new>
  <exclusive>
   yes
  </exclusive>
  <sporty>
   yes
  </sporty>
 </clothing>
 <clothing>
  <id>
   200856948
  </id>
  <name>
   New Balance Jeans R-3189
  </name>
  <category>
   Jeans
  </category>
  <size>
   S
  </size>
  <color>
   Синий
  </color>
  <material>
   Кожа
  </material>
  <price>
   843999
  </price>
  <rating>
   2.57
  </rating>
  <reviews>
   444639
  </reviews>
  <exclusive>
   no
  </exclusive>
 </clothing>
 <clothing>
  <id>
   381190937
  </id>
  <name>
   Ellesse Blouse Y-2109
  </name>
  <category>
   Blouse
  </category>
  <size>
   L
  </size>
  <color>
   Желтый
  </color>
  <material>
   Шелк
  </material>
  <price>
   961315
  </price>
  <rating>
   1.24
  </rating>
  <reviews>
   947975
  </reviews>
  <exclusive>
   yes
  </exclusive>
 </clothing>
</clothing-items>
