<?xml version="1.0" encoding="utf-8"?>
<clothing-items>
 <clothing>
  <id>
   907866941
  </id>
  <name>
   Addidas Skirt Q-9218
  </name>
  <category>
   Skirt
  </category>
  <size>
   XL
  </size>
  <color>
   Желтый
  </color>
  <material>
   Нейлон
  </material>
  <price>
   411202
  </price>
  <rating>
   1.82
  </rating>
  <reviews>
   709076
  </reviews>
  <new>
   +
  </new>
 </clothing>
 <clothing>
  <id>
   588631599
  </id>
  <name>
   Vans Skirt B-8196
  </name>
  <category>
   Skirt
  </category>
  <size>
   XXL
  </size>
  <color>
   Желтый
  </color>
  <material>
   Шерсть
  </material>
  <price>
   373007
  </price>
  <rating>
   1.12
  </rating>
  <reviews>
   469828
  </reviews>
  <new>
   +
  </new>
 </clothing>
 <clothing>
  <id>
   471665682
  </id>
  <name>
   Under Armour Jacket X-2267
  </name>
  <category>
   Jacket
  </category>
  <size>
   XL
  </size>
  <color>
   Фиолетовый
  </color>
  <material>
   Шелк
  </material>
  <price>
   370778
  </price>
  <rating>
   2.12
  </rating>
  <reviews>
   459406
  </reviews>
  <new>
   +
  </new>
  <exclusive>
   yes
  </exclusive>
 </clothing>
 <clothing>
  <id>
   427283122
  </id>
  <name>
   DC Handbags R-9128
  </name>
  <category>
   Handbags
  </category>
  <size>
   XL
  </size>
  <color>
   Красный
  </color>
  <material>
   Шелк
  </material>
  <price>
   476602
  </price>
  <rating>
   3.07
  </rating>
  <reviews>
   474237
  </reviews>
  <exclusive>
   yes
  </exclusive>
 </clothing>
 <clothing>
  <id>
   675774977
  </id>
  <name>
   Ellesse Belts N-3967
  </name>
  <category>
   Belts
  </category>
  <size>
   XL
  </size>
  <color>
   Оранжевый
  </color>
  <material>
   Полиэстер
  </material>
  <price>
   258210
  </price>
  <rating>
   3.93
  </rating>
  <reviews>
   571934
  </reviews>
  <new>
   -
  </new>
  <exclusive>
   yes
  </exclusive>
 </clothing>
 <clothing>
  <id>
   984152376
  </id>
  <name>
   Converse Sweater R-8203
  </name>
  <category>
   Sweater
  </category>
  <size>
   M
  </size>
  <color>
   Красный
  </color>
  <material>
   Шерсть
  </material>
  <price>
   979223
  </price>
  <rating>
   4.3
  </rating>
  <reviews>
   331709
  </reviews>
  <exclusive>
   no
  </exclusive>
  <sporty>
   no
  </sporty>
 </clothing>
 <clothing>
  <id>
   100100145
  </id>
  <name>
   DC Sweater J-6913
  </name>
  <category>
   Sweater
  </category>
  <size>
   S
  </size>
  <color>
   Желтый
  </color>
  <material>
   Лен
  </material>
  <price>
   348817
  </price>
  <rating>
   4.3
  </rating>
  <reviews>
   851405
  </reviews>
  <new>
   +
  </new>
  <sporty>
   yes
  </sporty>
 </clothing>
 <clothing>
  <id>
   700300276
  </id>
  <name>
   New Balance Pants N-4731
  </name>
  <category>
   Pants
  </category>
  <size>
   L
  </size>
  <color>
   Оранжевый
  </color>
  <material>
   Хлопок
  </material>
  <price>
   877452
  </price>
  <rating>
   3.91
  </rating>
  <reviews>
   199175
  </reviews>
  <new>
   +
  </new>
 </clothing>
 <clothing>
  <id>
   638226430
  </id>
  <name>
   Lacoste T-shirt Q-8284
  </name>
  <category>
   T-shirt
  </category>
  <size>
   M
  </size>
  <color>
   Фиолетовый
  </color>
  <material>
   Лен
  </material>
  <price>
   950926
  </price>
  <rating>
   2.77
  </rating>
  <reviews>
   330790
  </reviews>
  <new>
   -
  </new>
  <exclusive>
   yes
  </exclusive>
  <sporty>
   yes
  </sporty>
 </clothing>
 <clothing>
  <id>
   395286467
  </id>
  <name>
   Brooks Handbags J-9633
  </name>
  <category>
   Handbags
  </category>
  <size>
   XL
  </size>
  <color>
   Голубой
  </color>
  <material>
   Полиэстер
  </material>
  <price>
   993065
  </price>
  <rating>
   2.9
  </rating>
  <reviews>
   11716
  </reviews>
  <sporty>
   yes
  </sporty>
 </clothing>
 <clothing>
  <id>
   121426035
  </id>
  <name>
   Converse Shoes T-2135
  </name>
  <category>
   Shoes
  </category>
  <size>
   XL
  </size>
  <color>
   Оранжевый
  </color>
  <material>
   Вискоза
  </material>
  <price>
   251353
  </price>
  <rating>
   1.47
  </rating>
  <reviews>
   317403
  </reviews>
  <new>
   -
  </new>
  <exclusive>
   no
  </exclusive>
 </clothing>
 <clothing>
  <id>
   523814169
  </id>
  <name>
   Reebok Umbrellas V-4235
  </name>
  <category>
   Umbrellas
  </category>
  <size>
   S
  </size>
  <color>
   Голубой
  </color>
  <material>
   Вискоза
  </material>
  <price>
   638188
  </price>
  <rating>
   1.25
  </rating>
  <reviews>
   703295
  </reviews>
 </clothing>
 <clothing>
  <id>
   178524342
  </id>
  <name>
   Puma Blouse Y-7057
  </name>
  <category>
   Blouse
  </category>
  <size>
   L
  </size>
  <color>
   Оранжевый
  </color>
  <material>
   Кожа
  </material>
  <price>
   192404
  </price>
  <rating>
   2.15
  </rating>
  <reviews>
   604318
  </reviews>
 </clothing>
 <clothing>
  <id>
   556092789
  </id>
  <name>
   Vans Belts I-1000
  </name>
  <category>
   Belts
  </category>
  <size>
   S
  </size>
  <color>
   Желтый
  </color>
  <material>
   Шелк
  </material>
  <price>
   409412
  </price>
  <rating>
   1.99
  </rating>
  <reviews>
   20307
  </reviews>
  <exclusive>
   no
  </exclusive>
 </clothing>
 <clothing>
  <id>
   655537336
  </id>
  <name>
   Ellesse Shirt U-3613
  </name>
  <category>
   Shirt
  </category>
  <size>
   XXL
  </size>
  <color>
   Фиолетовый
  </color>
  <material>
   Вискоза
  </material>
  <price>
   341210
  </price>
  <rating>
   2.64
  </rating>
  <reviews>
   996402
  </reviews>
  <exclusive>
   yes
  </exclusive>
  <sporty>
   yes
  </sporty>
 </clothing>
 <clothing>
  <id>
   232574099
  </id>
  <name>
   PleinSport Jeans Y-3998
  </name>
  <category>
   Jeans
  </category>
  <size>
   M
  </size>
  <color>
   Голубой
  </color>
  <material>
   Кожа
  </material>
  <price>
   537005
  </price>
  <rating>
   2.63
  </rating>
  <reviews>
   505198
  </reviews>
  <exclusive>
   yes
  </exclusive>
  <sporty>
   yes
  </sporty>
 </clothing>
 <clothing>
  <id>
   747794739
  </id>
  <name>
   Under Armour Shoes Y-5503
  </name>
  <category>
   Shoes
  </category>
  <size>
   S
  </size>
  <color>
   Желтый
  </color>
  <material>
   Лен
  </material>
  <price>
   998241
  </price>
  <rating>
   4.48
  </rating>
  <reviews>
   360620
  </reviews>
  <new>
   +
  </new>
 </clothing>
 <clothing>
  <id>
   163825539
  </id>
  <name>
   New Balance Skirt D-1767
  </name>
  <category>
   Skirt
  </category>
  <size>
   S
  </size>
  <color>
   Желтый
  </color>
  <material>
   Полиэстер
  </material>
  <price>
   718585
  </price>
  <rating>
   2.32
  </rating>
  <reviews>
   138855
  </reviews>
  <new>
   +
  </new>
  <sporty>
   yes
  </sporty>
 </clothing>
</clothing-items>
