<?xml version="1.0" encoding="utf-8"?>
<clothing-items>
 <clothing>
  <id>
   807010327
  </id>
  <name>
   Vans Blouse T-1771
  </name>
  <category>
   Blouse
  </category>
  <size>
   XXL
  </size>
  <color>
   Фиолетовый
  </color>
  <material>
   Шерсть
  </material>
  <price>
   928877
  </price>
  <rating>
   2.39
  </rating>
  <reviews>
   475240
  </reviews>
 </clothing>
 <clothing>
  <id>
   281443535
  </id>
  <name>
   Asics Socks O-1431
  </name>
  <category>
   Socks
  </category>
  <size>
   L
  </size>
  <color>
   Желтый
  </color>
  <material>
   Нейлон
  </material>
  <price>
   477232
  </price>
  <rating>
   2.99
  </rating>
  <reviews>
   882790
  </reviews>
  <exclusive>
   no
  </exclusive>
  <sporty>
   no
  </sporty>
 </clothing>
 <clothing>
  <id>
   819911626
  </id>
  <name>
   PleinSport Skirt T-7522
  </name>
  <category>
   Skirt
  </category>
  <size>
   L
  </size>
  <color>
   Зеленый
  </color>
  <material>
   Кожа
  </material>
  <price>
   197648
  </price>
  <rating>
   1.7
  </rating>
  <reviews>
   262322
  </reviews>
  <new>
   +
  </new>
  <exclusive>
   yes
  </exclusive>
  <sporty>
   yes
  </sporty>
 </clothing>
 <clothing>
  <id>
   671733905
  </id>
  <name>
   DC Jeans U-6697
  </name>
  <category>
   Jeans
  </category>
  <size>
   XXL
  </size>
  <color>
   Синий
  </color>
  <material>
   Хлопок
  </material>
  <price>
   177134
  </price>
  <rating>
   3.1
  </rating>
  <reviews>
   813651
  </reviews>
  <new>
   +
  </new>
 </clothing>
 <clothing>
  <id>
   176831058
  </id>
  <name>
   DC Socks M-7364
  </name>
  <category>
   Socks
  </category>
  <size>
   S
  </size>
  <color>
   Зеленый
  </color>
  <material>
   Вискоза
  </material>
  <price>
   686930
  </price>
  <rating>
   2.04
  </rating>
  <reviews>
   562614
  </reviews>
  <new>
   +
  </new>
  <exclusive>
   yes
  </exclusive>
  <sporty>
   yes
  </sporty>
 </clothing>
 <clothing>
  <id>
   266517662
  </id>
  <name>
   Ellesse Shoes G-9879
  </name>
  <category>
   Shoes
  </category>
  <size>
   XXL
  </size>
  <color>
   Синий
  </color>
  <material>
   Шерсть
  </material>
  <price>
   879824
  </price>
  <rating>
   1.65
  </rating>
  <reviews>
   762917
  </reviews>
  <exclusive>
   no
  </exclusive>
 </clothing>
 <clothing>
  <id>
   640528640
  </id>
  <name>
   Nike Shoes E-5955
  </name>
  <category>
   Shoes
  </category>
  <size>
   XXL
  </size>
  <color>
   Красный
  </color>
  <material>
   Полиэстер
  </material>
  <price>
   796969
  </price>
  <rating>
   3.01
  </rating>
  <reviews>
   446092
  </reviews>
  <new>
   -
  </new>
  <sporty>
   yes
  </sporty>
 </clothing>
 <clothing>
  <id>
   149393879
  </id>
  <name>
   Converse Jacket K-2315
  </name>
  <category>
   Jacket
  </category>
  <size>
   L
  </size>
  <color>
   Красный
  </color>
  <material>
   Лен
  </material>
  <price>
   159669
  </price>
  <rating>
   3.16
  </rating>
  <reviews>
   643594
  </reviews>
  <new>
   -
  </new>
  <sporty>
   no
  </sporty>
 </clothing>
 <clothing>
  <id>
   388224435
  </id>
  <name>
   Adidas Jeans K-8327
  </name>
  <category>
   Jeans
  </category>
  <size>
   L
  </size>
  <color>
   Красный
  </color>
  <material>
   Полиэстер
  </material>
  <price>
   791552
  </price>
  <rating>
   1.87
  </rating>
  <reviews>
   875547
  </reviews>
  <new>
   -
  </new>
  <exclusive>
   yes
  </exclusive>
  <sporty>
   yes
  </sporty>
 </clothing>
 <clothing>
  <id>
   105535535
  </id>
  <name>
   New Balance Shirt D-1415
  </name>
  <category>
   Shirt
  </category>
  <size>
   L
  </size>
  <color>
   Красный
  </color>
  <material>
   Кожа
  </material>
  <price>
   243199
  </price>
  <rating>
   1.57
  </rating>
  <reviews>
   295499
  </reviews>
  <new>
   +
  </new>
 </clothing>
 <clothing>
  <id>
   129882221
  </id>
  <name>
   DC Hat R-4167
  </name>
  <category>
   Hat
  </category>
  <size>
   L
  </size>
  <color>
   Оранжевый
  </color>
  <material>
   Полиэстер
  </material>
  <price>
   698684
  </price>
  <rating>
   2.55
  </rating>
  <reviews>
   898070
  </reviews>
  <new>
   +
  </new>
  <exclusive>
   yes
  </exclusive>
  <sporty>
   no
  </sporty>
 </clothing>
 <clothing>
  <id>
   743092879
  </id>
  <name>
   Fila Handbags G-1605
  </name>
  <category>
   Handbags
  </category>
  <size>
   L
  </size>
  <color>
   Голубой
  </color>
  <material>
   Лен
  </material>
  <price>
   558309
  </price>
  <rating>
   1.22
  </rating>
  <reviews>
   85360
  </reviews>
  <new>
   -
  </new>
 </clothing>
 <clothing>
  <id>
   100719620
  </id>
  <name>
   Lacoste Shoes N-8557
  </name>
  <category>
   Shoes
  </category>
  <size>
   M
  </size>
  <color>
   Красный
  </color>
  <material>
   Шелк
  </material>
  <price>
   263826
  </price>
  <rating>
   1.51
  </rating>
  <reviews>
   48845
  </reviews>
  <new>
   -
  </new>
  <exclusive>
   no
  </exclusive>
  <sporty>
   no
  </sporty>
 </clothing>
 <clothing>
  <id>
   875235619
  </id>
  <name>
   Ellesse Socks T-3028
  </name>
  <category>
   Socks
  </category>
  <size>
   M
  </size>
  <color>
   Голубой
  </color>
  <material>
   Кожа
  </material>
  <price>
   600353
  </price>
  <rating>
   2.89
  </rating>
  <reviews>
   203076
  </reviews>
  <sporty>
   no
  </sporty>
 </clothing>
 <clothing>
  <id>
   800865085
  </id>
  <name>
   Ellesse Shoes Q-7923
  </name>
  <category>
   Shoes
  </category>
  <size>
   S
  </size>
  <color>
   Желтый
  </color>
  <material>
   Полиэстер
  </material>
  <price>
   326977
  </price>
  <rating>
   4.65
  </rating>
  <reviews>
   738198
  </reviews>
  <exclusive>
   no
  </exclusive>
  <sporty>
   no
  </sporty>
 </clothing>
 <clothing>
  <id>
   608297762
  </id>
  <name>
   Adidas Jeans E-3237
  </name>
  <category>
   Jeans
  </category>
  <size>
   M
  </size>
  <color>
   Голубой
  </color>
  <material>
   Шелк
  </material>
  <price>
   831012
  </price>
  <rating>
   2.59
  </rating>
  <reviews>
   362110
  </reviews>
  <sporty>
   no
  </sporty>
 </clothing>
 <clothing>
  <id>
   675922469
  </id>
  <name>
   Nike Shirt A-6473
  </name>
  <category>
   Shirt
  </category>
  <size>
   S
  </size>
  <color>
   Желтый
  </color>
  <material>
   Шелк
  </material>
  <price>
   372666
  </price>
  <rating>
   3.38
  </rating>
  <reviews>
   301808
  </reviews>
 </clothing>
 <clothing>
  <id>
   850123807
  </id>
  <name>
   Converse Blouse I-4878
  </name>
  <category>
   Blouse
  </category>
  <size>
   XL
  </size>
  <color>
   Желтый
  </color>
  <material>
   Вискоза
  </material>
  <price>
   974794
  </price>
  <rating>
   1.22
  </rating>
  <reviews>
   998721
  </reviews>
  <exclusive>
   no
  </exclusive>
 </clothing>
 <clothing>
  <id>
   768837712
  </id>
  <name>
   Brooks Jacket J-1403
  </name>
  <category>
   Jacket
  </category>
  <size>
   XXL
  </size>
  <color>
   Оранжевый
  </color>
  <material>
   Лен
  </material>
  <price>
   301304
  </price>
  <rating>
   4.91
  </rating>
  <reviews>
   932457
  </reviews>
  <new>
   +
  </new>
  <exclusive>
   no
  </exclusive>
 </clothing>
 <clothing>
  <id>
   126146887
  </id>
  <name>
   Under Armour Socks T-2735
  </name>
  <category>
   Socks
  </category>
  <size>
   XL
  </size>
  <color>
   Зеленый
  </color>
  <material>
   Нейлон
  </material>
  <price>
   975221
  </price>
  <rating>
   3.56
  </rating>
  <reviews>
   401029
  </reviews>
  <new>
   +
  </new>
  <exclusive>
   no
  </exclusive>
  <sporty>
   yes
  </sporty>
 </clothing>
 <clothing>
  <id>
   583554869
  </id>
  <name>
   Lacoste Shoes O-4452
  </name>
  <category>
   Shoes
  </category>
  <size>
   XXL
  </size>
  <color>
   Зеленый
  </color>
  <material>
   Нейлон
  </material>
  <price>
   642560
  </price>
  <rating>
   1.26
  </rating>
  <reviews>
   39395
  </reviews>
 </clothing>
 <clothing>
  <id>
   583804648
  </id>
  <name>
   Nike Shirt A-1445
  </name>
  <category>
   Shirt
  </category>
  <size>
   XXL
  </size>
  <color>
   Красный
  </color>
  <material>
   Лен
  </material>
  <price>
   827416
  </price>
  <rating>
   3.87
  </rating>
  <reviews>
   355808
  </reviews>
 </clothing>
 <clothing>
  <id>
   510314649
  </id>
  <name>
   Nike Shoes Z-5865
  </name>
  <category>
   Shoes
  </category>
  <size>
   S
  </size>
  <color>
   Желтый
  </color>
  <material>
   Вискоза
  </material>
  <price>
   189439
  </price>
  <rating>
   3.55
  </rating>
  <reviews>
   269891
  </reviews>
  <new>
   -
  </new>
  <exclusive>
   yes
  </exclusive>
 </clothing>
 <clothing>
  <id>
   103989367
  </id>
  <name>
   Fila Dress A-2970
  </name>
  <category>
   Dress
  </category>
  <size>
   S
  </size>
  <color>
   Желтый
  </color>
  <material>
   Шелк
  </material>
  <price>
   897690
  </price>
  <rating>
   4.62
  </rating>
  <reviews>
   370651
  </reviews>
  <new>
   +
  </new>
  <exclusive>
   no
  </exclusive>
  <sporty>
   no
  </sporty>
 </clothing>
 <clothing>
  <id>
   365610824
  </id>
  <name>
   Addidas Socks W-5722
  </name>
  <category>
   Socks
  </category>
  <size>
   L
  </size>
  <color>
   Синий
  </color>
  <material>
   Хлопок
  </material>
  <price>
   138267
  </price>
  <rating>
   2.9
  </rating>
  <reviews>
   159713
  </reviews>
  <exclusive>
   no
  </exclusive>
  <sporty>
   no
  </sporty>
 </clothing>
 <clothing>
  <id>
   977433285
  </id>
  <name>
   Addidas Socks B-4562
  </name>
  <category>
   Socks
  </category>
  <size>
   S
  </size>
  <color>
   Желтый
  </color>
  <material>
   Нейлон
  </material>
  <price>
   565116
  </price>
  <rating>
   3.04
  </rating>
  <reviews>
   895276
  </reviews>
  <new>
   +
  </new>
  <sporty>
   yes
  </sporty>
 </clothing>
 <clothing>
  <id>
   494358161
  </id>
  <name>
   Under Armour Hat D-1804
  </name>
  <category>
   Hat
  </category>
  <size>
   M
  </size>
  <color>
   Зеленый
  </color>
  <material>
   Шерсть
  </material>
  <price>
   646852
  </price>
  <rating>
   1.09
  </rating>
  <reviews>
   642239
  </reviews>
  <new>
   -
  </new>
  <exclusive>
   yes
  </exclusive>
 </clothing>
 <clothing>
  <id>
   428581172
  </id>
  <name>
   Addidas Blouse J-4005
  </name>
  <category>
   Blouse
  </category>
  <size>
   L
  </size>
  <color>
   Красный
  </color>
  <material>
   Вискоза
  </material>
  <price>
   807668
  </price>
  <rating>
   1.06
  </rating>
  <reviews>
   222764
  </reviews>
  <new>
   -
  </new>
  <exclusive>
   yes
  </exclusive>
 </clothing>
 <clothing>
  <id>
   175798312
  </id>
  <name>
   Vans Umbrellas W-3398
  </name>
  <category>
   Umbrellas
  </category>
  <size>
   L
  </size>
  <color>
   Синий
  </color>
  <material>
   Нейлон
  </material>
  <price>
   335238
  </price>
  <rating>
   1.79
  </rating>
  <reviews>
   175811
  </reviews>
  <new>
   -
  </new>
 </clothing>
 <clothing>
  <id>
   591672081
  </id>
  <name>
   Asics Shirt H-3040
  </name>
  <category>
   Shirt
  </category>
  <size>
   L
  </size>
  <color>
   Зеленый
  </color>
  <material>
   Шерсть
  </material>
  <price>
   369125
  </price>
  <rating>
   2.06
  </rating>
  <reviews>
   110496
  </reviews>
 </clothing>
 <clothing>
  <id>
   771356713
  </id>
  <name>
   Vans Skirt G-8642
  </name>
  <category>
   Skirt
  </category>
  <size>
   M
  </size>
  <color>
   Зеленый
  </color>
  <material>
   Вискоза
  </material>
  <price>
   442827
  </price>
  <rating>
   4.55
  </rating>
  <reviews>
   17693
  </reviews>
  <exclusive>
   no
  </exclusive>
 </clothing>
 <clothing>
  <id>
   504483343
  </id>
  <name>
   Asics Dress E-1364
  </name>
  <category>
   Dress
  </category>
  <size>
   XL
  </size>
  <color>
   Синий
  </color>
  <material>
   Вискоза
  </material>
  <price>
   453579
  </price>
  <rating>
   1.08
  </rating>
  <reviews>
   655825
  </reviews>
  <new>
   -
  </new>
  <exclusive>
   yes
  </exclusive>
  <sporty>
   yes
  </sporty>
 </clothing>
 <clothing>
  <id>
   312234894
  </id>
  <name>
   Puma Jacket Y-2415
  </name>
  <category>
   Jacket
  </category>
  <size>
   L
  </size>
  <color>
   Желтый
  </color>
  <material>
   Нейлон
  </material>
  <price>
   418995
  </price>
  <rating>
   2.1
  </rating>
  <reviews>
   599478
  </reviews>
  <new>
   -
  </new>
  <exclusive>
   yes
  </exclusive>
  <sporty>
   yes
  </sporty>
 </clothing>
 <clothing>
  <id>
   945571319
  </id>
  <name>
   Brooks Shoes Z-2776
  </name>
  <category>
   Shoes
  </category>
  <size>
   XL
  </size>
  <color>
   Синий
  </color>
  <material>
   Хлопок
  </material>
  <price>
   829398
  </price>
  <rating>
   4.81
  </rating>
  <reviews>
   466243
  </reviews>
  <exclusive>
   yes
  </exclusive>
 </clothing>
 <clothing>
  <id>
   334572935
  </id>
  <name>
   Brooks Umbrellas T-6765
  </name>
  <category>
   Umbrellas
  </category>
  <size>
   XL
  </size>
  <color>
   Оранжевый
  </color>
  <material>
   Кожа
  </material>
  <price>
   156721
  </price>
  <rating>
   2.81
  </rating>
  <reviews>
   564926
  </reviews>
  <new>
   +
  </new>
  <sporty>
   no
  </sporty>
 </clothing>
</clothing-items>
