<?xml version="1.0" encoding="utf-8"?>
<clothing-items>
 <clothing>
  <id>
   809781106
  </id>
  <name>
   Adidas Jacket A-7437
  </name>
  <category>
   Jacket
  </category>
  <size>
   M
  </size>
  <color>
   Зеленый
  </color>
  <material>
   Шелк
  </material>
  <price>
   670378
  </price>
  <rating>
   3.89
  </rating>
  <reviews>
   261606
  </reviews>
  <new>
   +
  </new>
 </clothing>
 <clothing>
  <id>
   191291480
  </id>
  <name>
   Under Armour Socks H-2135
  </name>
  <category>
   Socks
  </category>
  <size>
   XXL
  </size>
  <color>
   Фиолетовый
  </color>
  <material>
   Вискоза
  </material>
  <price>
   991593
  </price>
  <rating>
   2.23
  </rating>
  <reviews>
   896371
  </reviews>
  <new>
   -
  </new>
  <exclusive>
   no
  </exclusive>
 </clothing>
 <clothing>
  <id>
   753866514
  </id>
  <name>
   New Balance Shirt N-7722
  </name>
  <category>
   Shirt
  </category>
  <size>
   M
  </size>
  <color>
   Голубой
  </color>
  <material>
   Вискоза
  </material>
  <price>
   870219
  </price>
  <rating>
   1.99
  </rating>
  <reviews>
   990737
  </reviews>
  <sporty>
   no
  </sporty>
 </clothing>
 <clothing>
  <id>
   270655527
  </id>
  <name>
   DC Jeans Q-5369
  </name>
  <category>
   Jeans
  </category>
  <size>
   S
  </size>
  <color>
   Фиолетовый
  </color>
  <material>
   Полиэстер
  </material>
  <price>
   496282
  </price>
  <rating>
   4.23
  </rating>
  <reviews>
   164982
  </reviews>
  <new>
   +
  </new>
  <sporty>
   no
  </sporty>
 </clothing>
 <clothing>
  <id>
   162784729
  </id>
  <name>
   DC Hat S-6945
  </name>
  <category>
   Hat
  </category>
  <size>
   L
  </size>
  <color>
   Голубой
  </color>
  <material>
   Лен
  </material>
  <price>
   461756
  </price>
  <rating>
   1.5
  </rating>
  <reviews>
   786733
  </reviews>
 </clothing>
 <clothing>
  <id>
   267105560
  </id>
  <name>
   Nike Umbrellas T-1198
  </name>
  <category>
   Umbrellas
  </category>
  <size>
   S
  </size>
  <color>
   Желтый
  </color>
  <material>
   Шерсть
  </material>
  <price>
   515395
  </price>
  <rating>
   2.25
  </rating>
  <reviews>
   134372
  </reviews>
  <new>
   +
  </new>
  <sporty>
   no
  </sporty>
 </clothing>
 <clothing>
  <id>
   218049473
  </id>
  <name>
   Addidas Jeans H-7941
  </name>
  <category>
   Jeans
  </category>
  <size>
   L
  </size>
  <color>
   Голубой
  </color>
  <material>
   Шерсть
  </material>
  <price>
   703025
  </price>
  <rating>
   4.74
  </rating>
  <reviews>
   283927
  </reviews>
  <new>
   -
  </new>
  <exclusive>
   yes
  </exclusive>
  <sporty>
   no
  </sporty>
 </clothing>
 <clothing>
  <id>
   994272905
  </id>
  <name>
   Asics Handbags T-3257
  </name>
  <category>
   Handbags
  </category>
  <size>
   XXL
  </size>
  <color>
   Красный
  </color>
  <material>
   Кожа
  </material>
  <price>
   417607
  </price>
  <rating>
   1.16
  </rating>
  <reviews>
   497921
  </reviews>
  <new>
   +
  </new>
  <exclusive>
   no
  </exclusive>
  <sporty>
   no
  </sporty>
 </clothing>
 <clothing>
  <id>
   287793998
  </id>
  <name>
   Nike Sweater U-5297
  </name>
  <category>
   Sweater
  </category>
  <size>
   XL
  </size>
  <color>
   Оранжевый
  </color>
  <material>
   Полиэстер
  </material>
  <price>
   132527
  </price>
  <rating>
   1.63
  </rating>
  <reviews>
   919595
  </reviews>
  <exclusive>
   yes
  </exclusive>
 </clothing>
 <clothing>
  <id>
   722469001
  </id>
  <name>
   Brooks Jeans T-5443
  </name>
  <category>
   Jeans
  </category>
  <size>
   M
  </size>
  <color>
   Фиолетовый
  </color>
  <material>
   Вискоза
  </material>
  <price>
   133324
  </price>
  <rating>
   2.94
  </rating>
  <reviews>
   828921
  </reviews>
  <new>
   +
  </new>
  <sporty>
   no
  </sporty>
 </clothing>
 <clothing>
  <id>
   171650807
  </id>
  <name>
   Fila T-shirt Q-1760
  </name>
  <category>
   T-shirt
  </category>
  <size>
   L
  </size>
  <color>
   Фиолетовый
  </color>
  <material>
   Лен
  </material>
  <price>
   633314
  </price>
  <rating>
   1.34
  </rating>
  <reviews>
   397356
  </reviews>
  <new>
   +
  </new>
  <exclusive>
   no
  </exclusive>
  <sporty>
   yes
  </sporty>
 </clothing>
 <clothing>
  <id>
   228184909
  </id>
  <name>
   Adidas Handbags C-4411
  </name>
  <category>
   Handbags
  </category>
  <size>
   S
  </size>
  <color>
   Фиолетовый
  </color>
  <material>
   Лен
  </material>
  <price>
   612333
  </price>
  <rating>
   3.8
  </rating>
  <reviews>
   271738
  </reviews>
  <new>
   -
  </new>
  <exclusive>
   no
  </exclusive>
  <sporty>
   no
  </sporty>
 </clothing>
 <clothing>
  <id>
   323585923
  </id>
  <name>
   Brooks Socks M-3711
  </name>
  <category>
   Socks
  </category>
  <size>
   L
  </size>
  <color>
   Фиолетовый
  </color>
  <material>
   Вискоза
  </material>
  <price>
   790855
  </price>
  <rating>
   3.95
  </rating>
  <reviews>
   690387
  </reviews>
  <new>
   -
  </new>
  <exclusive>
   no
  </exclusive>
 </clothing>
 <clothing>
  <id>
   503050419
  </id>
  <name>
   Adidas Pants U-7840
  </name>
  <category>
   Pants
  </category>
  <size>
   S
  </size>
  <color>
   Голубой
  </color>
  <material>
   Шелк
  </material>
  <price>
   254799
  </price>
  <rating>
   5.0
  </rating>
  <reviews>
   164224
  </reviews>
  <new>
   -
  </new>
 </clothing>
 <clothing>
  <id>
   512838523
  </id>
  <name>
   Reebok Belts U-2408
  </name>
  <category>
   Belts
  </category>
  <size>
   S
  </size>
  <color>
   Голубой
  </color>
  <material>
   Хлопок
  </material>
  <price>
   311541
  </price>
  <rating>
   3.91
  </rating>
  <reviews>
   23489
  </reviews>
  <new>
   -
  </new>
  <exclusive>
   yes
  </exclusive>
  <sporty>
   no
  </sporty>
 </clothing>
</clothing-items>
