<?xml version="1.0" encoding="utf-8"?>
<clothing-items>
 <clothing>
  <id>
   885834607
  </id>
  <name>
   Reebok Gloves B-7292
  </name>
  <category>
   Gloves
  </category>
  <size>
   M
  </size>
  <color>
   Красный
  </color>
  <material>
   Кожа
  </material>
  <price>
   233261
  </price>
  <rating>
   2.01
  </rating>
  <reviews>
   712217
  </reviews>
  <sporty>
   yes
  </sporty>
 </clothing>
 <clothing>
  <id>
   174674021
  </id>
  <name>
   Ellesse Jeans I-7445
  </name>
  <category>
   Jeans
  </category>
  <size>
   L
  </size>
  <color>
   Оранжевый
  </color>
  <material>
   Полиэстер
  </material>
  <price>
   343471
  </price>
  <rating>
   1.13
  </rating>
  <reviews>
   406844
  </reviews>
  <new>
   -
  </new>
 </clothing>
 <clothing>
  <id>
   652405323
  </id>
  <name>
   Under Armour Pants I-3140
  </name>
  <category>
   Pants
  </category>
  <size>
   XXL
  </size>
  <color>
   Оранжевый
  </color>
  <material>
   Шерсть
  </material>
  <price>
   310406
  </price>
  <rating>
   2.61
  </rating>
  <reviews>
   846242
  </reviews>
 </clothing>
 <clothing>
  <id>
   957913552
  </id>
  <name>
   Brooks Umbrellas Y-7561
  </name>
  <category>
   Umbrellas
  </category>
  <size>
   S
  </size>
  <color>
   Желтый
  </color>
  <material>
   Хлопок
  </material>
  <price>
   982402
  </price>
  <rating>
   3.27
  </rating>
  <reviews>
   240821
  </reviews>
  <new>
   +
  </new>
  <sporty>
   yes
  </sporty>
 </clothing>
 <clothing>
  <id>
   948587680
  </id>
  <name>
   Converse Skirt J-1549
  </name>
  <category>
   Skirt
  </category>
  <size>
   S
  </size>
  <color>
   Оранжевый
  </color>
  <material>
   Кожа
  </material>
  <price>
   461238
  </price>
  <rating>
   4.48
  </rating>
  <reviews>
   448868
  </reviews>
  <new>
   +
  </new>
  <exclusive>
   no
  </exclusive>
  <sporty>
   no
  </sporty>
 </clothing>
 <clothing>
  <id>
   740837688
  </id>
  <name>
   Adidas Umbrellas S-6666
  </name>
  <category>
   Umbrellas
  </category>
  <size>
   M
  </size>
  <color>
   Зеленый
  </color>
  <material>
   Шерсть
  </material>
  <price>
   511639
  </price>
  <rating>
   1.66
  </rating>
  <reviews>
   134047
  </reviews>
  <new>
   -
  </new>
  <exclusive>
   no
  </exclusive>
  <sporty>
   yes
  </sporty>
 </clothing>
 <clothing>
  <id>
   463952940
  </id>
  <name>
   Converse Belts S-2663
  </name>
  <category>
   Belts
  </category>
  <size>
   XXL
  </size>
  <color>
   Зеленый
  </color>
  <material>
   Кожа
  </material>
  <price>
   584278
  </price>
  <rating>
   4.75
  </rating>
  <reviews>
   3257
  </reviews>
  <new>
   +
  </new>
  <exclusive>
   yes
  </exclusive>
 </clothing>
 <clothing>
  <id>
   695675914
  </id>
  <name>
   Nike Jeans C-9534
  </name>
  <category>
   Jeans
  </category>
  <size>
   XL
  </size>
  <color>
   Красный
  </color>
  <material>
   Кожа
  </material>
  <price>
   129235
  </price>
  <rating>
   2.95
  </rating>
  <reviews>
   235965
  </reviews>
  <exclusive>
   yes
  </exclusive>
 </clothing>
 <clothing>
  <id>
   558533517
  </id>
  <name>
   Puma Shirt I-3734
  </name>
  <category>
   Shirt
  </category>
  <size>
   M
  </size>
  <color>
   Желтый
  </color>
  <material>
   Шерсть
  </material>
  <price>
   812634
  </price>
  <rating>
   1.23
  </rating>
  <reviews>
   645958
  </reviews>
  <new>
   -
  </new>
  <exclusive>
   no
  </exclusive>
  <sporty>
   no
  </sporty>
 </clothing>
 <clothing>
  <id>
   174210456
  </id>
  <name>
   Brooks Gloves T-4044
  </name>
  <category>
   Gloves
  </category>
  <size>
   L
  </size>
  <color>
   Зеленый
  </color>
  <material>
   Полиэстер
  </material>
  <price>
   541273
  </price>
  <rating>
   4.39
  </rating>
  <reviews>
   585324
  </reviews>
  <new>
   +
  </new>
 </clothing>
 <clothing>
  <id>
   333383327
  </id>
  <name>
   DC Jeans M-2182
  </name>
  <category>
   Jeans
  </category>
  <size>
   M
  </size>
  <color>
   Желтый
  </color>
  <material>
   Полиэстер
  </material>
  <price>
   400534
  </price>
  <rating>
   2.83
  </rating>
  <reviews>
   977183
  </reviews>
  <new>
   +
  </new>
  <exclusive>
   no
  </exclusive>
  <sporty>
   no
  </sporty>
 </clothing>
 <clothing>
  <id>
   835078984
  </id>
  <name>
   PleinSport T-shirt L-3828
  </name>
  <category>
   T-shirt
  </category>
  <size>
   XXL
  </size>
  <color>
   Голубой
  </color>
  <material>
   Лен
  </material>
  <price>
   775843
  </price>
  <rating>
   4.37
  </rating>
  <reviews>
   743344
  </reviews>
  <new>
   +
  </new>
  <exclusive>
   yes
  </exclusive>
  <sporty>
   yes
  </sporty>
 </clothing>
 <clothing>
  <id>
   635276643
  </id>
  <name>
   Asics Skirt V-7744
  </name>
  <category>
   Skirt
  </category>
  <size>
   M
  </size>
  <color>
   Зеленый
  </color>
  <material>
   Вискоза
  </material>
  <price>
   598536
  </price>
  <rating>
   4.89
  </rating>
  <reviews>
   705528
  </reviews>
  <new>
   +
  </new>
  <exclusive>
   no
  </exclusive>
 </clothing>
 <clothing>
  <id>
   748385954
  </id>
  <name>
   Asics Dress I-9714
  </name>
  <category>
   Dress
  </category>
  <size>
   XL
  </size>
  <color>
   Оранжевый
  </color>
  <material>
   Кожа
  </material>
  <price>
   481824
  </price>
  <rating>
   4.91
  </rating>
  <reviews>
   534626
  </reviews>
  <new>
   -
  </new>
  <sporty>
   yes
  </sporty>
 </clothing>
 <clothing>
  <id>
   658691855
  </id>
  <name>
   Ellesse Pants Y-4318
  </name>
  <category>
   Pants
  </category>
  <size>
   M
  </size>
  <color>
   Оранжевый
  </color>
  <material>
   Шелк
  </material>
  <price>
   910880
  </price>
  <rating>
   2.73
  </rating>
  <reviews>
   391480
  </reviews>
  <sporty>
   no
  </sporty>
 </clothing>
 <clothing>
  <id>
   602168631
  </id>
  <name>
   Fila Gloves T-7059
  </name>
  <category>
   Gloves
  </category>
  <size>
   L
  </size>
  <color>
   Синий
  </color>
  <material>
   Кожа
  </material>
  <price>
   787957
  </price>
  <rating>
   2.38
  </rating>
  <reviews>
   676071
  </reviews>
  <new>
   +
  </new>
  <exclusive>
   no
  </exclusive>
  <sporty>
   no
  </sporty>
 </clothing>
 <clothing>
  <id>
   177456284
  </id>
  <name>
   Brooks Pants V-7013
  </name>
  <category>
   Pants
  </category>
  <size>
   XXL
  </size>
  <color>
   Фиолетовый
  </color>
  <material>
   Лен
  </material>
  <price>
   228951
  </price>
  <rating>
   4.02
  </rating>
  <reviews>
   471695
  </reviews>
  <exclusive>
   yes
  </exclusive>
  <sporty>
   no
  </sporty>
 </clothing>
 <clothing>
  <id>
   534453685
  </id>
  <name>
   Reebok Jacket J-6928
  </name>
  <category>
   Jacket
  </category>
  <size>
   XL
  </size>
  <color>
   Голубой
  </color>
  <material>
   Вискоза
  </material>
  <price>
   641595
  </price>
  <rating>
   2.94
  </rating>
  <reviews>
   846362
  </reviews>
  <new>
   -
  </new>
  <exclusive>
   yes
  </exclusive>
 </clothing>
 <clothing>
  <id>
   669240825
  </id>
  <name>
   Asics Shoes K-6925
  </name>
  <category>
   Shoes
  </category>
  <size>
   XXL
  </size>
  <color>
   Красный
  </color>
  <material>
   Хлопок
  </material>
  <price>
   695086
  </price>
  <rating>
   3.05
  </rating>
  <reviews>
   129167
  </reviews>
  <exclusive>
   yes
  </exclusive>
  <sporty>
   no
  </sporty>
 </clothing>
 <clothing>
  <id>
   558771914
  </id>
  <name>
   Under Armour Jacket N-7982
  </name>
  <category>
   Jacket
  </category>
  <size>
   XXL
  </size>
  <color>
   Зеленый
  </color>
  <material>
   Вискоза
  </material>
  <price>
   804297
  </price>
  <rating>
   1.68
  </rating>
  <reviews>
   262578
  </reviews>
  <new>
   -
  </new>
  <sporty>
   no
  </sporty>
 </clothing>
 <clothing>
  <id>
   828444961
  </id>
  <name>
   New Balance Hat J-1811
  </name>
  <category>
   Hat
  </category>
  <size>
   XL
  </size>
  <color>
   Желтый
  </color>
  <material>
   Нейлон
  </material>
  <price>
   215942
  </price>
  <rating>
   3.03
  </rating>
  <reviews>
   662166
  </reviews>
  <sporty>
   yes
  </sporty>
 </clothing>
 <clothing>
  <id>
   923337377
  </id>
  <name>
   Asics Dress U-6624
  </name>
  <category>
   Dress
  </category>
  <size>
   L
  </size>
  <color>
   Зеленый
  </color>
  <material>
   Хлопок
  </material>
  <price>
   813435
  </price>
  <rating>
   2.21
  </rating>
  <reviews>
   941507
  </reviews>
  <new>
   +
  </new>
  <exclusive>
   no
  </exclusive>
  <sporty>
   no
  </sporty>
 </clothing>
 <clothing>
  <id>
   759645535
  </id>
  <name>
   Nike Shirt K-9645
  </name>
  <category>
   Shirt
  </category>
  <size>
   M
  </size>
  <color>
   Желтый
  </color>
  <material>
   Хлопок
  </material>
  <price>
   615012
  </price>
  <rating>
   2.87
  </rating>
  <reviews>
   85603
  </reviews>
  <exclusive>
   no
  </exclusive>
  <sporty>
   no
  </sporty>
 </clothing>
 <clothing>
  <id>
   638733814
  </id>
  <name>
   Brooks Shirt P-9831
  </name>
  <category>
   Shirt
  </category>
  <size>
   XXL
  </size>
  <color>
   Голубой
  </color>
  <material>
   Полиэстер
  </material>
  <price>
   528865
  </price>
  <rating>
   1.82
  </rating>
  <reviews>
   277511
  </reviews>
  <new>
   -
  </new>
  <exclusive>
   yes
  </exclusive>
 </clothing>
 <clothing>
  <id>
   322811274
  </id>
  <name>
   Nike Umbrellas S-3881
  </name>
  <category>
   Umbrellas
  </category>
  <size>
   L
  </size>
  <color>
   Синий
  </color>
  <material>
   Шерсть
  </material>
  <price>
   385975
  </price>
  <rating>
   2.02
  </rating>
  <reviews>
   724318
  </reviews>
  <sporty>
   no
  </sporty>
 </clothing>
 <clothing>
  <id>
   957642924
  </id>
  <name>
   Adidas Umbrellas Y-9000
  </name>
  <category>
   Umbrellas
  </category>
  <size>
   S
  </size>
  <color>
   Синий
  </color>
  <material>
   Шелк
  </material>
  <price>
   206308
  </price>
  <rating>
   2.48
  </rating>
  <reviews>
   996056
  </reviews>
  <new>
   +
  </new>
  <exclusive>
   no
  </exclusive>
 </clothing>
 <clothing>
  <id>
   836462331
  </id>
  <name>
   Nike Sweater P-8055
  </name>
  <category>
   Sweater
  </category>
  <size>
   XL
  </size>
  <color>
   Желтый
  </color>
  <material>
   Полиэстер
  </material>
  <price>
   254300
  </price>
  <rating>
   3.88
  </rating>
  <reviews>
   538752
  </reviews>
  <new>
   -
  </new>
  <exclusive>
   no
  </exclusive>
 </clothing>
 <clothing>
  <id>
   544690314
  </id>
  <name>
   Nike Pants R-4536
  </name>
  <category>
   Pants
  </category>
  <size>
   S
  </size>
  <color>
   Желтый
  </color>
  <material>
   Шелк
  </material>
  <price>
   949061
  </price>
  <rating>
   4.43
  </rating>
  <reviews>
   354610
  </reviews>
  <new>
   +
  </new>
 </clothing>
 <clothing>
  <id>
   810613646
  </id>
  <name>
   New Balance Skirt T-2228
  </name>
  <category>
   Skirt
  </category>
  <size>
   XL
  </size>
  <color>
   Зеленый
  </color>
  <material>
   Шерсть
  </material>
  <price>
   845890
  </price>
  <rating>
   3.56
  </rating>
  <reviews>
   942552
  </reviews>
  <new>
   -
  </new>
 </clothing>
 <clothing>
  <id>
   201648450
  </id>
  <name>
   Nike Handbags R-7052
  </name>
  <category>
   Handbags
  </category>
  <size>
   XXL
  </size>
  <color>
   Оранжевый
  </color>
  <material>
   Полиэстер
  </material>
  <price>
   872938
  </price>
  <rating>
   3.1
  </rating>
  <reviews>
   459071
  </reviews>
  <new>
   -
  </new>
  <exclusive>
   no
  </exclusive>
  <sporty>
   no
  </sporty>
 </clothing>
 <clothing>
  <id>
   195293848
  </id>
  <name>
   Reebok Socks O-9856
  </name>
  <category>
   Socks
  </category>
  <size>
   M
  </size>
  <color>
   Синий
  </color>
  <material>
   Вискоза
  </material>
  <price>
   121696
  </price>
  <rating>
   1.15
  </rating>
  <reviews>
   247055
  </reviews>
  <exclusive>
   yes
  </exclusive>
  <sporty>
   yes
  </sporty>
 </clothing>
 <clothing>
  <id>
   489188222
  </id>
  <name>
   Converse Gloves X-6945
  </name>
  <category>
   Gloves
  </category>
  <size>
   XL
  </size>
  <color>
   Голубой
  </color>
  <material>
   Шелк
  </material>
  <price>
   638252
  </price>
  <rating>
   2.63
  </rating>
  <reviews>
   572058
  </reviews>
  <new>
   -
  </new>
  <exclusive>
   yes
  </exclusive>
 </clothing>
 <clothing>
  <id>
   728102599
  </id>
  <name>
   Adidas Pants D-8479
  </name>
  <category>
   Pants
  </category>
  <size>
   XL
  </size>
  <color>
   Оранжевый
  </color>
  <material>
   Хлопок
  </material>
  <price>
   498831
  </price>
  <rating>
   1.49
  </rating>
  <reviews>
   662687
  </reviews>
  <sporty>
   no
  </sporty>
 </clothing>
 <clothing>
  <id>
   121264386
  </id>
  <name>
   Under Armour Belts Z-6285
  </name>
  <category>
   Belts
  </category>
  <size>
   S
  </size>
  <color>
   Фиолетовый
  </color>
  <material>
   Лен
  </material>
  <price>
   137620
  </price>
  <rating>
   3.17
  </rating>
  <reviews>
   929768
  </reviews>
  <sporty>
   no
  </sporty>
 </clothing>
 <clothing>
  <id>
   868026820
  </id>
  <name>
   Ellesse Jeans D-5058
  </name>
  <category>
   Jeans
  </category>
  <size>
   L
  </size>
  <color>
   Зеленый
  </color>
  <material>
   Нейлон
  </material>
  <price>
   516549
  </price>
  <rating>
   1.81
  </rating>
  <reviews>
   969445
  </reviews>
  <new>
   -
  </new>
  <exclusive>
   yes
  </exclusive>
  <sporty>
   yes
  </sporty>
 </clothing>
 <clothing>
  <id>
   237695794
  </id>
  <name>
   Fila Pants B-2519
  </name>
  <category>
   Pants
  </category>
  <size>
   S
  </size>
  <color>
   Фиолетовый
  </color>
  <material>
   Шелк
  </material>
  <price>
   845792
  </price>
  <rating>
   2.84
  </rating>
  <reviews>
   56523
  </reviews>
  <new>
   -
  </new>
  <sporty>
   no
  </sporty>
 </clothing>
</clothing-items>
