<?xml version="1.0" encoding="utf-8"?>
<clothing-items>
 <clothing>
  <id>
   739611028
  </id>
  <name>
   Converse Belts C-4130
  </name>
  <category>
   Belts
  </category>
  <size>
   S
  </size>
  <color>
   Оранжевый
  </color>
  <material>
   Вискоза
  </material>
  <price>
   953881
  </price>
  <rating>
   2.51
  </rating>
  <reviews>
   645090
  </reviews>
  <new>
   -
  </new>
  <exclusive>
   no
  </exclusive>
  <sporty>
   no
  </sporty>
 </clothing>
 <clothing>
  <id>
   680341917
  </id>
  <name>
   Ellesse Socks F-9419
  </name>
  <category>
   Socks
  </category>
  <size>
   XXL
  </size>
  <color>
   Оранжевый
  </color>
  <material>
   Вискоза
  </material>
  <price>
   723989
  </price>
  <rating>
   2.88
  </rating>
  <reviews>
   822039
  </reviews>
  <new>
   +
  </new>
  <exclusive>
   no
  </exclusive>
 </clothing>
 <clothing>
  <id>
   576679578
  </id>
  <name>
   Under Armour Shirt T-1269
  </name>
  <category>
   Shirt
  </category>
  <size>
   XXL
  </size>
  <color>
   Синий
  </color>
  <material>
   Лен
  </material>
  <price>
   954829
  </price>
  <rating>
   2.66
  </rating>
  <reviews>
   736914
  </reviews>
  <sporty>
   yes
  </sporty>
 </clothing>
 <clothing>
  <id>
   680847695
  </id>
  <name>
   PleinSport Skirt G-6647
  </name>
  <category>
   Skirt
  </category>
  <size>
   M
  </size>
  <color>
   Оранжевый
  </color>
  <material>
   Полиэстер
  </material>
  <price>
   738131
  </price>
  <rating>
   1.99
  </rating>
  <reviews>
   695759
  </reviews>
  <new>
   -
  </new>
  <exclusive>
   no
  </exclusive>
 </clothing>
 <clothing>
  <id>
   948078620
  </id>
  <name>
   Addidas Handbags K-4319
  </name>
  <category>
   Handbags
  </category>
  <size>
   XXL
  </size>
  <color>
   Зеленый
  </color>
  <material>
   Полиэстер
  </material>
  <price>
   477306
  </price>
  <rating>
   3.02
  </rating>
  <reviews>
   250227
  </reviews>
  <sporty>
   no
  </sporty>
 </clothing>
 <clothing>
  <id>
   850178403
  </id>
  <name>
   Addidas T-shirt O-9463
  </name>
  <category>
   T-shirt
  </category>
  <size>
   L
  </size>
  <color>
   Желтый
  </color>
  <material>
   Нейлон
  </material>
  <price>
   222527
  </price>
  <rating>
   3.94
  </rating>
  <reviews>
   737333
  </reviews>
  <new>
   -
  </new>
 </clothing>
 <clothing>
  <id>
   442535469
  </id>
  <name>
   Puma Shirt T-1573
  </name>
  <category>
   Shirt
  </category>
  <size>
   M
  </size>
  <color>
   Оранжевый
  </color>
  <material>
   Нейлон
  </material>
  <price>
   942529
  </price>
  <rating>
   4.43
  </rating>
  <reviews>
   894027
  </reviews>
  <exclusive>
   no
  </exclusive>
  <sporty>
   no
  </sporty>
 </clothing>
 <clothing>
  <id>
   663708181
  </id>
  <name>
   Fila Sweater V-2614
  </name>
  <category>
   Sweater
  </category>
  <size>
   XXL
  </size>
  <color>
   Оранжевый
  </color>
  <material>
   Полиэстер
  </material>
  <price>
   463101
  </price>
  <rating>
   4.29
  </rating>
  <reviews>
   659245
  </reviews>
  <new>
   -
  </new>
 </clothing>
 <clothing>
  <id>
   643770165
  </id>
  <name>
   Ellesse T-shirt O-4470
  </name>
  <category>
   T-shirt
  </category>
  <size>
   L
  </size>
  <color>
   Красный
  </color>
  <material>
   Вискоза
  </material>
  <price>
   422793
  </price>
  <rating>
   2.13
  </rating>
  <reviews>
   695374
  </reviews>
  <new>
   -
  </new>
 </clothing>
 <clothing>
  <id>
   262964083
  </id>
  <name>
   New Balance Belts B-4884
  </name>
  <category>
   Belts
  </category>
  <size>
   M
  </size>
  <color>
   Синий
  </color>
  <material>
   Хлопок
  </material>
  <price>
   691626
  </price>
  <rating>
   1.52
  </rating>
  <reviews>
   408963
  </reviews>
  <new>
   -
  </new>
  <sporty>
   no
  </sporty>
 </clothing>
 <clothing>
  <id>
   446804077
  </id>
  <name>
   Vans Pants B-2936
  </name>
  <category>
   Pants
  </category>
  <size>
   L
  </size>
  <color>
   Желтый
  </color>
  <material>
   Кожа
  </material>
  <price>
   189072
  </price>
  <rating>
   3.82
  </rating>
  <reviews>
   743635
  </reviews>
  <exclusive>
   yes
  </exclusive>
 </clothing>
</clothing-items>
