<?xml version="1.0" encoding="utf-8"?>
<clothing-items>
 <clothing>
  <id>
   106300327
  </id>
  <name>
   Fila Shoes J-2318
  </name>
  <category>
   Shoes
  </category>
  <size>
   XXL
  </size>
  <color>
   Желтый
  </color>
  <material>
   Лен
  </material>
  <price>
   828593
  </price>
  <rating>
   4.41
  </rating>
  <reviews>
   100964
  </reviews>
  <new>
   +
  </new>
 </clothing>
 <clothing>
  <id>
   679532024
  </id>
  <name>
   Vans Belts V-4040
  </name>
  <category>
   Belts
  </category>
  <size>
   L
  </size>
  <color>
   Оранжевый
  </color>
  <material>
   Шерсть
  </material>
  <price>
   631761
  </price>
  <rating>
   2.85
  </rating>
  <reviews>
   604801
  </reviews>
  <new>
   -
  </new>
  <sporty>
   no
  </sporty>
 </clothing>
 <clothing>
  <id>
   287050976
  </id>
  <name>
   Nike Gloves X-3612
  </name>
  <category>
   Gloves
  </category>
  <size>
   L
  </size>
  <color>
   Красный
  </color>
  <material>
   Лен
  </material>
  <price>
   305191
  </price>
  <rating>
   3.2
  </rating>
  <reviews>
   145333
  </reviews>
  <new>
   +
  </new>
 </clothing>
 <clothing>
  <id>
   942886744
  </id>
  <name>
   PleinSport Sweater X-1694
  </name>
  <category>
   Sweater
  </category>
  <size>
   M
  </size>
  <color>
   Синий
  </color>
  <material>
   Вискоза
  </material>
  <price>
   799613
  </price>
  <rating>
   1.51
  </rating>
  <reviews>
   626092
  </reviews>
  <new>
   -
  </new>
  <exclusive>
   no
  </exclusive>
 </clothing>
 <clothing>
  <id>
   717382640
  </id>
  <name>
   Lacoste Jacket S-1018
  </name>
  <category>
   Jacket
  </category>
  <size>
   L
  </size>
  <color>
   Желтый
  </color>
  <material>
   Полиэстер
  </material>
  <price>
   447215
  </price>
  <rating>
   4.52
  </rating>
  <reviews>
   129473
  </reviews>
  <sporty>
   yes
  </sporty>
 </clothing>
 <clothing>
  <id>
   285401260
  </id>
  <name>
   Vans Blouse G-4236
  </name>
  <category>
   Blouse
  </category>
  <size>
   XL
  </size>
  <color>
   Фиолетовый
  </color>
  <material>
   Полиэстер
  </material>
  <price>
   760268
  </price>
  <rating>
   4.63
  </rating>
  <reviews>
   94761
  </reviews>
  <new>
   -
  </new>
  <exclusive>
   yes
  </exclusive>
  <sporty>
   yes
  </sporty>
 </clothing>
 <clothing>
  <id>
   836918545
  </id>
  <name>
   Brooks Handbags C-2403
  </name>
  <category>
   Handbags
  </category>
  <size>
   L
  </size>
  <color>
   Фиолетовый
  </color>
  <material>
   Кожа
  </material>
  <price>
   565935
  </price>
  <rating>
   3.29
  </rating>
  <reviews>
   286566
  </reviews>
  <new>
   +
  </new>
 </clothing>
 <clothing>
  <id>
   471992504
  </id>
  <name>
   Addidas Blouse E-1997
  </name>
  <category>
   Blouse
  </category>
  <size>
   S
  </size>
  <color>
   Желтый
  </color>
  <material>
   Хлопок
  </material>
  <price>
   368458
  </price>
  <rating>
   3.58
  </rating>
  <reviews>
   442531
  </reviews>
  <new>
   +
  </new>
  <sporty>
   yes
  </sporty>
 </clothing>
 <clothing>
  <id>
   122987396
  </id>
  <name>
   PleinSport Gloves K-7288
  </name>
  <category>
   Gloves
  </category>
  <size>
   XL
  </size>
  <color>
   Желтый
  </color>
  <material>
   Полиэстер
  </material>
  <price>
   191448
  </price>
  <rating>
   1.41
  </rating>
  <reviews>
   170267
  </reviews>
  <new>
   -
  </new>
 </clothing>
 <clothing>
  <id>
   877892823
  </id>
  <name>
   Reebok Blouse V-5102
  </name>
  <category>
   Blouse
  </category>
  <size>
   L
  </size>
  <color>
   Оранжевый
  </color>
  <material>
   Хлопок
  </material>
  <price>
   144545
  </price>
  <rating>
   3.93
  </rating>
  <reviews>
   845451
  </reviews>
  <exclusive>
   no
  </exclusive>
 </clothing>
</clothing-items>
