<?xml version="1.0" encoding="utf-8"?>
<clothing-items>
 <clothing>
  <id>
   553108715
  </id>
  <name>
   PleinSport Shirt Q-4614
  </name>
  <category>
   Shirt
  </category>
  <size>
   XL
  </size>
  <color>
   Синий
  </color>
  <material>
   Вискоза
  </material>
  <price>
   207247
  </price>
  <rating>
   2.71
  </rating>
  <reviews>
   162097
  </reviews>
  <exclusive>
   no
  </exclusive>
  <sporty>
   yes
  </sporty>
 </clothing>
 <clothing>
  <id>
   917135350
  </id>
  <name>
   Nike Hat U-6115
  </name>
  <category>
   Hat
  </category>
  <size>
   XXL
  </size>
  <color>
   Голубой
  </color>
  <material>
   Хлопок
  </material>
  <price>
   147514
  </price>
  <rating>
   1.12
  </rating>
  <reviews>
   410130
  </reviews>
  <sporty>
   no
  </sporty>
 </clothing>
 <clothing>
  <id>
   901898402
  </id>
  <name>
   Under Armour Gloves Q-3184
  </name>
  <category>
   Gloves
  </category>
  <size>
   XXL
  </size>
  <color>
   Зеленый
  </color>
  <material>
   Вискоза
  </material>
  <price>
   411859
  </price>
  <rating>
   3.93
  </rating>
  <reviews>
   606356
  </reviews>
  <exclusive>
   no
  </exclusive>
 </clothing>
 <clothing>
  <id>
   163656210
  </id>
  <name>
   Nike Shirt E-7199
  </name>
  <category>
   Shirt
  </category>
  <size>
   XL
  </size>
  <color>
   Оранжевый
  </color>
  <material>
   Шелк
  </material>
  <price>
   285884
  </price>
  <rating>
   1.01
  </rating>
  <reviews>
   251287
  </reviews>
  <exclusive>
   no
  </exclusive>
  <sporty>
   no
  </sporty>
 </clothing>
 <clothing>
  <id>
   999336303
  </id>
  <name>
   DC Jeans P-7936
  </name>
  <category>
   Jeans
  </category>
  <size>
   XXL
  </size>
  <color>
   Фиолетовый
  </color>
  <material>
   Шерсть
  </material>
  <price>
   759571
  </price>
  <rating>
   1.78
  </rating>
  <reviews>
   375748
  </reviews>
  <exclusive>
   no
  </exclusive>
 </clothing>
 <clothing>
  <id>
   446038496
  </id>
  <name>
   Fila Handbags L-9904
  </name>
  <category>
   Handbags
  </category>
  <size>
   L
  </size>
  <color>
   Голубой
  </color>
  <material>
   Полиэстер
  </material>
  <price>
   416414
  </price>
  <rating>
   3.11
  </rating>
  <reviews>
   997504
  </reviews>
  <new>
   +
  </new>
  <exclusive>
   no
  </exclusive>
  <sporty>
   yes
  </sporty>
 </clothing>
 <clothing>
  <id>
   413415750
  </id>
  <name>
   Under Armour Belts P-8201
  </name>
  <category>
   Belts
  </category>
  <size>
   XXL
  </size>
  <color>
   Красный
  </color>
  <material>
   Шелк
  </material>
  <price>
   366008
  </price>
  <rating>
   1.9
  </rating>
  <reviews>
   530081
  </reviews>
  <new>
   +
  </new>
  <exclusive>
   no
  </exclusive>
 </clothing>
 <clothing>
  <id>
   663132081
  </id>
  <name>
   Adidas Handbags E-6360
  </name>
  <category>
   Handbags
  </category>
  <size>
   M
  </size>
  <color>
   Зеленый
  </color>
  <material>
   Хлопок
  </material>
  <price>
   927152
  </price>
  <rating>
   2.31
  </rating>
  <reviews>
   34193
  </reviews>
  <new>
   -
  </new>
  <exclusive>
   yes
  </exclusive>
  <sporty>
   yes
  </sporty>
 </clothing>
 <clothing>
  <id>
   747637275
  </id>
  <name>
   Brooks Skirt Q-9353
  </name>
  <category>
   Skirt
  </category>
  <size>
   M
  </size>
  <color>
   Синий
  </color>
  <material>
   Хлопок
  </material>
  <price>
   645639
  </price>
  <rating>
   2.31
  </rating>
  <reviews>
   311278
  </reviews>
  <exclusive>
   no
  </exclusive>
  <sporty>
   no
  </sporty>
 </clothing>
 <clothing>
  <id>
   857370920
  </id>
  <name>
   Ellesse Socks R-3263
  </name>
  <category>
   Socks
  </category>
  <size>
   XXL
  </size>
  <color>
   Фиолетовый
  </color>
  <material>
   Шелк
  </material>
  <price>
   923107
  </price>
  <rating>
   1.67
  </rating>
  <reviews>
   808644
  </reviews>
  <new>
   -
  </new>
  <exclusive>
   no
  </exclusive>
 </clothing>
 <clothing>
  <id>
   866887648
  </id>
  <name>
   Under Armour Sweater G-3178
  </name>
  <category>
   Sweater
  </category>
  <size>
   XL
  </size>
  <color>
   Фиолетовый
  </color>
  <material>
   Хлопок
  </material>
  <price>
   544888
  </price>
  <rating>
   3.7
  </rating>
  <reviews>
   221709
  </reviews>
  <new>
   -
  </new>
  <sporty>
   no
  </sporty>
 </clothing>
 <clothing>
  <id>
   792826570
  </id>
  <name>
   Under Armour Pants M-9685
  </name>
  <category>
   Pants
  </category>
  <size>
   M
  </size>
  <color>
   Красный
  </color>
  <material>
   Полиэстер
  </material>
  <price>
   629740
  </price>
  <rating>
   2.81
  </rating>
  <reviews>
   81727
  </reviews>
  <new>
   +
  </new>
  <exclusive>
   yes
  </exclusive>
  <sporty>
   yes
  </sporty>
 </clothing>
 <clothing>
  <id>
   497178621
  </id>
  <name>
   Puma Shirt E-7386
  </name>
  <category>
   Shirt
  </category>
  <size>
   XXL
  </size>
  <color>
   Зеленый
  </color>
  <material>
   Хлопок
  </material>
  <price>
   589990
  </price>
  <rating>
   3.88
  </rating>
  <reviews>
   804560
  </reviews>
  <exclusive>
   no
  </exclusive>
 </clothing>
 <clothing>
  <id>
   204335793
  </id>
  <name>
   New Balance Handbags U-5055
  </name>
  <category>
   Handbags
  </category>
  <size>
   XL
  </size>
  <color>
   Зеленый
  </color>
  <material>
   Шелк
  </material>
  <price>
   643568
  </price>
  <rating>
   4.22
  </rating>
  <reviews>
   835734
  </reviews>
  <exclusive>
   yes
  </exclusive>
  <sporty>
   yes
  </sporty>
 </clothing>
 <clothing>
  <id>
   485380786
  </id>
  <name>
   Fila Skirt N-9713
  </name>
  <category>
   Skirt
  </category>
  <size>
   XL
  </size>
  <color>
   Зеленый
  </color>
  <material>
   Кожа
  </material>
  <price>
   275513
  </price>
  <rating>
   2.75
  </rating>
  <reviews>
   91871
  </reviews>
  <sporty>
   no
  </sporty>
 </clothing>
 <clothing>
  <id>
   718607592
  </id>
  <name>
   DC Dress B-6032
  </name>
  <category>
   Dress
  </category>
  <size>
   XL
  </size>
  <color>
   Зеленый
  </color>
  <material>
   Кожа
  </material>
  <price>
   309419
  </price>
  <rating>
   1.4
  </rating>
  <reviews>
   760655
  </reviews>
  <new>
   -
  </new>
  <sporty>
   no
  </sporty>
 </clothing>
 <clothing>
  <id>
   279258646
  </id>
  <name>
   Fila Socks V-8286
  </name>
  <category>
   Socks
  </category>
  <size>
   S
  </size>
  <color>
   Желтый
  </color>
  <material>
   Шелк
  </material>
  <price>
   615862
  </price>
  <rating>
   4.11
  </rating>
  <reviews>
   624773
  </reviews>
 </clothing>
 <clothing>
  <id>
   430855090
  </id>
  <name>
   Puma Jacket N-1649
  </name>
  <category>
   Jacket
  </category>
  <size>
   L
  </size>
  <color>
   Синий
  </color>
  <material>
   Нейлон
  </material>
  <price>
   632988
  </price>
  <rating>
   2.14
  </rating>
  <reviews>
   118575
  </reviews>
  <exclusive>
   no
  </exclusive>
 </clothing>
 <clothing>
  <id>
   627674130
  </id>
  <name>
   Nike Shirt A-2802
  </name>
  <category>
   Shirt
  </category>
  <size>
   XL
  </size>
  <color>
   Фиолетовый
  </color>
  <material>
   Шелк
  </material>
  <price>
   199816
  </price>
  <rating>
   2.0
  </rating>
  <reviews>
   382841
  </reviews>
  <new>
   -
  </new>
  <sporty>
   no
  </sporty>
 </clothing>
 <clothing>
  <id>
   547990099
  </id>
  <name>
   PleinSport Pants U-1662
  </name>
  <category>
   Pants
  </category>
  <size>
   M
  </size>
  <color>
   Желтый
  </color>
  <material>
   Шерсть
  </material>
  <price>
   165808
  </price>
  <rating>
   1.77
  </rating>
  <reviews>
   855774
  </reviews>
  <new>
   -
  </new>
  <exclusive>
   no
  </exclusive>
 </clothing>
 <clothing>
  <id>
   971426551
  </id>
  <name>
   Converse Jacket L-6196
  </name>
  <category>
   Jacket
  </category>
  <size>
   XL
  </size>
  <color>
   Красный
  </color>
  <material>
   Лен
  </material>
  <price>
   549504
  </price>
  <rating>
   1.61
  </rating>
  <reviews>
   901274
  </reviews>
  <exclusive>
   yes
  </exclusive>
 </clothing>
 <clothing>
  <id>
   988978768
  </id>
  <name>
   Brooks Belts N-4527
  </name>
  <category>
   Belts
  </category>
  <size>
   XXL
  </size>
  <color>
   Голубой
  </color>
  <material>
   Кожа
  </material>
  <price>
   385146
  </price>
  <rating>
   2.53
  </rating>
  <reviews>
   994505
  </reviews>
  <exclusive>
   no
  </exclusive>
  <sporty>
   yes
  </sporty>
 </clothing>
 <clothing>
  <id>
   422488380
  </id>
  <name>
   Ellesse Socks C-5366
  </name>
  <category>
   Socks
  </category>
  <size>
   M
  </size>
  <color>
   Желтый
  </color>
  <material>
   Шелк
  </material>
  <price>
   182607
  </price>
  <rating>
   4.36
  </rating>
  <reviews>
   846948
  </reviews>
  <new>
   -
  </new>
  <exclusive>
   no
  </exclusive>
  <sporty>
   no
  </sporty>
 </clothing>
 <clothing>
  <id>
   321822426
  </id>
  <name>
   Under Armour Socks Z-9915
  </name>
  <category>
   Socks
  </category>
  <size>
   L
  </size>
  <color>
   Красный
  </color>
  <material>
   Хлопок
  </material>
  <price>
   297820
  </price>
  <rating>
   2.88
  </rating>
  <reviews>
   224803
  </reviews>
  <new>
   +
  </new>
  <exclusive>
   no
  </exclusive>
  <sporty>
   no
  </sporty>
 </clothing>
 <clothing>
  <id>
   877600331
  </id>
  <name>
   Converse Gloves N-7077
  </name>
  <category>
   Gloves
  </category>
  <size>
   XXL
  </size>
  <color>
   Красный
  </color>
  <material>
   Полиэстер
  </material>
  <price>
   529754
  </price>
  <rating>
   2.85
  </rating>
  <reviews>
   405331
  </reviews>
  <new>
   -
  </new>
  <exclusive>
   yes
  </exclusive>
  <sporty>
   no
  </sporty>
 </clothing>
 <clothing>
  <id>
   545858425
  </id>
  <name>
   Puma Shirt M-7311
  </name>
  <category>
   Shirt
  </category>
  <size>
   S
  </size>
  <color>
   Красный
  </color>
  <material>
   Шелк
  </material>
  <price>
   426972
  </price>
  <rating>
   4.69
  </rating>
  <reviews>
   339187
  </reviews>
  <exclusive>
   no
  </exclusive>
 </clothing>
 <clothing>
  <id>
   488159407
  </id>
  <name>
   Converse Jacket R-8768
  </name>
  <category>
   Jacket
  </category>
  <size>
   L
  </size>
  <color>
   Красный
  </color>
  <material>
   Нейлон
  </material>
  <price>
   863016
  </price>
  <rating>
   1.98
  </rating>
  <reviews>
   479394
  </reviews>
  <new>
   -
  </new>
  <sporty>
   yes
  </sporty>
 </clothing>
 <clothing>
  <id>
   139997401
  </id>
  <name>
   Vans Dress D-9630
  </name>
  <category>
   Dress
  </category>
  <size>
   XL
  </size>
  <color>
   Желтый
  </color>
  <material>
   Нейлон
  </material>
  <price>
   123558
  </price>
  <rating>
   2.22
  </rating>
  <reviews>
   917471
  </reviews>
  <exclusive>
   no
  </exclusive>
  <sporty>
   no
  </sporty>
 </clothing>
 <clothing>
  <id>
   483467394
  </id>
  <name>
   Converse Gloves Z-3336
  </name>
  <category>
   Gloves
  </category>
  <size>
   M
  </size>
  <color>
   Красный
  </color>
  <material>
   Хлопок
  </material>
  <price>
   278224
  </price>
  <rating>
   4.14
  </rating>
  <reviews>
   872353
  </reviews>
  <exclusive>
   yes
  </exclusive>
  <sporty>
   no
  </sporty>
 </clothing>
 <clothing>
  <id>
   303741071
  </id>
  <name>
   Converse Socks U-6074
  </name>
  <category>
   Socks
  </category>
  <size>
   XXL
  </size>
  <color>
   Красный
  </color>
  <material>
   Хлопок
  </material>
  <price>
   114047
  </price>
  <rating>
   2.65
  </rating>
  <reviews>
   657493
  </reviews>
  <exclusive>
   yes
  </exclusive>
  <sporty>
   no
  </sporty>
 </clothing>
 <clothing>
  <id>
   786167222
  </id>
  <name>
   Reebok Pants A-2528
  </name>
  <category>
   Pants
  </category>
  <size>
   M
  </size>
  <color>
   Голубой
  </color>
  <material>
   Нейлон
  </material>
  <price>
   307048
  </price>
  <rating>
   3.95
  </rating>
  <reviews>
   215694
  </reviews>
  <new>
   +
  </new>
  <exclusive>
   no
  </exclusive>
 </clothing>
 <clothing>
  <id>
   224984415
  </id>
  <name>
   Puma Hat C-5875
  </name>
  <category>
   Hat
  </category>
  <size>
   S
  </size>
  <color>
   Желтый
  </color>
  <material>
   Кожа
  </material>
  <price>
   864811
  </price>
  <rating>
   2.88
  </rating>
  <reviews>
   372706
  </reviews>
  <sporty>
   no
  </sporty>
 </clothing>
 <clothing>
  <id>
   250045457
  </id>
  <name>
   Asics Sweater O-1264
  </name>
  <category>
   Sweater
  </category>
  <size>
   M
  </size>
  <color>
   Желтый
  </color>
  <material>
   Вискоза
  </material>
  <price>
   432377
  </price>
  <rating>
   4.68
  </rating>
  <reviews>
   774329
  </reviews>
  <new>
   -
  </new>
  <sporty>
   no
  </sporty>
 </clothing>
 <clothing>
  <id>
   330442299
  </id>
  <name>
   Ellesse Skirt G-7503
  </name>
  <category>
   Skirt
  </category>
  <size>
   S
  </size>
  <color>
   Желтый
  </color>
  <material>
   Полиэстер
  </material>
  <price>
   310078
  </price>
  <rating>
   3.91
  </rating>
  <reviews>
   330840
  </reviews>
  <new>
   -
  </new>
 </clothing>
 <clothing>
  <id>
   521794541
  </id>
  <name>
   Addidas Blouse U-8136
  </name>
  <category>
   Blouse
  </category>
  <size>
   XL
  </size>
  <color>
   Синий
  </color>
  <material>
   Полиэстер
  </material>
  <price>
   434390
  </price>
  <rating>
   1.72
  </rating>
  <reviews>
   545207
  </reviews>
  <new>
   +
  </new>
  <exclusive>
   no
  </exclusive>
  <sporty>
   yes
  </sporty>
 </clothing>
 <clothing>
  <id>
   256742471
  </id>
  <name>
   Vans Socks B-2696
  </name>
  <category>
   Socks
  </category>
  <size>
   S
  </size>
  <color>
   Фиолетовый
  </color>
  <material>
   Кожа
  </material>
  <price>
   607596
  </price>
  <rating>
   1.82
  </rating>
  <reviews>
   193205
  </reviews>
  <new>
   +
  </new>
  <sporty>
   no
  </sporty>
 </clothing>
 <clothing>
  <id>
   354917450
  </id>
  <name>
   Brooks Socks H-6012
  </name>
  <category>
   Socks
  </category>
  <size>
   XL
  </size>
  <color>
   Красный
  </color>
  <material>
   Шерсть
  </material>
  <price>
   226312
  </price>
  <rating>
   3.07
  </rating>
  <reviews>
   260333
  </reviews>
  <new>
   -
  </new>
  <sporty>
   no
  </sporty>
 </clothing>
 <clothing>
  <id>
   953931278
  </id>
  <name>
   Nike Skirt A-7019
  </name>
  <category>
   Skirt
  </category>
  <size>
   L
  </size>
  <color>
   Красный
  </color>
  <material>
   Хлопок
  </material>
  <price>
   547534
  </price>
  <rating>
   3.19
  </rating>
  <reviews>
   199757
  </reviews>
  <new>
   -
  </new>
 </clothing>
 <clothing>
  <id>
   767398300
  </id>
  <name>
   Reebok T-shirt C-4993
  </name>
  <category>
   T-shirt
  </category>
  <size>
   S
  </size>
  <color>
   Синий
  </color>
  <material>
   Хлопок
  </material>
  <price>
   353512
  </price>
  <rating>
   1.02
  </rating>
  <reviews>
   35344
  </reviews>
  <new>
   +
  </new>
  <sporty>
   no
  </sporty>
 </clothing>
 <clothing>
  <id>
   756324210
  </id>
  <name>
   Nike Sweater A-1984
  </name>
  <category>
   Sweater
  </category>
  <size>
   XL
  </size>
  <color>
   Оранжевый
  </color>
  <material>
   Шерсть
  </material>
  <price>
   465616
  </price>
  <rating>
   3.49
  </rating>
  <reviews>
   726683
  </reviews>
  <sporty>
   yes
  </sporty>
 </clothing>
 <clothing>
  <id>
   828629949
  </id>
  <name>
   New Balance Umbrellas F-3459
  </name>
  <category>
   Umbrellas
  </category>
  <size>
   XXL
  </size>
  <color>
   Фиолетовый
  </color>
  <material>
   Вискоза
  </material>
  <price>
   918123
  </price>
  <rating>
   4.94
  </rating>
  <reviews>
   586082
  </reviews>
  <new>
   -
  </new>
  <exclusive>
   yes
  </exclusive>
  <sporty>
   no
  </sporty>
 </clothing>
 <clothing>
  <id>
   818646221
  </id>
  <name>
   Fila Shoes K-5132
  </name>
  <category>
   Shoes
  </category>
  <size>
   S
  </size>
  <color>
   Желтый
  </color>
  <material>
   Шерсть
  </material>
  <price>
   980226
  </price>
  <rating>
   4.04
  </rating>
  <reviews>
   586219
  </reviews>
  <new>
   -
  </new>
 </clothing>
 <clothing>
  <id>
   425490612
  </id>
  <name>
   PleinSport Shirt M-4258
  </name>
  <category>
   Shirt
  </category>
  <size>
   L
  </size>
  <color>
   Синий
  </color>
  <material>
   Полиэстер
  </material>
  <price>
   237216
  </price>
  <rating>
   1.07
  </rating>
  <reviews>
   268943
  </reviews>
  <new>
   +
  </new>
  <exclusive>
   no
  </exclusive>
  <sporty>
   yes
  </sporty>
 </clothing>
 <clothing>
  <id>
   983842928
  </id>
  <name>
   Asics Hat F-3498
  </name>
  <category>
   Hat
  </category>
  <size>
   M
  </size>
  <color>
   Красный
  </color>
  <material>
   Кожа
  </material>
  <price>
   713106
  </price>
  <rating>
   4.74
  </rating>
  <reviews>
   603190
  </reviews>
  <new>
   -
  </new>
  <exclusive>
   no
  </exclusive>
  <sporty>
   no
  </sporty>
 </clothing>
 <clothing>
  <id>
   925713399
  </id>
  <name>
   Brooks Gloves N-9997
  </name>
  <category>
   Gloves
  </category>
  <size>
   XXL
  </size>
  <color>
   Фиолетовый
  </color>
  <material>
   Шерсть
  </material>
  <price>
   496802
  </price>
  <rating>
   3.65
  </rating>
  <reviews>
   925666
  </reviews>
  <new>
   +
  </new>
  <exclusive>
   yes
  </exclusive>
  <sporty>
   no
  </sporty>
 </clothing>
</clothing-items>
