<?xml version="1.0" encoding="utf-8"?>
<clothing-items>
 <clothing>
  <id>
   387726494
  </id>
  <name>
   New Balance Shirt J-3446
  </name>
  <category>
   Shirt
  </category>
  <size>
   L
  </size>
  <color>
   Желтый
  </color>
  <material>
   Шерсть
  </material>
  <price>
   743507
  </price>
  <rating>
   2.6
  </rating>
  <reviews>
   506194
  </reviews>
  <new>
   -
  </new>
  <exclusive>
   no
  </exclusive>
  <sporty>
   no
  </sporty>
 </clothing>
 <clothing>
  <id>
   142463546
  </id>
  <name>
   Puma Umbrellas I-9073
  </name>
  <category>
   Umbrellas
  </category>
  <size>
   L
  </size>
  <color>
   Синий
  </color>
  <material>
   Нейлон
  </material>
  <price>
   778362
  </price>
  <rating>
   2.55
  </rating>
  <reviews>
   630359
  </reviews>
  <new>
   -
  </new>
  <exclusive>
   yes
  </exclusive>
  <sporty>
   no
  </sporty>
 </clothing>
 <clothing>
  <id>
   890281648
  </id>
  <name>
   Ellesse Jeans L-1755
  </name>
  <category>
   Jeans
  </category>
  <size>
   XL
  </size>
  <color>
   Оранжевый
  </color>
  <material>
   Хлопок
  </material>
  <price>
   800054
  </price>
  <rating>
   3.26
  </rating>
  <reviews>
   719619
  </reviews>
  <new>
   +
  </new>
  <exclusive>
   yes
  </exclusive>
  <sporty>
   no
  </sporty>
 </clothing>
 <clothing>
  <id>
   852639988
  </id>
  <name>
   Reebok Hat I-2360
  </name>
  <category>
   Hat
  </category>
  <size>
   S
  </size>
  <color>
   Желтый
  </color>
  <material>
   Хлопок
  </material>
  <price>
   362352
  </price>
  <rating>
   2.48
  </rating>
  <reviews>
   290323
  </reviews>
  <new>
   -
  </new>
  <exclusive>
   no
  </exclusive>
  <sporty>
   no
  </sporty>
 </clothing>
 <clothing>
  <id>
   213640640
  </id>
  <name>
   Ellesse Dress A-1534
  </name>
  <category>
   Dress
  </category>
  <size>
   S
  </size>
  <color>
   Фиолетовый
  </color>
  <material>
   Лен
  </material>
  <price>
   262337
  </price>
  <rating>
   3.12
  </rating>
  <reviews>
   188361
  </reviews>
  <exclusive>
   no
  </exclusive>
  <sporty>
   yes
  </sporty>
 </clothing>
 <clothing>
  <id>
   441584791
  </id>
  <name>
   Asics T-shirt Y-3204
  </name>
  <category>
   T-shirt
  </category>
  <size>
   M
  </size>
  <color>
   Синий
  </color>
  <material>
   Полиэстер
  </material>
  <price>
   864213
  </price>
  <rating>
   3.78
  </rating>
  <reviews>
   296360
  </reviews>
  <new>
   +
  </new>
  <exclusive>
   yes
  </exclusive>
  <sporty>
   no
  </sporty>
 </clothing>
 <clothing>
  <id>
   504289104
  </id>
  <name>
   Fila Socks S-7218
  </name>
  <category>
   Socks
  </category>
  <size>
   L
  </size>
  <color>
   Голубой
  </color>
  <material>
   Лен
  </material>
  <price>
   514799
  </price>
  <rating>
   3.33
  </rating>
  <reviews>
   458006
  </reviews>
  <sporty>
   no
  </sporty>
 </clothing>
 <clothing>
  <id>
   747263925
  </id>
  <name>
   Converse Socks J-6244
  </name>
  <category>
   Socks
  </category>
  <size>
   S
  </size>
  <color>
   Синий
  </color>
  <material>
   Вискоза
  </material>
  <price>
   479236
  </price>
  <rating>
   1.9
  </rating>
  <reviews>
   377786
  </reviews>
  <new>
   -
  </new>
  <exclusive>
   yes
  </exclusive>
 </clothing>
 <clothing>
  <id>
   376062193
  </id>
  <name>
   Fila Belts Y-9858
  </name>
  <category>
   Belts
  </category>
  <size>
   M
  </size>
  <color>
   Фиолетовый
  </color>
  <material>
   Шелк
  </material>
  <price>
   211306
  </price>
  <rating>
   3.97
  </rating>
  <reviews>
   869924
  </reviews>
  <new>
   +
  </new>
  <sporty>
   no
  </sporty>
 </clothing>
 <clothing>
  <id>
   874678643
  </id>
  <name>
   Ellesse Handbags C-2061
  </name>
  <category>
   Handbags
  </category>
  <size>
   XXL
  </size>
  <color>
   Синий
  </color>
  <material>
   Шелк
  </material>
  <price>
   383821
  </price>
  <rating>
   4.56
  </rating>
  <reviews>
   644032
  </reviews>
  <sporty>
   no
  </sporty>
 </clothing>
 <clothing>
  <id>
   211107564
  </id>
  <name>
   Reebok Blouse T-2749
  </name>
  <category>
   Blouse
  </category>
  <size>
   L
  </size>
  <color>
   Синий
  </color>
  <material>
   Шелк
  </material>
  <price>
   974350
  </price>
  <rating>
   4.0
  </rating>
  <reviews>
   248381
  </reviews>
  <exclusive>
   yes
  </exclusive>
 </clothing>
 <clothing>
  <id>
   263017562
  </id>
  <name>
   Under Armour Socks H-7390
  </name>
  <category>
   Socks
  </category>
  <size>
   XL
  </size>
  <color>
   Зеленый
  </color>
  <material>
   Вискоза
  </material>
  <price>
   920348
  </price>
  <rating>
   3.6
  </rating>
  <reviews>
   815209
  </reviews>
  <exclusive>
   no
  </exclusive>
  <sporty>
   yes
  </sporty>
 </clothing>
 <clothing>
  <id>
   474339484
  </id>
  <name>
   Puma Socks J-4516
  </name>
  <category>
   Socks
  </category>
  <size>
   S
  </size>
  <color>
   Красный
  </color>
  <material>
   Нейлон
  </material>
  <price>
   571592
  </price>
  <rating>
   3.29
  </rating>
  <reviews>
   966635
  </reviews>
  <new>
   -
  </new>
  <sporty>
   yes
  </sporty>
 </clothing>
 <clothing>
  <id>
   460170343
  </id>
  <name>
   Asics Skirt V-2644
  </name>
  <category>
   Skirt
  </category>
  <size>
   S
  </size>
  <color>
   Оранжевый
  </color>
  <material>
   Шерсть
  </material>
  <price>
   682712
  </price>
  <rating>
   4.85
  </rating>
  <reviews>
   202397
  </reviews>
  <sporty>
   yes
  </sporty>
 </clothing>
 <clothing>
  <id>
   466185441
  </id>
  <name>
   Adidas Sweater P-5664
  </name>
  <category>
   Sweater
  </category>
  <size>
   XXL
  </size>
  <color>
   Синий
  </color>
  <material>
   Хлопок
  </material>
  <price>
   468369
  </price>
  <rating>
   4.64
  </rating>
  <reviews>
   227181
  </reviews>
  <sporty>
   yes
  </sporty>
 </clothing>
 <clothing>
  <id>
   635559119
  </id>
  <name>
   Nike Shirt E-5531
  </name>
  <category>
   Shirt
  </category>
  <size>
   XL
  </size>
  <color>
   Оранжевый
  </color>
  <material>
   Шелк
  </material>
  <price>
   667652
  </price>
  <rating>
   1.54
  </rating>
  <reviews>
   744516
  </reviews>
  <new>
   -
  </new>
 </clothing>
 <clothing>
  <id>
   569174068
  </id>
  <name>
   Adidas Blouse F-1640
  </name>
  <category>
   Blouse
  </category>
  <size>
   M
  </size>
  <color>
   Желтый
  </color>
  <material>
   Шелк
  </material>
  <price>
   803287
  </price>
  <rating>
   3.52
  </rating>
  <reviews>
   478758
  </reviews>
  <new>
   +
  </new>
 </clothing>
 <clothing>
  <id>
   308342469
  </id>
  <name>
   New Balance Blouse V-5530
  </name>
  <category>
   Blouse
  </category>
  <size>
   XL
  </size>
  <color>
   Красный
  </color>
  <material>
   Хлопок
  </material>
  <price>
   871147
  </price>
  <rating>
   3.37
  </rating>
  <reviews>
   966281
  </reviews>
  <new>
   -
  </new>
  <exclusive>
   no
  </exclusive>
  <sporty>
   no
  </sporty>
 </clothing>
 <clothing>
  <id>
   448976999
  </id>
  <name>
   New Balance Sweater F-3419
  </name>
  <category>
   Sweater
  </category>
  <size>
   S
  </size>
  <color>
   Красный
  </color>
  <material>
   Полиэстер
  </material>
  <price>
   800574
  </price>
  <rating>
   3.59
  </rating>
  <reviews>
   787145
  </reviews>
  <sporty>
   no
  </sporty>
 </clothing>
 <clothing>
  <id>
   321567709
  </id>
  <name>
   Vans Gloves H-4279
  </name>
  <category>
   Gloves
  </category>
  <size>
   M
  </size>
  <color>
   Фиолетовый
  </color>
  <material>
   Шерсть
  </material>
  <price>
   735970
  </price>
  <rating>
   4.47
  </rating>
  <reviews>
   49823
  </reviews>
  <new>
   -
  </new>
 </clothing>
 <clothing>
  <id>
   454318225
  </id>
  <name>
   Brooks Gloves R-9631
  </name>
  <category>
   Gloves
  </category>
  <size>
   XXL
  </size>
  <color>
   Красный
  </color>
  <material>
   Хлопок
  </material>
  <price>
   729434
  </price>
  <rating>
   3.65
  </rating>
  <reviews>
   394791
  </reviews>
  <sporty>
   no
  </sporty>
 </clothing>
 <clothing>
  <id>
   560379589
  </id>
  <name>
   Nike Socks W-1898
  </name>
  <category>
   Socks
  </category>
  <size>
   S
  </size>
  <color>
   Фиолетовый
  </color>
  <material>
   Кожа
  </material>
  <price>
   137330
  </price>
  <rating>
   3.45
  </rating>
  <reviews>
   367136
  </reviews>
  <exclusive>
   no
  </exclusive>
 </clothing>
 <clothing>
  <id>
   890842144
  </id>
  <name>
   Adidas Shoes D-2698
  </name>
  <category>
   Shoes
  </category>
  <size>
   XL
  </size>
  <color>
   Зеленый
  </color>
  <material>
   Шерсть
  </material>
  <price>
   556696
  </price>
  <rating>
   4.32
  </rating>
  <reviews>
   474528
  </reviews>
  <exclusive>
   no
  </exclusive>
  <sporty>
   yes
  </sporty>
 </clothing>
 <clothing>
  <id>
   144977676
  </id>
  <name>
   PleinSport Shoes J-9288
  </name>
  <category>
   Shoes
  </category>
  <size>
   L
  </size>
  <color>
   Оранжевый
  </color>
  <material>
   Лен
  </material>
  <price>
   196903
  </price>
  <rating>
   1.95
  </rating>
  <reviews>
   753656
  </reviews>
  <sporty>
   yes
  </sporty>
 </clothing>
 <clothing>
  <id>
   200034456
  </id>
  <name>
   PleinSport Skirt N-7445
  </name>
  <category>
   Skirt
  </category>
  <size>
   XL
  </size>
  <color>
   Синий
  </color>
  <material>
   Шерсть
  </material>
  <price>
   698819
  </price>
  <rating>
   3.96
  </rating>
  <reviews>
   338440
  </reviews>
  <exclusive>
   no
  </exclusive>
  <sporty>
   no
  </sporty>
 </clothing>
 <clothing>
  <id>
   771061762
  </id>
  <name>
   Lacoste Handbags H-1338
  </name>
  <category>
   Handbags
  </category>
  <size>
   L
  </size>
  <color>
   Зеленый
  </color>
  <material>
   Хлопок
  </material>
  <price>
   458978
  </price>
  <rating>
   2.24
  </rating>
  <reviews>
   738223
  </reviews>
  <new>
   -
  </new>
 </clothing>
 <clothing>
  <id>
   166566574
  </id>
  <name>
   Adidas T-shirt J-5653
  </name>
  <category>
   T-shirt
  </category>
  <size>
   S
  </size>
  <color>
   Желтый
  </color>
  <material>
   Шерсть
  </material>
  <price>
   895953
  </price>
  <rating>
   2.66
  </rating>
  <reviews>
   600518
  </reviews>
  <new>
   +
  </new>
  <sporty>
   yes
  </sporty>
 </clothing>
 <clothing>
  <id>
   968926561
  </id>
  <name>
   Fila T-shirt S-7577
  </name>
  <category>
   T-shirt
  </category>
  <size>
   S
  </size>
  <color>
   Голубой
  </color>
  <material>
   Вискоза
  </material>
  <price>
   922787
  </price>
  <rating>
   2.8
  </rating>
  <reviews>
   646336
  </reviews>
  <sporty>
   no
  </sporty>
 </clothing>
 <clothing>
  <id>
   541542658
  </id>
  <name>
   Converse Hat H-2808
  </name>
  <category>
   Hat
  </category>
  <size>
   XXL
  </size>
  <color>
   Фиолетовый
  </color>
  <material>
   Вискоза
  </material>
  <price>
   887572
  </price>
  <rating>
   3.83
  </rating>
  <reviews>
   486797
  </reviews>
  <exclusive>
   no
  </exclusive>
 </clothing>
 <clothing>
  <id>
   222472143
  </id>
  <name>
   DC Shirt L-1136
  </name>
  <category>
   Shirt
  </category>
  <size>
   L
  </size>
  <color>
   Зеленый
  </color>
  <material>
   Шелк
  </material>
  <price>
   558237
  </price>
  <rating>
   1.19
  </rating>
  <reviews>
   404045
  </reviews>
  <new>
   +
  </new>
  <exclusive>
   yes
  </exclusive>
  <sporty>
   no
  </sporty>
 </clothing>
 <clothing>
  <id>
   362079458
  </id>
  <name>
   Fila Hat D-6268
  </name>
  <category>
   Hat
  </category>
  <size>
   XXL
  </size>
  <color>
   Оранжевый
  </color>
  <material>
   Шерсть
  </material>
  <price>
   861136
  </price>
  <rating>
   2.9
  </rating>
  <reviews>
   580850
  </reviews>
  <new>
   -
  </new>
  <exclusive>
   yes
  </exclusive>
  <sporty>
   no
  </sporty>
 </clothing>
 <clothing>
  <id>
   422365540
  </id>
  <name>
   Fila Shoes A-3046
  </name>
  <category>
   Shoes
  </category>
  <size>
   XXL
  </size>
  <color>
   Синий
  </color>
  <material>
   Хлопок
  </material>
  <price>
   613160
  </price>
  <rating>
   1.02
  </rating>
  <reviews>
   511936
  </reviews>
  <new>
   -
  </new>
  <sporty>
   no
  </sporty>
 </clothing>
 <clothing>
  <id>
   939409017
  </id>
  <name>
   Converse Skirt D-5952
  </name>
  <category>
   Skirt
  </category>
  <size>
   S
  </size>
  <color>
   Желтый
  </color>
  <material>
   Вискоза
  </material>
  <price>
   961007
  </price>
  <rating>
   2.48
  </rating>
  <reviews>
   591942
  </reviews>
  <sporty>
   no
  </sporty>
 </clothing>
 <clothing>
  <id>
   272450041
  </id>
  <name>
   Adidas Jacket P-4587
  </name>
  <category>
   Jacket
  </category>
  <size>
   XXL
  </size>
  <color>
   Синий
  </color>
  <material>
   Нейлон
  </material>
  <price>
   955155
  </price>
  <rating>
   4.54
  </rating>
  <reviews>
   104987
  </reviews>
 </clothing>
 <clothing>
  <id>
   909001715
  </id>
  <name>
   Under Armour Dress K-4275
  </name>
  <category>
   Dress
  </category>
  <size>
   L
  </size>
  <color>
   Фиолетовый
  </color>
  <material>
   Полиэстер
  </material>
  <price>
   250777
  </price>
  <rating>
   2.32
  </rating>
  <reviews>
   939448
  </reviews>
  <new>
   -
  </new>
  <sporty>
   no
  </sporty>
 </clothing>
 <clothing>
  <id>
   390646934
  </id>
  <name>
   Vans Blouse Q-8565
  </name>
  <category>
   Blouse
  </category>
  <size>
   L
  </size>
  <color>
   Оранжевый
  </color>
  <material>
   Хлопок
  </material>
  <price>
   725948
  </price>
  <rating>
   1.82
  </rating>
  <reviews>
   212104
  </reviews>
  <exclusive>
   no
  </exclusive>
  <sporty>
   no
  </sporty>
 </clothing>
</clothing-items>
