<?xml version="1.0" encoding="utf-8"?>
<clothing-items>
 <clothing>
  <id>
   194822030
  </id>
  <name>
   Nike Blouse D-3857
  </name>
  <category>
   Blouse
  </category>
  <size>
   XL
  </size>
  <color>
   Оранжевый
  </color>
  <material>
   Шелк
  </material>
  <price>
   359674
  </price>
  <rating>
   3.78
  </rating>
  <reviews>
   179274
  </reviews>
  <exclusive>
   no
  </exclusive>
 </clothing>
 <clothing>
  <id>
   262727767
  </id>
  <name>
   Adidas Gloves D-3994
  </name>
  <category>
   Gloves
  </category>
  <size>
   S
  </size>
  <color>
   Оранжевый
  </color>
  <material>
   Кожа
  </material>
  <price>
   404762
  </price>
  <rating>
   3.17
  </rating>
  <reviews>
   655598
  </reviews>
  <exclusive>
   yes
  </exclusive>
  <sporty>
   no
  </sporty>
 </clothing>
 <clothing>
  <id>
   572233558
  </id>
  <name>
   Puma Jacket O-7342
  </name>
  <category>
   Jacket
  </category>
  <size>
   XXL
  </size>
  <color>
   Желтый
  </color>
  <material>
   Кожа
  </material>
  <price>
   171727
  </price>
  <rating>
   3.38
  </rating>
  <reviews>
   833723
  </reviews>
  <sporty>
   yes
  </sporty>
 </clothing>
 <clothing>
  <id>
   821890512
  </id>
  <name>
   Nike Gloves V-4538
  </name>
  <category>
   Gloves
  </category>
  <size>
   XXL
  </size>
  <color>
   Голубой
  </color>
  <material>
   Лен
  </material>
  <price>
   848872
  </price>
  <rating>
   4.48
  </rating>
  <reviews>
   687761
  </reviews>
  <new>
   -
  </new>
  <exclusive>
   yes
  </exclusive>
 </clothing>
 <clothing>
  <id>
   923106606
  </id>
  <name>
   New Balance Socks C-7334
  </name>
  <category>
   Socks
  </category>
  <size>
   L
  </size>
  <color>
   Оранжевый
  </color>
  <material>
   Хлопок
  </material>
  <price>
   934551
  </price>
  <rating>
   1.18
  </rating>
  <reviews>
   636618
  </reviews>
  <sporty>
   yes
  </sporty>
 </clothing>
 <clothing>
  <id>
   194344068
  </id>
  <name>
   Nike Jacket G-9155
  </name>
  <category>
   Jacket
  </category>
  <size>
   M
  </size>
  <color>
   Синий
  </color>
  <material>
   Хлопок
  </material>
  <price>
   711430
  </price>
  <rating>
   1.61
  </rating>
  <reviews>
   477307
  </reviews>
  <new>
   +
  </new>
  <exclusive>
   no
  </exclusive>
  <sporty>
   yes
  </sporty>
 </clothing>
 <clothing>
  <id>
   294421569
  </id>
  <name>
   Addidas Shoes X-5477
  </name>
  <category>
   Shoes
  </category>
  <size>
   L
  </size>
  <color>
   Фиолетовый
  </color>
  <material>
   Кожа
  </material>
  <price>
   310432
  </price>
  <rating>
   1.64
  </rating>
  <reviews>
   355531
  </reviews>
 </clothing>
 <clothing>
  <id>
   677944833
  </id>
  <name>
   New Balance Shoes T-3621
  </name>
  <category>
   Shoes
  </category>
  <size>
   M
  </size>
  <color>
   Зеленый
  </color>
  <material>
   Вискоза
  </material>
  <price>
   294374
  </price>
  <rating>
   4.7
  </rating>
  <reviews>
   931534
  </reviews>
  <exclusive>
   yes
  </exclusive>
  <sporty>
   no
  </sporty>
 </clothing>
 <clothing>
  <id>
   938004416
  </id>
  <name>
   Fila Blouse D-6230
  </name>
  <category>
   Blouse
  </category>
  <size>
   XXL
  </size>
  <color>
   Синий
  </color>
  <material>
   Вискоза
  </material>
  <price>
   329332
  </price>
  <rating>
   4.7
  </rating>
  <reviews>
   928643
  </reviews>
  <new>
   +
  </new>
  <sporty>
   yes
  </sporty>
 </clothing>
 <clothing>
  <id>
   509723669
  </id>
  <name>
   Fila T-shirt H-9319
  </name>
  <category>
   T-shirt
  </category>
  <size>
   S
  </size>
  <color>
   Оранжевый
  </color>
  <material>
   Лен
  </material>
  <price>
   183954
  </price>
  <rating>
   4.36
  </rating>
  <reviews>
   937057
  </reviews>
  <new>
   +
  </new>
  <exclusive>
   yes
  </exclusive>
  <sporty>
   yes
  </sporty>
 </clothing>
 <clothing>
  <id>
   251205263
  </id>
  <name>
   Lacoste Socks B-8774
  </name>
  <category>
   Socks
  </category>
  <size>
   S
  </size>
  <color>
   Фиолетовый
  </color>
  <material>
   Вискоза
  </material>
  <price>
   777813
  </price>
  <rating>
   3.03
  </rating>
  <reviews>
   411601
  </reviews>
  <new>
   +
  </new>
  <exclusive>
   yes
  </exclusive>
  <sporty>
   yes
  </sporty>
 </clothing>
 <clothing>
  <id>
   640036553
  </id>
  <name>
   Lacoste Jeans C-8981
  </name>
  <category>
   Jeans
  </category>
  <size>
   L
  </size>
  <color>
   Желтый
  </color>
  <material>
   Нейлон
  </material>
  <price>
   754402
  </price>
  <rating>
   3.07
  </rating>
  <reviews>
   276000
  </reviews>
  <exclusive>
   no
  </exclusive>
 </clothing>
 <clothing>
  <id>
   854802988
  </id>
  <name>
   Nike Shoes Y-1442
  </name>
  <category>
   Shoes
  </category>
  <size>
   XXL
  </size>
  <color>
   Красный
  </color>
  <material>
   Кожа
  </material>
  <price>
   166639
  </price>
  <rating>
   3.45
  </rating>
  <reviews>
   18184
  </reviews>
  <new>
   -
  </new>
 </clothing>
 <clothing>
  <id>
   886196313
  </id>
  <name>
   Reebok Dress O-7410
  </name>
  <category>
   Dress
  </category>
  <size>
   XL
  </size>
  <color>
   Оранжевый
  </color>
  <material>
   Кожа
  </material>
  <price>
   616571
  </price>
  <rating>
   3.2
  </rating>
  <reviews>
   27911
  </reviews>
  <exclusive>
   no
  </exclusive>
 </clothing>
 <clothing>
  <id>
   728387484
  </id>
  <name>
   DC Shoes V-9659
  </name>
  <category>
   Shoes
  </category>
  <size>
   L
  </size>
  <color>
   Голубой
  </color>
  <material>
   Шелк
  </material>
  <price>
   330071
  </price>
  <rating>
   3.58
  </rating>
  <reviews>
   125745
  </reviews>
  <new>
   -
  </new>
 </clothing>
 <clothing>
  <id>
   224367442
  </id>
  <name>
   Vans Hat P-6618
  </name>
  <category>
   Hat
  </category>
  <size>
   L
  </size>
  <color>
   Фиолетовый
  </color>
  <material>
   Шерсть
  </material>
  <price>
   775107
  </price>
  <rating>
   1.1
  </rating>
  <reviews>
   676906
  </reviews>
  <new>
   -
  </new>
  <exclusive>
   no
  </exclusive>
 </clothing>
 <clothing>
  <id>
   466554795
  </id>
  <name>
   Adidas T-shirt S-7251
  </name>
  <category>
   T-shirt
  </category>
  <size>
   L
  </size>
  <color>
   Фиолетовый
  </color>
  <material>
   Нейлон
  </material>
  <price>
   202282
  </price>
  <rating>
   2.95
  </rating>
  <reviews>
   25938
  </reviews>
  <new>
   -
  </new>
 </clothing>
 <clothing>
  <id>
   599945842
  </id>
  <name>
   Vans Belts L-9480
  </name>
  <category>
   Belts
  </category>
  <size>
   XL
  </size>
  <color>
   Голубой
  </color>
  <material>
   Вискоза
  </material>
  <price>
   403296
  </price>
  <rating>
   2.53
  </rating>
  <reviews>
   986013
  </reviews>
  <new>
   -
  </new>
  <exclusive>
   no
  </exclusive>
 </clothing>
 <clothing>
  <id>
   259928708
  </id>
  <name>
   PleinSport Hat M-3887
  </name>
  <category>
   Hat
  </category>
  <size>
   S
  </size>
  <color>
   Оранжевый
  </color>
  <material>
   Нейлон
  </material>
  <price>
   402097
  </price>
  <rating>
   3.54
  </rating>
  <reviews>
   870543
  </reviews>
  <new>
   +
  </new>
  <exclusive>
   no
  </exclusive>
  <sporty>
   no
  </sporty>
 </clothing>
 <clothing>
  <id>
   152471022
  </id>
  <name>
   Puma Jeans T-5534
  </name>
  <category>
   Jeans
  </category>
  <size>
   XL
  </size>
  <color>
   Красный
  </color>
  <material>
   Кожа
  </material>
  <price>
   824165
  </price>
  <rating>
   1.93
  </rating>
  <reviews>
   591594
  </reviews>
  <exclusive>
   yes
  </exclusive>
  <sporty>
   yes
  </sporty>
 </clothing>
 <clothing>
  <id>
   677871222
  </id>
  <name>
   Lacoste Belts O-2258
  </name>
  <category>
   Belts
  </category>
  <size>
   L
  </size>
  <color>
   Красный
  </color>
  <material>
   Вискоза
  </material>
  <price>
   780271
  </price>
  <rating>
   4.97
  </rating>
  <reviews>
   187003
  </reviews>
  <new>
   +
  </new>
  <exclusive>
   no
  </exclusive>
  <sporty>
   no
  </sporty>
 </clothing>
 <clothing>
  <id>
   201442869
  </id>
  <name>
   PleinSport Jeans P-8320
  </name>
  <category>
   Jeans
  </category>
  <size>
   XXL
  </size>
  <color>
   Желтый
  </color>
  <material>
   Лен
  </material>
  <price>
   332652
  </price>
  <rating>
   1.3
  </rating>
  <reviews>
   37462
  </reviews>
  <new>
   -
  </new>
  <exclusive>
   no
  </exclusive>
  <sporty>
   no
  </sporty>
 </clothing>
 <clothing>
  <id>
   139853971
  </id>
  <name>
   Under Armour Sweater P-4748
  </name>
  <category>
   Sweater
  </category>
  <size>
   S
  </size>
  <color>
   Красный
  </color>
  <material>
   Лен
  </material>
  <price>
   512246
  </price>
  <rating>
   2.21
  </rating>
  <reviews>
   608139
  </reviews>
  <sporty>
   yes
  </sporty>
 </clothing>
 <clothing>
  <id>
   675081113
  </id>
  <name>
   Puma Dress O-7190
  </name>
  <category>
   Dress
  </category>
  <size>
   S
  </size>
  <color>
   Желтый
  </color>
  <material>
   Вискоза
  </material>
  <price>
   882520
  </price>
  <rating>
   1.76
  </rating>
  <reviews>
   574717
  </reviews>
  <new>
   -
  </new>
  <exclusive>
   no
  </exclusive>
  <sporty>
   yes
  </sporty>
 </clothing>
 <clothing>
  <id>
   447498270
  </id>
  <name>
   Addidas Blouse I-5805
  </name>
  <category>
   Blouse
  </category>
  <size>
   S
  </size>
  <color>
   Оранжевый
  </color>
  <material>
   Вискоза
  </material>
  <price>
   396121
  </price>
  <rating>
   4.39
  </rating>
  <reviews>
   888237
  </reviews>
  <new>
   +
  </new>
  <exclusive>
   no
  </exclusive>
  <sporty>
   no
  </sporty>
 </clothing>
 <clothing>
  <id>
   595082515
  </id>
  <name>
   Brooks Blouse T-2438
  </name>
  <category>
   Blouse
  </category>
  <size>
   XL
  </size>
  <color>
   Синий
  </color>
  <material>
   Шелк
  </material>
  <price>
   318704
  </price>
  <rating>
   3.66
  </rating>
  <reviews>
   876298
  </reviews>
  <new>
   -
  </new>
  <exclusive>
   yes
  </exclusive>
  <sporty>
   yes
  </sporty>
 </clothing>
 <clothing>
  <id>
   606292355
  </id>
  <name>
   Fila Skirt A-6166
  </name>
  <category>
   Skirt
  </category>
  <size>
   M
  </size>
  <color>
   Синий
  </color>
  <material>
   Лен
  </material>
  <price>
   435549
  </price>
  <rating>
   3.46
  </rating>
  <reviews>
   867752
  </reviews>
  <new>
   -
  </new>
 </clothing>
 <clothing>
  <id>
   356460086
  </id>
  <name>
   Brooks T-shirt P-3361
  </name>
  <category>
   T-shirt
  </category>
  <size>
   M
  </size>
  <color>
   Зеленый
  </color>
  <material>
   Нейлон
  </material>
  <price>
   843564
  </price>
  <rating>
   3.58
  </rating>
  <reviews>
   785774
  </reviews>
  <sporty>
   yes
  </sporty>
 </clothing>
 <clothing>
  <id>
   997532553
  </id>
  <name>
   Adidas Jeans Q-8983
  </name>
  <category>
   Jeans
  </category>
  <size>
   XXL
  </size>
  <color>
   Красный
  </color>
  <material>
   Нейлон
  </material>
  <price>
   211474
  </price>
  <rating>
   1.55
  </rating>
  <reviews>
   73294
  </reviews>
  <new>
   +
  </new>
  <exclusive>
   yes
  </exclusive>
 </clothing>
 <clothing>
  <id>
   394924467
  </id>
  <name>
   Fila Shirt F-8750
  </name>
  <category>
   Shirt
  </category>
  <size>
   L
  </size>
  <color>
   Красный
  </color>
  <material>
   Шелк
  </material>
  <price>
   373944
  </price>
  <rating>
   4.63
  </rating>
  <reviews>
   224004
  </reviews>
  <exclusive>
   no
  </exclusive>
  <sporty>
   yes
  </sporty>
 </clothing>
 <clothing>
  <id>
   497997304
  </id>
  <name>
   Adidas Shoes O-8212
  </name>
  <category>
   Shoes
  </category>
  <size>
   L
  </size>
  <color>
   Красный
  </color>
  <material>
   Нейлон
  </material>
  <price>
   310572
  </price>
  <rating>
   1.8
  </rating>
  <reviews>
   724276
  </reviews>
  <new>
   +
  </new>
  <exclusive>
   no
  </exclusive>
  <sporty>
   yes
  </sporty>
 </clothing>
 <clothing>
  <id>
   294817555
  </id>
  <name>
   Reebok Belts N-8924
  </name>
  <category>
   Belts
  </category>
  <size>
   M
  </size>
  <color>
   Голубой
  </color>
  <material>
   Вискоза
  </material>
  <price>
   823785
  </price>
  <rating>
   1.91
  </rating>
  <reviews>
   682807
  </reviews>
  <new>
   -
  </new>
  <exclusive>
   yes
  </exclusive>
  <sporty>
   yes
  </sporty>
 </clothing>
 <clothing>
  <id>
   689626421
  </id>
  <name>
   Under Armour Jeans Z-1147
  </name>
  <category>
   Jeans
  </category>
  <size>
   S
  </size>
  <color>
   Зеленый
  </color>
  <material>
   Кожа
  </material>
  <price>
   877632
  </price>
  <rating>
   1.32
  </rating>
  <reviews>
   160776
  </reviews>
  <exclusive>
   yes
  </exclusive>
  <sporty>
   yes
  </sporty>
 </clothing>
 <clothing>
  <id>
   581866622
  </id>
  <name>
   PleinSport Shoes N-1387
  </name>
  <category>
   Shoes
  </category>
  <size>
   XL
  </size>
  <color>
   Зеленый
  </color>
  <material>
   Полиэстер
  </material>
  <price>
   647129
  </price>
  <rating>
   4.89
  </rating>
  <reviews>
   157352
  </reviews>
  <new>
   +
  </new>
  <sporty>
   no
  </sporty>
 </clothing>
 <clothing>
  <id>
   652225736
  </id>
  <name>
   Adidas Hat F-4935
  </name>
  <category>
   Hat
  </category>
  <size>
   XL
  </size>
  <color>
   Зеленый
  </color>
  <material>
   Вискоза
  </material>
  <price>
   110076
  </price>
  <rating>
   1.65
  </rating>
  <reviews>
   588214
  </reviews>
  <sporty>
   yes
  </sporty>
 </clothing>
 <clothing>
  <id>
   680599628
  </id>
  <name>
   Reebok Hat X-1157
  </name>
  <category>
   Hat
  </category>
  <size>
   S
  </size>
  <color>
   Желтый
  </color>
  <material>
   Лен
  </material>
  <price>
   479530
  </price>
  <rating>
   4.72
  </rating>
  <reviews>
   548785
  </reviews>
  <new>
   +
  </new>
  <exclusive>
   no
  </exclusive>
  <sporty>
   yes
  </sporty>
 </clothing>
 <clothing>
  <id>
   429025692
  </id>
  <name>
   Puma Jeans I-3052
  </name>
  <category>
   Jeans
  </category>
  <size>
   L
  </size>
  <color>
   Зеленый
  </color>
  <material>
   Кожа
  </material>
  <price>
   765581
  </price>
  <rating>
   1.22
  </rating>
  <reviews>
   894139
  </reviews>
  <new>
   -
  </new>
 </clothing>
 <clothing>
  <id>
   540266500
  </id>
  <name>
   Nike Skirt O-8992
  </name>
  <category>
   Skirt
  </category>
  <size>
   XL
  </size>
  <color>
   Красный
  </color>
  <material>
   Шерсть
  </material>
  <price>
   271016
  </price>
  <rating>
   1.81
  </rating>
  <reviews>
   43900
  </reviews>
  <sporty>
   no
  </sporty>
 </clothing>
 <clothing>
  <id>
   627210030
  </id>
  <name>
   Brooks Shirt D-6355
  </name>
  <category>
   Shirt
  </category>
  <size>
   L
  </size>
  <color>
   Оранжевый
  </color>
  <material>
   Хлопок
  </material>
  <price>
   224068
  </price>
  <rating>
   1.07
  </rating>
  <reviews>
   764882
  </reviews>
  <new>
   -
  </new>
 </clothing>
 <clothing>
  <id>
   579712398
  </id>
  <name>
   Puma Shoes R-1991
  </name>
  <category>
   Shoes
  </category>
  <size>
   L
  </size>
  <color>
   Зеленый
  </color>
  <material>
   Шерсть
  </material>
  <price>
   402117
  </price>
  <rating>
   1.34
  </rating>
  <reviews>
   892036
  </reviews>
  <new>
   +
  </new>
  <exclusive>
   no
  </exclusive>
  <sporty>
   no
  </sporty>
 </clothing>
 <clothing>
  <id>
   195070023
  </id>
  <name>
   DC Gloves E-1696
  </name>
  <category>
   Gloves
  </category>
  <size>
   M
  </size>
  <color>
   Голубой
  </color>
  <material>
   Полиэстер
  </material>
  <price>
   368329
  </price>
  <rating>
   1.95
  </rating>
  <reviews>
   303556
  </reviews>
 </clothing>
 <clothing>
  <id>
   313245711
  </id>
  <name>
   Puma Pants K-6334
  </name>
  <category>
   Pants
  </category>
  <size>
   M
  </size>
  <color>
   Желтый
  </color>
  <material>
   Нейлон
  </material>
  <price>
   985462
  </price>
  <rating>
   2.55
  </rating>
  <reviews>
   851991
  </reviews>
 </clothing>
 <clothing>
  <id>
   299793195
  </id>
  <name>
   Ellesse Shoes U-8608
  </name>
  <category>
   Shoes
  </category>
  <size>
   S
  </size>
  <color>
   Фиолетовый
  </color>
  <material>
   Лен
  </material>
  <price>
   876048
  </price>
  <rating>
   1.8
  </rating>
  <reviews>
   499375
  </reviews>
  <new>
   +
  </new>
  <sporty>
   no
  </sporty>
 </clothing>
 <clothing>
  <id>
   514943249
  </id>
  <name>
   DC Gloves S-4941
  </name>
  <category>
   Gloves
  </category>
  <size>
   L
  </size>
  <color>
   Красный
  </color>
  <material>
   Нейлон
  </material>
  <price>
   914841
  </price>
  <rating>
   2.06
  </rating>
  <reviews>
   542414
  </reviews>
  <exclusive>
   yes
  </exclusive>
  <sporty>
   no
  </sporty>
 </clothing>
 <clothing>
  <id>
   638319964
  </id>
  <name>
   Vans Sweater S-7218
  </name>
  <category>
   Sweater
  </category>
  <size>
   S
  </size>
  <color>
   Фиолетовый
  </color>
  <material>
   Хлопок
  </material>
  <price>
   303245
  </price>
  <rating>
   1.2
  </rating>
  <reviews>
   24010
  </reviews>
  <new>
   -
  </new>
  <exclusive>
   no
  </exclusive>
  <sporty>
   no
  </sporty>
 </clothing>
 <clothing>
  <id>
   345395109
  </id>
  <name>
   Under Armour Handbags S-3689
  </name>
  <category>
   Handbags
  </category>
  <size>
   S
  </size>
  <color>
   Зеленый
  </color>
  <material>
   Шерсть
  </material>
  <price>
   782112
  </price>
  <rating>
   2.23
  </rating>
  <reviews>
   719389
  </reviews>
  <exclusive>
   no
  </exclusive>
  <sporty>
   no
  </sporty>
 </clothing>
 <clothing>
  <id>
   172209877
  </id>
  <name>
   Brooks Blouse Q-1574
  </name>
  <category>
   Blouse
  </category>
  <size>
   XL
  </size>
  <color>
   Голубой
  </color>
  <material>
   Вискоза
  </material>
  <price>
   287444
  </price>
  <rating>
   3.47
  </rating>
  <reviews>
   522554
  </reviews>
  <new>
   -
  </new>
  <sporty>
   yes
  </sporty>
 </clothing>
 <clothing>
  <id>
   989080535
  </id>
  <name>
   Reebok T-shirt T-7766
  </name>
  <category>
   T-shirt
  </category>
  <size>
   L
  </size>
  <color>
   Оранжевый
  </color>
  <material>
   Лен
  </material>
  <price>
   346729
  </price>
  <rating>
   4.04
  </rating>
  <reviews>
   34802
  </reviews>
  <new>
   +
  </new>
  <exclusive>
   no
  </exclusive>
  <sporty>
   no
  </sporty>
 </clothing>
 <clothing>
  <id>
   355393514
  </id>
  <name>
   Fila Gloves U-8406
  </name>
  <category>
   Gloves
  </category>
  <size>
   S
  </size>
  <color>
   Оранжевый
  </color>
  <material>
   Шерсть
  </material>
  <price>
   520412
  </price>
  <rating>
   4.72
  </rating>
  <reviews>
   693537
  </reviews>
  <exclusive>
   yes
  </exclusive>
  <sporty>
   yes
  </sporty>
 </clothing>
 <clothing>
  <id>
   477662308
  </id>
  <name>
   Vans Handbags P-7679
  </name>
  <category>
   Handbags
  </category>
  <size>
   L
  </size>
  <color>
   Красный
  </color>
  <material>
   Шерсть
  </material>
  <price>
   922540
  </price>
  <rating>
   4.98
  </rating>
  <reviews>
   768486
  </reviews>
  <new>
   +
  </new>
  <exclusive>
   no
  </exclusive>
  <sporty>
   no
  </sporty>
 </clothing>
</clothing-items>
