<?xml version="1.0" encoding="utf-8"?>
<clothing-items>
 <clothing>
  <id>
   626953588
  </id>
  <name>
   Reebok Jeans F-6909
  </name>
  <category>
   Jeans
  </category>
  <size>
   L
  </size>
  <color>
   Зеленый
  </color>
  <material>
   Полиэстер
  </material>
  <price>
   253371
  </price>
  <rating>
   1.99
  </rating>
  <reviews>
   498755
  </reviews>
  <new>
   -
  </new>
  <sporty>
   no
  </sporty>
 </clothing>
 <clothing>
  <id>
   228724269
  </id>
  <name>
   Ellesse Jeans Y-4793
  </name>
  <category>
   Jeans
  </category>
  <size>
   M
  </size>
  <color>
   Голубой
  </color>
  <material>
   Шерсть
  </material>
  <price>
   503722
  </price>
  <rating>
   1.61
  </rating>
  <reviews>
   741007
  </reviews>
  <exclusive>
   yes
  </exclusive>
 </clothing>
 <clothing>
  <id>
   520487236
  </id>
  <name>
   Brooks Hat M-7048
  </name>
  <category>
   Hat
  </category>
  <size>
   L
  </size>
  <color>
   Оранжевый
  </color>
  <material>
   Шелк
  </material>
  <price>
   863816
  </price>
  <rating>
   3.18
  </rating>
  <reviews>
   992216
  </reviews>
  <new>
   +
  </new>
  <exclusive>
   no
  </exclusive>
  <sporty>
   yes
  </sporty>
 </clothing>
 <clothing>
  <id>
   598192570
  </id>
  <name>
   Asics Shoes F-8223
  </name>
  <category>
   Shoes
  </category>
  <size>
   M
  </size>
  <color>
   Синий
  </color>
  <material>
   Кожа
  </material>
  <price>
   323579
  </price>
  <rating>
   1.03
  </rating>
  <reviews>
   317909
  </reviews>
 </clothing>
 <clothing>
  <id>
   615570709
  </id>
  <name>
   Brooks Skirt P-4064
  </name>
  <category>
   Skirt
  </category>
  <size>
   XL
  </size>
  <color>
   Зеленый
  </color>
  <material>
   Нейлон
  </material>
  <price>
   474157
  </price>
  <rating>
   3.59
  </rating>
  <reviews>
   942676
  </reviews>
  <new>
   -
  </new>
  <sporty>
   yes
  </sporty>
 </clothing>
 <clothing>
  <id>
   942138418
  </id>
  <name>
   Fila Sweater D-4049
  </name>
  <category>
   Sweater
  </category>
  <size>
   XL
  </size>
  <color>
   Оранжевый
  </color>
  <material>
   Шерсть
  </material>
  <price>
   268401
  </price>
  <rating>
   2.54
  </rating>
  <reviews>
   261671
  </reviews>
  <new>
   -
  </new>
  <exclusive>
   yes
  </exclusive>
 </clothing>
 <clothing>
  <id>
   531285607
  </id>
  <name>
   PleinSport Sweater A-8550
  </name>
  <category>
   Sweater
  </category>
  <size>
   S
  </size>
  <color>
   Зеленый
  </color>
  <material>
   Шелк
  </material>
  <price>
   738457
  </price>
  <rating>
   2.61
  </rating>
  <reviews>
   925885
  </reviews>
  <sporty>
   no
  </sporty>
 </clothing>
 <clothing>
  <id>
   293236246
  </id>
  <name>
   Nike Socks W-5653
  </name>
  <category>
   Socks
  </category>
  <size>
   XL
  </size>
  <color>
   Оранжевый
  </color>
  <material>
   Хлопок
  </material>
  <price>
   280031
  </price>
  <rating>
   2.65
  </rating>
  <reviews>
   266489
  </reviews>
  <new>
   +
  </new>
  <exclusive>
   no
  </exclusive>
  <sporty>
   yes
  </sporty>
 </clothing>
 <clothing>
  <id>
   298910189
  </id>
  <name>
   PleinSport Hat E-2451
  </name>
  <category>
   Hat
  </category>
  <size>
   L
  </size>
  <color>
   Голубой
  </color>
  <material>
   Вискоза
  </material>
  <price>
   437696
  </price>
  <rating>
   4.45
  </rating>
  <reviews>
   589425
  </reviews>
  <new>
   +
  </new>
 </clothing>
 <clothing>
  <id>
   889817242
  </id>
  <name>
   Puma Hat D-9473
  </name>
  <category>
   Hat
  </category>
  <size>
   L
  </size>
  <color>
   Желтый
  </color>
  <material>
   Вискоза
  </material>
  <price>
   467802
  </price>
  <rating>
   3.03
  </rating>
  <reviews>
   887164
  </reviews>
  <new>
   -
  </new>
  <sporty>
   yes
  </sporty>
 </clothing>
 <clothing>
  <id>
   301241894
  </id>
  <name>
   Nike T-shirt Q-1091
  </name>
  <category>
   T-shirt
  </category>
  <size>
   S
  </size>
  <color>
   Красный
  </color>
  <material>
   Полиэстер
  </material>
  <price>
   785274
  </price>
  <rating>
   4.11
  </rating>
  <reviews>
   669137
  </reviews>
  <exclusive>
   no
  </exclusive>
  <sporty>
   yes
  </sporty>
 </clothing>
 <clothing>
  <id>
   398634212
  </id>
  <name>
   Fila Belts O-6873
  </name>
  <category>
   Belts
  </category>
  <size>
   L
  </size>
  <color>
   Зеленый
  </color>
  <material>
   Полиэстер
  </material>
  <price>
   413167
  </price>
  <rating>
   2.64
  </rating>
  <reviews>
   356965
  </reviews>
  <new>
   +
  </new>
  <exclusive>
   yes
  </exclusive>
 </clothing>
 <clothing>
  <id>
   125706265
  </id>
  <name>
   Reebok Sweater G-6566
  </name>
  <category>
   Sweater
  </category>
  <size>
   S
  </size>
  <color>
   Зеленый
  </color>
  <material>
   Шерсть
  </material>
  <price>
   402581
  </price>
  <rating>
   3.21
  </rating>
  <reviews>
   889673
  </reviews>
  <new>
   -
  </new>
  <exclusive>
   no
  </exclusive>
 </clothing>
 <clothing>
  <id>
   334471988
  </id>
  <name>
   Addidas Sweater B-1440
  </name>
  <category>
   Sweater
  </category>
  <size>
   S
  </size>
  <color>
   Голубой
  </color>
  <material>
   Нейлон
  </material>
  <price>
   561479
  </price>
  <rating>
   2.83
  </rating>
  <reviews>
   131282
  </reviews>
 </clothing>
 <clothing>
  <id>
   979182647
  </id>
  <name>
   Reebok Jacket E-2299
  </name>
  <category>
   Jacket
  </category>
  <size>
   L
  </size>
  <color>
   Голубой
  </color>
  <material>
   Шерсть
  </material>
  <price>
   419067
  </price>
  <rating>
   3.34
  </rating>
  <reviews>
   576505
  </reviews>
  <new>
   +
  </new>
  <exclusive>
   no
  </exclusive>
 </clothing>
 <clothing>
  <id>
   314054116
  </id>
  <name>
   Nike Handbags B-9999
  </name>
  <category>
   Handbags
  </category>
  <size>
   XL
  </size>
  <color>
   Зеленый
  </color>
  <material>
   Шерсть
  </material>
  <price>
   608809
  </price>
  <rating>
   2.92
  </rating>
  <reviews>
   25727
  </reviews>
  <new>
   -
  </new>
  <exclusive>
   yes
  </exclusive>
  <sporty>
   yes
  </sporty>
 </clothing>
 <clothing>
  <id>
   552888578
  </id>
  <name>
   Under Armour Umbrellas S-7882
  </name>
  <category>
   Umbrellas
  </category>
  <size>
   XXL
  </size>
  <color>
   Зеленый
  </color>
  <material>
   Шерсть
  </material>
  <price>
   338718
  </price>
  <rating>
   2.05
  </rating>
  <reviews>
   222844
  </reviews>
  <new>
   -
  </new>
  <exclusive>
   no
  </exclusive>
 </clothing>
 <clothing>
  <id>
   915044909
  </id>
  <name>
   DC Skirt Q-4791
  </name>
  <category>
   Skirt
  </category>
  <size>
   XL
  </size>
  <color>
   Желтый
  </color>
  <material>
   Вискоза
  </material>
  <price>
   108666
  </price>
  <rating>
   2.16
  </rating>
  <reviews>
   20578
  </reviews>
  <exclusive>
   no
  </exclusive>
 </clothing>
 <clothing>
  <id>
   359626484
  </id>
  <name>
   New Balance Jacket U-3404
  </name>
  <category>
   Jacket
  </category>
  <size>
   S
  </size>
  <color>
   Зеленый
  </color>
  <material>
   Нейлон
  </material>
  <price>
   294497
  </price>
  <rating>
   2.93
  </rating>
  <reviews>
   400487
  </reviews>
  <new>
   -
  </new>
  <exclusive>
   no
  </exclusive>
  <sporty>
   yes
  </sporty>
 </clothing>
 <clothing>
  <id>
   914090705
  </id>
  <name>
   Nike Jeans N-5405
  </name>
  <category>
   Jeans
  </category>
  <size>
   L
  </size>
  <color>
   Оранжевый
  </color>
  <material>
   Шелк
  </material>
  <price>
   900225
  </price>
  <rating>
   3.01
  </rating>
  <reviews>
   673944
  </reviews>
  <sporty>
   yes
  </sporty>
 </clothing>
 <clothing>
  <id>
   932373181
  </id>
  <name>
   Vans T-shirt G-8127
  </name>
  <category>
   T-shirt
  </category>
  <size>
   M
  </size>
  <color>
   Оранжевый
  </color>
  <material>
   Полиэстер
  </material>
  <price>
   780087
  </price>
  <rating>
   4.63
  </rating>
  <reviews>
   173856
  </reviews>
  <sporty>
   yes
  </sporty>
 </clothing>
 <clothing>
  <id>
   636181006
  </id>
  <name>
   Lacoste Shirt U-2059
  </name>
  <category>
   Shirt
  </category>
  <size>
   M
  </size>
  <color>
   Синий
  </color>
  <material>
   Шелк
  </material>
  <price>
   669684
  </price>
  <rating>
   1.38
  </rating>
  <reviews>
   939482
  </reviews>
 </clothing>
 <clothing>
  <id>
   956094412
  </id>
  <name>
   Adidas Shirt C-7598
  </name>
  <category>
   Shirt
  </category>
  <size>
   M
  </size>
  <color>
   Голубой
  </color>
  <material>
   Лен
  </material>
  <price>
   529809
  </price>
  <rating>
   1.09
  </rating>
  <reviews>
   629695
  </reviews>
  <new>
   +
  </new>
  <sporty>
   yes
  </sporty>
 </clothing>
 <clothing>
  <id>
   561629475
  </id>
  <name>
   Fila Dress Y-5390
  </name>
  <category>
   Dress
  </category>
  <size>
   S
  </size>
  <color>
   Голубой
  </color>
  <material>
   Кожа
  </material>
  <price>
   460752
  </price>
  <rating>
   1.99
  </rating>
  <reviews>
   397691
  </reviews>
  <new>
   -
  </new>
  <exclusive>
   no
  </exclusive>
 </clothing>
 <clothing>
  <id>
   948600697
  </id>
  <name>
   Under Armour Handbags Y-7501
  </name>
  <category>
   Handbags
  </category>
  <size>
   L
  </size>
  <color>
   Красный
  </color>
  <material>
   Вискоза
  </material>
  <price>
   624680
  </price>
  <rating>
   3.33
  </rating>
  <reviews>
   198025
  </reviews>
  <new>
   -
  </new>
  <exclusive>
   no
  </exclusive>
  <sporty>
   no
  </sporty>
 </clothing>
 <clothing>
  <id>
   750967232
  </id>
  <name>
   PleinSport T-shirt V-3685
  </name>
  <category>
   T-shirt
  </category>
  <size>
   S
  </size>
  <color>
   Красный
  </color>
  <material>
   Вискоза
  </material>
  <price>
   977060
  </price>
  <rating>
   3.35
  </rating>
  <reviews>
   551734
  </reviews>
  <new>
   -
  </new>
  <exclusive>
   no
  </exclusive>
  <sporty>
   yes
  </sporty>
 </clothing>
 <clothing>
  <id>
   439124412
  </id>
  <name>
   Converse Dress S-2839
  </name>
  <category>
   Dress
  </category>
  <size>
   L
  </size>
  <color>
   Голубой
  </color>
  <material>
   Шелк
  </material>
  <price>
   212680
  </price>
  <rating>
   3.46
  </rating>
  <reviews>
   898188
  </reviews>
  <new>
   -
  </new>
  <exclusive>
   no
  </exclusive>
  <sporty>
   no
  </sporty>
 </clothing>
 <clothing>
  <id>
   145331376
  </id>
  <name>
   Converse Hat K-7034
  </name>
  <category>
   Hat
  </category>
  <size>
   S
  </size>
  <color>
   Зеленый
  </color>
  <material>
   Лен
  </material>
  <price>
   562363
  </price>
  <rating>
   3.47
  </rating>
  <reviews>
   894932
  </reviews>
  <new>
   -
  </new>
 </clothing>
 <clothing>
  <id>
   522982878
  </id>
  <name>
   PleinSport Socks O-3451
  </name>
  <category>
   Socks
  </category>
  <size>
   L
  </size>
  <color>
   Оранжевый
  </color>
  <material>
   Хлопок
  </material>
  <price>
   849429
  </price>
  <rating>
   4.29
  </rating>
  <reviews>
   434030
  </reviews>
  <exclusive>
   no
  </exclusive>
 </clothing>
 <clothing>
  <id>
   443352769
  </id>
  <name>
   Asics Shoes B-2293
  </name>
  <category>
   Shoes
  </category>
  <size>
   L
  </size>
  <color>
   Фиолетовый
  </color>
  <material>
   Кожа
  </material>
  <price>
   716400
  </price>
  <rating>
   1.62
  </rating>
  <reviews>
   113307
  </reviews>
  <new>
   -
  </new>
 </clothing>
 <clothing>
  <id>
   934791184
  </id>
  <name>
   Reebok Socks L-3184
  </name>
  <category>
   Socks
  </category>
  <size>
   M
  </size>
  <color>
   Голубой
  </color>
  <material>
   Лен
  </material>
  <price>
   156095
  </price>
  <rating>
   3.06
  </rating>
  <reviews>
   455967
  </reviews>
  <new>
   +
  </new>
  <exclusive>
   no
  </exclusive>
  <sporty>
   no
  </sporty>
 </clothing>
 <clothing>
  <id>
   436667016
  </id>
  <name>
   New Balance Blouse E-8501
  </name>
  <category>
   Blouse
  </category>
  <size>
   S
  </size>
  <color>
   Зеленый
  </color>
  <material>
   Хлопок
  </material>
  <price>
   504552
  </price>
  <rating>
   3.03
  </rating>
  <reviews>
   149446
  </reviews>
  <new>
   +
  </new>
  <sporty>
   yes
  </sporty>
 </clothing>
 <clothing>
  <id>
   268406231
  </id>
  <name>
   PleinSport Jacket B-2666
  </name>
  <category>
   Jacket
  </category>
  <size>
   XL
  </size>
  <color>
   Красный
  </color>
  <material>
   Лен
  </material>
  <price>
   934751
  </price>
  <rating>
   1.27
  </rating>
  <reviews>
   940250
  </reviews>
  <exclusive>
   no
  </exclusive>
  <sporty>
   no
  </sporty>
 </clothing>
 <clothing>
  <id>
   979907864
  </id>
  <name>
   Under Armour Jacket Q-2392
  </name>
  <category>
   Jacket
  </category>
  <size>
   L
  </size>
  <color>
   Желтый
  </color>
  <material>
   Шерсть
  </material>
  <price>
   703731
  </price>
  <rating>
   3.68
  </rating>
  <reviews>
   471157
  </reviews>
  <exclusive>
   yes
  </exclusive>
  <sporty>
   no
  </sporty>
 </clothing>
 <clothing>
  <id>
   883684458
  </id>
  <name>
   Ellesse Sweater U-2820
  </name>
  <category>
   Sweater
  </category>
  <size>
   M
  </size>
  <color>
   Синий
  </color>
  <material>
   Полиэстер
  </material>
  <price>
   485765
  </price>
  <rating>
   1.14
  </rating>
  <reviews>
   884077
  </reviews>
  <new>
   -
  </new>
  <exclusive>
   no
  </exclusive>
  <sporty>
   no
  </sporty>
 </clothing>
 <clothing>
  <id>
   242162755
  </id>
  <name>
   Reebok Jeans N-4970
  </name>
  <category>
   Jeans
  </category>
  <size>
   L
  </size>
  <color>
   Синий
  </color>
  <material>
   Шерсть
  </material>
  <price>
   785517
  </price>
  <rating>
   2.18
  </rating>
  <reviews>
   726873
  </reviews>
  <new>
   +
  </new>
  <exclusive>
   no
  </exclusive>
  <sporty>
   no
  </sporty>
 </clothing>
 <clothing>
  <id>
   960939628
  </id>
  <name>
   Lacoste Dress K-1761
  </name>
  <category>
   Dress
  </category>
  <size>
   S
  </size>
  <color>
   Желтый
  </color>
  <material>
   Вискоза
  </material>
  <price>
   745386
  </price>
  <rating>
   3.61
  </rating>
  <reviews>
   603373
  </reviews>
  <exclusive>
   yes
  </exclusive>
  <sporty>
   no
  </sporty>
 </clothing>
 <clothing>
  <id>
   368724862
  </id>
  <name>
   PleinSport Belts C-3076
  </name>
  <category>
   Belts
  </category>
  <size>
   S
  </size>
  <color>
   Зеленый
  </color>
  <material>
   Полиэстер
  </material>
  <price>
   684297
  </price>
  <rating>
   3.77
  </rating>
  <reviews>
   56369
  </reviews>
 </clothing>
 <clothing>
  <id>
   194174194
  </id>
  <name>
   Under Armour Umbrellas B-5137
  </name>
  <category>
   Umbrellas
  </category>
  <size>
   M
  </size>
  <color>
   Желтый
  </color>
  <material>
   Лен
  </material>
  <price>
   510908
  </price>
  <rating>
   2.79
  </rating>
  <reviews>
   830829
  </reviews>
  <sporty>
   no
  </sporty>
 </clothing>
 <clothing>
  <id>
   994267131
  </id>
  <name>
   Nike Socks O-4613
  </name>
  <category>
   Socks
  </category>
  <size>
   S
  </size>
  <color>
   Желтый
  </color>
  <material>
   Кожа
  </material>
  <price>
   965189
  </price>
  <rating>
   2.71
  </rating>
  <reviews>
   843781
  </reviews>
  <new>
   -
  </new>
  <exclusive>
   yes
  </exclusive>
  <sporty>
   no
  </sporty>
 </clothing>
 <clothing>
  <id>
   997133334
  </id>
  <name>
   Vans Belts Q-9715
  </name>
  <category>
   Belts
  </category>
  <size>
   M
  </size>
  <color>
   Синий
  </color>
  <material>
   Полиэстер
  </material>
  <price>
   717248
  </price>
  <rating>
   4.58
  </rating>
  <reviews>
   782389
  </reviews>
  <new>
   -
  </new>
 </clothing>
 <clothing>
  <id>
   653716480
  </id>
  <name>
   Puma Skirt V-5999
  </name>
  <category>
   Skirt
  </category>
  <size>
   XL
  </size>
  <color>
   Желтый
  </color>
  <material>
   Кожа
  </material>
  <price>
   647585
  </price>
  <rating>
   2.37
  </rating>
  <reviews>
   716209
  </reviews>
  <new>
   -
  </new>
  <exclusive>
   no
  </exclusive>
 </clothing>
 <clothing>
  <id>
   694336581
  </id>
  <name>
   Adidas Socks V-4207
  </name>
  <category>
   Socks
  </category>
  <size>
   S
  </size>
  <color>
   Голубой
  </color>
  <material>
   Кожа
  </material>
  <price>
   877065
  </price>
  <rating>
   2.2
  </rating>
  <reviews>
   945826
  </reviews>
  <exclusive>
   no
  </exclusive>
 </clothing>
 <clothing>
  <id>
   834024877
  </id>
  <name>
   Puma Socks S-4359
  </name>
  <category>
   Socks
  </category>
  <size>
   S
  </size>
  <color>
   Красный
  </color>
  <material>
   Шелк
  </material>
  <price>
   222368
  </price>
  <rating>
   2.56
  </rating>
  <reviews>
   220443
  </reviews>
  <sporty>
   no
  </sporty>
 </clothing>
 <clothing>
  <id>
   500719300
  </id>
  <name>
   DC Dress J-9883
  </name>
  <category>
   Dress
  </category>
  <size>
   M
  </size>
  <color>
   Фиолетовый
  </color>
  <material>
   Лен
  </material>
  <price>
   558163
  </price>
  <rating>
   4.61
  </rating>
  <reviews>
   185460
  </reviews>
  <new>
   -
  </new>
  <exclusive>
   yes
  </exclusive>
  <sporty>
   no
  </sporty>
 </clothing>
 <clothing>
  <id>
   410217079
  </id>
  <name>
   Adidas Pants T-9387
  </name>
  <category>
   Pants
  </category>
  <size>
   M
  </size>
  <color>
   Синий
  </color>
  <material>
   Нейлон
  </material>
  <price>
   292528
  </price>
  <rating>
   2.6
  </rating>
  <reviews>
   104300
  </reviews>
  <new>
   -
  </new>
  <sporty>
   no
  </sporty>
 </clothing>
 <clothing>
  <id>
   269649738
  </id>
  <name>
   Ellesse Belts O-9062
  </name>
  <category>
   Belts
  </category>
  <size>
   M
  </size>
  <color>
   Голубой
  </color>
  <material>
   Шелк
  </material>
  <price>
   105790
  </price>
  <rating>
   1.08
  </rating>
  <reviews>
   65402
  </reviews>
  <exclusive>
   yes
  </exclusive>
 </clothing>
 <clothing>
  <id>
   898626099
  </id>
  <name>
   New Balance Gloves E-7227
  </name>
  <category>
   Gloves
  </category>
  <size>
   M
  </size>
  <color>
   Фиолетовый
  </color>
  <material>
   Шерсть
  </material>
  <price>
   243476
  </price>
  <rating>
   4.32
  </rating>
  <reviews>
   49614
  </reviews>
  <exclusive>
   yes
  </exclusive>
  <sporty>
   yes
  </sporty>
 </clothing>
 <clothing>
  <id>
   333850431
  </id>
  <name>
   Addidas Shoes R-1215
  </name>
  <category>
   Shoes
  </category>
  <size>
   XL
  </size>
  <color>
   Желтый
  </color>
  <material>
   Лен
  </material>
  <price>
   549818
  </price>
  <rating>
   4.86
  </rating>
  <reviews>
   579540
  </reviews>
  <new>
   +
  </new>
  <exclusive>
   yes
  </exclusive>
  <sporty>
   no
  </sporty>
 </clothing>
</clothing-items>
