<?xml version="1.0" encoding="utf-8"?>
<clothing-items>
 <clothing>
  <id>
   341202592
  </id>
  <name>
   Addidas Blouse T-1879
  </name>
  <category>
   Blouse
  </category>
  <size>
   L
  </size>
  <color>
   Голубой
  </color>
  <material>
   Полиэстер
  </material>
  <price>
   412801
  </price>
  <rating>
   4.24
  </rating>
  <reviews>
   578986
  </reviews>
  <exclusive>
   no
  </exclusive>
  <sporty>
   no
  </sporty>
 </clothing>
 <clothing>
  <id>
   952307873
  </id>
  <name>
   Fila Dress X-1544
  </name>
  <category>
   Dress
  </category>
  <size>
   S
  </size>
  <color>
   Голубой
  </color>
  <material>
   Кожа
  </material>
  <price>
   975643
  </price>
  <rating>
   2.36
  </rating>
  <reviews>
   82196
  </reviews>
  <exclusive>
   no
  </exclusive>
 </clothing>
 <clothing>
  <id>
   670605161
  </id>
  <name>
   Brooks Shoes J-4749
  </name>
  <category>
   Shoes
  </category>
  <size>
   L
  </size>
  <color>
   Синий
  </color>
  <material>
   Кожа
  </material>
  <price>
   815055
  </price>
  <rating>
   1.0
  </rating>
  <reviews>
   785065
  </reviews>
  <new>
   +
  </new>
  <exclusive>
   yes
  </exclusive>
 </clothing>
 <clothing>
  <id>
   542140699
  </id>
  <name>
   Lacoste Sweater W-4154
  </name>
  <category>
   Sweater
  </category>
  <size>
   M
  </size>
  <color>
   Оранжевый
  </color>
  <material>
   Лен
  </material>
  <price>
   489607
  </price>
  <rating>
   3.55
  </rating>
  <reviews>
   606819
  </reviews>
  <sporty>
   no
  </sporty>
 </clothing>
 <clothing>
  <id>
   663521632
  </id>
  <name>
   Reebok Blouse S-4621
  </name>
  <category>
   Blouse
  </category>
  <size>
   L
  </size>
  <color>
   Фиолетовый
  </color>
  <material>
   Лен
  </material>
  <price>
   527684
  </price>
  <rating>
   1.38
  </rating>
  <reviews>
   793276
  </reviews>
  <new>
   -
  </new>
  <exclusive>
   yes
  </exclusive>
 </clothing>
 <clothing>
  <id>
   323002133
  </id>
  <name>
   Lacoste Belts C-6335
  </name>
  <category>
   Belts
  </category>
  <size>
   XXL
  </size>
  <color>
   Оранжевый
  </color>
  <material>
   Кожа
  </material>
  <price>
   261604
  </price>
  <rating>
   2.94
  </rating>
  <reviews>
   115168
  </reviews>
  <new>
   +
  </new>
  <sporty>
   no
  </sporty>
 </clothing>
 <clothing>
  <id>
   205878549
  </id>
  <name>
   Nike Jeans T-8645
  </name>
  <category>
   Jeans
  </category>
  <size>
   M
  </size>
  <color>
   Голубой
  </color>
  <material>
   Шелк
  </material>
  <price>
   801364
  </price>
  <rating>
   1.75
  </rating>
  <reviews>
   318399
  </reviews>
  <new>
   +
  </new>
  <sporty>
   yes
  </sporty>
 </clothing>
 <clothing>
  <id>
   448974449
  </id>
  <name>
   Brooks Blouse C-6766
  </name>
  <category>
   Blouse
  </category>
  <size>
   S
  </size>
  <color>
   Синий
  </color>
  <material>
   Полиэстер
  </material>
  <price>
   131629
  </price>
  <rating>
   4.97
  </rating>
  <reviews>
   902156
  </reviews>
  <sporty>
   no
  </sporty>
 </clothing>
 <clothing>
  <id>
   172895808
  </id>
  <name>
   Reebok Socks R-6368
  </name>
  <category>
   Socks
  </category>
  <size>
   L
  </size>
  <color>
   Синий
  </color>
  <material>
   Лен
  </material>
  <price>
   512574
  </price>
  <rating>
   4.76
  </rating>
  <reviews>
   28364
  </reviews>
  <new>
   -
  </new>
 </clothing>
 <clothing>
  <id>
   121374984
  </id>
  <name>
   DC Shoes N-2190
  </name>
  <category>
   Shoes
  </category>
  <size>
   XL
  </size>
  <color>
   Оранжевый
  </color>
  <material>
   Шелк
  </material>
  <price>
   897766
  </price>
  <rating>
   4.05
  </rating>
  <reviews>
   643465
  </reviews>
  <sporty>
   no
  </sporty>
 </clothing>
 <clothing>
  <id>
   130412367
  </id>
  <name>
   Converse Handbags O-8861
  </name>
  <category>
   Handbags
  </category>
  <size>
   M
  </size>
  <color>
   Фиолетовый
  </color>
  <material>
   Хлопок
  </material>
  <price>
   787876
  </price>
  <rating>
   2.54
  </rating>
  <reviews>
   742344
  </reviews>
  <exclusive>
   yes
  </exclusive>
 </clothing>
 <clothing>
  <id>
   395422581
  </id>
  <name>
   New Balance Gloves R-3183
  </name>
  <category>
   Gloves
  </category>
  <size>
   XL
  </size>
  <color>
   Синий
  </color>
  <material>
   Хлопок
  </material>
  <price>
   395542
  </price>
  <rating>
   3.34
  </rating>
  <reviews>
   937726
  </reviews>
  <exclusive>
   no
  </exclusive>
 </clothing>
 <clothing>
  <id>
   593511232
  </id>
  <name>
   Puma Dress D-4878
  </name>
  <category>
   Dress
  </category>
  <size>
   M
  </size>
  <color>
   Фиолетовый
  </color>
  <material>
   Нейлон
  </material>
  <price>
   487668
  </price>
  <rating>
   1.77
  </rating>
  <reviews>
   242986
  </reviews>
  <new>
   -
  </new>
  <exclusive>
   yes
  </exclusive>
 </clothing>
</clothing-items>
