<?xml version="1.0" encoding="utf-8"?>
<clothing-items>
 <clothing>
  <id>
   664129064
  </id>
  <name>
   Asics Jacket W-7173
  </name>
  <category>
   Jacket
  </category>
  <size>
   XXL
  </size>
  <color>
   Синий
  </color>
  <material>
   Шерсть
  </material>
  <price>
   395046
  </price>
  <rating>
   3.21
  </rating>
  <reviews>
   335755
  </reviews>
  <new>
   -
  </new>
  <exclusive>
   no
  </exclusive>
 </clothing>
 <clothing>
  <id>
   150353196
  </id>
  <name>
   PleinSport Handbags R-7485
  </name>
  <category>
   Handbags
  </category>
  <size>
   XL
  </size>
  <color>
   Голубой
  </color>
  <material>
   Полиэстер
  </material>
  <price>
   673297
  </price>
  <rating>
   1.64
  </rating>
  <reviews>
   847887
  </reviews>
  <new>
   -
  </new>
  <sporty>
   yes
  </sporty>
 </clothing>
 <clothing>
  <id>
   391747163
  </id>
  <name>
   Puma T-shirt E-7587
  </name>
  <category>
   T-shirt
  </category>
  <size>
   M
  </size>
  <color>
   Красный
  </color>
  <material>
   Хлопок
  </material>
  <price>
   238045
  </price>
  <rating>
   2.3
  </rating>
  <reviews>
   399132
  </reviews>
  <new>
   -
  </new>
  <sporty>
   yes
  </sporty>
 </clothing>
 <clothing>
  <id>
   550021252
  </id>
  <name>
   PleinSport Blouse L-6735
  </name>
  <category>
   Blouse
  </category>
  <size>
   M
  </size>
  <color>
   Красный
  </color>
  <material>
   Шелк
  </material>
  <price>
   402170
  </price>
  <rating>
   1.67
  </rating>
  <reviews>
   751169
  </reviews>
  <new>
   +
  </new>
  <exclusive>
   no
  </exclusive>
  <sporty>
   no
  </sporty>
 </clothing>
 <clothing>
  <id>
   345268454
  </id>
  <name>
   Addidas Sweater X-7803
  </name>
  <category>
   Sweater
  </category>
  <size>
   XL
  </size>
  <color>
   Желтый
  </color>
  <material>
   Шерсть
  </material>
  <price>
   499619
  </price>
  <rating>
   4.8
  </rating>
  <reviews>
   348477
  </reviews>
  <sporty>
   no
  </sporty>
 </clothing>
 <clothing>
  <id>
   732471489
  </id>
  <name>
   Adidas Handbags F-4635
  </name>
  <category>
   Handbags
  </category>
  <size>
   XL
  </size>
  <color>
   Фиолетовый
  </color>
  <material>
   Кожа
  </material>
  <price>
   693256
  </price>
  <rating>
   4.33
  </rating>
  <reviews>
   811309
  </reviews>
  <sporty>
   no
  </sporty>
 </clothing>
 <clothing>
  <id>
   431781621
  </id>
  <name>
   Under Armour Socks X-4714
  </name>
  <category>
   Socks
  </category>
  <size>
   S
  </size>
  <color>
   Зеленый
  </color>
  <material>
   Шерсть
  </material>
  <price>
   359449
  </price>
  <rating>
   3.51
  </rating>
  <reviews>
   151807
  </reviews>
  <exclusive>
   no
  </exclusive>
  <sporty>
   no
  </sporty>
 </clothing>
 <clothing>
  <id>
   788455393
  </id>
  <name>
   Reebok Shoes X-1149
  </name>
  <category>
   Shoes
  </category>
  <size>
   XL
  </size>
  <color>
   Синий
  </color>
  <material>
   Лен
  </material>
  <price>
   499805
  </price>
  <rating>
   4.23
  </rating>
  <reviews>
   340379
  </reviews>
  <exclusive>
   yes
  </exclusive>
  <sporty>
   yes
  </sporty>
 </clothing>
 <clothing>
  <id>
   921279328
  </id>
  <name>
   Adidas Hat A-7570
  </name>
  <category>
   Hat
  </category>
  <size>
   XL
  </size>
  <color>
   Оранжевый
  </color>
  <material>
   Шелк
  </material>
  <price>
   494231
  </price>
  <rating>
   1.98
  </rating>
  <reviews>
   961122
  </reviews>
  <new>
   -
  </new>
  <exclusive>
   no
  </exclusive>
 </clothing>
 <clothing>
  <id>
   522418017
  </id>
  <name>
   New Balance Handbags M-8164
  </name>
  <category>
   Handbags
  </category>
  <size>
   XXL
  </size>
  <color>
   Фиолетовый
  </color>
  <material>
   Нейлон
  </material>
  <price>
   858756
  </price>
  <rating>
   3.79
  </rating>
  <reviews>
   668055
  </reviews>
  <new>
   -
  </new>
  <exclusive>
   no
  </exclusive>
  <sporty>
   no
  </sporty>
 </clothing>
 <clothing>
  <id>
   453651584
  </id>
  <name>
   Addidas Jeans Q-3275
  </name>
  <category>
   Jeans
  </category>
  <size>
   L
  </size>
  <color>
   Оранжевый
  </color>
  <material>
   Нейлон
  </material>
  <price>
   119087
  </price>
  <rating>
   2.43
  </rating>
  <reviews>
   439066
  </reviews>
  <new>
   -
  </new>
  <sporty>
   yes
  </sporty>
 </clothing>
 <clothing>
  <id>
   181286867
  </id>
  <name>
   PleinSport Shoes Q-5153
  </name>
  <category>
   Shoes
  </category>
  <size>
   M
  </size>
  <color>
   Зеленый
  </color>
  <material>
   Шелк
  </material>
  <price>
   378431
  </price>
  <rating>
   1.97
  </rating>
  <reviews>
   142912
  </reviews>
  <sporty>
   no
  </sporty>
 </clothing>
 <clothing>
  <id>
   278881004
  </id>
  <name>
   New Balance Umbrellas G-3825
  </name>
  <category>
   Umbrellas
  </category>
  <size>
   L
  </size>
  <color>
   Голубой
  </color>
  <material>
   Вискоза
  </material>
  <price>
   578870
  </price>
  <rating>
   1.96
  </rating>
  <reviews>
   617581
  </reviews>
  <new>
   -
  </new>
  <exclusive>
   no
  </exclusive>
 </clothing>
 <clothing>
  <id>
   616973583
  </id>
  <name>
   PleinSport Dress O-4805
  </name>
  <category>
   Dress
  </category>
  <size>
   M
  </size>
  <color>
   Желтый
  </color>
  <material>
   Лен
  </material>
  <price>
   779799
  </price>
  <rating>
   2.28
  </rating>
  <reviews>
   783323
  </reviews>
  <new>
   +
  </new>
  <sporty>
   no
  </sporty>
 </clothing>
 <clothing>
  <id>
   168600610
  </id>
  <name>
   Brooks Shirt H-1875
  </name>
  <category>
   Shirt
  </category>
  <size>
   L
  </size>
  <color>
   Синий
  </color>
  <material>
   Лен
  </material>
  <price>
   809701
  </price>
  <rating>
   3.9
  </rating>
  <reviews>
   114954
  </reviews>
  <new>
   +
  </new>
 </clothing>
 <clothing>
  <id>
   966511480
  </id>
  <name>
   Lacoste Skirt I-1583
  </name>
  <category>
   Skirt
  </category>
  <size>
   M
  </size>
  <color>
   Фиолетовый
  </color>
  <material>
   Кожа
  </material>
  <price>
   859220
  </price>
  <rating>
   3.04
  </rating>
  <reviews>
   734167
  </reviews>
  <new>
   -
  </new>
  <sporty>
   no
  </sporty>
 </clothing>
 <clothing>
  <id>
   217098383
  </id>
  <name>
   Reebok Blouse S-6006
  </name>
  <category>
   Blouse
  </category>
  <size>
   L
  </size>
  <color>
   Фиолетовый
  </color>
  <material>
   Нейлон
  </material>
  <price>
   342619
  </price>
  <rating>
   1.14
  </rating>
  <reviews>
   455216
  </reviews>
  <new>
   -
  </new>
 </clothing>
 <clothing>
  <id>
   997665988
  </id>
  <name>
   Under Armour Gloves E-8398
  </name>
  <category>
   Gloves
  </category>
  <size>
   S
  </size>
  <color>
   Оранжевый
  </color>
  <material>
   Хлопок
  </material>
  <price>
   662802
  </price>
  <rating>
   4.49
  </rating>
  <reviews>
   897824
  </reviews>
  <exclusive>
   no
  </exclusive>
  <sporty>
   no
  </sporty>
 </clothing>
 <clothing>
  <id>
   837634025
  </id>
  <name>
   Asics Sweater O-5746
  </name>
  <category>
   Sweater
  </category>
  <size>
   XL
  </size>
  <color>
   Синий
  </color>
  <material>
   Полиэстер
  </material>
  <price>
   498986
  </price>
  <rating>
   4.1
  </rating>
  <reviews>
   814872
  </reviews>
  <new>
   -
  </new>
  <exclusive>
   no
  </exclusive>
  <sporty>
   yes
  </sporty>
 </clothing>
 <clothing>
  <id>
   374542290
  </id>
  <name>
   DC Blouse P-7363
  </name>
  <category>
   Blouse
  </category>
  <size>
   XL
  </size>
  <color>
   Голубой
  </color>
  <material>
   Полиэстер
  </material>
  <price>
   578571
  </price>
  <rating>
   2.07
  </rating>
  <reviews>
   189483
  </reviews>
  <exclusive>
   yes
  </exclusive>
  <sporty>
   yes
  </sporty>
 </clothing>
 <clothing>
  <id>
   896452611
  </id>
  <name>
   Reebok Shirt D-6623
  </name>
  <category>
   Shirt
  </category>
  <size>
   XL
  </size>
  <color>
   Голубой
  </color>
  <material>
   Шелк
  </material>
  <price>
   542835
  </price>
  <rating>
   3.56
  </rating>
  <reviews>
   655077
  </reviews>
  <new>
   +
  </new>
  <exclusive>
   yes
  </exclusive>
  <sporty>
   yes
  </sporty>
 </clothing>
 <clothing>
  <id>
   790305759
  </id>
  <name>
   Converse Pants D-8242
  </name>
  <category>
   Pants
  </category>
  <size>
   S
  </size>
  <color>
   Оранжевый
  </color>
  <material>
   Кожа
  </material>
  <price>
   910909
  </price>
  <rating>
   3.29
  </rating>
  <reviews>
   981816
  </reviews>
  <sporty>
   yes
  </sporty>
 </clothing>
 <clothing>
  <id>
   554003538
  </id>
  <name>
   New Balance Belts L-1354
  </name>
  <category>
   Belts
  </category>
  <size>
   S
  </size>
  <color>
   Зеленый
  </color>
  <material>
   Полиэстер
  </material>
  <price>
   369987
  </price>
  <rating>
   4.14
  </rating>
  <reviews>
   38688
  </reviews>
  <new>
   +
  </new>
  <exclusive>
   yes
  </exclusive>
  <sporty>
   yes
  </sporty>
 </clothing>
 <clothing>
  <id>
   934489726
  </id>
  <name>
   Vans T-shirt F-6952
  </name>
  <category>
   T-shirt
  </category>
  <size>
   XXL
  </size>
  <color>
   Голубой
  </color>
  <material>
   Шелк
  </material>
  <price>
   184830
  </price>
  <rating>
   1.5
  </rating>
  <reviews>
   356869
  </reviews>
  <exclusive>
   yes
  </exclusive>
 </clothing>
 <clothing>
  <id>
   700786149
  </id>
  <name>
   Brooks Blouse C-2181
  </name>
  <category>
   Blouse
  </category>
  <size>
   L
  </size>
  <color>
   Фиолетовый
  </color>
  <material>
   Полиэстер
  </material>
  <price>
   734064
  </price>
  <rating>
   3.3
  </rating>
  <reviews>
   14884
  </reviews>
  <new>
   -
  </new>
  <exclusive>
   no
  </exclusive>
  <sporty>
   yes
  </sporty>
 </clothing>
 <clothing>
  <id>
   622607610
  </id>
  <name>
   PleinSport Hat K-1327
  </name>
  <category>
   Hat
  </category>
  <size>
   M
  </size>
  <color>
   Голубой
  </color>
  <material>
   Полиэстер
  </material>
  <price>
   968565
  </price>
  <rating>
   2.71
  </rating>
  <reviews>
   75982
  </reviews>
  <sporty>
   yes
  </sporty>
 </clothing>
 <clothing>
  <id>
   668051244
  </id>
  <name>
   Addidas Handbags C-8640
  </name>
  <category>
   Handbags
  </category>
  <size>
   S
  </size>
  <color>
   Фиолетовый
  </color>
  <material>
   Полиэстер
  </material>
  <price>
   746654
  </price>
  <rating>
   3.74
  </rating>
  <reviews>
   677646
  </reviews>
  <new>
   -
  </new>
  <exclusive>
   yes
  </exclusive>
 </clothing>
 <clothing>
  <id>
   790979718
  </id>
  <name>
   DC Blouse Q-5710
  </name>
  <category>
   Blouse
  </category>
  <size>
   XL
  </size>
  <color>
   Оранжевый
  </color>
  <material>
   Шерсть
  </material>
  <price>
   204503
  </price>
  <rating>
   3.64
  </rating>
  <reviews>
   616803
  </reviews>
  <exclusive>
   yes
  </exclusive>
 </clothing>
 <clothing>
  <id>
   538301523
  </id>
  <name>
   Puma Jacket S-5449
  </name>
  <category>
   Jacket
  </category>
  <size>
   S
  </size>
  <color>
   Голубой
  </color>
  <material>
   Хлопок
  </material>
  <price>
   442522
  </price>
  <rating>
   2.82
  </rating>
  <reviews>
   392848
  </reviews>
  <new>
   -
  </new>
  <exclusive>
   yes
  </exclusive>
  <sporty>
   no
  </sporty>
 </clothing>
 <clothing>
  <id>
   582246528
  </id>
  <name>
   Brooks Jacket T-3000
  </name>
  <category>
   Jacket
  </category>
  <size>
   S
  </size>
  <color>
   Красный
  </color>
  <material>
   Хлопок
  </material>
  <price>
   744967
  </price>
  <rating>
   2.63
  </rating>
  <reviews>
   944918
  </reviews>
  <exclusive>
   yes
  </exclusive>
  <sporty>
   no
  </sporty>
 </clothing>
 <clothing>
  <id>
   664731983
  </id>
  <name>
   Under Armour Belts M-3140
  </name>
  <category>
   Belts
  </category>
  <size>
   S
  </size>
  <color>
   Оранжевый
  </color>
  <material>
   Лен
  </material>
  <price>
   870891
  </price>
  <rating>
   2.13
  </rating>
  <reviews>
   188477
  </reviews>
  <new>
   +
  </new>
  <exclusive>
   yes
  </exclusive>
  <sporty>
   yes
  </sporty>
 </clothing>
 <clothing>
  <id>
   255649430
  </id>
  <name>
   Brooks Socks L-8183
  </name>
  <category>
   Socks
  </category>
  <size>
   S
  </size>
  <color>
   Оранжевый
  </color>
  <material>
   Полиэстер
  </material>
  <price>
   620331
  </price>
  <rating>
   4.75
  </rating>
  <reviews>
   776190
  </reviews>
  <new>
   -
  </new>
  <exclusive>
   yes
  </exclusive>
 </clothing>
 <clothing>
  <id>
   468599431
  </id>
  <name>
   Under Armour Socks D-5933
  </name>
  <category>
   Socks
  </category>
  <size>
   XL
  </size>
  <color>
   Оранжевый
  </color>
  <material>
   Кожа
  </material>
  <price>
   831297
  </price>
  <rating>
   3.62
  </rating>
  <reviews>
   253846
  </reviews>
  <new>
   -
  </new>
  <exclusive>
   no
  </exclusive>
  <sporty>
   no
  </sporty>
 </clothing>
 <clothing>
  <id>
   880108192
  </id>
  <name>
   Fila Handbags N-2176
  </name>
  <category>
   Handbags
  </category>
  <size>
   M
  </size>
  <color>
   Желтый
  </color>
  <material>
   Кожа
  </material>
  <price>
   353361
  </price>
  <rating>
   2.77
  </rating>
  <reviews>
   825796
  </reviews>
  <new>
   -
  </new>
  <exclusive>
   yes
  </exclusive>
  <sporty>
   yes
  </sporty>
 </clothing>
 <clothing>
  <id>
   721987696
  </id>
  <name>
   Ellesse Blouse O-4209
  </name>
  <category>
   Blouse
  </category>
  <size>
   M
  </size>
  <color>
   Синий
  </color>
  <material>
   Нейлон
  </material>
  <price>
   842019
  </price>
  <rating>
   2.31
  </rating>
  <reviews>
   234116
  </reviews>
  <new>
   -
  </new>
  <sporty>
   no
  </sporty>
 </clothing>
 <clothing>
  <id>
   766005728
  </id>
  <name>
   New Balance Dress U-2189
  </name>
  <category>
   Dress
  </category>
  <size>
   L
  </size>
  <color>
   Голубой
  </color>
  <material>
   Полиэстер
  </material>
  <price>
   769572
  </price>
  <rating>
   3.62
  </rating>
  <reviews>
   325106
  </reviews>
 </clothing>
 <clothing>
  <id>
   588529993
  </id>
  <name>
   New Balance Gloves C-5674
  </name>
  <category>
   Gloves
  </category>
  <size>
   M
  </size>
  <color>
   Зеленый
  </color>
  <material>
   Полиэстер
  </material>
  <price>
   250566
  </price>
  <rating>
   3.66
  </rating>
  <reviews>
   397191
  </reviews>
  <new>
   -
  </new>
  <exclusive>
   yes
  </exclusive>
  <sporty>
   no
  </sporty>
 </clothing>
 <clothing>
  <id>
   900857426
  </id>
  <name>
   PleinSport Umbrellas S-6361
  </name>
  <category>
   Umbrellas
  </category>
  <size>
   S
  </size>
  <color>
   Оранжевый
  </color>
  <material>
   Хлопок
  </material>
  <price>
   647047
  </price>
  <rating>
   3.36
  </rating>
  <reviews>
   268498
  </reviews>
  <new>
   +
  </new>
  <sporty>
   no
  </sporty>
 </clothing>
 <clothing>
  <id>
   886798335
  </id>
  <name>
   Reebok Shoes X-7666
  </name>
  <category>
   Shoes
  </category>
  <size>
   M
  </size>
  <color>
   Оранжевый
  </color>
  <material>
   Кожа
  </material>
  <price>
   821530
  </price>
  <rating>
   4.93
  </rating>
  <reviews>
   120746
  </reviews>
  <new>
   -
  </new>
  <exclusive>
   no
  </exclusive>
 </clothing>
 <clothing>
  <id>
   541475786
  </id>
  <name>
   Adidas Umbrellas H-7748
  </name>
  <category>
   Umbrellas
  </category>
  <size>
   M
  </size>
  <color>
   Желтый
  </color>
  <material>
   Нейлон
  </material>
  <price>
   449471
  </price>
  <rating>
   1.46
  </rating>
  <reviews>
   950501
  </reviews>
  <new>
   -
  </new>
  <exclusive>
   no
  </exclusive>
  <sporty>
   yes
  </sporty>
 </clothing>
 <clothing>
  <id>
   326684620
  </id>
  <name>
   PleinSport Handbags M-9861
  </name>
  <category>
   Handbags
  </category>
  <size>
   S
  </size>
  <color>
   Голубой
  </color>
  <material>
   Лен
  </material>
  <price>
   204280
  </price>
  <rating>
   4.79
  </rating>
  <reviews>
   510153
  </reviews>
  <exclusive>
   yes
  </exclusive>
 </clothing>
 <clothing>
  <id>
   792716382
  </id>
  <name>
   New Balance Pants E-4362
  </name>
  <category>
   Pants
  </category>
  <size>
   M
  </size>
  <color>
   Голубой
  </color>
  <material>
   Хлопок
  </material>
  <price>
   481061
  </price>
  <rating>
   2.43
  </rating>
  <reviews>
   31283
  </reviews>
  <new>
   +
  </new>
  <sporty>
   no
  </sporty>
 </clothing>
</clothing-items>
