<?xml version="1.0" encoding="utf-8"?>
<clothing-items>
 <clothing>
  <id>
   861377408
  </id>
  <name>
   Under Armour Shoes V-5151
  </name>
  <category>
   Shoes
  </category>
  <size>
   L
  </size>
  <color>
   Синий
  </color>
  <material>
   Шерсть
  </material>
  <price>
   487349
  </price>
  <rating>
   3.14
  </rating>
  <reviews>
   559045
  </reviews>
  <new>
   -
  </new>
  <exclusive>
   no
  </exclusive>
  <sporty>
   no
  </sporty>
 </clothing>
 <clothing>
  <id>
   109591473
  </id>
  <name>
   New Balance Belts P-6583
  </name>
  <category>
   Belts
  </category>
  <size>
   XXL
  </size>
  <color>
   Синий
  </color>
  <material>
   Лен
  </material>
  <price>
   448015
  </price>
  <rating>
   2.6
  </rating>
  <reviews>
   224733
  </reviews>
  <exclusive>
   no
  </exclusive>
 </clothing>
 <clothing>
  <id>
   300825394
  </id>
  <name>
   Ellesse Umbrellas S-1720
  </name>
  <category>
   Umbrellas
  </category>
  <size>
   S
  </size>
  <color>
   Красный
  </color>
  <material>
   Шерсть
  </material>
  <price>
   233338
  </price>
  <rating>
   3.26
  </rating>
  <reviews>
   572612
  </reviews>
  <new>
   +
  </new>
  <sporty>
   yes
  </sporty>
 </clothing>
 <clothing>
  <id>
   355796248
  </id>
  <name>
   Converse Hat X-6993
  </name>
  <category>
   Hat
  </category>
  <size>
   S
  </size>
  <color>
   Красный
  </color>
  <material>
   Хлопок
  </material>
  <price>
   345433
  </price>
  <rating>
   4.75
  </rating>
  <reviews>
   115192
  </reviews>
  <sporty>
   no
  </sporty>
 </clothing>
 <clothing>
  <id>
   705347971
  </id>
  <name>
   Lacoste Jeans W-1474
  </name>
  <category>
   Jeans
  </category>
  <size>
   M
  </size>
  <color>
   Зеленый
  </color>
  <material>
   Кожа
  </material>
  <price>
   884005
  </price>
  <rating>
   3.29
  </rating>
  <reviews>
   29402
  </reviews>
  <new>
   +
  </new>
  <exclusive>
   yes
  </exclusive>
  <sporty>
   no
  </sporty>
 </clothing>
 <clothing>
  <id>
   591510399
  </id>
  <name>
   Fila Pants W-6919
  </name>
  <category>
   Pants
  </category>
  <size>
   XL
  </size>
  <color>
   Оранжевый
  </color>
  <material>
   Вискоза
  </material>
  <price>
   903116
  </price>
  <rating>
   3.4
  </rating>
  <reviews>
   377911
  </reviews>
  <new>
   +
  </new>
  <exclusive>
   no
  </exclusive>
  <sporty>
   no
  </sporty>
 </clothing>
 <clothing>
  <id>
   799062403
  </id>
  <name>
   Ellesse Jacket Q-9641
  </name>
  <category>
   Jacket
  </category>
  <size>
   XL
  </size>
  <color>
   Оранжевый
  </color>
  <material>
   Полиэстер
  </material>
  <price>
   360629
  </price>
  <rating>
   1.93
  </rating>
  <reviews>
   703764
  </reviews>
  <new>
   -
  </new>
  <sporty>
   yes
  </sporty>
 </clothing>
 <clothing>
  <id>
   922598824
  </id>
  <name>
   Lacoste Gloves Q-1467
  </name>
  <category>
   Gloves
  </category>
  <size>
   S
  </size>
  <color>
   Желтый
  </color>
  <material>
   Вискоза
  </material>
  <price>
   656378
  </price>
  <rating>
   1.59
  </rating>
  <reviews>
   556730
  </reviews>
  <exclusive>
   yes
  </exclusive>
  <sporty>
   yes
  </sporty>
 </clothing>
 <clothing>
  <id>
   901539625
  </id>
  <name>
   Lacoste Umbrellas I-9152
  </name>
  <category>
   Umbrellas
  </category>
  <size>
   M
  </size>
  <color>
   Зеленый
  </color>
  <material>
   Кожа
  </material>
  <price>
   330861
  </price>
  <rating>
   4.19
  </rating>
  <reviews>
   102318
  </reviews>
  <new>
   +
  </new>
  <sporty>
   no
  </sporty>
 </clothing>
 <clothing>
  <id>
   564217298
  </id>
  <name>
   Under Armour Dress Q-5963
  </name>
  <category>
   Dress
  </category>
  <size>
   S
  </size>
  <color>
   Желтый
  </color>
  <material>
   Шерсть
  </material>
  <price>
   136467
  </price>
  <rating>
   3.06
  </rating>
  <reviews>
   706612
  </reviews>
  <exclusive>
   yes
  </exclusive>
  <sporty>
   yes
  </sporty>
 </clothing>
 <clothing>
  <id>
   144824210
  </id>
  <name>
   PleinSport Jeans U-7824
  </name>
  <category>
   Jeans
  </category>
  <size>
   S
  </size>
  <color>
   Оранжевый
  </color>
  <material>
   Шелк
  </material>
  <price>
   114086
  </price>
  <rating>
   4.95
  </rating>
  <reviews>
   595912
  </reviews>
  <new>
   +
  </new>
  <sporty>
   no
  </sporty>
 </clothing>
 <clothing>
  <id>
   750565989
  </id>
  <name>
   Nike Jeans G-1764
  </name>
  <category>
   Jeans
  </category>
  <size>
   XL
  </size>
  <color>
   Фиолетовый
  </color>
  <material>
   Шелк
  </material>
  <price>
   486680
  </price>
  <rating>
   4.09
  </rating>
  <reviews>
   292455
  </reviews>
  <new>
   -
  </new>
  <exclusive>
   yes
  </exclusive>
  <sporty>
   no
  </sporty>
 </clothing>
 <clothing>
  <id>
   298130633
  </id>
  <name>
   DC Umbrellas Q-2158
  </name>
  <category>
   Umbrellas
  </category>
  <size>
   S
  </size>
  <color>
   Голубой
  </color>
  <material>
   Шелк
  </material>
  <price>
   172055
  </price>
  <rating>
   4.31
  </rating>
  <reviews>
   78353
  </reviews>
  <sporty>
   yes
  </sporty>
 </clothing>
 <clothing>
  <id>
   789992338
  </id>
  <name>
   Reebok Umbrellas K-7701
  </name>
  <category>
   Umbrellas
  </category>
  <size>
   XXL
  </size>
  <color>
   Желтый
  </color>
  <material>
   Лен
  </material>
  <price>
   898488
  </price>
  <rating>
   2.06
  </rating>
  <reviews>
   436408
  </reviews>
  <exclusive>
   yes
  </exclusive>
 </clothing>
 <clothing>
  <id>
   529233522
  </id>
  <name>
   Under Armour Blouse J-7133
  </name>
  <category>
   Blouse
  </category>
  <size>
   M
  </size>
  <color>
   Голубой
  </color>
  <material>
   Нейлон
  </material>
  <price>
   503229
  </price>
  <rating>
   3.64
  </rating>
  <reviews>
   362940
  </reviews>
 </clothing>
 <clothing>
  <id>
   403780790
  </id>
  <name>
   Asics Dress P-3057
  </name>
  <category>
   Dress
  </category>
  <size>
   XXL
  </size>
  <color>
   Зеленый
  </color>
  <material>
   Лен
  </material>
  <price>
   180523
  </price>
  <rating>
   1.81
  </rating>
  <reviews>
   796066
  </reviews>
  <new>
   +
  </new>
  <sporty>
   no
  </sporty>
 </clothing>
 <clothing>
  <id>
   490511243
  </id>
  <name>
   Asics Skirt P-7841
  </name>
  <category>
   Skirt
  </category>
  <size>
   XXL
  </size>
  <color>
   Красный
  </color>
  <material>
   Полиэстер
  </material>
  <price>
   151183
  </price>
  <rating>
   1.61
  </rating>
  <reviews>
   633438
  </reviews>
  <new>
   +
  </new>
  <exclusive>
   yes
  </exclusive>
 </clothing>
 <clothing>
  <id>
   723992866
  </id>
  <name>
   Vans Pants D-3359
  </name>
  <category>
   Pants
  </category>
  <size>
   XL
  </size>
  <color>
   Оранжевый
  </color>
  <material>
   Нейлон
  </material>
  <price>
   164363
  </price>
  <rating>
   4.92
  </rating>
  <reviews>
   174981
  </reviews>
  <new>
   -
  </new>
  <exclusive>
   yes
  </exclusive>
 </clothing>
 <clothing>
  <id>
   584094556
  </id>
  <name>
   Converse T-shirt Q-5581
  </name>
  <category>
   T-shirt
  </category>
  <size>
   L
  </size>
  <color>
   Красный
  </color>
  <material>
   Хлопок
  </material>
  <price>
   914852
  </price>
  <rating>
   1.7
  </rating>
  <reviews>
   854425
  </reviews>
  <new>
   +
  </new>
  <exclusive>
   yes
  </exclusive>
  <sporty>
   yes
  </sporty>
 </clothing>
 <clothing>
  <id>
   572250379
  </id>
  <name>
   Lacoste Umbrellas Q-6188
  </name>
  <category>
   Umbrellas
  </category>
  <size>
   XL
  </size>
  <color>
   Красный
  </color>
  <material>
   Лен
  </material>
  <price>
   220715
  </price>
  <rating>
   3.35
  </rating>
  <reviews>
   991237
  </reviews>
  <new>
   +
  </new>
 </clothing>
 <clothing>
  <id>
   653467719
  </id>
  <name>
   Adidas Gloves B-4223
  </name>
  <category>
   Gloves
  </category>
  <size>
   XL
  </size>
  <color>
   Голубой
  </color>
  <material>
   Нейлон
  </material>
  <price>
   136566
  </price>
  <rating>
   2.93
  </rating>
  <reviews>
   980337
  </reviews>
  <new>
   +
  </new>
  <sporty>
   yes
  </sporty>
 </clothing>
 <clothing>
  <id>
   906848973
  </id>
  <name>
   New Balance T-shirt E-7148
  </name>
  <category>
   T-shirt
  </category>
  <size>
   XXL
  </size>
  <color>
   Зеленый
  </color>
  <material>
   Нейлон
  </material>
  <price>
   923415
  </price>
  <rating>
   3.87
  </rating>
  <reviews>
   840784
  </reviews>
  <exclusive>
   yes
  </exclusive>
  <sporty>
   yes
  </sporty>
 </clothing>
 <clothing>
  <id>
   497361991
  </id>
  <name>
   Under Armour Shirt B-3008
  </name>
  <category>
   Shirt
  </category>
  <size>
   XXL
  </size>
  <color>
   Голубой
  </color>
  <material>
   Кожа
  </material>
  <price>
   831455
  </price>
  <rating>
   3.79
  </rating>
  <reviews>
   196255
  </reviews>
  <exclusive>
   no
  </exclusive>
 </clothing>
 <clothing>
  <id>
   586259087
  </id>
  <name>
   Nike Belts P-1963
  </name>
  <category>
   Belts
  </category>
  <size>
   XXL
  </size>
  <color>
   Фиолетовый
  </color>
  <material>
   Лен
  </material>
  <price>
   345110
  </price>
  <rating>
   2.14
  </rating>
  <reviews>
   291050
  </reviews>
  <new>
   -
  </new>
 </clothing>
 <clothing>
  <id>
   876815640
  </id>
  <name>
   PleinSport Umbrellas R-2036
  </name>
  <category>
   Umbrellas
  </category>
  <size>
   M
  </size>
  <color>
   Голубой
  </color>
  <material>
   Вискоза
  </material>
  <price>
   724944
  </price>
  <rating>
   4.38
  </rating>
  <reviews>
   560934
  </reviews>
  <new>
   -
  </new>
  <exclusive>
   no
  </exclusive>
  <sporty>
   no
  </sporty>
 </clothing>
 <clothing>
  <id>
   750282640
  </id>
  <name>
   Brooks Skirt O-6324
  </name>
  <category>
   Skirt
  </category>
  <size>
   M
  </size>
  <color>
   Голубой
  </color>
  <material>
   Нейлон
  </material>
  <price>
   519417
  </price>
  <rating>
   4.69
  </rating>
  <reviews>
   513555
  </reviews>
  <new>
   -
  </new>
  <exclusive>
   no
  </exclusive>
  <sporty>
   yes
  </sporty>
 </clothing>
 <clothing>
  <id>
   156089278
  </id>
  <name>
   PleinSport Sweater I-5931
  </name>
  <category>
   Sweater
  </category>
  <size>
   XXL
  </size>
  <color>
   Красный
  </color>
  <material>
   Вискоза
  </material>
  <price>
   599984
  </price>
  <rating>
   1.87
  </rating>
  <reviews>
   196505
  </reviews>
  <exclusive>
   no
  </exclusive>
 </clothing>
 <clothing>
  <id>
   687884201
  </id>
  <name>
   Ellesse Sweater A-3386
  </name>
  <category>
   Sweater
  </category>
  <size>
   XXL
  </size>
  <color>
   Синий
  </color>
  <material>
   Лен
  </material>
  <price>
   966429
  </price>
  <rating>
   3.74
  </rating>
  <reviews>
   172072
  </reviews>
  <exclusive>
   no
  </exclusive>
 </clothing>
 <clothing>
  <id>
   711412697
  </id>
  <name>
   Lacoste Handbags B-7962
  </name>
  <category>
   Handbags
  </category>
  <size>
   XL
  </size>
  <color>
   Зеленый
  </color>
  <material>
   Нейлон
  </material>
  <price>
   178610
  </price>
  <rating>
   4.05
  </rating>
  <reviews>
   918778
  </reviews>
  <new>
   +
  </new>
  <sporty>
   no
  </sporty>
 </clothing>
 <clothing>
  <id>
   182031707
  </id>
  <name>
   Lacoste Pants P-8430
  </name>
  <category>
   Pants
  </category>
  <size>
   L
  </size>
  <color>
   Синий
  </color>
  <material>
   Лен
  </material>
  <price>
   894777
  </price>
  <rating>
   2.19
  </rating>
  <reviews>
   11176
  </reviews>
  <exclusive>
   no
  </exclusive>
  <sporty>
   yes
  </sporty>
 </clothing>
 <clothing>
  <id>
   562708319
  </id>
  <name>
   Nike Shirt D-6990
  </name>
  <category>
   Shirt
  </category>
  <size>
   L
  </size>
  <color>
   Зеленый
  </color>
  <material>
   Хлопок
  </material>
  <price>
   549449
  </price>
  <rating>
   1.68
  </rating>
  <reviews>
   943003
  </reviews>
  <new>
   +
  </new>
  <exclusive>
   no
  </exclusive>
  <sporty>
   yes
  </sporty>
 </clothing>
 <clothing>
  <id>
   279033344
  </id>
  <name>
   Brooks T-shirt O-4592
  </name>
  <category>
   T-shirt
  </category>
  <size>
   M
  </size>
  <color>
   Желтый
  </color>
  <material>
   Хлопок
  </material>
  <price>
   245626
  </price>
  <rating>
   3.82
  </rating>
  <reviews>
   770149
  </reviews>
  <new>
   +
  </new>
  <sporty>
   no
  </sporty>
 </clothing>
 <clothing>
  <id>
   813333231
  </id>
  <name>
   Addidas Shoes Y-5467
  </name>
  <category>
   Shoes
  </category>
  <size>
   L
  </size>
  <color>
   Оранжевый
  </color>
  <material>
   Шелк
  </material>
  <price>
   880335
  </price>
  <rating>
   4.81
  </rating>
  <reviews>
   57097
  </reviews>
  <sporty>
   no
  </sporty>
 </clothing>
 <clothing>
  <id>
   640813044
  </id>
  <name>
   Ellesse T-shirt R-4459
  </name>
  <category>
   T-shirt
  </category>
  <size>
   XL
  </size>
  <color>
   Оранжевый
  </color>
  <material>
   Кожа
  </material>
  <price>
   384657
  </price>
  <rating>
   1.02
  </rating>
  <reviews>
   267375
  </reviews>
  <new>
   +
  </new>
  <exclusive>
   no
  </exclusive>
 </clothing>
 <clothing>
  <id>
   976316081
  </id>
  <name>
   Addidas Umbrellas Q-2344
  </name>
  <category>
   Umbrellas
  </category>
  <size>
   XL
  </size>
  <color>
   Голубой
  </color>
  <material>
   Кожа
  </material>
  <price>
   108015
  </price>
  <rating>
   2.44
  </rating>
  <reviews>
   244127
  </reviews>
  <new>
   -
  </new>
  <exclusive>
   no
  </exclusive>
  <sporty>
   yes
  </sporty>
 </clothing>
 <clothing>
  <id>
   170860137
  </id>
  <name>
   Lacoste Skirt F-9274
  </name>
  <category>
   Skirt
  </category>
  <size>
   M
  </size>
  <color>
   Желтый
  </color>
  <material>
   Лен
  </material>
  <price>
   490775
  </price>
  <rating>
   2.9
  </rating>
  <reviews>
   924740
  </reviews>
  <exclusive>
   yes
  </exclusive>
 </clothing>
 <clothing>
  <id>
   349321971
  </id>
  <name>
   Converse Blouse M-8425
  </name>
  <category>
   Blouse
  </category>
  <size>
   XXL
  </size>
  <color>
   Желтый
  </color>
  <material>
   Нейлон
  </material>
  <price>
   566352
  </price>
  <rating>
   4.75
  </rating>
  <reviews>
   603558
  </reviews>
  <new>
   +
  </new>
  <exclusive>
   yes
  </exclusive>
 </clothing>
 <clothing>
  <id>
   700645377
  </id>
  <name>
   Lacoste Shirt H-2654
  </name>
  <category>
   Shirt
  </category>
  <size>
   M
  </size>
  <color>
   Фиолетовый
  </color>
  <material>
   Хлопок
  </material>
  <price>
   891015
  </price>
  <rating>
   3.83
  </rating>
  <reviews>
   262743
  </reviews>
  <new>
   +
  </new>
  <exclusive>
   yes
  </exclusive>
 </clothing>
 <clothing>
  <id>
   940921432
  </id>
  <name>
   Asics Skirt T-7674
  </name>
  <category>
   Skirt
  </category>
  <size>
   L
  </size>
  <color>
   Зеленый
  </color>
  <material>
   Шелк
  </material>
  <price>
   321565
  </price>
  <rating>
   1.3
  </rating>
  <reviews>
   680503
  </reviews>
  <new>
   -
  </new>
  <exclusive>
   no
  </exclusive>
  <sporty>
   no
  </sporty>
 </clothing>
 <clothing>
  <id>
   534215264
  </id>
  <name>
   Addidas Blouse D-3903
  </name>
  <category>
   Blouse
  </category>
  <size>
   S
  </size>
  <color>
   Фиолетовый
  </color>
  <material>
   Вискоза
  </material>
  <price>
   686582
  </price>
  <rating>
   2.5
  </rating>
  <reviews>
   652337
  </reviews>
  <sporty>
   no
  </sporty>
 </clothing>
 <clothing>
  <id>
   653338694
  </id>
  <name>
   Converse Handbags J-9351
  </name>
  <category>
   Handbags
  </category>
  <size>
   XL
  </size>
  <color>
   Оранжевый
  </color>
  <material>
   Шелк
  </material>
  <price>
   212520
  </price>
  <rating>
   1.33
  </rating>
  <reviews>
   477585
  </reviews>
  <new>
   +
  </new>
  <exclusive>
   no
  </exclusive>
 </clothing>
 <clothing>
  <id>
   751014153
  </id>
  <name>
   Reebok Hat C-3449
  </name>
  <category>
   Hat
  </category>
  <size>
   XL
  </size>
  <color>
   Фиолетовый
  </color>
  <material>
   Хлопок
  </material>
  <price>
   439300
  </price>
  <rating>
   2.92
  </rating>
  <reviews>
   472943
  </reviews>
  <new>
   +
  </new>
 </clothing>
 <clothing>
  <id>
   246937917
  </id>
  <name>
   New Balance T-shirt V-4587
  </name>
  <category>
   T-shirt
  </category>
  <size>
   XXL
  </size>
  <color>
   Зеленый
  </color>
  <material>
   Лен
  </material>
  <price>
   986996
  </price>
  <rating>
   2.22
  </rating>
  <reviews>
   273653
  </reviews>
  <new>
   -
  </new>
  <exclusive>
   yes
  </exclusive>
  <sporty>
   no
  </sporty>
 </clothing>
 <clothing>
  <id>
   337859724
  </id>
  <name>
   Asics Shirt Z-2876
  </name>
  <category>
   Shirt
  </category>
  <size>
   XL
  </size>
  <color>
   Желтый
  </color>
  <material>
   Вискоза
  </material>
  <price>
   984253
  </price>
  <rating>
   4.75
  </rating>
  <reviews>
   735981
  </reviews>
  <new>
   +
  </new>
  <sporty>
   no
  </sporty>
 </clothing>
 <clothing>
  <id>
   566227179
  </id>
  <name>
   Under Armour Blouse M-5333
  </name>
  <category>
   Blouse
  </category>
  <size>
   M
  </size>
  <color>
   Синий
  </color>
  <material>
   Шелк
  </material>
  <price>
   900370
  </price>
  <rating>
   3.17
  </rating>
  <reviews>
   663107
  </reviews>
  <sporty>
   no
  </sporty>
 </clothing>
 <clothing>
  <id>
   805628832
  </id>
  <name>
   Vans Socks G-6318
  </name>
  <category>
   Socks
  </category>
  <size>
   S
  </size>
  <color>
   Синий
  </color>
  <material>
   Хлопок
  </material>
  <price>
   738111
  </price>
  <rating>
   1.5
  </rating>
  <reviews>
   775847
  </reviews>
  <sporty>
   no
  </sporty>
 </clothing>
 <clothing>
  <id>
   346909152
  </id>
  <name>
   Fila Hat Q-7437
  </name>
  <category>
   Hat
  </category>
  <size>
   S
  </size>
  <color>
   Желтый
  </color>
  <material>
   Кожа
  </material>
  <price>
   872141
  </price>
  <rating>
   3.88
  </rating>
  <reviews>
   662406
  </reviews>
  <exclusive>
   no
  </exclusive>
  <sporty>
   yes
  </sporty>
 </clothing>
 <clothing>
  <id>
   196543542
  </id>
  <name>
   Under Armour Blouse U-4015
  </name>
  <category>
   Blouse
  </category>
  <size>
   XL
  </size>
  <color>
   Оранжевый
  </color>
  <material>
   Хлопок
  </material>
  <price>
   804329
  </price>
  <rating>
   2.0
  </rating>
  <reviews>
   145569
  </reviews>
 </clothing>
</clothing-items>
