<?xml version="1.0" encoding="utf-8"?>
<clothing-items>
 <clothing>
  <id>
   206833651
  </id>
  <name>
   Brooks Shoes H-2625
  </name>
  <category>
   Shoes
  </category>
  <size>
   XL
  </size>
  <color>
   Голубой
  </color>
  <material>
   Нейлон
  </material>
  <price>
   769996
  </price>
  <rating>
   3.27
  </rating>
  <reviews>
   157348
  </reviews>
  <new>
   -
  </new>
  <sporty>
   no
  </sporty>
 </clothing>
 <clothing>
  <id>
   742441318
  </id>
  <name>
   Reebok T-shirt U-5951
  </name>
  <category>
   T-shirt
  </category>
  <size>
   XL
  </size>
  <color>
   Красный
  </color>
  <material>
   Вискоза
  </material>
  <price>
   757731
  </price>
  <rating>
   1.89
  </rating>
  <reviews>
   714145
  </reviews>
  <new>
   +
  </new>
  <exclusive>
   yes
  </exclusive>
 </clothing>
 <clothing>
  <id>
   447671887
  </id>
  <name>
   DC Sweater S-2463
  </name>
  <category>
   Sweater
  </category>
  <size>
   XL
  </size>
  <color>
   Синий
  </color>
  <material>
   Лен
  </material>
  <price>
   476898
  </price>
  <rating>
   3.56
  </rating>
  <reviews>
   996923
  </reviews>
  <new>
   -
  </new>
  <exclusive>
   no
  </exclusive>
  <sporty>
   no
  </sporty>
 </clothing>
 <clothing>
  <id>
   299755864
  </id>
  <name>
   Adidas Shirt O-3724
  </name>
  <category>
   Shirt
  </category>
  <size>
   S
  </size>
  <color>
   Голубой
  </color>
  <material>
   Шерсть
  </material>
  <price>
   484195
  </price>
  <rating>
   3.0
  </rating>
  <reviews>
   582929
  </reviews>
  <sporty>
   no
  </sporty>
 </clothing>
 <clothing>
  <id>
   563628671
  </id>
  <name>
   Fila Jeans X-5807
  </name>
  <category>
   Jeans
  </category>
  <size>
   XL
  </size>
  <color>
   Синий
  </color>
  <material>
   Кожа
  </material>
  <price>
   424527
  </price>
  <rating>
   2.82
  </rating>
  <reviews>
   70966
  </reviews>
  <sporty>
   no
  </sporty>
 </clothing>
 <clothing>
  <id>
   393650570
  </id>
  <name>
   Brooks Blouse P-9793
  </name>
  <category>
   Blouse
  </category>
  <size>
   XL
  </size>
  <color>
   Фиолетовый
  </color>
  <material>
   Нейлон
  </material>
  <price>
   347649
  </price>
  <rating>
   4.84
  </rating>
  <reviews>
   970014
  </reviews>
  <new>
   +
  </new>
  <sporty>
   no
  </sporty>
 </clothing>
 <clothing>
  <id>
   276219463
  </id>
  <name>
   Adidas Shirt T-3087
  </name>
  <category>
   Shirt
  </category>
  <size>
   L
  </size>
  <color>
   Зеленый
  </color>
  <material>
   Хлопок
  </material>
  <price>
   157950
  </price>
  <rating>
   1.82
  </rating>
  <reviews>
   975826
  </reviews>
  <exclusive>
   no
  </exclusive>
 </clothing>
 <clothing>
  <id>
   869475001
  </id>
  <name>
   Adidas Umbrellas U-8578
  </name>
  <category>
   Umbrellas
  </category>
  <size>
   XXL
  </size>
  <color>
   Фиолетовый
  </color>
  <material>
   Лен
  </material>
  <price>
   979042
  </price>
  <rating>
   3.7
  </rating>
  <reviews>
   190954
  </reviews>
  <sporty>
   yes
  </sporty>
 </clothing>
 <clothing>
  <id>
   111323619
  </id>
  <name>
   Nike Umbrellas C-1172
  </name>
  <category>
   Umbrellas
  </category>
  <size>
   L
  </size>
  <color>
   Желтый
  </color>
  <material>
   Хлопок
  </material>
  <price>
   515073
  </price>
  <rating>
   2.44
  </rating>
  <reviews>
   644376
  </reviews>
  <new>
   -
  </new>
 </clothing>
 <clothing>
  <id>
   480524498
  </id>
  <name>
   Lacoste Socks Y-4853
  </name>
  <category>
   Socks
  </category>
  <size>
   XXL
  </size>
  <color>
   Оранжевый
  </color>
  <material>
   Вискоза
  </material>
  <price>
   515277
  </price>
  <rating>
   1.92
  </rating>
  <reviews>
   818941
  </reviews>
  <new>
   -
  </new>
  <sporty>
   no
  </sporty>
 </clothing>
 <clothing>
  <id>
   231851894
  </id>
  <name>
   Addidas Hat Q-8011
  </name>
  <category>
   Hat
  </category>
  <size>
   XL
  </size>
  <color>
   Голубой
  </color>
  <material>
   Кожа
  </material>
  <price>
   736663
  </price>
  <rating>
   3.52
  </rating>
  <reviews>
   803904
  </reviews>
  <new>
   +
  </new>
 </clothing>
 <clothing>
  <id>
   545740247
  </id>
  <name>
   Converse Socks T-7456
  </name>
  <category>
   Socks
  </category>
  <size>
   XXL
  </size>
  <color>
   Оранжевый
  </color>
  <material>
   Вискоза
  </material>
  <price>
   706870
  </price>
  <rating>
   2.57
  </rating>
  <reviews>
   884410
  </reviews>
  <new>
   -
  </new>
  <exclusive>
   yes
  </exclusive>
  <sporty>
   no
  </sporty>
 </clothing>
 <clothing>
  <id>
   128316391
  </id>
  <name>
   Vans Shirt X-2996
  </name>
  <category>
   Shirt
  </category>
  <size>
   XXL
  </size>
  <color>
   Синий
  </color>
  <material>
   Шелк
  </material>
  <price>
   931215
  </price>
  <rating>
   4.17
  </rating>
  <reviews>
   971432
  </reviews>
  <new>
   +
  </new>
  <sporty>
   no
  </sporty>
 </clothing>
 <clothing>
  <id>
   703371273
  </id>
  <name>
   Converse Dress E-6819
  </name>
  <category>
   Dress
  </category>
  <size>
   XXL
  </size>
  <color>
   Оранжевый
  </color>
  <material>
   Шерсть
  </material>
  <price>
   523680
  </price>
  <rating>
   4.88
  </rating>
  <reviews>
   726719
  </reviews>
  <new>
   -
  </new>
  <exclusive>
   no
  </exclusive>
 </clothing>
 <clothing>
  <id>
   581479337
  </id>
  <name>
   Ellesse Skirt N-8641
  </name>
  <category>
   Skirt
  </category>
  <size>
   XL
  </size>
  <color>
   Красный
  </color>
  <material>
   Шерсть
  </material>
  <price>
   373668
  </price>
  <rating>
   1.4
  </rating>
  <reviews>
   246609
  </reviews>
  <new>
   +
  </new>
  <sporty>
   yes
  </sporty>
 </clothing>
 <clothing>
  <id>
   352622977
  </id>
  <name>
   Adidas Hat R-3178
  </name>
  <category>
   Hat
  </category>
  <size>
   M
  </size>
  <color>
   Голубой
  </color>
  <material>
   Шерсть
  </material>
  <price>
   993620
  </price>
  <rating>
   4.5
  </rating>
  <reviews>
   637517
  </reviews>
  <exclusive>
   yes
  </exclusive>
 </clothing>
 <clothing>
  <id>
   184573024
  </id>
  <name>
   Vans Blouse S-7333
  </name>
  <category>
   Blouse
  </category>
  <size>
   XXL
  </size>
  <color>
   Желтый
  </color>
  <material>
   Нейлон
  </material>
  <price>
   982096
  </price>
  <rating>
   2.38
  </rating>
  <reviews>
   933325
  </reviews>
  <new>
   +
  </new>
 </clothing>
 <clothing>
  <id>
   638006802
  </id>
  <name>
   Brooks Belts N-7552
  </name>
  <category>
   Belts
  </category>
  <size>
   XL
  </size>
  <color>
   Оранжевый
  </color>
  <material>
   Нейлон
  </material>
  <price>
   538987
  </price>
  <rating>
   4.06
  </rating>
  <reviews>
   727702
  </reviews>
  <new>
   -
  </new>
  <sporty>
   no
  </sporty>
 </clothing>
 <clothing>
  <id>
   120375529
  </id>
  <name>
   Vans Blouse O-5437
  </name>
  <category>
   Blouse
  </category>
  <size>
   M
  </size>
  <color>
   Голубой
  </color>
  <material>
   Шерсть
  </material>
  <price>
   789908
  </price>
  <rating>
   4.67
  </rating>
  <reviews>
   656593
  </reviews>
  <new>
   +
  </new>
  <sporty>
   yes
  </sporty>
 </clothing>
 <clothing>
  <id>
   120669054
  </id>
  <name>
   DC Socks H-6014
  </name>
  <category>
   Socks
  </category>
  <size>
   XXL
  </size>
  <color>
   Красный
  </color>
  <material>
   Хлопок
  </material>
  <price>
   671573
  </price>
  <rating>
   1.58
  </rating>
  <reviews>
   435287
  </reviews>
  <new>
   +
  </new>
  <exclusive>
   yes
  </exclusive>
  <sporty>
   no
  </sporty>
 </clothing>
 <clothing>
  <id>
   605540848
  </id>
  <name>
   Vans Blouse Y-3902
  </name>
  <category>
   Blouse
  </category>
  <size>
   M
  </size>
  <color>
   Синий
  </color>
  <material>
   Шелк
  </material>
  <price>
   754623
  </price>
  <rating>
   2.26
  </rating>
  <reviews>
   471776
  </reviews>
  <new>
   +
  </new>
  <sporty>
   yes
  </sporty>
 </clothing>
 <clothing>
  <id>
   901549153
  </id>
  <name>
   Reebok T-shirt S-9446
  </name>
  <category>
   T-shirt
  </category>
  <size>
   XL
  </size>
  <color>
   Фиолетовый
  </color>
  <material>
   Лен
  </material>
  <price>
   423759
  </price>
  <rating>
   3.17
  </rating>
  <reviews>
   255867
  </reviews>
  <exclusive>
   no
  </exclusive>
 </clothing>
</clothing-items>
