<?xml version="1.0" encoding="utf-8"?>
<clothing-items>
 <clothing>
  <id>
   590158426
  </id>
  <name>
   Asics Blouse I-8209
  </name>
  <category>
   Blouse
  </category>
  <size>
   S
  </size>
  <color>
   Голубой
  </color>
  <material>
   Шерсть
  </material>
  <price>
   904506
  </price>
  <rating>
   4.34
  </rating>
  <reviews>
   295745
  </reviews>
  <new>
   +
  </new>
  <exclusive>
   yes
  </exclusive>
  <sporty>
   no
  </sporty>
 </clothing>
 <clothing>
  <id>
   518829510
  </id>
  <name>
   Vans Blouse Y-8201
  </name>
  <category>
   Blouse
  </category>
  <size>
   XL
  </size>
  <color>
   Зеленый
  </color>
  <material>
   Лен
  </material>
  <price>
   396145
  </price>
  <rating>
   1.99
  </rating>
  <reviews>
   220958
  </reviews>
 </clothing>
 <clothing>
  <id>
   304783583
  </id>
  <name>
   Adidas Jacket S-1556
  </name>
  <category>
   Jacket
  </category>
  <size>
   S
  </size>
  <color>
   Голубой
  </color>
  <material>
   Хлопок
  </material>
  <price>
   635437
  </price>
  <rating>
   3.86
  </rating>
  <reviews>
   222324
  </reviews>
  <new>
   +
  </new>
  <exclusive>
   no
  </exclusive>
  <sporty>
   yes
  </sporty>
 </clothing>
 <clothing>
  <id>
   290377914
  </id>
  <name>
   PleinSport Dress T-6262
  </name>
  <category>
   Dress
  </category>
  <size>
   S
  </size>
  <color>
   Фиолетовый
  </color>
  <material>
   Полиэстер
  </material>
  <price>
   418158
  </price>
  <rating>
   2.02
  </rating>
  <reviews>
   517231
  </reviews>
  <new>
   +
  </new>
  <exclusive>
   no
  </exclusive>
  <sporty>
   no
  </sporty>
 </clothing>
 <clothing>
  <id>
   260731383
  </id>
  <name>
   Converse Hat H-3151
  </name>
  <category>
   Hat
  </category>
  <size>
   L
  </size>
  <color>
   Фиолетовый
  </color>
  <material>
   Нейлон
  </material>
  <price>
   519465
  </price>
  <rating>
   4.54
  </rating>
  <reviews>
   228425
  </reviews>
  <new>
   -
  </new>
  <exclusive>
   yes
  </exclusive>
 </clothing>
 <clothing>
  <id>
   799034919
  </id>
  <name>
   Converse Blouse O-8291
  </name>
  <category>
   Blouse
  </category>
  <size>
   S
  </size>
  <color>
   Зеленый
  </color>
  <material>
   Шелк
  </material>
  <price>
   653014
  </price>
  <rating>
   2.0
  </rating>
  <reviews>
   104916
  </reviews>
  <new>
   -
  </new>
  <exclusive>
   no
  </exclusive>
 </clothing>
 <clothing>
  <id>
   634688229
  </id>
  <name>
   Addidas Handbags K-3220
  </name>
  <category>
   Handbags
  </category>
  <size>
   XL
  </size>
  <color>
   Оранжевый
  </color>
  <material>
   Полиэстер
  </material>
  <price>
   268887
  </price>
  <rating>
   2.09
  </rating>
  <reviews>
   988728
  </reviews>
  <new>
   -
  </new>
  <exclusive>
   yes
  </exclusive>
  <sporty>
   no
  </sporty>
 </clothing>
 <clothing>
  <id>
   362402696
  </id>
  <name>
   Converse Skirt J-3581
  </name>
  <category>
   Skirt
  </category>
  <size>
   M
  </size>
  <color>
   Синий
  </color>
  <material>
   Вискоза
  </material>
  <price>
   483893
  </price>
  <rating>
   2.55
  </rating>
  <reviews>
   879551
  </reviews>
 </clothing>
 <clothing>
  <id>
   779371893
  </id>
  <name>
   Vans Shoes L-1083
  </name>
  <category>
   Shoes
  </category>
  <size>
   L
  </size>
  <color>
   Голубой
  </color>
  <material>
   Кожа
  </material>
  <price>
   137061
  </price>
  <rating>
   1.8
  </rating>
  <reviews>
   565100
  </reviews>
  <new>
   +
  </new>
  <sporty>
   yes
  </sporty>
 </clothing>
 <clothing>
  <id>
   432921454
  </id>
  <name>
   DC Umbrellas W-4870
  </name>
  <category>
   Umbrellas
  </category>
  <size>
   S
  </size>
  <color>
   Фиолетовый
  </color>
  <material>
   Нейлон
  </material>
  <price>
   812232
  </price>
  <rating>
   1.52
  </rating>
  <reviews>
   52721
  </reviews>
  <new>
   -
  </new>
 </clothing>
 <clothing>
  <id>
   639586916
  </id>
  <name>
   Addidas Gloves F-9528
  </name>
  <category>
   Gloves
  </category>
  <size>
   XXL
  </size>
  <color>
   Фиолетовый
  </color>
  <material>
   Кожа
  </material>
  <price>
   846269
  </price>
  <rating>
   2.21
  </rating>
  <reviews>
   168037
  </reviews>
  <sporty>
   no
  </sporty>
 </clothing>
 <clothing>
  <id>
   402890849
  </id>
  <name>
   Ellesse Socks V-1562
  </name>
  <category>
   Socks
  </category>
  <size>
   M
  </size>
  <color>
   Зеленый
  </color>
  <material>
   Шерсть
  </material>
  <price>
   592445
  </price>
  <rating>
   1.08
  </rating>
  <reviews>
   104128
  </reviews>
  <new>
   +
  </new>
 </clothing>
 <clothing>
  <id>
   382965572
  </id>
  <name>
   Under Armour Hat A-7402
  </name>
  <category>
   Hat
  </category>
  <size>
   L
  </size>
  <color>
   Фиолетовый
  </color>
  <material>
   Вискоза
  </material>
  <price>
   947408
  </price>
  <rating>
   1.42
  </rating>
  <reviews>
   507248
  </reviews>
 </clothing>
 <clothing>
  <id>
   736195677
  </id>
  <name>
   Brooks Jacket X-4466
  </name>
  <category>
   Jacket
  </category>
  <size>
   S
  </size>
  <color>
   Красный
  </color>
  <material>
   Хлопок
  </material>
  <price>
   970956
  </price>
  <rating>
   4.52
  </rating>
  <reviews>
   960766
  </reviews>
  <new>
   +
  </new>
  <sporty>
   no
  </sporty>
 </clothing>
 <clothing>
  <id>
   319303269
  </id>
  <name>
   Converse Sweater G-2502
  </name>
  <category>
   Sweater
  </category>
  <size>
   L
  </size>
  <color>
   Желтый
  </color>
  <material>
   Вискоза
  </material>
  <price>
   192204
  </price>
  <rating>
   3.83
  </rating>
  <reviews>
   385263
  </reviews>
  <new>
   -
  </new>
 </clothing>
 <clothing>
  <id>
   928863614
  </id>
  <name>
   Lacoste Jacket Y-6931
  </name>
  <category>
   Jacket
  </category>
  <size>
   M
  </size>
  <color>
   Голубой
  </color>
  <material>
   Лен
  </material>
  <price>
   678231
  </price>
  <rating>
   2.85
  </rating>
  <reviews>
   980062
  </reviews>
  <new>
   +
  </new>
  <exclusive>
   yes
  </exclusive>
  <sporty>
   no
  </sporty>
 </clothing>
 <clothing>
  <id>
   944009598
  </id>
  <name>
   Adidas Jeans W-9081
  </name>
  <category>
   Jeans
  </category>
  <size>
   L
  </size>
  <color>
   Голубой
  </color>
  <material>
   Шелк
  </material>
  <price>
   540222
  </price>
  <rating>
   1.07
  </rating>
  <reviews>
   847783
  </reviews>
  <exclusive>
   no
  </exclusive>
 </clothing>
 <clothing>
  <id>
   547930077
  </id>
  <name>
   Brooks Hat O-3053
  </name>
  <category>
   Hat
  </category>
  <size>
   XL
  </size>
  <color>
   Красный
  </color>
  <material>
   Шелк
  </material>
  <price>
   821380
  </price>
  <rating>
   3.41
  </rating>
  <reviews>
   585105
  </reviews>
  <new>
   -
  </new>
  <exclusive>
   yes
  </exclusive>
  <sporty>
   yes
  </sporty>
 </clothing>
 <clothing>
  <id>
   942250194
  </id>
  <name>
   Converse Hat M-6752
  </name>
  <category>
   Hat
  </category>
  <size>
   S
  </size>
  <color>
   Красный
  </color>
  <material>
   Вискоза
  </material>
  <price>
   989672
  </price>
  <rating>
   1.63
  </rating>
  <reviews>
   467654
  </reviews>
  <new>
   +
  </new>
 </clothing>
</clothing-items>
