<?xml version="1.0" encoding="utf-8"?>
<clothing-items>
 <clothing>
  <id>
   523256195
  </id>
  <name>
   Under Armour Belts H-4810
  </name>
  <category>
   Belts
  </category>
  <size>
   XL
  </size>
  <color>
   Красный
  </color>
  <material>
   Лен
  </material>
  <price>
   910861
  </price>
  <rating>
   4.43
  </rating>
  <reviews>
   748435
  </reviews>
  <new>
   -
  </new>
  <exclusive>
   no
  </exclusive>
 </clothing>
 <clothing>
  <id>
   472483668
  </id>
  <name>
   Brooks Sweater U-1295
  </name>
  <category>
   Sweater
  </category>
  <size>
   XL
  </size>
  <color>
   Желтый
  </color>
  <material>
   Полиэстер
  </material>
  <price>
   237248
  </price>
  <rating>
   2.78
  </rating>
  <reviews>
   800553
  </reviews>
  <new>
   -
  </new>
  <exclusive>
   no
  </exclusive>
 </clothing>
 <clothing>
  <id>
   115538207
  </id>
  <name>
   PleinSport Dress Z-4199
  </name>
  <category>
   Dress
  </category>
  <size>
   XL
  </size>
  <color>
   Синий
  </color>
  <material>
   Вискоза
  </material>
  <price>
   428678
  </price>
  <rating>
   3.17
  </rating>
  <reviews>
   556170
  </reviews>
  <new>
   +
  </new>
 </clothing>
 <clothing>
  <id>
   924981507
  </id>
  <name>
   Addidas Sweater D-6038
  </name>
  <category>
   Sweater
  </category>
  <size>
   XL
  </size>
  <color>
   Синий
  </color>
  <material>
   Шелк
  </material>
  <price>
   831790
  </price>
  <rating>
   4.41
  </rating>
  <reviews>
   904884
  </reviews>
 </clothing>
 <clothing>
  <id>
   295604643
  </id>
  <name>
   Lacoste Jeans F-1576
  </name>
  <category>
   Jeans
  </category>
  <size>
   M
  </size>
  <color>
   Оранжевый
  </color>
  <material>
   Лен
  </material>
  <price>
   697894
  </price>
  <rating>
   2.97
  </rating>
  <reviews>
   28360
  </reviews>
  <new>
   -
  </new>
  <exclusive>
   yes
  </exclusive>
  <sporty>
   no
  </sporty>
 </clothing>
 <clothing>
  <id>
   131464651
  </id>
  <name>
   DC Umbrellas U-5341
  </name>
  <category>
   Umbrellas
  </category>
  <size>
   XXL
  </size>
  <color>
   Синий
  </color>
  <material>
   Полиэстер
  </material>
  <price>
   433075
  </price>
  <rating>
   3.1
  </rating>
  <reviews>
   151349
  </reviews>
 </clothing>
 <clothing>
  <id>
   690599676
  </id>
  <name>
   Puma Umbrellas Y-9455
  </name>
  <category>
   Umbrellas
  </category>
  <size>
   L
  </size>
  <color>
   Оранжевый
  </color>
  <material>
   Лен
  </material>
  <price>
   639775
  </price>
  <rating>
   4.34
  </rating>
  <reviews>
   525780
  </reviews>
  <exclusive>
   no
  </exclusive>
  <sporty>
   yes
  </sporty>
 </clothing>
 <clothing>
  <id>
   820894300
  </id>
  <name>
   Nike Socks Z-9436
  </name>
  <category>
   Socks
  </category>
  <size>
   S
  </size>
  <color>
   Зеленый
  </color>
  <material>
   Шерсть
  </material>
  <price>
   546856
  </price>
  <rating>
   1.82
  </rating>
  <reviews>
   334188
  </reviews>
  <exclusive>
   no
  </exclusive>
  <sporty>
   no
  </sporty>
 </clothing>
 <clothing>
  <id>
   822566463
  </id>
  <name>
   Under Armour Sweater L-7791
  </name>
  <category>
   Sweater
  </category>
  <size>
   M
  </size>
  <color>
   Зеленый
  </color>
  <material>
   Кожа
  </material>
  <price>
   962170
  </price>
  <rating>
   4.45
  </rating>
  <reviews>
   357895
  </reviews>
  <new>
   -
  </new>
  <exclusive>
   no
  </exclusive>
 </clothing>
 <clothing>
  <id>
   985283054
  </id>
  <name>
   New Balance Handbags Z-8788
  </name>
  <category>
   Handbags
  </category>
  <size>
   M
  </size>
  <color>
   Желтый
  </color>
  <material>
   Полиэстер
  </material>
  <price>
   388076
  </price>
  <rating>
   3.29
  </rating>
  <reviews>
   95475
  </reviews>
  <new>
   -
  </new>
 </clothing>
 <clothing>
  <id>
   909442235
  </id>
  <name>
   Asics Dress J-5491
  </name>
  <category>
   Dress
  </category>
  <size>
   XL
  </size>
  <color>
   Красный
  </color>
  <material>
   Нейлон
  </material>
  <price>
   344581
  </price>
  <rating>
   3.27
  </rating>
  <reviews>
   670788
  </reviews>
  <new>
   -
  </new>
  <exclusive>
   yes
  </exclusive>
 </clothing>
 <clothing>
  <id>
   803849318
  </id>
  <name>
   DC Socks P-9253
  </name>
  <category>
   Socks
  </category>
  <size>
   M
  </size>
  <color>
   Красный
  </color>
  <material>
   Шерсть
  </material>
  <price>
   212446
  </price>
  <rating>
   1.57
  </rating>
  <reviews>
   570638
  </reviews>
  <new>
   -
  </new>
  <sporty>
   no
  </sporty>
 </clothing>
 <clothing>
  <id>
   762852399
  </id>
  <name>
   Converse Hat F-1213
  </name>
  <category>
   Hat
  </category>
  <size>
   XL
  </size>
  <color>
   Желтый
  </color>
  <material>
   Лен
  </material>
  <price>
   823306
  </price>
  <rating>
   1.75
  </rating>
  <reviews>
   777204
  </reviews>
 </clothing>
 <clothing>
  <id>
   834301224
  </id>
  <name>
   PleinSport Jacket L-4372
  </name>
  <category>
   Jacket
  </category>
  <size>
   L
  </size>
  <color>
   Фиолетовый
  </color>
  <material>
   Вискоза
  </material>
  <price>
   359339
  </price>
  <rating>
   1.08
  </rating>
  <reviews>
   875680
  </reviews>
  <exclusive>
   yes
  </exclusive>
 </clothing>
</clothing-items>
