<?xml version="1.0" encoding="utf-8"?>
<clothing-items>
 <clothing>
  <id>
   648562865
  </id>
  <name>
   PleinSport Umbrellas Y-7740
  </name>
  <category>
   Umbrellas
  </category>
  <size>
   L
  </size>
  <color>
   Фиолетовый
  </color>
  <material>
   Вискоза
  </material>
  <price>
   853988
  </price>
  <rating>
   2.81
  </rating>
  <reviews>
   256880
  </reviews>
  <new>
   +
  </new>
 </clothing>
 <clothing>
  <id>
   616158534
  </id>
  <name>
   Converse Socks G-2868
  </name>
  <category>
   Socks
  </category>
  <size>
   XXL
  </size>
  <color>
   Зеленый
  </color>
  <material>
   Хлопок
  </material>
  <price>
   129278
  </price>
  <rating>
   1.27
  </rating>
  <reviews>
   891635
  </reviews>
  <new>
   -
  </new>
  <exclusive>
   yes
  </exclusive>
  <sporty>
   yes
  </sporty>
 </clothing>
 <clothing>
  <id>
   546098885
  </id>
  <name>
   New Balance Sweater H-4367
  </name>
  <category>
   Sweater
  </category>
  <size>
   S
  </size>
  <color>
   Красный
  </color>
  <material>
   Полиэстер
  </material>
  <price>
   878120
  </price>
  <rating>
   2.3
  </rating>
  <reviews>
   304531
  </reviews>
  <new>
   +
  </new>
  <exclusive>
   no
  </exclusive>
 </clothing>
 <clothing>
  <id>
   943006134
  </id>
  <name>
   DC Shirt H-9980
  </name>
  <category>
   Shirt
  </category>
  <size>
   XXL
  </size>
  <color>
   Синий
  </color>
  <material>
   Нейлон
  </material>
  <price>
   789226
  </price>
  <rating>
   1.83
  </rating>
  <reviews>
   574019
  </reviews>
  <exclusive>
   no
  </exclusive>
  <sporty>
   yes
  </sporty>
 </clothing>
 <clothing>
  <id>
   978705975
  </id>
  <name>
   PleinSport Shoes X-5014
  </name>
  <category>
   Shoes
  </category>
  <size>
   M
  </size>
  <color>
   Желтый
  </color>
  <material>
   Полиэстер
  </material>
  <price>
   835428
  </price>
  <rating>
   1.24
  </rating>
  <reviews>
   635716
  </reviews>
  <new>
   +
  </new>
  <sporty>
   yes
  </sporty>
 </clothing>
 <clothing>
  <id>
   816747743
  </id>
  <name>
   Adidas Umbrellas L-3587
  </name>
  <category>
   Umbrellas
  </category>
  <size>
   M
  </size>
  <color>
   Синий
  </color>
  <material>
   Лен
  </material>
  <price>
   477276
  </price>
  <rating>
   2.0
  </rating>
  <reviews>
   817702
  </reviews>
  <new>
   +
  </new>
  <sporty>
   yes
  </sporty>
 </clothing>
 <clothing>
  <id>
   735873667
  </id>
  <name>
   Reebok Dress H-8540
  </name>
  <category>
   Dress
  </category>
  <size>
   M
  </size>
  <color>
   Желтый
  </color>
  <material>
   Вискоза
  </material>
  <price>
   490119
  </price>
  <rating>
   4.16
  </rating>
  <reviews>
   175467
  </reviews>
  <new>
   +
  </new>
  <exclusive>
   no
  </exclusive>
  <sporty>
   yes
  </sporty>
 </clothing>
 <clothing>
  <id>
   871478652
  </id>
  <name>
   DC T-shirt X-3754
  </name>
  <category>
   T-shirt
  </category>
  <size>
   S
  </size>
  <color>
   Голубой
  </color>
  <material>
   Лен
  </material>
  <price>
   667932
  </price>
  <rating>
   2.85
  </rating>
  <reviews>
   137695
  </reviews>
  <new>
   -
  </new>
  <sporty>
   no
  </sporty>
 </clothing>
 <clothing>
  <id>
   806941501
  </id>
  <name>
   Nike Umbrellas Y-2499
  </name>
  <category>
   Umbrellas
  </category>
  <size>
   XL
  </size>
  <color>
   Фиолетовый
  </color>
  <material>
   Шерсть
  </material>
  <price>
   582046
  </price>
  <rating>
   1.71
  </rating>
  <reviews>
   880368
  </reviews>
  <new>
   +
  </new>
  <exclusive>
   yes
  </exclusive>
 </clothing>
 <clothing>
  <id>
   974731728
  </id>
  <name>
   Puma T-shirt B-6913
  </name>
  <category>
   T-shirt
  </category>
  <size>
   M
  </size>
  <color>
   Красный
  </color>
  <material>
   Шелк
  </material>
  <price>
   180761
  </price>
  <rating>
   2.25
  </rating>
  <reviews>
   214083
  </reviews>
 </clothing>
 <clothing>
  <id>
   613996217
  </id>
  <name>
   Converse Jeans D-9682
  </name>
  <category>
   Jeans
  </category>
  <size>
   L
  </size>
  <color>
   Желтый
  </color>
  <material>
   Хлопок
  </material>
  <price>
   210640
  </price>
  <rating>
   2.58
  </rating>
  <reviews>
   554446
  </reviews>
  <sporty>
   yes
  </sporty>
 </clothing>
 <clothing>
  <id>
   772291132
  </id>
  <name>
   Reebok Socks A-8524
  </name>
  <category>
   Socks
  </category>
  <size>
   M
  </size>
  <color>
   Фиолетовый
  </color>
  <material>
   Шерсть
  </material>
  <price>
   214530
  </price>
  <rating>
   2.35
  </rating>
  <reviews>
   201368
  </reviews>
  <new>
   +
  </new>
  <exclusive>
   no
  </exclusive>
  <sporty>
   yes
  </sporty>
 </clothing>
 <clothing>
  <id>
   630527150
  </id>
  <name>
   Ellesse Socks C-7802
  </name>
  <category>
   Socks
  </category>
  <size>
   M
  </size>
  <color>
   Желтый
  </color>
  <material>
   Шелк
  </material>
  <price>
   769815
  </price>
  <rating>
   4.45
  </rating>
  <reviews>
   948336
  </reviews>
  <new>
   -
  </new>
  <sporty>
   no
  </sporty>
 </clothing>
 <clothing>
  <id>
   304897803
  </id>
  <name>
   Reebok T-shirt X-4443
  </name>
  <category>
   T-shirt
  </category>
  <size>
   XL
  </size>
  <color>
   Синий
  </color>
  <material>
   Кожа
  </material>
  <price>
   430754
  </price>
  <rating>
   2.33
  </rating>
  <reviews>
   883111
  </reviews>
  <new>
   -
  </new>
  <exclusive>
   no
  </exclusive>
 </clothing>
 <clothing>
  <id>
   923326076
  </id>
  <name>
   Ellesse Skirt S-5052
  </name>
  <category>
   Skirt
  </category>
  <size>
   XXL
  </size>
  <color>
   Оранжевый
  </color>
  <material>
   Вискоза
  </material>
  <price>
   459911
  </price>
  <rating>
   2.01
  </rating>
  <reviews>
   790617
  </reviews>
  <exclusive>
   yes
  </exclusive>
 </clothing>
 <clothing>
  <id>
   475583116
  </id>
  <name>
   Under Armour Handbags O-3123
  </name>
  <category>
   Handbags
  </category>
  <size>
   S
  </size>
  <color>
   Голубой
  </color>
  <material>
   Нейлон
  </material>
  <price>
   871533
  </price>
  <rating>
   3.55
  </rating>
  <reviews>
   931198
  </reviews>
  <new>
   +
  </new>
  <exclusive>
   yes
  </exclusive>
 </clothing>
 <clothing>
  <id>
   323545383
  </id>
  <name>
   Ellesse Skirt K-6045
  </name>
  <category>
   Skirt
  </category>
  <size>
   XL
  </size>
  <color>
   Оранжевый
  </color>
  <material>
   Нейлон
  </material>
  <price>
   288170
  </price>
  <rating>
   1.94
  </rating>
  <reviews>
   846850
  </reviews>
  <new>
   -
  </new>
  <exclusive>
   no
  </exclusive>
  <sporty>
   no
  </sporty>
 </clothing>
 <clothing>
  <id>
   392743372
  </id>
  <name>
   Converse Sweater G-3305
  </name>
  <category>
   Sweater
  </category>
  <size>
   M
  </size>
  <color>
   Желтый
  </color>
  <material>
   Нейлон
  </material>
  <price>
   386886
  </price>
  <rating>
   3.02
  </rating>
  <reviews>
   942517
  </reviews>
  <exclusive>
   no
  </exclusive>
  <sporty>
   yes
  </sporty>
 </clothing>
 <clothing>
  <id>
   410351027
  </id>
  <name>
   Asics Hat U-3545
  </name>
  <category>
   Hat
  </category>
  <size>
   M
  </size>
  <color>
   Синий
  </color>
  <material>
   Шелк
  </material>
  <price>
   258525
  </price>
  <rating>
   1.39
  </rating>
  <reviews>
   550338
  </reviews>
  <new>
   -
  </new>
  <exclusive>
   yes
  </exclusive>
 </clothing>
 <clothing>
  <id>
   977003327
  </id>
  <name>
   DC Umbrellas S-2539
  </name>
  <category>
   Umbrellas
  </category>
  <size>
   L
  </size>
  <color>
   Голубой
  </color>
  <material>
   Вискоза
  </material>
  <price>
   774103
  </price>
  <rating>
   1.34
  </rating>
  <reviews>
   513847
  </reviews>
  <exclusive>
   no
  </exclusive>
 </clothing>
 <clothing>
  <id>
   128352960
  </id>
  <name>
   Reebok Gloves R-8167
  </name>
  <category>
   Gloves
  </category>
  <size>
   XXL
  </size>
  <color>
   Фиолетовый
  </color>
  <material>
   Шерсть
  </material>
  <price>
   477701
  </price>
  <rating>
   4.61
  </rating>
  <reviews>
   743532
  </reviews>
  <new>
   +
  </new>
  <exclusive>
   no
  </exclusive>
  <sporty>
   no
  </sporty>
 </clothing>
 <clothing>
  <id>
   157101583
  </id>
  <name>
   Converse Shirt K-4327
  </name>
  <category>
   Shirt
  </category>
  <size>
   L
  </size>
  <color>
   Фиолетовый
  </color>
  <material>
   Хлопок
  </material>
  <price>
   584928
  </price>
  <rating>
   3.09
  </rating>
  <reviews>
   133921
  </reviews>
  <new>
   +
  </new>
  <exclusive>
   yes
  </exclusive>
 </clothing>
 <clothing>
  <id>
   406155046
  </id>
  <name>
   DC Belts A-7188
  </name>
  <category>
   Belts
  </category>
  <size>
   M
  </size>
  <color>
   Голубой
  </color>
  <material>
   Полиэстер
  </material>
  <price>
   845593
  </price>
  <rating>
   3.04
  </rating>
  <reviews>
   883302
  </reviews>
  <exclusive>
   no
  </exclusive>
  <sporty>
   no
  </sporty>
 </clothing>
</clothing-items>
