<?xml version="1.0" encoding="utf-8"?>
<clothing-items>
 <clothing>
  <id>
   710029450
  </id>
  <name>
   Converse Sweater T-4939
  </name>
  <category>
   Sweater
  </category>
  <size>
   XXL
  </size>
  <color>
   Фиолетовый
  </color>
  <material>
   Лен
  </material>
  <price>
   809751
  </price>
  <rating>
   3.27
  </rating>
  <reviews>
   245363
  </reviews>
  <new>
   -
  </new>
  <sporty>
   no
  </sporty>
 </clothing>
 <clothing>
  <id>
   713676645
  </id>
  <name>
   Puma Hat N-5014
  </name>
  <category>
   Hat
  </category>
  <size>
   M
  </size>
  <color>
   Фиолетовый
  </color>
  <material>
   Хлопок
  </material>
  <price>
   711672
  </price>
  <rating>
   1.75
  </rating>
  <reviews>
   858223
  </reviews>
  <sporty>
   no
  </sporty>
 </clothing>
 <clothing>
  <id>
   644952151
  </id>
  <name>
   Puma Socks S-9276
  </name>
  <category>
   Socks
  </category>
  <size>
   S
  </size>
  <color>
   Оранжевый
  </color>
  <material>
   Нейлон
  </material>
  <price>
   165834
  </price>
  <rating>
   4.58
  </rating>
  <reviews>
   68794
  </reviews>
  <new>
   +
  </new>
  <exclusive>
   yes
  </exclusive>
  <sporty>
   no
  </sporty>
 </clothing>
 <clothing>
  <id>
   912896817
  </id>
  <name>
   Ellesse Handbags C-9902
  </name>
  <category>
   Handbags
  </category>
  <size>
   XXL
  </size>
  <color>
   Красный
  </color>
  <material>
   Кожа
  </material>
  <price>
   805882
  </price>
  <rating>
   2.98
  </rating>
  <reviews>
   217591
  </reviews>
  <new>
   -
  </new>
  <exclusive>
   yes
  </exclusive>
  <sporty>
   no
  </sporty>
 </clothing>
 <clothing>
  <id>
   978530035
  </id>
  <name>
   Under Armour Gloves F-9445
  </name>
  <category>
   Gloves
  </category>
  <size>
   M
  </size>
  <color>
   Синий
  </color>
  <material>
   Нейлон
  </material>
  <price>
   661923
  </price>
  <rating>
   1.7
  </rating>
  <reviews>
   657595
  </reviews>
  <new>
   -
  </new>
  <exclusive>
   no
  </exclusive>
  <sporty>
   yes
  </sporty>
 </clothing>
 <clothing>
  <id>
   470562967
  </id>
  <name>
   DC Hat A-6902
  </name>
  <category>
   Hat
  </category>
  <size>
   S
  </size>
  <color>
   Голубой
  </color>
  <material>
   Лен
  </material>
  <price>
   218731
  </price>
  <rating>
   4.58
  </rating>
  <reviews>
   454665
  </reviews>
 </clothing>
 <clothing>
  <id>
   628323270
  </id>
  <name>
   Adidas Gloves M-7769
  </name>
  <category>
   Gloves
  </category>
  <size>
   L
  </size>
  <color>
   Голубой
  </color>
  <material>
   Шелк
  </material>
  <price>
   735609
  </price>
  <rating>
   4.78
  </rating>
  <reviews>
   588114
  </reviews>
 </clothing>
 <clothing>
  <id>
   271158226
  </id>
  <name>
   Reebok Jacket I-5180
  </name>
  <category>
   Jacket
  </category>
  <size>
   S
  </size>
  <color>
   Синий
  </color>
  <material>
   Нейлон
  </material>
  <price>
   400614
  </price>
  <rating>
   4.95
  </rating>
  <reviews>
   110065
  </reviews>
  <new>
   +
  </new>
 </clothing>
 <clothing>
  <id>
   299224803
  </id>
  <name>
   Brooks Handbags S-3681
  </name>
  <category>
   Handbags
  </category>
  <size>
   M
  </size>
  <color>
   Голубой
  </color>
  <material>
   Шерсть
  </material>
  <price>
   252279
  </price>
  <rating>
   4.77
  </rating>
  <reviews>
   710008
  </reviews>
  <new>
   -
  </new>
  <exclusive>
   no
  </exclusive>
 </clothing>
 <clothing>
  <id>
   257050964
  </id>
  <name>
   Reebok Dress Z-8322
  </name>
  <category>
   Dress
  </category>
  <size>
   L
  </size>
  <color>
   Синий
  </color>
  <material>
   Шерсть
  </material>
  <price>
   740012
  </price>
  <rating>
   4.17
  </rating>
  <reviews>
   741532
  </reviews>
  <new>
   +
  </new>
  <sporty>
   no
  </sporty>
 </clothing>
 <clothing>
  <id>
   881965622
  </id>
  <name>
   Converse Socks M-5623
  </name>
  <category>
   Socks
  </category>
  <size>
   L
  </size>
  <color>
   Голубой
  </color>
  <material>
   Шерсть
  </material>
  <price>
   763824
  </price>
  <rating>
   4.48
  </rating>
  <reviews>
   352440
  </reviews>
  <new>
   -
  </new>
  <sporty>
   yes
  </sporty>
 </clothing>
 <clothing>
  <id>
   122338639
  </id>
  <name>
   Reebok Dress I-8231
  </name>
  <category>
   Dress
  </category>
  <size>
   S
  </size>
  <color>
   Зеленый
  </color>
  <material>
   Полиэстер
  </material>
  <price>
   144485
  </price>
  <rating>
   1.39
  </rating>
  <reviews>
   200178
  </reviews>
  <new>
   +
  </new>
  <sporty>
   yes
  </sporty>
 </clothing>
 <clothing>
  <id>
   639539950
  </id>
  <name>
   Asics Socks Z-3574
  </name>
  <category>
   Socks
  </category>
  <size>
   XXL
  </size>
  <color>
   Красный
  </color>
  <material>
   Полиэстер
  </material>
  <price>
   702975
  </price>
  <rating>
   2.63
  </rating>
  <reviews>
   120123
  </reviews>
  <sporty>
   no
  </sporty>
 </clothing>
 <clothing>
  <id>
   135997659
  </id>
  <name>
   Asics Shirt R-8491
  </name>
  <category>
   Shirt
  </category>
  <size>
   XL
  </size>
  <color>
   Желтый
  </color>
  <material>
   Нейлон
  </material>
  <price>
   401516
  </price>
  <rating>
   1.33
  </rating>
  <reviews>
   716442
  </reviews>
  <new>
   -
  </new>
  <sporty>
   yes
  </sporty>
 </clothing>
 <clothing>
  <id>
   332204354
  </id>
  <name>
   Ellesse Shirt I-8031
  </name>
  <category>
   Shirt
  </category>
  <size>
   XXL
  </size>
  <color>
   Голубой
  </color>
  <material>
   Нейлон
  </material>
  <price>
   378682
  </price>
  <rating>
   4.56
  </rating>
  <reviews>
   459919
  </reviews>
  <new>
   -
  </new>
  <sporty>
   no
  </sporty>
 </clothing>
 <clothing>
  <id>
   460074339
  </id>
  <name>
   Adidas Socks L-3256
  </name>
  <category>
   Socks
  </category>
  <size>
   L
  </size>
  <color>
   Желтый
  </color>
  <material>
   Вискоза
  </material>
  <price>
   331839
  </price>
  <rating>
   2.11
  </rating>
  <reviews>
   908114
  </reviews>
  <new>
   -
  </new>
  <sporty>
   no
  </sporty>
 </clothing>
 <clothing>
  <id>
   317507728
  </id>
  <name>
   PleinSport Pants H-1221
  </name>
  <category>
   Pants
  </category>
  <size>
   S
  </size>
  <color>
   Красный
  </color>
  <material>
   Хлопок
  </material>
  <price>
   312029
  </price>
  <rating>
   1.13
  </rating>
  <reviews>
   722779
  </reviews>
  <exclusive>
   yes
  </exclusive>
  <sporty>
   no
  </sporty>
 </clothing>
 <clothing>
  <id>
   472333872
  </id>
  <name>
   Adidas Sweater Y-1325
  </name>
  <category>
   Sweater
  </category>
  <size>
   L
  </size>
  <color>
   Красный
  </color>
  <material>
   Кожа
  </material>
  <price>
   780173
  </price>
  <rating>
   2.18
  </rating>
  <reviews>
   628522
  </reviews>
  <sporty>
   yes
  </sporty>
 </clothing>
 <clothing>
  <id>
   580638364
  </id>
  <name>
   Addidas Umbrellas N-2142
  </name>
  <category>
   Umbrellas
  </category>
  <size>
   XL
  </size>
  <color>
   Оранжевый
  </color>
  <material>
   Хлопок
  </material>
  <price>
   163651
  </price>
  <rating>
   3.87
  </rating>
  <reviews>
   737642
  </reviews>
  <new>
   +
  </new>
 </clothing>
 <clothing>
  <id>
   797876856
  </id>
  <name>
   Adidas Belts C-6166
  </name>
  <category>
   Belts
  </category>
  <size>
   XXL
  </size>
  <color>
   Красный
  </color>
  <material>
   Нейлон
  </material>
  <price>
   560864
  </price>
  <rating>
   4.67
  </rating>
  <reviews>
   670659
  </reviews>
  <new>
   -
  </new>
  <exclusive>
   yes
  </exclusive>
 </clothing>
 <clothing>
  <id>
   177937523
  </id>
  <name>
   Lacoste Blouse B-9098
  </name>
  <category>
   Blouse
  </category>
  <size>
   XL
  </size>
  <color>
   Красный
  </color>
  <material>
   Полиэстер
  </material>
  <price>
   875886
  </price>
  <rating>
   4.4
  </rating>
  <reviews>
   803072
  </reviews>
  <new>
   +
  </new>
  <exclusive>
   no
  </exclusive>
 </clothing>
 <clothing>
  <id>
   280280317
  </id>
  <name>
   DC Belts A-7598
  </name>
  <category>
   Belts
  </category>
  <size>
   M
  </size>
  <color>
   Оранжевый
  </color>
  <material>
   Полиэстер
  </material>
  <price>
   753497
  </price>
  <rating>
   2.8
  </rating>
  <reviews>
   571874
  </reviews>
  <new>
   +
  </new>
  <exclusive>
   no
  </exclusive>
  <sporty>
   yes
  </sporty>
 </clothing>
 <clothing>
  <id>
   896528963
  </id>
  <name>
   Reebok Dress L-3657
  </name>
  <category>
   Dress
  </category>
  <size>
   XXL
  </size>
  <color>
   Синий
  </color>
  <material>
   Хлопок
  </material>
  <price>
   460118
  </price>
  <rating>
   1.09
  </rating>
  <reviews>
   895213
  </reviews>
  <exclusive>
   no
  </exclusive>
 </clothing>
 <clothing>
  <id>
   153109425
  </id>
  <name>
   Ellesse Sweater P-5369
  </name>
  <category>
   Sweater
  </category>
  <size>
   M
  </size>
  <color>
   Зеленый
  </color>
  <material>
   Вискоза
  </material>
  <price>
   215154
  </price>
  <rating>
   4.16
  </rating>
  <reviews>
   373532
  </reviews>
  <new>
   -
  </new>
  <exclusive>
   no
  </exclusive>
 </clothing>
 <clothing>
  <id>
   336086424
  </id>
  <name>
   New Balance Skirt T-1941
  </name>
  <category>
   Skirt
  </category>
  <size>
   S
  </size>
  <color>
   Желтый
  </color>
  <material>
   Полиэстер
  </material>
  <price>
   354879
  </price>
  <rating>
   3.04
  </rating>
  <reviews>
   726569
  </reviews>
  <new>
   -
  </new>
  <sporty>
   yes
  </sporty>
 </clothing>
 <clothing>
  <id>
   970899979
  </id>
  <name>
   Adidas Skirt B-4362
  </name>
  <category>
   Skirt
  </category>
  <size>
   M
  </size>
  <color>
   Красный
  </color>
  <material>
   Кожа
  </material>
  <price>
   406254
  </price>
  <rating>
   2.75
  </rating>
  <reviews>
   274366
  </reviews>
  <sporty>
   yes
  </sporty>
 </clothing>
 <clothing>
  <id>
   293935879
  </id>
  <name>
   Reebok Shoes S-1430
  </name>
  <category>
   Shoes
  </category>
  <size>
   M
  </size>
  <color>
   Красный
  </color>
  <material>
   Шелк
  </material>
  <price>
   101466
  </price>
  <rating>
   1.96
  </rating>
  <reviews>
   430026
  </reviews>
  <exclusive>
   no
  </exclusive>
  <sporty>
   no
  </sporty>
 </clothing>
 <clothing>
  <id>
   718312407
  </id>
  <name>
   Adidas Shirt C-4197
  </name>
  <category>
   Shirt
  </category>
  <size>
   S
  </size>
  <color>
   Оранжевый
  </color>
  <material>
   Кожа
  </material>
  <price>
   259444
  </price>
  <rating>
   2.11
  </rating>
  <reviews>
   965423
  </reviews>
  <new>
   -
  </new>
 </clothing>
 <clothing>
  <id>
   462231321
  </id>
  <name>
   Brooks Gloves P-6139
  </name>
  <category>
   Gloves
  </category>
  <size>
   XXL
  </size>
  <color>
   Красный
  </color>
  <material>
   Лен
  </material>
  <price>
   875794
  </price>
  <rating>
   3.69
  </rating>
  <reviews>
   864539
  </reviews>
  <new>
   -
  </new>
  <sporty>
   no
  </sporty>
 </clothing>
 <clothing>
  <id>
   535485632
  </id>
  <name>
   Under Armour Skirt L-1227
  </name>
  <category>
   Skirt
  </category>
  <size>
   S
  </size>
  <color>
   Зеленый
  </color>
  <material>
   Нейлон
  </material>
  <price>
   632526
  </price>
  <rating>
   4.46
  </rating>
  <reviews>
   827166
  </reviews>
  <exclusive>
   no
  </exclusive>
  <sporty>
   no
  </sporty>
 </clothing>
 <clothing>
  <id>
   347834123
  </id>
  <name>
   Vans Pants M-5385
  </name>
  <category>
   Pants
  </category>
  <size>
   S
  </size>
  <color>
   Синий
  </color>
  <material>
   Лен
  </material>
  <price>
   312606
  </price>
  <rating>
   2.43
  </rating>
  <reviews>
   514375
  </reviews>
  <exclusive>
   no
  </exclusive>
  <sporty>
   no
  </sporty>
 </clothing>
 <clothing>
  <id>
   875415534
  </id>
  <name>
   Asics Belts E-7734
  </name>
  <category>
   Belts
  </category>
  <size>
   XL
  </size>
  <color>
   Синий
  </color>
  <material>
   Вискоза
  </material>
  <price>
   497973
  </price>
  <rating>
   4.14
  </rating>
  <reviews>
   402442
  </reviews>
 </clothing>
 <clothing>
  <id>
   790278196
  </id>
  <name>
   Brooks Hat L-5017
  </name>
  <category>
   Hat
  </category>
  <size>
   S
  </size>
  <color>
   Голубой
  </color>
  <material>
   Нейлон
  </material>
  <price>
   113932
  </price>
  <rating>
   2.92
  </rating>
  <reviews>
   810687
  </reviews>
  <new>
   -
  </new>
 </clothing>
 <clothing>
  <id>
   915608264
  </id>
  <name>
   DC Umbrellas F-9324
  </name>
  <category>
   Umbrellas
  </category>
  <size>
   L
  </size>
  <color>
   Желтый
  </color>
  <material>
   Шелк
  </material>
  <price>
   323695
  </price>
  <rating>
   1.43
  </rating>
  <reviews>
   539113
  </reviews>
  <new>
   -
  </new>
  <sporty>
   no
  </sporty>
 </clothing>
 <clothing>
  <id>
   765416117
  </id>
  <name>
   Nike Socks V-3073
  </name>
  <category>
   Socks
  </category>
  <size>
   XL
  </size>
  <color>
   Фиолетовый
  </color>
  <material>
   Шерсть
  </material>
  <price>
   552921
  </price>
  <rating>
   4.38
  </rating>
  <reviews>
   729462
  </reviews>
  <exclusive>
   yes
  </exclusive>
  <sporty>
   yes
  </sporty>
 </clothing>
 <clothing>
  <id>
   442982971
  </id>
  <name>
   PleinSport Umbrellas Y-2182
  </name>
  <category>
   Umbrellas
  </category>
  <size>
   M
  </size>
  <color>
   Синий
  </color>
  <material>
   Полиэстер
  </material>
  <price>
   243963
  </price>
  <rating>
   3.91
  </rating>
  <reviews>
   619515
  </reviews>
  <new>
   -
  </new>
  <exclusive>
   yes
  </exclusive>
  <sporty>
   yes
  </sporty>
 </clothing>
 <clothing>
  <id>
   499653445
  </id>
  <name>
   Lacoste Hat Y-4078
  </name>
  <category>
   Hat
  </category>
  <size>
   M
  </size>
  <color>
   Желтый
  </color>
  <material>
   Шерсть
  </material>
  <price>
   408891
  </price>
  <rating>
   2.31
  </rating>
  <reviews>
   781448
  </reviews>
  <new>
   -
  </new>
  <exclusive>
   no
  </exclusive>
 </clothing>
 <clothing>
  <id>
   592937324
  </id>
  <name>
   Asics Umbrellas P-5697
  </name>
  <category>
   Umbrellas
  </category>
  <size>
   XL
  </size>
  <color>
   Оранжевый
  </color>
  <material>
   Нейлон
  </material>
  <price>
   207793
  </price>
  <rating>
   4.34
  </rating>
  <reviews>
   562126
  </reviews>
  <new>
   -
  </new>
  <exclusive>
   yes
  </exclusive>
  <sporty>
   no
  </sporty>
 </clothing>
 <clothing>
  <id>
   767523347
  </id>
  <name>
   Addidas Jeans R-7919
  </name>
  <category>
   Jeans
  </category>
  <size>
   XL
  </size>
  <color>
   Оранжевый
  </color>
  <material>
   Хлопок
  </material>
  <price>
   161281
  </price>
  <rating>
   2.35
  </rating>
  <reviews>
   140787
  </reviews>
 </clothing>
 <clothing>
  <id>
   692678523
  </id>
  <name>
   Brooks Shoes M-3786
  </name>
  <category>
   Shoes
  </category>
  <size>
   XL
  </size>
  <color>
   Фиолетовый
  </color>
  <material>
   Кожа
  </material>
  <price>
   856361
  </price>
  <rating>
   1.55
  </rating>
  <reviews>
   527661
  </reviews>
  <sporty>
   no
  </sporty>
 </clothing>
 <clothing>
  <id>
   508522615
  </id>
  <name>
   Brooks Dress U-6786
  </name>
  <category>
   Dress
  </category>
  <size>
   S
  </size>
  <color>
   Голубой
  </color>
  <material>
   Шелк
  </material>
  <price>
   957894
  </price>
  <rating>
   1.97
  </rating>
  <reviews>
   676281
  </reviews>
  <exclusive>
   yes
  </exclusive>
  <sporty>
   no
  </sporty>
 </clothing>
 <clothing>
  <id>
   570139567
  </id>
  <name>
   Vans Hat Z-5337
  </name>
  <category>
   Hat
  </category>
  <size>
   L
  </size>
  <color>
   Фиолетовый
  </color>
  <material>
   Лен
  </material>
  <price>
   957254
  </price>
  <rating>
   1.81
  </rating>
  <reviews>
   402506
  </reviews>
  <new>
   -
  </new>
  <sporty>
   no
  </sporty>
 </clothing>
 <clothing>
  <id>
   536286646
  </id>
  <name>
   PleinSport Gloves E-3583
  </name>
  <category>
   Gloves
  </category>
  <size>
   L
  </size>
  <color>
   Голубой
  </color>
  <material>
   Полиэстер
  </material>
  <price>
   835956
  </price>
  <rating>
   4.8
  </rating>
  <reviews>
   102570
  </reviews>
 </clothing>
 <clothing>
  <id>
   656662011
  </id>
  <name>
   Nike T-shirt A-8814
  </name>
  <category>
   T-shirt
  </category>
  <size>
   S
  </size>
  <color>
   Красный
  </color>
  <material>
   Хлопок
  </material>
  <price>
   884848
  </price>
  <rating>
   3.23
  </rating>
  <reviews>
   169132
  </reviews>
 </clothing>
 <clothing>
  <id>
   203920102
  </id>
  <name>
   DC Gloves W-4095
  </name>
  <category>
   Gloves
  </category>
  <size>
   L
  </size>
  <color>
   Желтый
  </color>
  <material>
   Лен
  </material>
  <price>
   466390
  </price>
  <rating>
   3.6
  </rating>
  <reviews>
   705164
  </reviews>
  <new>
   -
  </new>
  <exclusive>
   yes
  </exclusive>
 </clothing>
 <clothing>
  <id>
   362027481
  </id>
  <name>
   Under Armour Hat Y-9282
  </name>
  <category>
   Hat
  </category>
  <size>
   XXL
  </size>
  <color>
   Голубой
  </color>
  <material>
   Шелк
  </material>
  <price>
   623202
  </price>
  <rating>
   3.34
  </rating>
  <reviews>
   756947
  </reviews>
 </clothing>
 <clothing>
  <id>
   610034591
  </id>
  <name>
   Addidas Pants W-1870
  </name>
  <category>
   Pants
  </category>
  <size>
   XXL
  </size>
  <color>
   Красный
  </color>
  <material>
   Хлопок
  </material>
  <price>
   977712
  </price>
  <rating>
   4.1
  </rating>
  <reviews>
   117448
  </reviews>
  <sporty>
   no
  </sporty>
 </clothing>
</clothing-items>
