<?xml version="1.0" encoding="utf-8"?>
<clothing-items>
 <clothing>
  <id>
   630644941
  </id>
  <name>
   Vans Socks G-8075
  </name>
  <category>
   Socks
  </category>
  <size>
   L
  </size>
  <color>
   Фиолетовый
  </color>
  <material>
   Нейлон
  </material>
  <price>
   464787
  </price>
  <rating>
   4.42
  </rating>
  <reviews>
   408590
  </reviews>
  <new>
   -
  </new>
  <exclusive>
   no
  </exclusive>
  <sporty>
   yes
  </sporty>
 </clothing>
 <clothing>
  <id>
   596188509
  </id>
  <name>
   DC Blouse Y-9097
  </name>
  <category>
   Blouse
  </category>
  <size>
   L
  </size>
  <color>
   Желтый
  </color>
  <material>
   Кожа
  </material>
  <price>
   732400
  </price>
  <rating>
   1.23
  </rating>
  <reviews>
   97879
  </reviews>
  <sporty>
   yes
  </sporty>
 </clothing>
 <clothing>
  <id>
   551023009
  </id>
  <name>
   Puma Shoes B-5671
  </name>
  <category>
   Shoes
  </category>
  <size>
   L
  </size>
  <color>
   Оранжевый
  </color>
  <material>
   Хлопок
  </material>
  <price>
   381680
  </price>
  <rating>
   4.58
  </rating>
  <reviews>
   314542
  </reviews>
  <new>
   +
  </new>
  <sporty>
   no
  </sporty>
 </clothing>
 <clothing>
  <id>
   888910607
  </id>
  <name>
   Fila Belts R-8415
  </name>
  <category>
   Belts
  </category>
  <size>
   XXL
  </size>
  <color>
   Фиолетовый
  </color>
  <material>
   Шелк
  </material>
  <price>
   123809
  </price>
  <rating>
   2.83
  </rating>
  <reviews>
   511239
  </reviews>
  <new>
   +
  </new>
  <exclusive>
   no
  </exclusive>
 </clothing>
 <clothing>
  <id>
   535658494
  </id>
  <name>
   Puma T-shirt U-4518
  </name>
  <category>
   T-shirt
  </category>
  <size>
   XL
  </size>
  <color>
   Зеленый
  </color>
  <material>
   Полиэстер
  </material>
  <price>
   821014
  </price>
  <rating>
   4.7
  </rating>
  <reviews>
   509999
  </reviews>
  <exclusive>
   yes
  </exclusive>
  <sporty>
   no
  </sporty>
 </clothing>
 <clothing>
  <id>
   227000238
  </id>
  <name>
   Fila Shoes V-9652
  </name>
  <category>
   Shoes
  </category>
  <size>
   M
  </size>
  <color>
   Фиолетовый
  </color>
  <material>
   Шерсть
  </material>
  <price>
   670625
  </price>
  <rating>
   4.5
  </rating>
  <reviews>
   991333
  </reviews>
  <sporty>
   no
  </sporty>
 </clothing>
 <clothing>
  <id>
   645822837
  </id>
  <name>
   Lacoste Handbags E-2791
  </name>
  <category>
   Handbags
  </category>
  <size>
   XL
  </size>
  <color>
   Синий
  </color>
  <material>
   Шелк
  </material>
  <price>
   786841
  </price>
  <rating>
   4.39
  </rating>
  <reviews>
   5570
  </reviews>
  <new>
   -
  </new>
  <exclusive>
   yes
  </exclusive>
  <sporty>
   no
  </sporty>
 </clothing>
 <clothing>
  <id>
   716577417
  </id>
  <name>
   Reebok Dress L-2009
  </name>
  <category>
   Dress
  </category>
  <size>
   S
  </size>
  <color>
   Оранжевый
  </color>
  <material>
   Полиэстер
  </material>
  <price>
   862972
  </price>
  <rating>
   3.22
  </rating>
  <reviews>
   770887
  </reviews>
  <new>
   -
  </new>
  <sporty>
   yes
  </sporty>
 </clothing>
 <clothing>
  <id>
   242959212
  </id>
  <name>
   Under Armour Shirt O-9397
  </name>
  <category>
   Shirt
  </category>
  <size>
   L
  </size>
  <color>
   Зеленый
  </color>
  <material>
   Кожа
  </material>
  <price>
   514618
  </price>
  <rating>
   1.81
  </rating>
  <reviews>
   912429
  </reviews>
  <exclusive>
   no
  </exclusive>
 </clothing>
 <clothing>
  <id>
   831547687
  </id>
  <name>
   Reebok Shirt I-7812
  </name>
  <category>
   Shirt
  </category>
  <size>
   XXL
  </size>
  <color>
   Желтый
  </color>
  <material>
   Нейлон
  </material>
  <price>
   696218
  </price>
  <rating>
   3.98
  </rating>
  <reviews>
   910497
  </reviews>
  <exclusive>
   no
  </exclusive>
 </clothing>
 <clothing>
  <id>
   122688614
  </id>
  <name>
   Nike Hat N-7862
  </name>
  <category>
   Hat
  </category>
  <size>
   XL
  </size>
  <color>
   Красный
  </color>
  <material>
   Полиэстер
  </material>
  <price>
   329451
  </price>
  <rating>
   1.65
  </rating>
  <reviews>
   477124
  </reviews>
  <new>
   +
  </new>
 </clothing>
 <clothing>
  <id>
   399408272
  </id>
  <name>
   Reebok Pants E-6902
  </name>
  <category>
   Pants
  </category>
  <size>
   L
  </size>
  <color>
   Оранжевый
  </color>
  <material>
   Шелк
  </material>
  <price>
   955893
  </price>
  <rating>
   1.52
  </rating>
  <reviews>
   755610
  </reviews>
  <new>
   -
  </new>
  <exclusive>
   yes
  </exclusive>
 </clothing>
 <clothing>
  <id>
   223859708
  </id>
  <name>
   Asics Socks Z-3442
  </name>
  <category>
   Socks
  </category>
  <size>
   S
  </size>
  <color>
   Оранжевый
  </color>
  <material>
   Кожа
  </material>
  <price>
   778765
  </price>
  <rating>
   1.05
  </rating>
  <reviews>
   397565
  </reviews>
  <new>
   -
  </new>
 </clothing>
 <clothing>
  <id>
   466537059
  </id>
  <name>
   Vans Pants G-8611
  </name>
  <category>
   Pants
  </category>
  <size>
   S
  </size>
  <color>
   Зеленый
  </color>
  <material>
   Хлопок
  </material>
  <price>
   437022
  </price>
  <rating>
   4.42
  </rating>
  <reviews>
   679119
  </reviews>
  <exclusive>
   no
  </exclusive>
  <sporty>
   no
  </sporty>
 </clothing>
 <clothing>
  <id>
   569527919
  </id>
  <name>
   PleinSport Jacket V-4492
  </name>
  <category>
   Jacket
  </category>
  <size>
   XXL
  </size>
  <color>
   Оранжевый
  </color>
  <material>
   Нейлон
  </material>
  <price>
   351797
  </price>
  <rating>
   4.36
  </rating>
  <reviews>
   47855
  </reviews>
  <exclusive>
   yes
  </exclusive>
  <sporty>
   yes
  </sporty>
 </clothing>
 <clothing>
  <id>
   733309813
  </id>
  <name>
   New Balance Skirt W-7068
  </name>
  <category>
   Skirt
  </category>
  <size>
   L
  </size>
  <color>
   Зеленый
  </color>
  <material>
   Лен
  </material>
  <price>
   380080
  </price>
  <rating>
   4.12
  </rating>
  <reviews>
   377168
  </reviews>
  <sporty>
   no
  </sporty>
 </clothing>
 <clothing>
  <id>
   567894396
  </id>
  <name>
   Adidas Jacket U-3970
  </name>
  <category>
   Jacket
  </category>
  <size>
   S
  </size>
  <color>
   Желтый
  </color>
  <material>
   Нейлон
  </material>
  <price>
   408702
  </price>
  <rating>
   3.36
  </rating>
  <reviews>
   934781
  </reviews>
  <new>
   -
  </new>
  <exclusive>
   no
  </exclusive>
  <sporty>
   yes
  </sporty>
 </clothing>
 <clothing>
  <id>
   454772051
  </id>
  <name>
   Vans Dress A-2251
  </name>
  <category>
   Dress
  </category>
  <size>
   S
  </size>
  <color>
   Фиолетовый
  </color>
  <material>
   Кожа
  </material>
  <price>
   918692
  </price>
  <rating>
   2.94
  </rating>
  <reviews>
   110779
  </reviews>
  <new>
   -
  </new>
  <sporty>
   no
  </sporty>
 </clothing>
 <clothing>
  <id>
   387439276
  </id>
  <name>
   New Balance Handbags Y-9135
  </name>
  <category>
   Handbags
  </category>
  <size>
   M
  </size>
  <color>
   Оранжевый
  </color>
  <material>
   Кожа
  </material>
  <price>
   107896
  </price>
  <rating>
   4.02
  </rating>
  <reviews>
   236901
  </reviews>
 </clothing>
 <clothing>
  <id>
   302762376
  </id>
  <name>
   Brooks Jeans V-8347
  </name>
  <category>
   Jeans
  </category>
  <size>
   L
  </size>
  <color>
   Голубой
  </color>
  <material>
   Лен
  </material>
  <price>
   920233
  </price>
  <rating>
   2.15
  </rating>
  <reviews>
   195620
  </reviews>
  <exclusive>
   yes
  </exclusive>
  <sporty>
   no
  </sporty>
 </clothing>
 <clothing>
  <id>
   784532395
  </id>
  <name>
   Converse Hat D-5343
  </name>
  <category>
   Hat
  </category>
  <size>
   S
  </size>
  <color>
   Красный
  </color>
  <material>
   Лен
  </material>
  <price>
   603988
  </price>
  <rating>
   2.12
  </rating>
  <reviews>
   627975
  </reviews>
  <new>
   -
  </new>
 </clothing>
 <clothing>
  <id>
   429591293
  </id>
  <name>
   Reebok Skirt Y-4655
  </name>
  <category>
   Skirt
  </category>
  <size>
   XXL
  </size>
  <color>
   Оранжевый
  </color>
  <material>
   Полиэстер
  </material>
  <price>
   960806
  </price>
  <rating>
   1.92
  </rating>
  <reviews>
   651737
  </reviews>
  <new>
   +
  </new>
 </clothing>
 <clothing>
  <id>
   147056275
  </id>
  <name>
   Nike Dress F-7544
  </name>
  <category>
   Dress
  </category>
  <size>
   XXL
  </size>
  <color>
   Синий
  </color>
  <material>
   Хлопок
  </material>
  <price>
   163871
  </price>
  <rating>
   3.64
  </rating>
  <reviews>
   628257
  </reviews>
 </clothing>
 <clothing>
  <id>
   545240559
  </id>
  <name>
   Vans Dress O-9727
  </name>
  <category>
   Dress
  </category>
  <size>
   M
  </size>
  <color>
   Красный
  </color>
  <material>
   Лен
  </material>
  <price>
   668113
  </price>
  <rating>
   1.65
  </rating>
  <reviews>
   308516
  </reviews>
  <new>
   +
  </new>
  <exclusive>
   yes
  </exclusive>
 </clothing>
 <clothing>
  <id>
   479246037
  </id>
  <name>
   Nike Blouse P-1349
  </name>
  <category>
   Blouse
  </category>
  <size>
   XXL
  </size>
  <color>
   Фиолетовый
  </color>
  <material>
   Кожа
  </material>
  <price>
   361571
  </price>
  <rating>
   4.95
  </rating>
  <reviews>
   994365
  </reviews>
 </clothing>
 <clothing>
  <id>
   558717662
  </id>
  <name>
   Addidas Shirt U-7105
  </name>
  <category>
   Shirt
  </category>
  <size>
   M
  </size>
  <color>
   Голубой
  </color>
  <material>
   Лен
  </material>
  <price>
   530564
  </price>
  <rating>
   2.44
  </rating>
  <reviews>
   921535
  </reviews>
  <new>
   -
  </new>
  <exclusive>
   no
  </exclusive>
 </clothing>
 <clothing>
  <id>
   286558219
  </id>
  <name>
   Converse Blouse V-3300
  </name>
  <category>
   Blouse
  </category>
  <size>
   L
  </size>
  <color>
   Зеленый
  </color>
  <material>
   Нейлон
  </material>
  <price>
   759560
  </price>
  <rating>
   3.27
  </rating>
  <reviews>
   477642
  </reviews>
 </clothing>
 <clothing>
  <id>
   289918002
  </id>
  <name>
   Fila Handbags I-9110
  </name>
  <category>
   Handbags
  </category>
  <size>
   XL
  </size>
  <color>
   Синий
  </color>
  <material>
   Кожа
  </material>
  <price>
   694901
  </price>
  <rating>
   3.97
  </rating>
  <reviews>
   59258
  </reviews>
  <new>
   -
  </new>
  <exclusive>
   no
  </exclusive>
  <sporty>
   no
  </sporty>
 </clothing>
 <clothing>
  <id>
   181534037
  </id>
  <name>
   DC Belts K-1338
  </name>
  <category>
   Belts
  </category>
  <size>
   M
  </size>
  <color>
   Фиолетовый
  </color>
  <material>
   Хлопок
  </material>
  <price>
   947756
  </price>
  <rating>
   3.36
  </rating>
  <reviews>
   871411
  </reviews>
  <new>
   +
  </new>
  <sporty>
   yes
  </sporty>
 </clothing>
 <clothing>
  <id>
   812690616
  </id>
  <name>
   Addidas Gloves K-3634
  </name>
  <category>
   Gloves
  </category>
  <size>
   L
  </size>
  <color>
   Голубой
  </color>
  <material>
   Шерсть
  </material>
  <price>
   750354
  </price>
  <rating>
   2.11
  </rating>
  <reviews>
   690360
  </reviews>
  <exclusive>
   no
  </exclusive>
 </clothing>
 <clothing>
  <id>
   345299922
  </id>
  <name>
   Addidas Shoes H-5392
  </name>
  <category>
   Shoes
  </category>
  <size>
   S
  </size>
  <color>
   Фиолетовый
  </color>
  <material>
   Шерсть
  </material>
  <price>
   333422
  </price>
  <rating>
   4.92
  </rating>
  <reviews>
   981143
  </reviews>
  <new>
   -
  </new>
  <exclusive>
   no
  </exclusive>
 </clothing>
 <clothing>
  <id>
   889169603
  </id>
  <name>
   Asics Shoes D-3761
  </name>
  <category>
   Shoes
  </category>
  <size>
   S
  </size>
  <color>
   Оранжевый
  </color>
  <material>
   Нейлон
  </material>
  <price>
   330841
  </price>
  <rating>
   1.54
  </rating>
  <reviews>
   188554
  </reviews>
  <new>
   -
  </new>
  <exclusive>
   no
  </exclusive>
 </clothing>
 <clothing>
  <id>
   908438661
  </id>
  <name>
   Brooks Jacket N-4760
  </name>
  <category>
   Jacket
  </category>
  <size>
   S
  </size>
  <color>
   Желтый
  </color>
  <material>
   Шелк
  </material>
  <price>
   847681
  </price>
  <rating>
   3.87
  </rating>
  <reviews>
   844806
  </reviews>
  <sporty>
   no
  </sporty>
 </clothing>
 <clothing>
  <id>
   447545874
  </id>
  <name>
   Addidas Dress Z-6978
  </name>
  <category>
   Dress
  </category>
  <size>
   XXL
  </size>
  <color>
   Желтый
  </color>
  <material>
   Лен
  </material>
  <price>
   312537
  </price>
  <rating>
   3.93
  </rating>
  <reviews>
   426606
  </reviews>
  <new>
   -
  </new>
  <sporty>
   no
  </sporty>
 </clothing>
 <clothing>
  <id>
   875063009
  </id>
  <name>
   PleinSport Gloves F-3758
  </name>
  <category>
   Gloves
  </category>
  <size>
   XL
  </size>
  <color>
   Зеленый
  </color>
  <material>
   Шелк
  </material>
  <price>
   905749
  </price>
  <rating>
   3.69
  </rating>
  <reviews>
   551531
  </reviews>
 </clothing>
 <clothing>
  <id>
   280692529
  </id>
  <name>
   Nike Hat D-7392
  </name>
  <category>
   Hat
  </category>
  <size>
   L
  </size>
  <color>
   Красный
  </color>
  <material>
   Лен
  </material>
  <price>
   285877
  </price>
  <rating>
   2.46
  </rating>
  <reviews>
   149957
  </reviews>
  <new>
   -
  </new>
 </clothing>
 <clothing>
  <id>
   599992203
  </id>
  <name>
   PleinSport Belts U-6616
  </name>
  <category>
   Belts
  </category>
  <size>
   XL
  </size>
  <color>
   Фиолетовый
  </color>
  <material>
   Кожа
  </material>
  <price>
   690907
  </price>
  <rating>
   1.46
  </rating>
  <reviews>
   578087
  </reviews>
  <new>
   -
  </new>
  <sporty>
   no
  </sporty>
 </clothing>
</clothing-items>
