<?xml version="1.0" encoding="utf-8"?>
<clothing-items>
 <clothing>
  <id>
   584309440
  </id>
  <name>
   Asics Sweater P-8393
  </name>
  <category>
   Sweater
  </category>
  <size>
   XL
  </size>
  <color>
   Зеленый
  </color>
  <material>
   Шелк
  </material>
  <price>
   961106
  </price>
  <rating>
   4.13
  </rating>
  <reviews>
   706517
  </reviews>
  <exclusive>
   yes
  </exclusive>
 </clothing>
 <clothing>
  <id>
   148291665
  </id>
  <name>
   Brooks Hat S-3668
  </name>
  <category>
   Hat
  </category>
  <size>
   XXL
  </size>
  <color>
   Зеленый
  </color>
  <material>
   Вискоза
  </material>
  <price>
   350532
  </price>
  <rating>
   4.28
  </rating>
  <reviews>
   288269
  </reviews>
  <new>
   -
  </new>
  <exclusive>
   yes
  </exclusive>
  <sporty>
   yes
  </sporty>
 </clothing>
 <clothing>
  <id>
   519137877
  </id>
  <name>
   Lacoste Shoes Y-6405
  </name>
  <category>
   Shoes
  </category>
  <size>
   S
  </size>
  <color>
   Желтый
  </color>
  <material>
   Кожа
  </material>
  <price>
   710007
  </price>
  <rating>
   1.94
  </rating>
  <reviews>
   240916
  </reviews>
  <new>
   +
  </new>
  <exclusive>
   yes
  </exclusive>
  <sporty>
   no
  </sporty>
 </clothing>
 <clothing>
  <id>
   763870495
  </id>
  <name>
   Brooks Socks V-5801
  </name>
  <category>
   Socks
  </category>
  <size>
   M
  </size>
  <color>
   Синий
  </color>
  <material>
   Шелк
  </material>
  <price>
   555241
  </price>
  <rating>
   4.03
  </rating>
  <reviews>
   118496
  </reviews>
  <new>
   +
  </new>
  <sporty>
   yes
  </sporty>
 </clothing>
 <clothing>
  <id>
   550708815
  </id>
  <name>
   Under Armour Jacket B-7106
  </name>
  <category>
   Jacket
  </category>
  <size>
   M
  </size>
  <color>
   Зеленый
  </color>
  <material>
   Шелк
  </material>
  <price>
   494247
  </price>
  <rating>
   2.09
  </rating>
  <reviews>
   493447
  </reviews>
  <exclusive>
   yes
  </exclusive>
  <sporty>
   no
  </sporty>
 </clothing>
 <clothing>
  <id>
   707619177
  </id>
  <name>
   Under Armour Shirt L-2331
  </name>
  <category>
   Shirt
  </category>
  <size>
   L
  </size>
  <color>
   Синий
  </color>
  <material>
   Шерсть
  </material>
  <price>
   799100
  </price>
  <rating>
   3.86
  </rating>
  <reviews>
   127994
  </reviews>
  <exclusive>
   yes
  </exclusive>
  <sporty>
   no
  </sporty>
 </clothing>
 <clothing>
  <id>
   688739855
  </id>
  <name>
   Reebok Jeans N-4269
  </name>
  <category>
   Jeans
  </category>
  <size>
   L
  </size>
  <color>
   Красный
  </color>
  <material>
   Шерсть
  </material>
  <price>
   809439
  </price>
  <rating>
   1.68
  </rating>
  <reviews>
   79082
  </reviews>
  <exclusive>
   yes
  </exclusive>
 </clothing>
 <clothing>
  <id>
   553059358
  </id>
  <name>
   Vans Hat A-6780
  </name>
  <category>
   Hat
  </category>
  <size>
   M
  </size>
  <color>
   Фиолетовый
  </color>
  <material>
   Полиэстер
  </material>
  <price>
   803652
  </price>
  <rating>
   1.77
  </rating>
  <reviews>
   451537
  </reviews>
  <new>
   +
  </new>
  <exclusive>
   yes
  </exclusive>
  <sporty>
   yes
  </sporty>
 </clothing>
 <clothing>
  <id>
   684762106
  </id>
  <name>
   Lacoste Hat O-2746
  </name>
  <category>
   Hat
  </category>
  <size>
   L
  </size>
  <color>
   Зеленый
  </color>
  <material>
   Полиэстер
  </material>
  <price>
   197436
  </price>
  <rating>
   2.16
  </rating>
  <reviews>
   622647
  </reviews>
  <new>
   +
  </new>
  <exclusive>
   no
  </exclusive>
  <sporty>
   yes
  </sporty>
 </clothing>
 <clothing>
  <id>
   771282749
  </id>
  <name>
   Addidas Sweater O-7807
  </name>
  <category>
   Sweater
  </category>
  <size>
   L
  </size>
  <color>
   Желтый
  </color>
  <material>
   Хлопок
  </material>
  <price>
   654782
  </price>
  <rating>
   4.98
  </rating>
  <reviews>
   84779
  </reviews>
  <new>
   +
  </new>
 </clothing>
 <clothing>
  <id>
   201843892
  </id>
  <name>
   Nike Jacket S-8527
  </name>
  <category>
   Jacket
  </category>
  <size>
   M
  </size>
  <color>
   Красный
  </color>
  <material>
   Лен
  </material>
  <price>
   576610
  </price>
  <rating>
   4.94
  </rating>
  <reviews>
   670021
  </reviews>
  <new>
   -
  </new>
  <exclusive>
   no
  </exclusive>
  <sporty>
   yes
  </sporty>
 </clothing>
</clothing-items>
