<?xml version="1.0" encoding="utf-8"?>
<clothing-items>
 <clothing>
  <id>
   475235979
  </id>
  <name>
   Ellesse Umbrellas F-3401
  </name>
  <category>
   Umbrellas
  </category>
  <size>
   XL
  </size>
  <color>
   Желтый
  </color>
  <material>
   Вискоза
  </material>
  <price>
   690899
  </price>
  <rating>
   2.99
  </rating>
  <reviews>
   342189
  </reviews>
  <sporty>
   yes
  </sporty>
 </clothing>
 <clothing>
  <id>
   217149081
  </id>
  <name>
   Converse Shirt P-7978
  </name>
  <category>
   Shirt
  </category>
  <size>
   M
  </size>
  <color>
   Синий
  </color>
  <material>
   Хлопок
  </material>
  <price>
   551834
  </price>
  <rating>
   4.14
  </rating>
  <reviews>
   313083
  </reviews>
  <new>
   -
  </new>
  <sporty>
   no
  </sporty>
 </clothing>
 <clothing>
  <id>
   490586020
  </id>
  <name>
   DC Jacket T-2194
  </name>
  <category>
   Jacket
  </category>
  <size>
   XL
  </size>
  <color>
   Голубой
  </color>
  <material>
   Полиэстер
  </material>
  <price>
   955858
  </price>
  <rating>
   3.14
  </rating>
  <reviews>
   932584
  </reviews>
  <new>
   -
  </new>
  <exclusive>
   no
  </exclusive>
 </clothing>
 <clothing>
  <id>
   638824664
  </id>
  <name>
   Brooks Skirt K-1839
  </name>
  <category>
   Skirt
  </category>
  <size>
   S
  </size>
  <color>
   Красный
  </color>
  <material>
   Шерсть
  </material>
  <price>
   190412
  </price>
  <rating>
   3.77
  </rating>
  <reviews>
   675305
  </reviews>
  <new>
   +
  </new>
  <sporty>
   no
  </sporty>
 </clothing>
 <clothing>
  <id>
   415014272
  </id>
  <name>
   Nike Jacket R-7001
  </name>
  <category>
   Jacket
  </category>
  <size>
   L
  </size>
  <color>
   Красный
  </color>
  <material>
   Нейлон
  </material>
  <price>
   478216
  </price>
  <rating>
   3.12
  </rating>
  <reviews>
   453678
  </reviews>
 </clothing>
 <clothing>
  <id>
   410940652
  </id>
  <name>
   Asics Gloves F-5100
  </name>
  <category>
   Gloves
  </category>
  <size>
   L
  </size>
  <color>
   Оранжевый
  </color>
  <material>
   Нейлон
  </material>
  <price>
   890107
  </price>
  <rating>
   2.12
  </rating>
  <reviews>
   883859
  </reviews>
  <new>
   -
  </new>
  <exclusive>
   no
  </exclusive>
  <sporty>
   no
  </sporty>
 </clothing>
 <clothing>
  <id>
   677531236
  </id>
  <name>
   Addidas Gloves Y-8627
  </name>
  <category>
   Gloves
  </category>
  <size>
   XL
  </size>
  <color>
   Голубой
  </color>
  <material>
   Кожа
  </material>
  <price>
   814797
  </price>
  <rating>
   3.64
  </rating>
  <reviews>
   193707
  </reviews>
  <exclusive>
   yes
  </exclusive>
 </clothing>
 <clothing>
  <id>
   502123718
  </id>
  <name>
   Converse Pants D-6329
  </name>
  <category>
   Pants
  </category>
  <size>
   S
  </size>
  <color>
   Оранжевый
  </color>
  <material>
   Хлопок
  </material>
  <price>
   291050
  </price>
  <rating>
   3.11
  </rating>
  <reviews>
   518515
  </reviews>
  <new>
   -
  </new>
  <exclusive>
   no
  </exclusive>
  <sporty>
   no
  </sporty>
 </clothing>
 <clothing>
  <id>
   934009569
  </id>
  <name>
   Asics Umbrellas P-4631
  </name>
  <category>
   Umbrellas
  </category>
  <size>
   XL
  </size>
  <color>
   Красный
  </color>
  <material>
   Кожа
  </material>
  <price>
   491533
  </price>
  <rating>
   1.65
  </rating>
  <reviews>
   989321
  </reviews>
 </clothing>
 <clothing>
  <id>
   828375442
  </id>
  <name>
   Vans Hat K-2067
  </name>
  <category>
   Hat
  </category>
  <size>
   XL
  </size>
  <color>
   Желтый
  </color>
  <material>
   Полиэстер
  </material>
  <price>
   416435
  </price>
  <rating>
   2.29
  </rating>
  <reviews>
   770069
  </reviews>
  <new>
   +
  </new>
  <sporty>
   yes
  </sporty>
 </clothing>
 <clothing>
  <id>
   628960480
  </id>
  <name>
   Ellesse Blouse I-6770
  </name>
  <category>
   Blouse
  </category>
  <size>
   L
  </size>
  <color>
   Голубой
  </color>
  <material>
   Шерсть
  </material>
  <price>
   594731
  </price>
  <rating>
   2.24
  </rating>
  <reviews>
   541753
  </reviews>
  <new>
   -
  </new>
 </clothing>
 <clothing>
  <id>
   714044146
  </id>
  <name>
   Vans Pants J-7596
  </name>
  <category>
   Pants
  </category>
  <size>
   XL
  </size>
  <color>
   Оранжевый
  </color>
  <material>
   Кожа
  </material>
  <price>
   849335
  </price>
  <rating>
   3.38
  </rating>
  <reviews>
   242441
  </reviews>
 </clothing>
 <clothing>
  <id>
   371007697
  </id>
  <name>
   PleinSport Gloves S-3853
  </name>
  <category>
   Gloves
  </category>
  <size>
   XXL
  </size>
  <color>
   Оранжевый
  </color>
  <material>
   Лен
  </material>
  <price>
   700323
  </price>
  <rating>
   4.13
  </rating>
  <reviews>
   715977
  </reviews>
  <exclusive>
   yes
  </exclusive>
  <sporty>
   yes
  </sporty>
 </clothing>
 <clothing>
  <id>
   713387185
  </id>
  <name>
   Ellesse T-shirt M-6715
  </name>
  <category>
   T-shirt
  </category>
  <size>
   XL
  </size>
  <color>
   Синий
  </color>
  <material>
   Шерсть
  </material>
  <price>
   210739
  </price>
  <rating>
   4.56
  </rating>
  <reviews>
   262318
  </reviews>
  <new>
   +
  </new>
  <exclusive>
   yes
  </exclusive>
  <sporty>
   no
  </sporty>
 </clothing>
 <clothing>
  <id>
   951490057
  </id>
  <name>
   Ellesse Jeans H-9149
  </name>
  <category>
   Jeans
  </category>
  <size>
   L
  </size>
  <color>
   Зеленый
  </color>
  <material>
   Хлопок
  </material>
  <price>
   371861
  </price>
  <rating>
   4.84
  </rating>
  <reviews>
   615545
  </reviews>
  <new>
   +
  </new>
 </clothing>
 <clothing>
  <id>
   370336586
  </id>
  <name>
   Fila Dress T-7487
  </name>
  <category>
   Dress
  </category>
  <size>
   S
  </size>
  <color>
   Желтый
  </color>
  <material>
   Лен
  </material>
  <price>
   278496
  </price>
  <rating>
   1.79
  </rating>
  <reviews>
   854601
  </reviews>
  <exclusive>
   yes
  </exclusive>
  <sporty>
   no
  </sporty>
 </clothing>
 <clothing>
  <id>
   126934347
  </id>
  <name>
   Lacoste Umbrellas F-2024
  </name>
  <category>
   Umbrellas
  </category>
  <size>
   S
  </size>
  <color>
   Желтый
  </color>
  <material>
   Кожа
  </material>
  <price>
   910651
  </price>
  <rating>
   3.13
  </rating>
  <reviews>
   602175
  </reviews>
  <new>
   +
  </new>
  <exclusive>
   yes
  </exclusive>
 </clothing>
 <clothing>
  <id>
   932382971
  </id>
  <name>
   Lacoste Pants Y-3096
  </name>
  <category>
   Pants
  </category>
  <size>
   M
  </size>
  <color>
   Оранжевый
  </color>
  <material>
   Кожа
  </material>
  <price>
   993141
  </price>
  <rating>
   1.48
  </rating>
  <reviews>
   550718
  </reviews>
  <new>
   -
  </new>
 </clothing>
 <clothing>
  <id>
   209169825
  </id>
  <name>
   PleinSport Hat C-6719
  </name>
  <category>
   Hat
  </category>
  <size>
   XXL
  </size>
  <color>
   Фиолетовый
  </color>
  <material>
   Полиэстер
  </material>
  <price>
   414138
  </price>
  <rating>
   1.63
  </rating>
  <reviews>
   962205
  </reviews>
  <new>
   +
  </new>
 </clothing>
 <clothing>
  <id>
   269635187
  </id>
  <name>
   Addidas Gloves V-9815
  </name>
  <category>
   Gloves
  </category>
  <size>
   XXL
  </size>
  <color>
   Красный
  </color>
  <material>
   Лен
  </material>
  <price>
   983621
  </price>
  <rating>
   4.72
  </rating>
  <reviews>
   407978
  </reviews>
  <exclusive>
   yes
  </exclusive>
  <sporty>
   no
  </sporty>
 </clothing>
 <clothing>
  <id>
   767271373
  </id>
  <name>
   Lacoste Sweater Q-7994
  </name>
  <category>
   Sweater
  </category>
  <size>
   XXL
  </size>
  <color>
   Зеленый
  </color>
  <material>
   Нейлон
  </material>
  <price>
   940991
  </price>
  <rating>
   1.26
  </rating>
  <reviews>
   140633
  </reviews>
  <new>
   +
  </new>
 </clothing>
 <clothing>
  <id>
   615913160
  </id>
  <name>
   Adidas Jacket L-8843
  </name>
  <category>
   Jacket
  </category>
  <size>
   XL
  </size>
  <color>
   Фиолетовый
  </color>
  <material>
   Хлопок
  </material>
  <price>
   752000
  </price>
  <rating>
   4.83
  </rating>
  <reviews>
   646369
  </reviews>
  <new>
   +
  </new>
  <sporty>
   no
  </sporty>
 </clothing>
 <clothing>
  <id>
   941382605
  </id>
  <name>
   Under Armour Gloves P-3141
  </name>
  <category>
   Gloves
  </category>
  <size>
   L
  </size>
  <color>
   Зеленый
  </color>
  <material>
   Кожа
  </material>
  <price>
   584040
  </price>
  <rating>
   2.91
  </rating>
  <reviews>
   592607
  </reviews>
  <new>
   -
  </new>
 </clothing>
 <clothing>
  <id>
   359656930
  </id>
  <name>
   Addidas Jeans Q-1729
  </name>
  <category>
   Jeans
  </category>
  <size>
   M
  </size>
  <color>
   Синий
  </color>
  <material>
   Вискоза
  </material>
  <price>
   570086
  </price>
  <rating>
   1.98
  </rating>
  <reviews>
   545440
  </reviews>
  <exclusive>
   no
  </exclusive>
  <sporty>
   no
  </sporty>
 </clothing>
 <clothing>
  <id>
   242052305
  </id>
  <name>
   Lacoste Shirt E-3811
  </name>
  <category>
   Shirt
  </category>
  <size>
   XL
  </size>
  <color>
   Фиолетовый
  </color>
  <material>
   Нейлон
  </material>
  <price>
   390449
  </price>
  <rating>
   3.32
  </rating>
  <reviews>
   446496
  </reviews>
  <exclusive>
   yes
  </exclusive>
  <sporty>
   no
  </sporty>
 </clothing>
 <clothing>
  <id>
   920041552
  </id>
  <name>
   Brooks Jeans H-8455
  </name>
  <category>
   Jeans
  </category>
  <size>
   M
  </size>
  <color>
   Зеленый
  </color>
  <material>
   Вискоза
  </material>
  <price>
   180281
  </price>
  <rating>
   2.44
  </rating>
  <reviews>
   765350
  </reviews>
  <new>
   +
  </new>
 </clothing>
 <clothing>
  <id>
   348246824
  </id>
  <name>
   Brooks Gloves X-8835
  </name>
  <category>
   Gloves
  </category>
  <size>
   L
  </size>
  <color>
   Голубой
  </color>
  <material>
   Вискоза
  </material>
  <price>
   322433
  </price>
  <rating>
   4.11
  </rating>
  <reviews>
   784501
  </reviews>
  <sporty>
   yes
  </sporty>
 </clothing>
 <clothing>
  <id>
   655443914
  </id>
  <name>
   Addidas Shirt F-8021
  </name>
  <category>
   Shirt
  </category>
  <size>
   L
  </size>
  <color>
   Синий
  </color>
  <material>
   Лен
  </material>
  <price>
   409732
  </price>
  <rating>
   4.46
  </rating>
  <reviews>
   405795
  </reviews>
  <sporty>
   no
  </sporty>
 </clothing>
 <clothing>
  <id>
   217810093
  </id>
  <name>
   Reebok Shirt L-8453
  </name>
  <category>
   Shirt
  </category>
  <size>
   XL
  </size>
  <color>
   Голубой
  </color>
  <material>
   Шелк
  </material>
  <price>
   155081
  </price>
  <rating>
   1.66
  </rating>
  <reviews>
   717418
  </reviews>
  <new>
   -
  </new>
 </clothing>
 <clothing>
  <id>
   944074722
  </id>
  <name>
   Adidas Jacket A-3322
  </name>
  <category>
   Jacket
  </category>
  <size>
   XL
  </size>
  <color>
   Красный
  </color>
  <material>
   Кожа
  </material>
  <price>
   772389
  </price>
  <rating>
   4.68
  </rating>
  <reviews>
   553906
  </reviews>
  <exclusive>
   yes
  </exclusive>
 </clothing>
 <clothing>
  <id>
   523482897
  </id>
  <name>
   Ellesse Sweater H-9302
  </name>
  <category>
   Sweater
  </category>
  <size>
   L
  </size>
  <color>
   Синий
  </color>
  <material>
   Хлопок
  </material>
  <price>
   150014
  </price>
  <rating>
   4.05
  </rating>
  <reviews>
   100524
  </reviews>
  <new>
   +
  </new>
  <exclusive>
   no
  </exclusive>
 </clothing>
 <clothing>
  <id>
   157821881
  </id>
  <name>
   Vans T-shirt R-1343
  </name>
  <category>
   T-shirt
  </category>
  <size>
   L
  </size>
  <color>
   Фиолетовый
  </color>
  <material>
   Нейлон
  </material>
  <price>
   352368
  </price>
  <rating>
   2.7
  </rating>
  <reviews>
   758940
  </reviews>
  <exclusive>
   yes
  </exclusive>
 </clothing>
 <clothing>
  <id>
   813385010
  </id>
  <name>
   Adidas Jeans K-5007
  </name>
  <category>
   Jeans
  </category>
  <size>
   L
  </size>
  <color>
   Зеленый
  </color>
  <material>
   Кожа
  </material>
  <price>
   492986
  </price>
  <rating>
   3.06
  </rating>
  <reviews>
   340951
  </reviews>
 </clothing>
 <clothing>
  <id>
   145490962
  </id>
  <name>
   Lacoste Belts K-6336
  </name>
  <category>
   Belts
  </category>
  <size>
   M
  </size>
  <color>
   Оранжевый
  </color>
  <material>
   Вискоза
  </material>
  <price>
   102270
  </price>
  <rating>
   1.06
  </rating>
  <reviews>
   369054
  </reviews>
  <exclusive>
   no
  </exclusive>
 </clothing>
 <clothing>
  <id>
   730516281
  </id>
  <name>
   Addidas Sweater E-4331
  </name>
  <category>
   Sweater
  </category>
  <size>
   L
  </size>
  <color>
   Оранжевый
  </color>
  <material>
   Кожа
  </material>
  <price>
   790233
  </price>
  <rating>
   3.0
  </rating>
  <reviews>
   687879
  </reviews>
  <exclusive>
   no
  </exclusive>
  <sporty>
   yes
  </sporty>
 </clothing>
 <clothing>
  <id>
   552208696
  </id>
  <name>
   Brooks Dress X-4323
  </name>
  <category>
   Dress
  </category>
  <size>
   M
  </size>
  <color>
   Зеленый
  </color>
  <material>
   Лен
  </material>
  <price>
   778498
  </price>
  <rating>
   1.68
  </rating>
  <reviews>
   423019
  </reviews>
  <new>
   +
  </new>
  <exclusive>
   yes
  </exclusive>
 </clothing>
 <clothing>
  <id>
   932564151
  </id>
  <name>
   Adidas Dress M-4710
  </name>
  <category>
   Dress
  </category>
  <size>
   XL
  </size>
  <color>
   Оранжевый
  </color>
  <material>
   Шерсть
  </material>
  <price>
   813519
  </price>
  <rating>
   1.26
  </rating>
  <reviews>
   954549
  </reviews>
  <new>
   -
  </new>
  <sporty>
   no
  </sporty>
 </clothing>
 <clothing>
  <id>
   426333181
  </id>
  <name>
   Nike Handbags S-3933
  </name>
  <category>
   Handbags
  </category>
  <size>
   S
  </size>
  <color>
   Оранжевый
  </color>
  <material>
   Лен
  </material>
  <price>
   695189
  </price>
  <rating>
   2.83
  </rating>
  <reviews>
   346842
  </reviews>
  <sporty>
   yes
  </sporty>
 </clothing>
 <clothing>
  <id>
   629106092
  </id>
  <name>
   Adidas Jeans O-4122
  </name>
  <category>
   Jeans
  </category>
  <size>
   M
  </size>
  <color>
   Оранжевый
  </color>
  <material>
   Вискоза
  </material>
  <price>
   805750
  </price>
  <rating>
   1.82
  </rating>
  <reviews>
   949447
  </reviews>
  <new>
   +
  </new>
  <exclusive>
   yes
  </exclusive>
  <sporty>
   no
  </sporty>
 </clothing>
 <clothing>
  <id>
   550689085
  </id>
  <name>
   Converse Blouse V-7223
  </name>
  <category>
   Blouse
  </category>
  <size>
   M
  </size>
  <color>
   Оранжевый
  </color>
  <material>
   Шерсть
  </material>
  <price>
   832257
  </price>
  <rating>
   1.43
  </rating>
  <reviews>
   109426
  </reviews>
  <exclusive>
   yes
  </exclusive>
 </clothing>
 <clothing>
  <id>
   385920294
  </id>
  <name>
   PleinSport Umbrellas F-2983
  </name>
  <category>
   Umbrellas
  </category>
  <size>
   XL
  </size>
  <color>
   Оранжевый
  </color>
  <material>
   Нейлон
  </material>
  <price>
   269960
  </price>
  <rating>
   1.57
  </rating>
  <reviews>
   566142
  </reviews>
  <new>
   -
  </new>
  <sporty>
   no
  </sporty>
 </clothing>
 <clothing>
  <id>
   911426272
  </id>
  <name>
   Ellesse Belts V-1725
  </name>
  <category>
   Belts
  </category>
  <size>
   XL
  </size>
  <color>
   Красный
  </color>
  <material>
   Лен
  </material>
  <price>
   513927
  </price>
  <rating>
   4.25
  </rating>
  <reviews>
   576258
  </reviews>
  <sporty>
   no
  </sporty>
 </clothing>
 <clothing>
  <id>
   234674899
  </id>
  <name>
   Under Armour T-shirt R-7972
  </name>
  <category>
   T-shirt
  </category>
  <size>
   L
  </size>
  <color>
   Синий
  </color>
  <material>
   Шелк
  </material>
  <price>
   938071
  </price>
  <rating>
   3.93
  </rating>
  <reviews>
   867873
  </reviews>
  <sporty>
   no
  </sporty>
 </clothing>
 <clothing>
  <id>
   371437400
  </id>
  <name>
   Reebok Umbrellas E-9792
  </name>
  <category>
   Umbrellas
  </category>
  <size>
   L
  </size>
  <color>
   Зеленый
  </color>
  <material>
   Нейлон
  </material>
  <price>
   216895
  </price>
  <rating>
   2.3
  </rating>
  <reviews>
   856655
  </reviews>
  <exclusive>
   no
  </exclusive>
 </clothing>
</clothing-items>
