<?xml version="1.0" encoding="utf-8"?>
<clothing-items>
 <clothing>
  <id>
   455836654
  </id>
  <name>
   New Balance Pants I-5796
  </name>
  <category>
   Pants
  </category>
  <size>
   M
  </size>
  <color>
   Синий
  </color>
  <material>
   Нейлон
  </material>
  <price>
   954101
  </price>
  <rating>
   4.04
  </rating>
  <reviews>
   106481
  </reviews>
  <new>
   +
  </new>
  <sporty>
   yes
  </sporty>
 </clothing>
 <clothing>
  <id>
   453104525
  </id>
  <name>
   Puma Jeans U-7948
  </name>
  <category>
   Jeans
  </category>
  <size>
   S
  </size>
  <color>
   Зеленый
  </color>
  <material>
   Лен
  </material>
  <price>
   372114
  </price>
  <rating>
   3.58
  </rating>
  <reviews>
   585905
  </reviews>
  <new>
   -
  </new>
  <exclusive>
   yes
  </exclusive>
 </clothing>
 <clothing>
  <id>
   850520820
  </id>
  <name>
   Reebok Shirt U-8711
  </name>
  <category>
   Shirt
  </category>
  <size>
   S
  </size>
  <color>
   Зеленый
  </color>
  <material>
   Полиэстер
  </material>
  <price>
   483670
  </price>
  <rating>
   1.13
  </rating>
  <reviews>
   3103
  </reviews>
  <new>
   -
  </new>
  <exclusive>
   yes
  </exclusive>
  <sporty>
   no
  </sporty>
 </clothing>
 <clothing>
  <id>
   755175900
  </id>
  <name>
   Reebok Socks J-9731
  </name>
  <category>
   Socks
  </category>
  <size>
   XXL
  </size>
  <color>
   Оранжевый
  </color>
  <material>
   Вискоза
  </material>
  <price>
   118691
  </price>
  <rating>
   1.1
  </rating>
  <reviews>
   462326
  </reviews>
  <exclusive>
   no
  </exclusive>
  <sporty>
   no
  </sporty>
 </clothing>
 <clothing>
  <id>
   697288117
  </id>
  <name>
   Puma T-shirt J-5195
  </name>
  <category>
   T-shirt
  </category>
  <size>
   XXL
  </size>
  <color>
   Фиолетовый
  </color>
  <material>
   Шерсть
  </material>
  <price>
   181169
  </price>
  <rating>
   2.91
  </rating>
  <reviews>
   354882
  </reviews>
  <new>
   -
  </new>
  <exclusive>
   yes
  </exclusive>
  <sporty>
   no
  </sporty>
 </clothing>
 <clothing>
  <id>
   281246965
  </id>
  <name>
   Brooks Shirt V-4577
  </name>
  <category>
   Shirt
  </category>
  <size>
   XXL
  </size>
  <color>
   Голубой
  </color>
  <material>
   Хлопок
  </material>
  <price>
   786965
  </price>
  <rating>
   3.36
  </rating>
  <reviews>
   217538
  </reviews>
  <new>
   -
  </new>
  <sporty>
   yes
  </sporty>
 </clothing>
 <clothing>
  <id>
   200882196
  </id>
  <name>
   Fila Shoes P-7058
  </name>
  <category>
   Shoes
  </category>
  <size>
   S
  </size>
  <color>
   Красный
  </color>
  <material>
   Полиэстер
  </material>
  <price>
   637783
  </price>
  <rating>
   1.05
  </rating>
  <reviews>
   615493
  </reviews>
  <exclusive>
   yes
  </exclusive>
  <sporty>
   no
  </sporty>
 </clothing>
 <clothing>
  <id>
   622690992
  </id>
  <name>
   Ellesse Jeans Q-2684
  </name>
  <category>
   Jeans
  </category>
  <size>
   M
  </size>
  <color>
   Желтый
  </color>
  <material>
   Шерсть
  </material>
  <price>
   528003
  </price>
  <rating>
   2.85
  </rating>
  <reviews>
   644312
  </reviews>
  <new>
   +
  </new>
  <sporty>
   yes
  </sporty>
 </clothing>
 <clothing>
  <id>
   956095127
  </id>
  <name>
   Ellesse Socks M-9018
  </name>
  <category>
   Socks
  </category>
  <size>
   M
  </size>
  <color>
   Фиолетовый
  </color>
  <material>
   Полиэстер
  </material>
  <price>
   488274
  </price>
  <rating>
   3.73
  </rating>
  <reviews>
   358059
  </reviews>
  <exclusive>
   no
  </exclusive>
  <sporty>
   yes
  </sporty>
 </clothing>
 <clothing>
  <id>
   480657247
  </id>
  <name>
   DC Jacket I-6567
  </name>
  <category>
   Jacket
  </category>
  <size>
   XXL
  </size>
  <color>
   Желтый
  </color>
  <material>
   Нейлон
  </material>
  <price>
   736626
  </price>
  <rating>
   4.01
  </rating>
  <reviews>
   862772
  </reviews>
  <new>
   +
  </new>
 </clothing>
 <clothing>
  <id>
   754112474
  </id>
  <name>
   Puma Socks N-7956
  </name>
  <category>
   Socks
  </category>
  <size>
   XL
  </size>
  <color>
   Красный
  </color>
  <material>
   Шерсть
  </material>
  <price>
   142586
  </price>
  <rating>
   1.77
  </rating>
  <reviews>
   94388
  </reviews>
  <new>
   -
  </new>
  <exclusive>
   yes
  </exclusive>
  <sporty>
   no
  </sporty>
 </clothing>
 <clothing>
  <id>
   326471673
  </id>
  <name>
   Asics Gloves Z-1920
  </name>
  <category>
   Gloves
  </category>
  <size>
   M
  </size>
  <color>
   Оранжевый
  </color>
  <material>
   Хлопок
  </material>
  <price>
   170356
  </price>
  <rating>
   1.38
  </rating>
  <reviews>
   301362
  </reviews>
  <sporty>
   no
  </sporty>
 </clothing>
 <clothing>
  <id>
   327830348
  </id>
  <name>
   Adidas Dress L-7192
  </name>
  <category>
   Dress
  </category>
  <size>
   XXL
  </size>
  <color>
   Фиолетовый
  </color>
  <material>
   Лен
  </material>
  <price>
   383299
  </price>
  <rating>
   3.69
  </rating>
  <reviews>
   176336
  </reviews>
  <new>
   +
  </new>
  <exclusive>
   no
  </exclusive>
 </clothing>
 <clothing>
  <id>
   797387366
  </id>
  <name>
   Nike Blouse O-1289
  </name>
  <category>
   Blouse
  </category>
  <size>
   S
  </size>
  <color>
   Синий
  </color>
  <material>
   Хлопок
  </material>
  <price>
   586136
  </price>
  <rating>
   2.88
  </rating>
  <reviews>
   674317
  </reviews>
  <new>
   -
  </new>
 </clothing>
 <clothing>
  <id>
   388018320
  </id>
  <name>
   Addidas Belts J-8165
  </name>
  <category>
   Belts
  </category>
  <size>
   M
  </size>
  <color>
   Красный
  </color>
  <material>
   Лен
  </material>
  <price>
   232693
  </price>
  <rating>
   3.89
  </rating>
  <reviews>
   317656
  </reviews>
  <new>
   -
  </new>
  <exclusive>
   yes
  </exclusive>
 </clothing>
 <clothing>
  <id>
   803800870
  </id>
  <name>
   Adidas Jeans M-6302
  </name>
  <category>
   Jeans
  </category>
  <size>
   XL
  </size>
  <color>
   Желтый
  </color>
  <material>
   Полиэстер
  </material>
  <price>
   454186
  </price>
  <rating>
   3.2
  </rating>
  <reviews>
   349431
  </reviews>
  <sporty>
   no
  </sporty>
 </clothing>
 <clothing>
  <id>
   282350338
  </id>
  <name>
   Lacoste Blouse V-5312
  </name>
  <category>
   Blouse
  </category>
  <size>
   M
  </size>
  <color>
   Красный
  </color>
  <material>
   Нейлон
  </material>
  <price>
   594146
  </price>
  <rating>
   4.23
  </rating>
  <reviews>
   258300
  </reviews>
  <new>
   -
  </new>
  <sporty>
   yes
  </sporty>
 </clothing>
 <clothing>
  <id>
   565131831
  </id>
  <name>
   Converse Umbrellas S-2856
  </name>
  <category>
   Umbrellas
  </category>
  <size>
   M
  </size>
  <color>
   Голубой
  </color>
  <material>
   Нейлон
  </material>
  <price>
   457178
  </price>
  <rating>
   1.43
  </rating>
  <reviews>
   715724
  </reviews>
  <exclusive>
   no
  </exclusive>
 </clothing>
 <clothing>
  <id>
   125173738
  </id>
  <name>
   Reebok Belts A-8495
  </name>
  <category>
   Belts
  </category>
  <size>
   XL
  </size>
  <color>
   Желтый
  </color>
  <material>
   Хлопок
  </material>
  <price>
   485186
  </price>
  <rating>
   2.14
  </rating>
  <reviews>
   556299
  </reviews>
  <exclusive>
   no
  </exclusive>
  <sporty>
   no
  </sporty>
 </clothing>
 <clothing>
  <id>
   798131825
  </id>
  <name>
   Adidas Jacket H-4467
  </name>
  <category>
   Jacket
  </category>
  <size>
   XXL
  </size>
  <color>
   Голубой
  </color>
  <material>
   Шерсть
  </material>
  <price>
   444604
  </price>
  <rating>
   2.19
  </rating>
  <reviews>
   955143
  </reviews>
  <new>
   +
  </new>
  <exclusive>
   no
  </exclusive>
  <sporty>
   no
  </sporty>
 </clothing>
 <clothing>
  <id>
   100296136
  </id>
  <name>
   Addidas Shirt Q-1178
  </name>
  <category>
   Shirt
  </category>
  <size>
   S
  </size>
  <color>
   Зеленый
  </color>
  <material>
   Нейлон
  </material>
  <price>
   815676
  </price>
  <rating>
   3.62
  </rating>
  <reviews>
   387148
  </reviews>
  <new>
   +
  </new>
  <exclusive>
   no
  </exclusive>
 </clothing>
 <clothing>
  <id>
   622545447
  </id>
  <name>
   Brooks Umbrellas N-2208
  </name>
  <category>
   Umbrellas
  </category>
  <size>
   XXL
  </size>
  <color>
   Фиолетовый
  </color>
  <material>
   Полиэстер
  </material>
  <price>
   721797
  </price>
  <rating>
   1.9
  </rating>
  <reviews>
   718887
  </reviews>
  <new>
   -
  </new>
  <sporty>
   yes
  </sporty>
 </clothing>
 <clothing>
  <id>
   259818974
  </id>
  <name>
   Nike T-shirt C-3005
  </name>
  <category>
   T-shirt
  </category>
  <size>
   L
  </size>
  <color>
   Желтый
  </color>
  <material>
   Полиэстер
  </material>
  <price>
   908695
  </price>
  <rating>
   1.11
  </rating>
  <reviews>
   609961
  </reviews>
  <exclusive>
   yes
  </exclusive>
  <sporty>
   no
  </sporty>
 </clothing>
 <clothing>
  <id>
   195066072
  </id>
  <name>
   Adidas Shirt I-8249
  </name>
  <category>
   Shirt
  </category>
  <size>
   S
  </size>
  <color>
   Зеленый
  </color>
  <material>
   Шерсть
  </material>
  <price>
   565682
  </price>
  <rating>
   3.53
  </rating>
  <reviews>
   727034
  </reviews>
  <new>
   +
  </new>
  <exclusive>
   no
  </exclusive>
 </clothing>
 <clothing>
  <id>
   309831897
  </id>
  <name>
   Lacoste Gloves M-9990
  </name>
  <category>
   Gloves
  </category>
  <size>
   M
  </size>
  <color>
   Желтый
  </color>
  <material>
   Лен
  </material>
  <price>
   281804
  </price>
  <rating>
   3.09
  </rating>
  <reviews>
   192408
  </reviews>
  <new>
   -
  </new>
  <exclusive>
   no
  </exclusive>
  <sporty>
   no
  </sporty>
 </clothing>
 <clothing>
  <id>
   632122217
  </id>
  <name>
   Under Armour Shoes E-5816
  </name>
  <category>
   Shoes
  </category>
  <size>
   XXL
  </size>
  <color>
   Голубой
  </color>
  <material>
   Вискоза
  </material>
  <price>
   689846
  </price>
  <rating>
   1.91
  </rating>
  <reviews>
   528651
  </reviews>
  <exclusive>
   no
  </exclusive>
 </clothing>
 <clothing>
  <id>
   265393071
  </id>
  <name>
   Addidas Shirt B-1020
  </name>
  <category>
   Shirt
  </category>
  <size>
   XL
  </size>
  <color>
   Синий
  </color>
  <material>
   Шелк
  </material>
  <price>
   309932
  </price>
  <rating>
   2.43
  </rating>
  <reviews>
   753923
  </reviews>
  <exclusive>
   no
  </exclusive>
  <sporty>
   no
  </sporty>
 </clothing>
 <clothing>
  <id>
   130283176
  </id>
  <name>
   Reebok Hat R-7220
  </name>
  <category>
   Hat
  </category>
  <size>
   XXL
  </size>
  <color>
   Красный
  </color>
  <material>
   Шерсть
  </material>
  <price>
   677322
  </price>
  <rating>
   1.65
  </rating>
  <reviews>
   207679
  </reviews>
  <exclusive>
   yes
  </exclusive>
 </clothing>
 <clothing>
  <id>
   302847863
  </id>
  <name>
   Converse Belts K-3631
  </name>
  <category>
   Belts
  </category>
  <size>
   XXL
  </size>
  <color>
   Красный
  </color>
  <material>
   Лен
  </material>
  <price>
   825859
  </price>
  <rating>
   3.81
  </rating>
  <reviews>
   219229
  </reviews>
 </clothing>
 <clothing>
  <id>
   119365651
  </id>
  <name>
   Nike Gloves F-5779
  </name>
  <category>
   Gloves
  </category>
  <size>
   S
  </size>
  <color>
   Синий
  </color>
  <material>
   Шерсть
  </material>
  <price>
   722872
  </price>
  <rating>
   1.4
  </rating>
  <reviews>
   301460
  </reviews>
  <new>
   -
  </new>
  <exclusive>
   no
  </exclusive>
  <sporty>
   no
  </sporty>
 </clothing>
 <clothing>
  <id>
   851024779
  </id>
  <name>
   Reebok Hat A-6984
  </name>
  <category>
   Hat
  </category>
  <size>
   XL
  </size>
  <color>
   Синий
  </color>
  <material>
   Нейлон
  </material>
  <price>
   381273
  </price>
  <rating>
   3.34
  </rating>
  <reviews>
   392894
  </reviews>
  <exclusive>
   no
  </exclusive>
  <sporty>
   yes
  </sporty>
 </clothing>
 <clothing>
  <id>
   268562790
  </id>
  <name>
   Vans Pants O-9812
  </name>
  <category>
   Pants
  </category>
  <size>
   M
  </size>
  <color>
   Синий
  </color>
  <material>
   Полиэстер
  </material>
  <price>
   972259
  </price>
  <rating>
   4.24
  </rating>
  <reviews>
   544681
  </reviews>
  <new>
   -
  </new>
  <sporty>
   yes
  </sporty>
 </clothing>
 <clothing>
  <id>
   970694709
  </id>
  <name>
   Lacoste Belts E-5576
  </name>
  <category>
   Belts
  </category>
  <size>
   XL
  </size>
  <color>
   Желтый
  </color>
  <material>
   Полиэстер
  </material>
  <price>
   496923
  </price>
  <rating>
   2.46
  </rating>
  <reviews>
   999615
  </reviews>
 </clothing>
 <clothing>
  <id>
   394910930
  </id>
  <name>
   Reebok Skirt O-1749
  </name>
  <category>
   Skirt
  </category>
  <size>
   XL
  </size>
  <color>
   Зеленый
  </color>
  <material>
   Шерсть
  </material>
  <price>
   492768
  </price>
  <rating>
   1.48
  </rating>
  <reviews>
   441332
  </reviews>
  <sporty>
   no
  </sporty>
 </clothing>
 <clothing>
  <id>
   144794125
  </id>
  <name>
   Asics Hat T-4161
  </name>
  <category>
   Hat
  </category>
  <size>
   L
  </size>
  <color>
   Синий
  </color>
  <material>
   Кожа
  </material>
  <price>
   199426
  </price>
  <rating>
   3.65
  </rating>
  <reviews>
   999058
  </reviews>
  <new>
   -
  </new>
  <exclusive>
   no
  </exclusive>
 </clothing>
 <clothing>
  <id>
   669064710
  </id>
  <name>
   Addidas Sweater H-1455
  </name>
  <category>
   Sweater
  </category>
  <size>
   M
  </size>
  <color>
   Зеленый
  </color>
  <material>
   Нейлон
  </material>
  <price>
   768999
  </price>
  <rating>
   1.69
  </rating>
  <reviews>
   775551
  </reviews>
  <sporty>
   no
  </sporty>
 </clothing>
 <clothing>
  <id>
   103556135
  </id>
  <name>
   Asics Dress P-8988
  </name>
  <category>
   Dress
  </category>
  <size>
   XXL
  </size>
  <color>
   Зеленый
  </color>
  <material>
   Шерсть
  </material>
  <price>
   528981
  </price>
  <rating>
   2.48
  </rating>
  <reviews>
   409095
  </reviews>
  <new>
   -
  </new>
  <sporty>
   no
  </sporty>
 </clothing>
 <clothing>
  <id>
   642799451
  </id>
  <name>
   Fila Jacket A-7844
  </name>
  <category>
   Jacket
  </category>
  <size>
   XXL
  </size>
  <color>
   Желтый
  </color>
  <material>
   Полиэстер
  </material>
  <price>
   360139
  </price>
  <rating>
   1.28
  </rating>
  <reviews>
   401300
  </reviews>
  <new>
   -
  </new>
  <exclusive>
   yes
  </exclusive>
  <sporty>
   no
  </sporty>
 </clothing>
 <clothing>
  <id>
   734530369
  </id>
  <name>
   Fila Shirt R-9653
  </name>
  <category>
   Shirt
  </category>
  <size>
   S
  </size>
  <color>
   Красный
  </color>
  <material>
   Шелк
  </material>
  <price>
   556113
  </price>
  <rating>
   2.74
  </rating>
  <reviews>
   416446
  </reviews>
  <sporty>
   yes
  </sporty>
 </clothing>
 <clothing>
  <id>
   708957620
  </id>
  <name>
   Adidas Shirt Q-8441
  </name>
  <category>
   Shirt
  </category>
  <size>
   L
  </size>
  <color>
   Оранжевый
  </color>
  <material>
   Лен
  </material>
  <price>
   737830
  </price>
  <rating>
   1.41
  </rating>
  <reviews>
   734661
  </reviews>
  <new>
   -
  </new>
 </clothing>
 <clothing>
  <id>
   253345604
  </id>
  <name>
   Under Armour T-shirt I-1759
  </name>
  <category>
   T-shirt
  </category>
  <size>
   M
  </size>
  <color>
   Красный
  </color>
  <material>
   Хлопок
  </material>
  <price>
   780900
  </price>
  <rating>
   3.34
  </rating>
  <reviews>
   365384
  </reviews>
  <new>
   -
  </new>
 </clothing>
 <clothing>
  <id>
   606366876
  </id>
  <name>
   Converse Jeans J-3795
  </name>
  <category>
   Jeans
  </category>
  <size>
   XL
  </size>
  <color>
   Оранжевый
  </color>
  <material>
   Нейлон
  </material>
  <price>
   804417
  </price>
  <rating>
   4.16
  </rating>
  <reviews>
   603204
  </reviews>
  <new>
   -
  </new>
 </clothing>
 <clothing>
  <id>
   311883029
  </id>
  <name>
   Addidas Belts D-8469
  </name>
  <category>
   Belts
  </category>
  <size>
   XXL
  </size>
  <color>
   Голубой
  </color>
  <material>
   Нейлон
  </material>
  <price>
   935594
  </price>
  <rating>
   1.24
  </rating>
  <reviews>
   269121
  </reviews>
  <new>
   -
  </new>
 </clothing>
 <clothing>
  <id>
   321894943
  </id>
  <name>
   Fila Dress I-4876
  </name>
  <category>
   Dress
  </category>
  <size>
   M
  </size>
  <color>
   Зеленый
  </color>
  <material>
   Полиэстер
  </material>
  <price>
   239992
  </price>
  <rating>
   3.61
  </rating>
  <reviews>
   381950
  </reviews>
  <sporty>
   no
  </sporty>
 </clothing>
 <clothing>
  <id>
   612888346
  </id>
  <name>
   Asics Skirt P-6967
  </name>
  <category>
   Skirt
  </category>
  <size>
   XL
  </size>
  <color>
   Оранжевый
  </color>
  <material>
   Хлопок
  </material>
  <price>
   505137
  </price>
  <rating>
   2.27
  </rating>
  <reviews>
   743783
  </reviews>
  <sporty>
   no
  </sporty>
 </clothing>
 <clothing>
  <id>
   862324306
  </id>
  <name>
   PleinSport Shirt M-8452
  </name>
  <category>
   Shirt
  </category>
  <size>
   XXL
  </size>
  <color>
   Оранжевый
  </color>
  <material>
   Хлопок
  </material>
  <price>
   105314
  </price>
  <rating>
   1.8
  </rating>
  <reviews>
   482148
  </reviews>
  <sporty>
   no
  </sporty>
 </clothing>
 <clothing>
  <id>
   404494080
  </id>
  <name>
   PleinSport Gloves W-4394
  </name>
  <category>
   Gloves
  </category>
  <size>
   XXL
  </size>
  <color>
   Голубой
  </color>
  <material>
   Нейлон
  </material>
  <price>
   636352
  </price>
  <rating>
   3.72
  </rating>
  <reviews>
   670220
  </reviews>
  <sporty>
   no
  </sporty>
 </clothing>
 <clothing>
  <id>
   512110089
  </id>
  <name>
   Under Armour Sweater K-5326
  </name>
  <category>
   Sweater
  </category>
  <size>
   XL
  </size>
  <color>
   Красный
  </color>
  <material>
   Кожа
  </material>
  <price>
   709337
  </price>
  <rating>
   4.05
  </rating>
  <reviews>
   117253
  </reviews>
  <new>
   +
  </new>
  <exclusive>
   yes
  </exclusive>
  <sporty>
   no
  </sporty>
 </clothing>
 <clothing>
  <id>
   564712845
  </id>
  <name>
   DC Handbags R-1041
  </name>
  <category>
   Handbags
  </category>
  <size>
   M
  </size>
  <color>
   Синий
  </color>
  <material>
   Нейлон
  </material>
  <price>
   803317
  </price>
  <rating>
   1.43
  </rating>
  <reviews>
   982863
  </reviews>
  <new>
   -
  </new>
  <sporty>
   no
  </sporty>
 </clothing>
 <clothing>
  <id>
   478314950
  </id>
  <name>
   Puma Dress P-6416
  </name>
  <category>
   Dress
  </category>
  <size>
   XL
  </size>
  <color>
   Оранжевый
  </color>
  <material>
   Лен
  </material>
  <price>
   775318
  </price>
  <rating>
   1.83
  </rating>
  <reviews>
   491232
  </reviews>
  <new>
   +
  </new>
  <sporty>
   no
  </sporty>
 </clothing>
</clothing-items>
