<?xml version="1.0" encoding="utf-8"?>
<clothing-items>
 <clothing>
  <id>
   132498609
  </id>
  <name>
   Nike Skirt M-1473
  </name>
  <category>
   Skirt
  </category>
  <size>
   XL
  </size>
  <color>
   Оранжевый
  </color>
  <material>
   Хлопок
  </material>
  <price>
   542292
  </price>
  <rating>
   1.72
  </rating>
  <reviews>
   751203
  </reviews>
  <sporty>
   yes
  </sporty>
 </clothing>
 <clothing>
  <id>
   554226093
  </id>
  <name>
   Nike Belts S-8127
  </name>
  <category>
   Belts
  </category>
  <size>
   S
  </size>
  <color>
   Красный
  </color>
  <material>
   Кожа
  </material>
  <price>
   666197
  </price>
  <rating>
   3.13
  </rating>
  <reviews>
   787294
  </reviews>
  <new>
   -
  </new>
  <exclusive>
   yes
  </exclusive>
  <sporty>
   no
  </sporty>
 </clothing>
 <clothing>
  <id>
   182726548
  </id>
  <name>
   Under Armour Shirt N-1991
  </name>
  <category>
   Shirt
  </category>
  <size>
   M
  </size>
  <color>
   Оранжевый
  </color>
  <material>
   Лен
  </material>
  <price>
   951495
  </price>
  <rating>
   1.92
  </rating>
  <reviews>
   203981
  </reviews>
 </clothing>
 <clothing>
  <id>
   690892484
  </id>
  <name>
   Fila Blouse A-3061
  </name>
  <category>
   Blouse
  </category>
  <size>
   L
  </size>
  <color>
   Красный
  </color>
  <material>
   Лен
  </material>
  <price>
   845911
  </price>
  <rating>
   1.21
  </rating>
  <reviews>
   38877
  </reviews>
  <new>
   -
  </new>
  <exclusive>
   no
  </exclusive>
  <sporty>
   no
  </sporty>
 </clothing>
 <clothing>
  <id>
   686971485
  </id>
  <name>
   Asics Blouse D-6436
  </name>
  <category>
   Blouse
  </category>
  <size>
   L
  </size>
  <color>
   Зеленый
  </color>
  <material>
   Хлопок
  </material>
  <price>
   729330
  </price>
  <rating>
   3.92
  </rating>
  <reviews>
   531472
  </reviews>
  <new>
   +
  </new>
  <exclusive>
   no
  </exclusive>
  <sporty>
   yes
  </sporty>
 </clothing>
 <clothing>
  <id>
   468977879
  </id>
  <name>
   Reebok Skirt L-4626
  </name>
  <category>
   Skirt
  </category>
  <size>
   S
  </size>
  <color>
   Зеленый
  </color>
  <material>
   Кожа
  </material>
  <price>
   138071
  </price>
  <rating>
   3.94
  </rating>
  <reviews>
   15461
  </reviews>
  <new>
   -
  </new>
 </clothing>
 <clothing>
  <id>
   702242968
  </id>
  <name>
   Brooks Gloves P-6334
  </name>
  <category>
   Gloves
  </category>
  <size>
   XL
  </size>
  <color>
   Красный
  </color>
  <material>
   Хлопок
  </material>
  <price>
   574669
  </price>
  <rating>
   2.74
  </rating>
  <reviews>
   42852
  </reviews>
  <exclusive>
   no
  </exclusive>
 </clothing>
 <clothing>
  <id>
   832193759
  </id>
  <name>
   Asics Pants R-5047
  </name>
  <category>
   Pants
  </category>
  <size>
   S
  </size>
  <color>
   Фиолетовый
  </color>
  <material>
   Полиэстер
  </material>
  <price>
   627252
  </price>
  <rating>
   3.34
  </rating>
  <reviews>
   530805
  </reviews>
  <new>
   -
  </new>
  <exclusive>
   yes
  </exclusive>
  <sporty>
   no
  </sporty>
 </clothing>
 <clothing>
  <id>
   557251572
  </id>
  <name>
   DC Sweater Q-7359
  </name>
  <category>
   Sweater
  </category>
  <size>
   L
  </size>
  <color>
   Оранжевый
  </color>
  <material>
   Вискоза
  </material>
  <price>
   491643
  </price>
  <rating>
   3.09
  </rating>
  <reviews>
   727075
  </reviews>
  <exclusive>
   no
  </exclusive>
 </clothing>
 <clothing>
  <id>
   980961131
  </id>
  <name>
   Asics Jacket O-4488
  </name>
  <category>
   Jacket
  </category>
  <size>
   XL
  </size>
  <color>
   Оранжевый
  </color>
  <material>
   Нейлон
  </material>
  <price>
   590446
  </price>
  <rating>
   4.7
  </rating>
  <reviews>
   467639
  </reviews>
  <new>
   -
  </new>
  <exclusive>
   yes
  </exclusive>
 </clothing>
 <clothing>
  <id>
   240781759
  </id>
  <name>
   New Balance Gloves C-6999
  </name>
  <category>
   Gloves
  </category>
  <size>
   XXL
  </size>
  <color>
   Красный
  </color>
  <material>
   Нейлон
  </material>
  <price>
   304950
  </price>
  <rating>
   3.21
  </rating>
  <reviews>
   336756
  </reviews>
  <new>
   +
  </new>
  <exclusive>
   no
  </exclusive>
 </clothing>
 <clothing>
  <id>
   698923324
  </id>
  <name>
   Puma Jacket M-2687
  </name>
  <category>
   Jacket
  </category>
  <size>
   S
  </size>
  <color>
   Голубой
  </color>
  <material>
   Лен
  </material>
  <price>
   553216
  </price>
  <rating>
   2.75
  </rating>
  <reviews>
   10205
  </reviews>
  <new>
   +
  </new>
  <exclusive>
   no
  </exclusive>
  <sporty>
   no
  </sporty>
 </clothing>
 <clothing>
  <id>
   733751276
  </id>
  <name>
   Reebok Blouse A-9561
  </name>
  <category>
   Blouse
  </category>
  <size>
   S
  </size>
  <color>
   Синий
  </color>
  <material>
   Кожа
  </material>
  <price>
   781081
  </price>
  <rating>
   3.98
  </rating>
  <reviews>
   679223
  </reviews>
  <new>
   +
  </new>
  <exclusive>
   no
  </exclusive>
  <sporty>
   no
  </sporty>
 </clothing>
 <clothing>
  <id>
   109436881
  </id>
  <name>
   Under Armour T-shirt M-7079
  </name>
  <category>
   T-shirt
  </category>
  <size>
   M
  </size>
  <color>
   Зеленый
  </color>
  <material>
   Шелк
  </material>
  <price>
   246629
  </price>
  <rating>
   2.52
  </rating>
  <reviews>
   887450
  </reviews>
  <new>
   +
  </new>
  <sporty>
   no
  </sporty>
 </clothing>
 <clothing>
  <id>
   225554847
  </id>
  <name>
   Adidas Jacket Q-4851
  </name>
  <category>
   Jacket
  </category>
  <size>
   XL
  </size>
  <color>
   Голубой
  </color>
  <material>
   Хлопок
  </material>
  <price>
   327882
  </price>
  <rating>
   2.91
  </rating>
  <reviews>
   135192
  </reviews>
 </clothing>
 <clothing>
  <id>
   152518868
  </id>
  <name>
   Asics Shirt N-7755
  </name>
  <category>
   Shirt
  </category>
  <size>
   XL
  </size>
  <color>
   Синий
  </color>
  <material>
   Вискоза
  </material>
  <price>
   697225
  </price>
  <rating>
   4.95
  </rating>
  <reviews>
   778320
  </reviews>
  <new>
   -
  </new>
  <exclusive>
   no
  </exclusive>
  <sporty>
   yes
  </sporty>
 </clothing>
 <clothing>
  <id>
   927372175
  </id>
  <name>
   Brooks Handbags E-3541
  </name>
  <category>
   Handbags
  </category>
  <size>
   S
  </size>
  <color>
   Желтый
  </color>
  <material>
   Шелк
  </material>
  <price>
   769661
  </price>
  <rating>
   2.64
  </rating>
  <reviews>
   702492
  </reviews>
  <exclusive>
   yes
  </exclusive>
  <sporty>
   no
  </sporty>
 </clothing>
 <clothing>
  <id>
   821697978
  </id>
  <name>
   Converse Jacket A-5021
  </name>
  <category>
   Jacket
  </category>
  <size>
   M
  </size>
  <color>
   Фиолетовый
  </color>
  <material>
   Нейлон
  </material>
  <price>
   934338
  </price>
  <rating>
   2.06
  </rating>
  <reviews>
   689866
  </reviews>
  <exclusive>
   no
  </exclusive>
  <sporty>
   yes
  </sporty>
 </clothing>
 <clothing>
  <id>
   700572744
  </id>
  <name>
   Addidas Sweater R-3886
  </name>
  <category>
   Sweater
  </category>
  <size>
   M
  </size>
  <color>
   Красный
  </color>
  <material>
   Нейлон
  </material>
  <price>
   157242
  </price>
  <rating>
   2.13
  </rating>
  <reviews>
   762278
  </reviews>
  <exclusive>
   no
  </exclusive>
  <sporty>
   yes
  </sporty>
 </clothing>
 <clothing>
  <id>
   979113592
  </id>
  <name>
   Addidas Belts O-2420
  </name>
  <category>
   Belts
  </category>
  <size>
   L
  </size>
  <color>
   Желтый
  </color>
  <material>
   Вискоза
  </material>
  <price>
   792993
  </price>
  <rating>
   3.73
  </rating>
  <reviews>
   801464
  </reviews>
  <new>
   +
  </new>
  <sporty>
   yes
  </sporty>
 </clothing>
 <clothing>
  <id>
   499265856
  </id>
  <name>
   Brooks Shirt B-8151
  </name>
  <category>
   Shirt
  </category>
  <size>
   L
  </size>
  <color>
   Желтый
  </color>
  <material>
   Вискоза
  </material>
  <price>
   490094
  </price>
  <rating>
   3.81
  </rating>
  <reviews>
   65010
  </reviews>
  <exclusive>
   no
  </exclusive>
  <sporty>
   yes
  </sporty>
 </clothing>
 <clothing>
  <id>
   566948471
  </id>
  <name>
   Puma Gloves Q-8654
  </name>
  <category>
   Gloves
  </category>
  <size>
   XL
  </size>
  <color>
   Желтый
  </color>
  <material>
   Кожа
  </material>
  <price>
   922273
  </price>
  <rating>
   4.76
  </rating>
  <reviews>
   867853
  </reviews>
  <new>
   +
  </new>
 </clothing>
 <clothing>
  <id>
   803484616
  </id>
  <name>
   Nike Jeans S-8558
  </name>
  <category>
   Jeans
  </category>
  <size>
   M
  </size>
  <color>
   Фиолетовый
  </color>
  <material>
   Шерсть
  </material>
  <price>
   468407
  </price>
  <rating>
   1.39
  </rating>
  <reviews>
   322116
  </reviews>
  <new>
   -
  </new>
  <exclusive>
   no
  </exclusive>
  <sporty>
   no
  </sporty>
 </clothing>
 <clothing>
  <id>
   228575475
  </id>
  <name>
   Puma Hat Z-5586
  </name>
  <category>
   Hat
  </category>
  <size>
   XL
  </size>
  <color>
   Оранжевый
  </color>
  <material>
   Шерсть
  </material>
  <price>
   414581
  </price>
  <rating>
   2.74
  </rating>
  <reviews>
   249482
  </reviews>
  <new>
   +
  </new>
 </clothing>
 <clothing>
  <id>
   592566180
  </id>
  <name>
   Asics Sweater S-4583
  </name>
  <category>
   Sweater
  </category>
  <size>
   L
  </size>
  <color>
   Зеленый
  </color>
  <material>
   Полиэстер
  </material>
  <price>
   111313
  </price>
  <rating>
   2.41
  </rating>
  <reviews>
   664362
  </reviews>
  <exclusive>
   yes
  </exclusive>
  <sporty>
   no
  </sporty>
 </clothing>
 <clothing>
  <id>
   681250989
  </id>
  <name>
   Lacoste Belts M-7404
  </name>
  <category>
   Belts
  </category>
  <size>
   XXL
  </size>
  <color>
   Голубой
  </color>
  <material>
   Кожа
  </material>
  <price>
   105433
  </price>
  <rating>
   4.4
  </rating>
  <reviews>
   198815
  </reviews>
  <new>
   +
  </new>
  <exclusive>
   no
  </exclusive>
  <sporty>
   no
  </sporty>
 </clothing>
 <clothing>
  <id>
   368338750
  </id>
  <name>
   Lacoste Shirt M-1299
  </name>
  <category>
   Shirt
  </category>
  <size>
   M
  </size>
  <color>
   Голубой
  </color>
  <material>
   Хлопок
  </material>
  <price>
   289179
  </price>
  <rating>
   5.0
  </rating>
  <reviews>
   812112
  </reviews>
  <new>
   -
  </new>
  <exclusive>
   no
  </exclusive>
 </clothing>
 <clothing>
  <id>
   380260952
  </id>
  <name>
   Addidas Jacket M-3224
  </name>
  <category>
   Jacket
  </category>
  <size>
   M
  </size>
  <color>
   Фиолетовый
  </color>
  <material>
   Шелк
  </material>
  <price>
   688989
  </price>
  <rating>
   2.3
  </rating>
  <reviews>
   933221
  </reviews>
  <new>
   +
  </new>
  <exclusive>
   no
  </exclusive>
  <sporty>
   no
  </sporty>
 </clothing>
 <clothing>
  <id>
   456846137
  </id>
  <name>
   Addidas T-shirt A-7130
  </name>
  <category>
   T-shirt
  </category>
  <size>
   XXL
  </size>
  <color>
   Оранжевый
  </color>
  <material>
   Вискоза
  </material>
  <price>
   185475
  </price>
  <rating>
   4.88
  </rating>
  <reviews>
   854587
  </reviews>
  <new>
   -
  </new>
  <exclusive>
   no
  </exclusive>
 </clothing>
 <clothing>
  <id>
   505079284
  </id>
  <name>
   DC Jeans M-7982
  </name>
  <category>
   Jeans
  </category>
  <size>
   S
  </size>
  <color>
   Оранжевый
  </color>
  <material>
   Вискоза
  </material>
  <price>
   833831
  </price>
  <rating>
   2.15
  </rating>
  <reviews>
   409090
  </reviews>
  <new>
   -
  </new>
 </clothing>
 <clothing>
  <id>
   195826224
  </id>
  <name>
   Fila Jacket U-5258
  </name>
  <category>
   Jacket
  </category>
  <size>
   S
  </size>
  <color>
   Желтый
  </color>
  <material>
   Шелк
  </material>
  <price>
   286260
  </price>
  <rating>
   4.72
  </rating>
  <reviews>
   129504
  </reviews>
  <new>
   +
  </new>
  <sporty>
   no
  </sporty>
 </clothing>
 <clothing>
  <id>
   461528276
  </id>
  <name>
   Addidas Blouse F-2195
  </name>
  <category>
   Blouse
  </category>
  <size>
   XL
  </size>
  <color>
   Голубой
  </color>
  <material>
   Хлопок
  </material>
  <price>
   834580
  </price>
  <rating>
   3.72
  </rating>
  <reviews>
   675323
  </reviews>
  <new>
   -
  </new>
  <exclusive>
   no
  </exclusive>
  <sporty>
   no
  </sporty>
 </clothing>
 <clothing>
  <id>
   829316500
  </id>
  <name>
   Addidas Jacket T-3424
  </name>
  <category>
   Jacket
  </category>
  <size>
   S
  </size>
  <color>
   Желтый
  </color>
  <material>
   Полиэстер
  </material>
  <price>
   753451
  </price>
  <rating>
   3.84
  </rating>
  <reviews>
   413777
  </reviews>
  <new>
   -
  </new>
  <exclusive>
   no
  </exclusive>
 </clothing>
 <clothing>
  <id>
   625610965
  </id>
  <name>
   PleinSport Blouse Q-8212
  </name>
  <category>
   Blouse
  </category>
  <size>
   XXL
  </size>
  <color>
   Оранжевый
  </color>
  <material>
   Шелк
  </material>
  <price>
   496691
  </price>
  <rating>
   1.95
  </rating>
  <reviews>
   943100
  </reviews>
  <exclusive>
   yes
  </exclusive>
 </clothing>
 <clothing>
  <id>
   829597983
  </id>
  <name>
   Adidas Umbrellas M-4154
  </name>
  <category>
   Umbrellas
  </category>
  <size>
   XXL
  </size>
  <color>
   Желтый
  </color>
  <material>
   Шерсть
  </material>
  <price>
   404024
  </price>
  <rating>
   4.61
  </rating>
  <reviews>
   729145
  </reviews>
  <new>
   +
  </new>
  <exclusive>
   yes
  </exclusive>
  <sporty>
   no
  </sporty>
 </clothing>
 <clothing>
  <id>
   165981532
  </id>
  <name>
   Reebok Gloves O-8196
  </name>
  <category>
   Gloves
  </category>
  <size>
   XL
  </size>
  <color>
   Зеленый
  </color>
  <material>
   Лен
  </material>
  <price>
   465022
  </price>
  <rating>
   1.68
  </rating>
  <reviews>
   902404
  </reviews>
  <new>
   +
  </new>
  <exclusive>
   yes
  </exclusive>
  <sporty>
   yes
  </sporty>
 </clothing>
</clothing-items>
