<?xml version="1.0" encoding="utf-8"?>
<clothing-items>
 <clothing>
  <id>
   252412229
  </id>
  <name>
   Under Armour Gloves Q-3071
  </name>
  <category>
   Gloves
  </category>
  <size>
   L
  </size>
  <color>
   Зеленый
  </color>
  <material>
   Шерсть
  </material>
  <price>
   551118
  </price>
  <rating>
   1.07
  </rating>
  <reviews>
   358911
  </reviews>
  <new>
   +
  </new>
  <exclusive>
   yes
  </exclusive>
 </clothing>
 <clothing>
  <id>
   889226613
  </id>
  <name>
   DC Jacket H-5902
  </name>
  <category>
   Jacket
  </category>
  <size>
   XL
  </size>
  <color>
   Желтый
  </color>
  <material>
   Кожа
  </material>
  <price>
   407430
  </price>
  <rating>
   3.31
  </rating>
  <reviews>
   825070
  </reviews>
  <sporty>
   yes
  </sporty>
 </clothing>
 <clothing>
  <id>
   330316726
  </id>
  <name>
   Puma Blouse A-5318
  </name>
  <category>
   Blouse
  </category>
  <size>
   L
  </size>
  <color>
   Фиолетовый
  </color>
  <material>
   Нейлон
  </material>
  <price>
   256159
  </price>
  <rating>
   2.01
  </rating>
  <reviews>
   493541
  </reviews>
  <new>
   +
  </new>
 </clothing>
 <clothing>
  <id>
   702367022
  </id>
  <name>
   PleinSport Pants Q-5327
  </name>
  <category>
   Pants
  </category>
  <size>
   XL
  </size>
  <color>
   Красный
  </color>
  <material>
   Вискоза
  </material>
  <price>
   872832
  </price>
  <rating>
   4.55
  </rating>
  <reviews>
   411153
  </reviews>
  <new>
   -
  </new>
  <exclusive>
   no
  </exclusive>
 </clothing>
 <clothing>
  <id>
   669067774
  </id>
  <name>
   Addidas Hat B-2880
  </name>
  <category>
   Hat
  </category>
  <size>
   M
  </size>
  <color>
   Оранжевый
  </color>
  <material>
   Хлопок
  </material>
  <price>
   118760
  </price>
  <rating>
   1.67
  </rating>
  <reviews>
   319086
  </reviews>
  <sporty>
   yes
  </sporty>
 </clothing>
 <clothing>
  <id>
   559313538
  </id>
  <name>
   Fila Shirt N-6372
  </name>
  <category>
   Shirt
  </category>
  <size>
   XL
  </size>
  <color>
   Красный
  </color>
  <material>
   Вискоза
  </material>
  <price>
   995384
  </price>
  <rating>
   3.63
  </rating>
  <reviews>
   996747
  </reviews>
  <new>
   -
  </new>
  <exclusive>
   no
  </exclusive>
  <sporty>
   no
  </sporty>
 </clothing>
 <clothing>
  <id>
   332729297
  </id>
  <name>
   Nike Shoes Y-5626
  </name>
  <category>
   Shoes
  </category>
  <size>
   L
  </size>
  <color>
   Оранжевый
  </color>
  <material>
   Лен
  </material>
  <price>
   279118
  </price>
  <rating>
   2.66
  </rating>
  <reviews>
   401333
  </reviews>
  <exclusive>
   no
  </exclusive>
 </clothing>
 <clothing>
  <id>
   983609320
  </id>
  <name>
   Vans Socks B-5513
  </name>
  <category>
   Socks
  </category>
  <size>
   S
  </size>
  <color>
   Желтый
  </color>
  <material>
   Полиэстер
  </material>
  <price>
   783802
  </price>
  <rating>
   4.41
  </rating>
  <reviews>
   931999
  </reviews>
  <new>
   -
  </new>
  <exclusive>
   no
  </exclusive>
  <sporty>
   no
  </sporty>
 </clothing>
 <clothing>
  <id>
   395704824
  </id>
  <name>
   DC Socks V-9705
  </name>
  <category>
   Socks
  </category>
  <size>
   M
  </size>
  <color>
   Голубой
  </color>
  <material>
   Лен
  </material>
  <price>
   742120
  </price>
  <rating>
   1.15
  </rating>
  <reviews>
   214750
  </reviews>
  <new>
   +
  </new>
  <exclusive>
   yes
  </exclusive>
 </clothing>
 <clothing>
  <id>
   491882291
  </id>
  <name>
   Brooks T-shirt C-8121
  </name>
  <category>
   T-shirt
  </category>
  <size>
   XL
  </size>
  <color>
   Красный
  </color>
  <material>
   Шерсть
  </material>
  <price>
   105830
  </price>
  <rating>
   4.67
  </rating>
  <reviews>
   94683
  </reviews>
  <new>
   -
  </new>
 </clothing>
 <clothing>
  <id>
   886297634
  </id>
  <name>
   PleinSport Jacket T-8816
  </name>
  <category>
   Jacket
  </category>
  <size>
   S
  </size>
  <color>
   Фиолетовый
  </color>
  <material>
   Лен
  </material>
  <price>
   721660
  </price>
  <rating>
   4.4
  </rating>
  <reviews>
   957401
  </reviews>
  <exclusive>
   no
  </exclusive>
  <sporty>
   no
  </sporty>
 </clothing>
 <clothing>
  <id>
   261665647
  </id>
  <name>
   Asics Pants V-8876
  </name>
  <category>
   Pants
  </category>
  <size>
   S
  </size>
  <color>
   Желтый
  </color>
  <material>
   Шерсть
  </material>
  <price>
   504373
  </price>
  <rating>
   4.47
  </rating>
  <reviews>
   348853
  </reviews>
  <new>
   -
  </new>
  <exclusive>
   no
  </exclusive>
  <sporty>
   yes
  </sporty>
 </clothing>
 <clothing>
  <id>
   146120917
  </id>
  <name>
   Lacoste Jacket H-4947
  </name>
  <category>
   Jacket
  </category>
  <size>
   XL
  </size>
  <color>
   Зеленый
  </color>
  <material>
   Хлопок
  </material>
  <price>
   580925
  </price>
  <rating>
   3.64
  </rating>
  <reviews>
   544725
  </reviews>
  <new>
   +
  </new>
  <exclusive>
   no
  </exclusive>
 </clothing>
 <clothing>
  <id>
   851368768
  </id>
  <name>
   Adidas Dress K-3976
  </name>
  <category>
   Dress
  </category>
  <size>
   L
  </size>
  <color>
   Красный
  </color>
  <material>
   Полиэстер
  </material>
  <price>
   721294
  </price>
  <rating>
   4.68
  </rating>
  <reviews>
   156070
  </reviews>
 </clothing>
 <clothing>
  <id>
   810764420
  </id>
  <name>
   PleinSport Blouse Q-2917
  </name>
  <category>
   Blouse
  </category>
  <size>
   L
  </size>
  <color>
   Фиолетовый
  </color>
  <material>
   Шерсть
  </material>
  <price>
   529127
  </price>
  <rating>
   1.37
  </rating>
  <reviews>
   626148
  </reviews>
  <new>
   -
  </new>
  <exclusive>
   no
  </exclusive>
 </clothing>
 <clothing>
  <id>
   298988925
  </id>
  <name>
   Ellesse Umbrellas Q-6780
  </name>
  <category>
   Umbrellas
  </category>
  <size>
   XL
  </size>
  <color>
   Красный
  </color>
  <material>
   Нейлон
  </material>
  <price>
   867966
  </price>
  <rating>
   4.11
  </rating>
  <reviews>
   110552
  </reviews>
  <new>
   -
  </new>
  <exclusive>
   yes
  </exclusive>
  <sporty>
   no
  </sporty>
 </clothing>
 <clothing>
  <id>
   514879596
  </id>
  <name>
   Under Armour Umbrellas I-9530
  </name>
  <category>
   Umbrellas
  </category>
  <size>
   S
  </size>
  <color>
   Фиолетовый
  </color>
  <material>
   Полиэстер
  </material>
  <price>
   283633
  </price>
  <rating>
   1.89
  </rating>
  <reviews>
   356956
  </reviews>
  <new>
   +
  </new>
  <exclusive>
   yes
  </exclusive>
  <sporty>
   yes
  </sporty>
 </clothing>
</clothing-items>
