<?xml version="1.0" encoding="utf-8"?>
<clothing-items>
 <clothing>
  <id>
   304269423
  </id>
  <name>
   PleinSport T-shirt G-7673
  </name>
  <category>
   T-shirt
  </category>
  <size>
   S
  </size>
  <color>
   Желтый
  </color>
  <material>
   Полиэстер
  </material>
  <price>
   182115
  </price>
  <rating>
   4.85
  </rating>
  <reviews>
   446621
  </reviews>
  <new>
   -
  </new>
  <exclusive>
   no
  </exclusive>
 </clothing>
 <clothing>
  <id>
   280152479
  </id>
  <name>
   Nike Gloves Z-5866
  </name>
  <category>
   Gloves
  </category>
  <size>
   L
  </size>
  <color>
   Оранжевый
  </color>
  <material>
   Нейлон
  </material>
  <price>
   682957
  </price>
  <rating>
   4.58
  </rating>
  <reviews>
   331653
  </reviews>
  <sporty>
   no
  </sporty>
 </clothing>
 <clothing>
  <id>
   676629377
  </id>
  <name>
   Ellesse Jeans L-9091
  </name>
  <category>
   Jeans
  </category>
  <size>
   M
  </size>
  <color>
   Оранжевый
  </color>
  <material>
   Хлопок
  </material>
  <price>
   131996
  </price>
  <rating>
   3.89
  </rating>
  <reviews>
   303786
  </reviews>
  <new>
   -
  </new>
  <sporty>
   yes
  </sporty>
 </clothing>
 <clothing>
  <id>
   734333719
  </id>
  <name>
   Asics Gloves V-9003
  </name>
  <category>
   Gloves
  </category>
  <size>
   XXL
  </size>
  <color>
   Оранжевый
  </color>
  <material>
   Полиэстер
  </material>
  <price>
   137396
  </price>
  <rating>
   3.05
  </rating>
  <reviews>
   867032
  </reviews>
  <sporty>
   yes
  </sporty>
 </clothing>
 <clothing>
  <id>
   598579488
  </id>
  <name>
   Lacoste Umbrellas B-4595
  </name>
  <category>
   Umbrellas
  </category>
  <size>
   XXL
  </size>
  <color>
   Желтый
  </color>
  <material>
   Вискоза
  </material>
  <price>
   616809
  </price>
  <rating>
   1.34
  </rating>
  <reviews>
   278620
  </reviews>
 </clothing>
 <clothing>
  <id>
   985750892
  </id>
  <name>
   Under Armour Blouse N-6055
  </name>
  <category>
   Blouse
  </category>
  <size>
   S
  </size>
  <color>
   Голубой
  </color>
  <material>
   Полиэстер
  </material>
  <price>
   495823
  </price>
  <rating>
   4.61
  </rating>
  <reviews>
   507534
  </reviews>
  <new>
   -
  </new>
  <sporty>
   yes
  </sporty>
 </clothing>
 <clothing>
  <id>
   198063060
  </id>
  <name>
   Converse Socks L-6653
  </name>
  <category>
   Socks
  </category>
  <size>
   S
  </size>
  <color>
   Желтый
  </color>
  <material>
   Нейлон
  </material>
  <price>
   310742
  </price>
  <rating>
   3.51
  </rating>
  <reviews>
   378005
  </reviews>
  <new>
   -
  </new>
  <exclusive>
   no
  </exclusive>
  <sporty>
   yes
  </sporty>
 </clothing>
 <clothing>
  <id>
   180099736
  </id>
  <name>
   DC Skirt D-2516
  </name>
  <category>
   Skirt
  </category>
  <size>
   XXL
  </size>
  <color>
   Зеленый
  </color>
  <material>
   Нейлон
  </material>
  <price>
   809334
  </price>
  <rating>
   3.54
  </rating>
  <reviews>
   376202
  </reviews>
  <new>
   -
  </new>
  <exclusive>
   yes
  </exclusive>
  <sporty>
   no
  </sporty>
 </clothing>
 <clothing>
  <id>
   502222165
  </id>
  <name>
   Reebok Gloves S-7835
  </name>
  <category>
   Gloves
  </category>
  <size>
   S
  </size>
  <color>
   Желтый
  </color>
  <material>
   Лен
  </material>
  <price>
   757302
  </price>
  <rating>
   1.9
  </rating>
  <reviews>
   763001
  </reviews>
  <new>
   +
  </new>
  <sporty>
   no
  </sporty>
 </clothing>
 <clothing>
  <id>
   165654080
  </id>
  <name>
   New Balance Jacket T-3247
  </name>
  <category>
   Jacket
  </category>
  <size>
   M
  </size>
  <color>
   Красный
  </color>
  <material>
   Лен
  </material>
  <price>
   427993
  </price>
  <rating>
   1.29
  </rating>
  <reviews>
   906095
  </reviews>
  <exclusive>
   no
  </exclusive>
  <sporty>
   no
  </sporty>
 </clothing>
 <clothing>
  <id>
   416926417
  </id>
  <name>
   Brooks Handbags R-4593
  </name>
  <category>
   Handbags
  </category>
  <size>
   L
  </size>
  <color>
   Фиолетовый
  </color>
  <material>
   Лен
  </material>
  <price>
   419445
  </price>
  <rating>
   3.2
  </rating>
  <reviews>
   919898
  </reviews>
  <exclusive>
   no
  </exclusive>
 </clothing>
 <clothing>
  <id>
   303736798
  </id>
  <name>
   Adidas Socks R-6644
  </name>
  <category>
   Socks
  </category>
  <size>
   XXL
  </size>
  <color>
   Фиолетовый
  </color>
  <material>
   Полиэстер
  </material>
  <price>
   606935
  </price>
  <rating>
   1.01
  </rating>
  <reviews>
   226155
  </reviews>
  <new>
   +
  </new>
  <exclusive>
   yes
  </exclusive>
 </clothing>
 <clothing>
  <id>
   697117059
  </id>
  <name>
   Asics Sweater Z-7895
  </name>
  <category>
   Sweater
  </category>
  <size>
   M
  </size>
  <color>
   Голубой
  </color>
  <material>
   Полиэстер
  </material>
  <price>
   288196
  </price>
  <rating>
   3.8
  </rating>
  <reviews>
   869956
  </reviews>
  <new>
   -
  </new>
  <exclusive>
   no
  </exclusive>
  <sporty>
   no
  </sporty>
 </clothing>
 <clothing>
  <id>
   635964937
  </id>
  <name>
   Converse Hat U-8207
  </name>
  <category>
   Hat
  </category>
  <size>
   L
  </size>
  <color>
   Фиолетовый
  </color>
  <material>
   Шерсть
  </material>
  <price>
   530904
  </price>
  <rating>
   2.77
  </rating>
  <reviews>
   138980
  </reviews>
  <sporty>
   yes
  </sporty>
 </clothing>
 <clothing>
  <id>
   172532277
  </id>
  <name>
   Fila Gloves K-8989
  </name>
  <category>
   Gloves
  </category>
  <size>
   XXL
  </size>
  <color>
   Желтый
  </color>
  <material>
   Кожа
  </material>
  <price>
   208376
  </price>
  <rating>
   1.58
  </rating>
  <reviews>
   964917
  </reviews>
  <exclusive>
   yes
  </exclusive>
 </clothing>
 <clothing>
  <id>
   728659468
  </id>
  <name>
   Brooks Dress Z-7024
  </name>
  <category>
   Dress
  </category>
  <size>
   XL
  </size>
  <color>
   Красный
  </color>
  <material>
   Шелк
  </material>
  <price>
   668185
  </price>
  <rating>
   1.42
  </rating>
  <reviews>
   419217
  </reviews>
  <new>
   -
  </new>
  <exclusive>
   yes
  </exclusive>
 </clothing>
 <clothing>
  <id>
   343858996
  </id>
  <name>
   Addidas Belts R-1524
  </name>
  <category>
   Belts
  </category>
  <size>
   XXL
  </size>
  <color>
   Оранжевый
  </color>
  <material>
   Полиэстер
  </material>
  <price>
   920346
  </price>
  <rating>
   4.98
  </rating>
  <reviews>
   959644
  </reviews>
  <new>
   +
  </new>
  <exclusive>
   no
  </exclusive>
 </clothing>
 <clothing>
  <id>
   990863996
  </id>
  <name>
   Vans Sweater W-2275
  </name>
  <category>
   Sweater
  </category>
  <size>
   M
  </size>
  <color>
   Фиолетовый
  </color>
  <material>
   Шелк
  </material>
  <price>
   363379
  </price>
  <rating>
   3.76
  </rating>
  <reviews>
   246221
  </reviews>
  <new>
   -
  </new>
  <exclusive>
   yes
  </exclusive>
 </clothing>
 <clothing>
  <id>
   640487046
  </id>
  <name>
   Fila Pants F-1847
  </name>
  <category>
   Pants
  </category>
  <size>
   XL
  </size>
  <color>
   Зеленый
  </color>
  <material>
   Полиэстер
  </material>
  <price>
   382753
  </price>
  <rating>
   1.34
  </rating>
  <reviews>
   310751
  </reviews>
  <sporty>
   yes
  </sporty>
 </clothing>
 <clothing>
  <id>
   253197089
  </id>
  <name>
   Fila Pants O-6658
  </name>
  <category>
   Pants
  </category>
  <size>
   M
  </size>
  <color>
   Желтый
  </color>
  <material>
   Шелк
  </material>
  <price>
   197644
  </price>
  <rating>
   2.54
  </rating>
  <reviews>
   255980
  </reviews>
  <exclusive>
   yes
  </exclusive>
 </clothing>
 <clothing>
  <id>
   848629952
  </id>
  <name>
   Under Armour Blouse K-2115
  </name>
  <category>
   Blouse
  </category>
  <size>
   XXL
  </size>
  <color>
   Зеленый
  </color>
  <material>
   Полиэстер
  </material>
  <price>
   372363
  </price>
  <rating>
   1.91
  </rating>
  <reviews>
   530998
  </reviews>
  <new>
   +
  </new>
  <exclusive>
   no
  </exclusive>
  <sporty>
   yes
  </sporty>
 </clothing>
</clothing-items>
