<?xml version="1.0" encoding="utf-8"?>
<clothing-items>
 <clothing>
  <id>
   785097973
  </id>
  <name>
   New Balance Umbrellas I-1444
  </name>
  <category>
   Umbrellas
  </category>
  <size>
   S
  </size>
  <color>
   Голубой
  </color>
  <material>
   Нейлон
  </material>
  <price>
   497410
  </price>
  <rating>
   1.82
  </rating>
  <reviews>
   805533
  </reviews>
  <exclusive>
   no
  </exclusive>
  <sporty>
   yes
  </sporty>
 </clothing>
 <clothing>
  <id>
   777874994
  </id>
  <name>
   Fila Shirt T-5681
  </name>
  <category>
   Shirt
  </category>
  <size>
   S
  </size>
  <color>
   Красный
  </color>
  <material>
   Шелк
  </material>
  <price>
   566729
  </price>
  <rating>
   4.49
  </rating>
  <reviews>
   746703
  </reviews>
 </clothing>
 <clothing>
  <id>
   341750010
  </id>
  <name>
   Asics Jeans L-6805
  </name>
  <category>
   Jeans
  </category>
  <size>
   M
  </size>
  <color>
   Синий
  </color>
  <material>
   Вискоза
  </material>
  <price>
   188090
  </price>
  <rating>
   4.84
  </rating>
  <reviews>
   933478
  </reviews>
  <new>
   +
  </new>
  <exclusive>
   yes
  </exclusive>
 </clothing>
 <clothing>
  <id>
   503481118
  </id>
  <name>
   Vans Jacket M-5320
  </name>
  <category>
   Jacket
  </category>
  <size>
   S
  </size>
  <color>
   Зеленый
  </color>
  <material>
   Вискоза
  </material>
  <price>
   445303
  </price>
  <rating>
   4.11
  </rating>
  <reviews>
   425403
  </reviews>
  <exclusive>
   no
  </exclusive>
 </clothing>
 <clothing>
  <id>
   161412631
  </id>
  <name>
   DC Shoes Y-4472
  </name>
  <category>
   Shoes
  </category>
  <size>
   XL
  </size>
  <color>
   Зеленый
  </color>
  <material>
   Лен
  </material>
  <price>
   456280
  </price>
  <rating>
   3.87
  </rating>
  <reviews>
   220859
  </reviews>
  <new>
   -
  </new>
  <exclusive>
   no
  </exclusive>
 </clothing>
 <clothing>
  <id>
   314902406
  </id>
  <name>
   DC Handbags R-3745
  </name>
  <category>
   Handbags
  </category>
  <size>
   L
  </size>
  <color>
   Оранжевый
  </color>
  <material>
   Полиэстер
  </material>
  <price>
   714976
  </price>
  <rating>
   1.98
  </rating>
  <reviews>
   716243
  </reviews>
  <new>
   +
  </new>
 </clothing>
 <clothing>
  <id>
   554165123
  </id>
  <name>
   Under Armour Dress A-5767
  </name>
  <category>
   Dress
  </category>
  <size>
   M
  </size>
  <color>
   Оранжевый
  </color>
  <material>
   Хлопок
  </material>
  <price>
   488020
  </price>
  <rating>
   4.54
  </rating>
  <reviews>
   794960
  </reviews>
  <new>
   -
  </new>
  <exclusive>
   no
  </exclusive>
  <sporty>
   yes
  </sporty>
 </clothing>
 <clothing>
  <id>
   383609981
  </id>
  <name>
   Asics Pants H-6983
  </name>
  <category>
   Pants
  </category>
  <size>
   XL
  </size>
  <color>
   Красный
  </color>
  <material>
   Шерсть
  </material>
  <price>
   500628
  </price>
  <rating>
   1.49
  </rating>
  <reviews>
   565491
  </reviews>
 </clothing>
 <clothing>
  <id>
   600622332
  </id>
  <name>
   Converse Handbags N-4044
  </name>
  <category>
   Handbags
  </category>
  <size>
   L
  </size>
  <color>
   Красный
  </color>
  <material>
   Кожа
  </material>
  <price>
   798464
  </price>
  <rating>
   1.83
  </rating>
  <reviews>
   880651
  </reviews>
  <new>
   -
  </new>
  <exclusive>
   no
  </exclusive>
  <sporty>
   yes
  </sporty>
 </clothing>
 <clothing>
  <id>
   818282626
  </id>
  <name>
   Addidas Gloves H-8399
  </name>
  <category>
   Gloves
  </category>
  <size>
   XXL
  </size>
  <color>
   Оранжевый
  </color>
  <material>
   Шерсть
  </material>
  <price>
   828798
  </price>
  <rating>
   3.13
  </rating>
  <reviews>
   520279
  </reviews>
  <new>
   +
  </new>
  <exclusive>
   no
  </exclusive>
  <sporty>
   no
  </sporty>
 </clothing>
 <clothing>
  <id>
   673308393
  </id>
  <name>
   Adidas Pants Q-2076
  </name>
  <category>
   Pants
  </category>
  <size>
   M
  </size>
  <color>
   Фиолетовый
  </color>
  <material>
   Вискоза
  </material>
  <price>
   339820
  </price>
  <rating>
   2.16
  </rating>
  <reviews>
   66374
  </reviews>
  <exclusive>
   no
  </exclusive>
 </clothing>
</clothing-items>
