<?xml version="1.0" encoding="utf-8"?>
<clothing-items>
 <clothing>
  <id>
   517671986
  </id>
  <name>
   Asics Dress W-2291
  </name>
  <category>
   Dress
  </category>
  <size>
   M
  </size>
  <color>
   Фиолетовый
  </color>
  <material>
   Шерсть
  </material>
  <price>
   160995
  </price>
  <rating>
   4.32
  </rating>
  <reviews>
   692579
  </reviews>
  <new>
   -
  </new>
 </clothing>
 <clothing>
  <id>
   832581896
  </id>
  <name>
   Lacoste Jacket A-2309
  </name>
  <category>
   Jacket
  </category>
  <size>
   M
  </size>
  <color>
   Голубой
  </color>
  <material>
   Полиэстер
  </material>
  <price>
   843926
  </price>
  <rating>
   4.16
  </rating>
  <reviews>
   458615
  </reviews>
  <new>
   +
  </new>
  <exclusive>
   no
  </exclusive>
 </clothing>
 <clothing>
  <id>
   825833846
  </id>
  <name>
   Nike Umbrellas P-7337
  </name>
  <category>
   Umbrellas
  </category>
  <size>
   S
  </size>
  <color>
   Голубой
  </color>
  <material>
   Нейлон
  </material>
  <price>
   427341
  </price>
  <rating>
   3.49
  </rating>
  <reviews>
   291637
  </reviews>
  <exclusive>
   no
  </exclusive>
  <sporty>
   no
  </sporty>
 </clothing>
 <clothing>
  <id>
   624379869
  </id>
  <name>
   Adidas Umbrellas S-1996
  </name>
  <category>
   Umbrellas
  </category>
  <size>
   XXL
  </size>
  <color>
   Оранжевый
  </color>
  <material>
   Шелк
  </material>
  <price>
   206147
  </price>
  <rating>
   4.38
  </rating>
  <reviews>
   175919
  </reviews>
  <new>
   -
  </new>
  <sporty>
   no
  </sporty>
 </clothing>
 <clothing>
  <id>
   496816729
  </id>
  <name>
   Under Armour Gloves A-6955
  </name>
  <category>
   Gloves
  </category>
  <size>
   XXL
  </size>
  <color>
   Желтый
  </color>
  <material>
   Полиэстер
  </material>
  <price>
   332621
  </price>
  <rating>
   2.1
  </rating>
  <reviews>
   268031
  </reviews>
  <exclusive>
   no
  </exclusive>
 </clothing>
 <clothing>
  <id>
   601287769
  </id>
  <name>
   Reebok Hat E-7821
  </name>
  <category>
   Hat
  </category>
  <size>
   L
  </size>
  <color>
   Синий
  </color>
  <material>
   Нейлон
  </material>
  <price>
   195977
  </price>
  <rating>
   1.48
  </rating>
  <reviews>
   545095
  </reviews>
  <exclusive>
   no
  </exclusive>
 </clothing>
 <clothing>
  <id>
   891075714
  </id>
  <name>
   Puma Skirt L-1245
  </name>
  <category>
   Skirt
  </category>
  <size>
   XXL
  </size>
  <color>
   Фиолетовый
  </color>
  <material>
   Лен
  </material>
  <price>
   905893
  </price>
  <rating>
   3.22
  </rating>
  <reviews>
   122036
  </reviews>
 </clothing>
 <clothing>
  <id>
   101778951
  </id>
  <name>
   Reebok Handbags W-3145
  </name>
  <category>
   Handbags
  </category>
  <size>
   L
  </size>
  <color>
   Желтый
  </color>
  <material>
   Вискоза
  </material>
  <price>
   465723
  </price>
  <rating>
   2.23
  </rating>
  <reviews>
   980273
  </reviews>
  <sporty>
   no
  </sporty>
 </clothing>
 <clothing>
  <id>
   230875597
  </id>
  <name>
   Converse Skirt Q-9880
  </name>
  <category>
   Skirt
  </category>
  <size>
   S
  </size>
  <color>
   Красный
  </color>
  <material>
   Шерсть
  </material>
  <price>
   777566
  </price>
  <rating>
   1.07
  </rating>
  <reviews>
   574342
  </reviews>
  <sporty>
   no
  </sporty>
 </clothing>
 <clothing>
  <id>
   924300188
  </id>
  <name>
   Adidas Jeans M-7508
  </name>
  <category>
   Jeans
  </category>
  <size>
   S
  </size>
  <color>
   Красный
  </color>
  <material>
   Вискоза
  </material>
  <price>
   933314
  </price>
  <rating>
   1.71
  </rating>
  <reviews>
   875830
  </reviews>
  <exclusive>
   yes
  </exclusive>
 </clothing>
 <clothing>
  <id>
   659274634
  </id>
  <name>
   Brooks Pants J-9031
  </name>
  <category>
   Pants
  </category>
  <size>
   L
  </size>
  <color>
   Синий
  </color>
  <material>
   Нейлон
  </material>
  <price>
   804415
  </price>
  <rating>
   2.51
  </rating>
  <reviews>
   963756
  </reviews>
  <new>
   -
  </new>
  <sporty>
   no
  </sporty>
 </clothing>
 <clothing>
  <id>
   188614676
  </id>
  <name>
   Nike Hat N-9807
  </name>
  <category>
   Hat
  </category>
  <size>
   L
  </size>
  <color>
   Желтый
  </color>
  <material>
   Хлопок
  </material>
  <price>
   302831
  </price>
  <rating>
   1.33
  </rating>
  <reviews>
   720090
  </reviews>
  <new>
   +
  </new>
 </clothing>
 <clothing>
  <id>
   482878515
  </id>
  <name>
   Adidas Jacket G-1553
  </name>
  <category>
   Jacket
  </category>
  <size>
   XL
  </size>
  <color>
   Зеленый
  </color>
  <material>
   Шелк
  </material>
  <price>
   463535
  </price>
  <rating>
   2.66
  </rating>
  <reviews>
   194621
  </reviews>
  <sporty>
   no
  </sporty>
 </clothing>
 <clothing>
  <id>
   968930137
  </id>
  <name>
   Fila Skirt E-1879
  </name>
  <category>
   Skirt
  </category>
  <size>
   S
  </size>
  <color>
   Фиолетовый
  </color>
  <material>
   Полиэстер
  </material>
  <price>
   176237
  </price>
  <rating>
   3.87
  </rating>
  <reviews>
   536915
  </reviews>
  <exclusive>
   no
  </exclusive>
 </clothing>
 <clothing>
  <id>
   946957378
  </id>
  <name>
   Fila Belts W-3461
  </name>
  <category>
   Belts
  </category>
  <size>
   XXL
  </size>
  <color>
   Синий
  </color>
  <material>
   Шелк
  </material>
  <price>
   325155
  </price>
  <rating>
   1.16
  </rating>
  <reviews>
   240735
  </reviews>
  <new>
   -
  </new>
  <exclusive>
   yes
  </exclusive>
  <sporty>
   no
  </sporty>
 </clothing>
 <clothing>
  <id>
   750353700
  </id>
  <name>
   Asics Hat G-5941
  </name>
  <category>
   Hat
  </category>
  <size>
   S
  </size>
  <color>
   Зеленый
  </color>
  <material>
   Нейлон
  </material>
  <price>
   823651
  </price>
  <rating>
   3.57
  </rating>
  <reviews>
   133331
  </reviews>
  <new>
   -
  </new>
 </clothing>
 <clothing>
  <id>
   282720414
  </id>
  <name>
   Under Armour Belts Y-1350
  </name>
  <category>
   Belts
  </category>
  <size>
   L
  </size>
  <color>
   Синий
  </color>
  <material>
   Шелк
  </material>
  <price>
   625533
  </price>
  <rating>
   2.87
  </rating>
  <reviews>
   171559
  </reviews>
  <exclusive>
   no
  </exclusive>
  <sporty>
   yes
  </sporty>
 </clothing>
 <clothing>
  <id>
   463792695
  </id>
  <name>
   Asics Sweater D-3736
  </name>
  <category>
   Sweater
  </category>
  <size>
   S
  </size>
  <color>
   Желтый
  </color>
  <material>
   Кожа
  </material>
  <price>
   518400
  </price>
  <rating>
   3.28
  </rating>
  <reviews>
   746581
  </reviews>
  <exclusive>
   no
  </exclusive>
  <sporty>
   no
  </sporty>
 </clothing>
 <clothing>
  <id>
   175166020
  </id>
  <name>
   Converse Socks K-2505
  </name>
  <category>
   Socks
  </category>
  <size>
   XXL
  </size>
  <color>
   Желтый
  </color>
  <material>
   Нейлон
  </material>
  <price>
   547488
  </price>
  <rating>
   2.07
  </rating>
  <reviews>
   419939
  </reviews>
 </clothing>
 <clothing>
  <id>
   293284355
  </id>
  <name>
   Under Armour Jacket F-7685
  </name>
  <category>
   Jacket
  </category>
  <size>
   S
  </size>
  <color>
   Голубой
  </color>
  <material>
   Шерсть
  </material>
  <price>
   408436
  </price>
  <rating>
   3.8
  </rating>
  <reviews>
   631015
  </reviews>
  <sporty>
   no
  </sporty>
 </clothing>
 <clothing>
  <id>
   930807050
  </id>
  <name>
   Ellesse Belts R-2310
  </name>
  <category>
   Belts
  </category>
  <size>
   XXL
  </size>
  <color>
   Голубой
  </color>
  <material>
   Вискоза
  </material>
  <price>
   433154
  </price>
  <rating>
   4.52
  </rating>
  <reviews>
   107591
  </reviews>
  <new>
   -
  </new>
  <sporty>
   no
  </sporty>
 </clothing>
 <clothing>
  <id>
   154416424
  </id>
  <name>
   Vans Sweater P-8776
  </name>
  <category>
   Sweater
  </category>
  <size>
   L
  </size>
  <color>
   Голубой
  </color>
  <material>
   Нейлон
  </material>
  <price>
   214757
  </price>
  <rating>
   1.64
  </rating>
  <reviews>
   109587
  </reviews>
  <new>
   +
  </new>
  <exclusive>
   no
  </exclusive>
  <sporty>
   yes
  </sporty>
 </clothing>
 <clothing>
  <id>
   964375095
  </id>
  <name>
   New Balance Skirt V-1745
  </name>
  <category>
   Skirt
  </category>
  <size>
   S
  </size>
  <color>
   Синий
  </color>
  <material>
   Кожа
  </material>
  <price>
   783212
  </price>
  <rating>
   3.66
  </rating>
  <reviews>
   243841
  </reviews>
  <exclusive>
   yes
  </exclusive>
  <sporty>
   no
  </sporty>
 </clothing>
 <clothing>
  <id>
   725221126
  </id>
  <name>
   Fila Blouse R-3974
  </name>
  <category>
   Blouse
  </category>
  <size>
   L
  </size>
  <color>
   Фиолетовый
  </color>
  <material>
   Кожа
  </material>
  <price>
   684110
  </price>
  <rating>
   3.47
  </rating>
  <reviews>
   279792
  </reviews>
  <new>
   +
  </new>
  <exclusive>
   no
  </exclusive>
  <sporty>
   no
  </sporty>
 </clothing>
 <clothing>
  <id>
   685863113
  </id>
  <name>
   Converse Jeans D-3137
  </name>
  <category>
   Jeans
  </category>
  <size>
   XXL
  </size>
  <color>
   Фиолетовый
  </color>
  <material>
   Вискоза
  </material>
  <price>
   532711
  </price>
  <rating>
   1.97
  </rating>
  <reviews>
   26852
  </reviews>
  <exclusive>
   no
  </exclusive>
  <sporty>
   no
  </sporty>
 </clothing>
 <clothing>
  <id>
   742879986
  </id>
  <name>
   New Balance Dress R-8137
  </name>
  <category>
   Dress
  </category>
  <size>
   L
  </size>
  <color>
   Синий
  </color>
  <material>
   Вискоза
  </material>
  <price>
   401354
  </price>
  <rating>
   2.07
  </rating>
  <reviews>
   54663
  </reviews>
  <new>
   +
  </new>
 </clothing>
 <clothing>
  <id>
   907088265
  </id>
  <name>
   PleinSport Umbrellas K-8234
  </name>
  <category>
   Umbrellas
  </category>
  <size>
   S
  </size>
  <color>
   Фиолетовый
  </color>
  <material>
   Лен
  </material>
  <price>
   598108
  </price>
  <rating>
   4.63
  </rating>
  <reviews>
   275362
  </reviews>
  <sporty>
   yes
  </sporty>
 </clothing>
 <clothing>
  <id>
   287011495
  </id>
  <name>
   New Balance Belts P-9934
  </name>
  <category>
   Belts
  </category>
  <size>
   L
  </size>
  <color>
   Синий
  </color>
  <material>
   Нейлон
  </material>
  <price>
   270752
  </price>
  <rating>
   2.85
  </rating>
  <reviews>
   617555
  </reviews>
  <exclusive>
   yes
  </exclusive>
 </clothing>
 <clothing>
  <id>
   784951151
  </id>
  <name>
   PleinSport Pants M-3558
  </name>
  <category>
   Pants
  </category>
  <size>
   XL
  </size>
  <color>
   Красный
  </color>
  <material>
   Лен
  </material>
  <price>
   594539
  </price>
  <rating>
   2.48
  </rating>
  <reviews>
   682545
  </reviews>
  <new>
   -
  </new>
  <sporty>
   no
  </sporty>
 </clothing>
 <clothing>
  <id>
   356931875
  </id>
  <name>
   Ellesse Belts R-8928
  </name>
  <category>
   Belts
  </category>
  <size>
   XXL
  </size>
  <color>
   Фиолетовый
  </color>
  <material>
   Лен
  </material>
  <price>
   653645
  </price>
  <rating>
   3.45
  </rating>
  <reviews>
   744536
  </reviews>
 </clothing>
 <clothing>
  <id>
   632904855
  </id>
  <name>
   Vans Jeans B-7672
  </name>
  <category>
   Jeans
  </category>
  <size>
   S
  </size>
  <color>
   Голубой
  </color>
  <material>
   Хлопок
  </material>
  <price>
   967090
  </price>
  <rating>
   2.86
  </rating>
  <reviews>
   272643
  </reviews>
  <new>
   -
  </new>
  <sporty>
   no
  </sporty>
 </clothing>
 <clothing>
  <id>
   851843541
  </id>
  <name>
   Under Armour Sweater R-9630
  </name>
  <category>
   Sweater
  </category>
  <size>
   M
  </size>
  <color>
   Синий
  </color>
  <material>
   Хлопок
  </material>
  <price>
   494385
  </price>
  <rating>
   2.64
  </rating>
  <reviews>
   341398
  </reviews>
  <exclusive>
   yes
  </exclusive>
  <sporty>
   yes
  </sporty>
 </clothing>
 <clothing>
  <id>
   178756612
  </id>
  <name>
   Ellesse Hat I-3922
  </name>
  <category>
   Hat
  </category>
  <size>
   XL
  </size>
  <color>
   Голубой
  </color>
  <material>
   Вискоза
  </material>
  <price>
   319903
  </price>
  <rating>
   1.19
  </rating>
  <reviews>
   191739
  </reviews>
  <exclusive>
   yes
  </exclusive>
 </clothing>
 <clothing>
  <id>
   367227330
  </id>
  <name>
   Reebok Belts F-1294
  </name>
  <category>
   Belts
  </category>
  <size>
   XXL
  </size>
  <color>
   Зеленый
  </color>
  <material>
   Шерсть
  </material>
  <price>
   227565
  </price>
  <rating>
   1.03
  </rating>
  <reviews>
   648204
  </reviews>
  <new>
   -
  </new>
 </clothing>
 <clothing>
  <id>
   446882625
  </id>
  <name>
   Ellesse Dress I-4820
  </name>
  <category>
   Dress
  </category>
  <size>
   S
  </size>
  <color>
   Красный
  </color>
  <material>
   Вискоза
  </material>
  <price>
   156794
  </price>
  <rating>
   2.41
  </rating>
  <reviews>
   980982
  </reviews>
  <exclusive>
   no
  </exclusive>
  <sporty>
   no
  </sporty>
 </clothing>
 <clothing>
  <id>
   635456415
  </id>
  <name>
   New Balance Belts I-7530
  </name>
  <category>
   Belts
  </category>
  <size>
   XXL
  </size>
  <color>
   Зеленый
  </color>
  <material>
   Кожа
  </material>
  <price>
   966515
  </price>
  <rating>
   3.66
  </rating>
  <reviews>
   751662
  </reviews>
  <exclusive>
   no
  </exclusive>
 </clothing>
 <clothing>
  <id>
   720033047
  </id>
  <name>
   Nike Dress A-7064
  </name>
  <category>
   Dress
  </category>
  <size>
   XXL
  </size>
  <color>
   Фиолетовый
  </color>
  <material>
   Шерсть
  </material>
  <price>
   898813
  </price>
  <rating>
   1.05
  </rating>
  <reviews>
   798087
  </reviews>
  <exclusive>
   no
  </exclusive>
  <sporty>
   no
  </sporty>
 </clothing>
 <clothing>
  <id>
   231946826
  </id>
  <name>
   DC Handbags C-2355
  </name>
  <category>
   Handbags
  </category>
  <size>
   XL
  </size>
  <color>
   Фиолетовый
  </color>
  <material>
   Кожа
  </material>
  <price>
   417303
  </price>
  <rating>
   3.56
  </rating>
  <reviews>
   786116
  </reviews>
  <exclusive>
   no
  </exclusive>
  <sporty>
   no
  </sporty>
 </clothing>
 <clothing>
  <id>
   756134537
  </id>
  <name>
   Adidas Jeans X-6848
  </name>
  <category>
   Jeans
  </category>
  <size>
   L
  </size>
  <color>
   Фиолетовый
  </color>
  <material>
   Шерсть
  </material>
  <price>
   149002
  </price>
  <rating>
   3.28
  </rating>
  <reviews>
   419654
  </reviews>
  <exclusive>
   no
  </exclusive>
  <sporty>
   yes
  </sporty>
 </clothing>
 <clothing>
  <id>
   235278029
  </id>
  <name>
   Ellesse Jeans T-3064
  </name>
  <category>
   Jeans
  </category>
  <size>
   S
  </size>
  <color>
   Желтый
  </color>
  <material>
   Вискоза
  </material>
  <price>
   322600
  </price>
  <rating>
   3.0
  </rating>
  <reviews>
   86984
  </reviews>
  <exclusive>
   no
  </exclusive>
  <sporty>
   no
  </sporty>
 </clothing>
 <clothing>
  <id>
   852231564
  </id>
  <name>
   Reebok Shoes L-8895
  </name>
  <category>
   Shoes
  </category>
  <size>
   L
  </size>
  <color>
   Красный
  </color>
  <material>
   Хлопок
  </material>
  <price>
   230583
  </price>
  <rating>
   4.37
  </rating>
  <reviews>
   722858
  </reviews>
  <new>
   -
  </new>
  <exclusive>
   no
  </exclusive>
  <sporty>
   no
  </sporty>
 </clothing>
 <clothing>
  <id>
   442641605
  </id>
  <name>
   Brooks Gloves C-5156
  </name>
  <category>
   Gloves
  </category>
  <size>
   S
  </size>
  <color>
   Синий
  </color>
  <material>
   Шелк
  </material>
  <price>
   809929
  </price>
  <rating>
   4.7
  </rating>
  <reviews>
   967081
  </reviews>
  <exclusive>
   yes
  </exclusive>
 </clothing>
</clothing-items>
