<?xml version="1.0" encoding="utf-8"?>
<clothing-items>
 <clothing>
  <id>
   661132392
  </id>
  <name>
   Reebok Jeans F-3769
  </name>
  <category>
   Jeans
  </category>
  <size>
   M
  </size>
  <color>
   Зеленый
  </color>
  <material>
   Хлопок
  </material>
  <price>
   339133
  </price>
  <rating>
   3.03
  </rating>
  <reviews>
   188052
  </reviews>
  <sporty>
   no
  </sporty>
 </clothing>
 <clothing>
  <id>
   452535517
  </id>
  <name>
   Vans Belts E-5573
  </name>
  <category>
   Belts
  </category>
  <size>
   XL
  </size>
  <color>
   Зеленый
  </color>
  <material>
   Шелк
  </material>
  <price>
   119661
  </price>
  <rating>
   4.39
  </rating>
  <reviews>
   12368
  </reviews>
  <new>
   -
  </new>
 </clothing>
 <clothing>
  <id>
   452705875
  </id>
  <name>
   Adidas Blouse J-9960
  </name>
  <category>
   Blouse
  </category>
  <size>
   XXL
  </size>
  <color>
   Желтый
  </color>
  <material>
   Хлопок
  </material>
  <price>
   146507
  </price>
  <rating>
   1.74
  </rating>
  <reviews>
   43765
  </reviews>
 </clothing>
 <clothing>
  <id>
   848013093
  </id>
  <name>
   Adidas Pants Q-4719
  </name>
  <category>
   Pants
  </category>
  <size>
   S
  </size>
  <color>
   Красный
  </color>
  <material>
   Хлопок
  </material>
  <price>
   568724
  </price>
  <rating>
   3.9
  </rating>
  <reviews>
   71047
  </reviews>
  <new>
   +
  </new>
 </clothing>
 <clothing>
  <id>
   725861996
  </id>
  <name>
   Ellesse Handbags C-4304
  </name>
  <category>
   Handbags
  </category>
  <size>
   XXL
  </size>
  <color>
   Фиолетовый
  </color>
  <material>
   Полиэстер
  </material>
  <price>
   666679
  </price>
  <rating>
   1.42
  </rating>
  <reviews>
   628795
  </reviews>
  <new>
   +
  </new>
  <sporty>
   no
  </sporty>
 </clothing>
 <clothing>
  <id>
   397878794
  </id>
  <name>
   Asics Hat W-5435
  </name>
  <category>
   Hat
  </category>
  <size>
   L
  </size>
  <color>
   Зеленый
  </color>
  <material>
   Шелк
  </material>
  <price>
   680690
  </price>
  <rating>
   3.62
  </rating>
  <reviews>
   18269
  </reviews>
  <new>
   +
  </new>
  <sporty>
   no
  </sporty>
 </clothing>
 <clothing>
  <id>
   828583117
  </id>
  <name>
   Vans Handbags R-8992
  </name>
  <category>
   Handbags
  </category>
  <size>
   S
  </size>
  <color>
   Голубой
  </color>
  <material>
   Шелк
  </material>
  <price>
   190892
  </price>
  <rating>
   3.4
  </rating>
  <reviews>
   864079
  </reviews>
  <new>
   +
  </new>
 </clothing>
 <clothing>
  <id>
   283384051
  </id>
  <name>
   Asics T-shirt Y-9715
  </name>
  <category>
   T-shirt
  </category>
  <size>
   XXL
  </size>
  <color>
   Голубой
  </color>
  <material>
   Шелк
  </material>
  <price>
   243656
  </price>
  <rating>
   2.79
  </rating>
  <reviews>
   277864
  </reviews>
  <new>
   +
  </new>
 </clothing>
 <clothing>
  <id>
   884558829
  </id>
  <name>
   Vans Pants T-7124
  </name>
  <category>
   Pants
  </category>
  <size>
   L
  </size>
  <color>
   Фиолетовый
  </color>
  <material>
   Полиэстер
  </material>
  <price>
   818629
  </price>
  <rating>
   3.25
  </rating>
  <reviews>
   393164
  </reviews>
  <exclusive>
   no
  </exclusive>
  <sporty>
   no
  </sporty>
 </clothing>
 <clothing>
  <id>
   330709920
  </id>
  <name>
   Under Armour Gloves Q-7560
  </name>
  <category>
   Gloves
  </category>
  <size>
   M
  </size>
  <color>
   Оранжевый
  </color>
  <material>
   Шерсть
  </material>
  <price>
   489560
  </price>
  <rating>
   4.13
  </rating>
  <reviews>
   71266
  </reviews>
  <new>
   -
  </new>
  <exclusive>
   yes
  </exclusive>
  <sporty>
   no
  </sporty>
 </clothing>
 <clothing>
  <id>
   224908064
  </id>
  <name>
   PleinSport Hat V-8426
  </name>
  <category>
   Hat
  </category>
  <size>
   M
  </size>
  <color>
   Оранжевый
  </color>
  <material>
   Шелк
  </material>
  <price>
   532746
  </price>
  <rating>
   4.66
  </rating>
  <reviews>
   558338
  </reviews>
  <exclusive>
   no
  </exclusive>
  <sporty>
   no
  </sporty>
 </clothing>
 <clothing>
  <id>
   551660926
  </id>
  <name>
   Fila Pants B-1481
  </name>
  <category>
   Pants
  </category>
  <size>
   XXL
  </size>
  <color>
   Фиолетовый
  </color>
  <material>
   Полиэстер
  </material>
  <price>
   612936
  </price>
  <rating>
   1.23
  </rating>
  <reviews>
   571761
  </reviews>
  <exclusive>
   yes
  </exclusive>
 </clothing>
 <clothing>
  <id>
   605233887
  </id>
  <name>
   Adidas Umbrellas Y-6832
  </name>
  <category>
   Umbrellas
  </category>
  <size>
   XXL
  </size>
  <color>
   Зеленый
  </color>
  <material>
   Хлопок
  </material>
  <price>
   848585
  </price>
  <rating>
   3.02
  </rating>
  <reviews>
   847844
  </reviews>
 </clothing>
 <clothing>
  <id>
   947051324
  </id>
  <name>
   PleinSport Shirt B-9886
  </name>
  <category>
   Shirt
  </category>
  <size>
   XL
  </size>
  <color>
   Зеленый
  </color>
  <material>
   Кожа
  </material>
  <price>
   397845
  </price>
  <rating>
   4.47
  </rating>
  <reviews>
   634854
  </reviews>
  <new>
   +
  </new>
  <exclusive>
   no
  </exclusive>
 </clothing>
 <clothing>
  <id>
   333391915
  </id>
  <name>
   Ellesse Umbrellas Q-2048
  </name>
  <category>
   Umbrellas
  </category>
  <size>
   L
  </size>
  <color>
   Желтый
  </color>
  <material>
   Шелк
  </material>
  <price>
   653030
  </price>
  <rating>
   1.0
  </rating>
  <reviews>
   248381
  </reviews>
  <new>
   -
  </new>
  <exclusive>
   no
  </exclusive>
 </clothing>
 <clothing>
  <id>
   429727253
  </id>
  <name>
   Reebok Dress I-5494
  </name>
  <category>
   Dress
  </category>
  <size>
   XXL
  </size>
  <color>
   Синий
  </color>
  <material>
   Полиэстер
  </material>
  <price>
   980288
  </price>
  <rating>
   1.33
  </rating>
  <reviews>
   179820
  </reviews>
  <new>
   +
  </new>
  <exclusive>
   no
  </exclusive>
  <sporty>
   no
  </sporty>
 </clothing>
 <clothing>
  <id>
   430047735
  </id>
  <name>
   Vans Sweater F-7972
  </name>
  <category>
   Sweater
  </category>
  <size>
   S
  </size>
  <color>
   Зеленый
  </color>
  <material>
   Хлопок
  </material>
  <price>
   826653
  </price>
  <rating>
   3.45
  </rating>
  <reviews>
   590381
  </reviews>
  <exclusive>
   no
  </exclusive>
  <sporty>
   no
  </sporty>
 </clothing>
 <clothing>
  <id>
   586655699
  </id>
  <name>
   Nike Belts W-7951
  </name>
  <category>
   Belts
  </category>
  <size>
   XXL
  </size>
  <color>
   Голубой
  </color>
  <material>
   Шерсть
  </material>
  <price>
   924408
  </price>
  <rating>
   4.58
  </rating>
  <reviews>
   486594
  </reviews>
  <exclusive>
   yes
  </exclusive>
 </clothing>
 <clothing>
  <id>
   603600530
  </id>
  <name>
   Puma Blouse R-2963
  </name>
  <category>
   Blouse
  </category>
  <size>
   XL
  </size>
  <color>
   Красный
  </color>
  <material>
   Вискоза
  </material>
  <price>
   503097
  </price>
  <rating>
   2.52
  </rating>
  <reviews>
   828038
  </reviews>
 </clothing>
 <clothing>
  <id>
   593679866
  </id>
  <name>
   Brooks Skirt C-8130
  </name>
  <category>
   Skirt
  </category>
  <size>
   S
  </size>
  <color>
   Оранжевый
  </color>
  <material>
   Хлопок
  </material>
  <price>
   214087
  </price>
  <rating>
   3.74
  </rating>
  <reviews>
   514018
  </reviews>
  <new>
   -
  </new>
  <exclusive>
   no
  </exclusive>
  <sporty>
   yes
  </sporty>
 </clothing>
 <clothing>
  <id>
   115468064
  </id>
  <name>
   DC Jeans G-8501
  </name>
  <category>
   Jeans
  </category>
  <size>
   XL
  </size>
  <color>
   Фиолетовый
  </color>
  <material>
   Полиэстер
  </material>
  <price>
   884396
  </price>
  <rating>
   4.72
  </rating>
  <reviews>
   305296
  </reviews>
  <exclusive>
   no
  </exclusive>
  <sporty>
   no
  </sporty>
 </clothing>
 <clothing>
  <id>
   238906503
  </id>
  <name>
   Ellesse T-shirt I-8512
  </name>
  <category>
   T-shirt
  </category>
  <size>
   XXL
  </size>
  <color>
   Красный
  </color>
  <material>
   Нейлон
  </material>
  <price>
   616320
  </price>
  <rating>
   3.93
  </rating>
  <reviews>
   24643
  </reviews>
  <new>
   -
  </new>
  <exclusive>
   no
  </exclusive>
 </clothing>
 <clothing>
  <id>
   158166407
  </id>
  <name>
   Converse Shirt F-7248
  </name>
  <category>
   Shirt
  </category>
  <size>
   S
  </size>
  <color>
   Оранжевый
  </color>
  <material>
   Полиэстер
  </material>
  <price>
   584564
  </price>
  <rating>
   2.99
  </rating>
  <reviews>
   121059
  </reviews>
  <sporty>
   no
  </sporty>
 </clothing>
</clothing-items>
