<?xml version="1.0" encoding="utf-8"?>
<clothing-items>
 <clothing>
  <id>
   214889724
  </id>
  <name>
   Fila Shirt J-6304
  </name>
  <category>
   Shirt
  </category>
  <size>
   XXL
  </size>
  <color>
   Оранжевый
  </color>
  <material>
   Нейлон
  </material>
  <price>
   804129
  </price>
  <rating>
   3.64
  </rating>
  <reviews>
   999011
  </reviews>
  <new>
   -
  </new>
 </clothing>
 <clothing>
  <id>
   586867869
  </id>
  <name>
   Converse Hat E-5913
  </name>
  <category>
   Hat
  </category>
  <size>
   M
  </size>
  <color>
   Синий
  </color>
  <material>
   Хлопок
  </material>
  <price>
   147190
  </price>
  <rating>
   1.41
  </rating>
  <reviews>
   534097
  </reviews>
  <new>
   +
  </new>
  <exclusive>
   no
  </exclusive>
 </clothing>
 <clothing>
  <id>
   757025596
  </id>
  <name>
   DC Gloves C-9942
  </name>
  <category>
   Gloves
  </category>
  <size>
   XL
  </size>
  <color>
   Оранжевый
  </color>
  <material>
   Лен
  </material>
  <price>
   666684
  </price>
  <rating>
   1.43
  </rating>
  <reviews>
   91873
  </reviews>
  <sporty>
   yes
  </sporty>
 </clothing>
 <clothing>
  <id>
   679433543
  </id>
  <name>
   Fila Handbags M-4173
  </name>
  <category>
   Handbags
  </category>
  <size>
   XXL
  </size>
  <color>
   Желтый
  </color>
  <material>
   Хлопок
  </material>
  <price>
   447063
  </price>
  <rating>
   1.9
  </rating>
  <reviews>
   837189
  </reviews>
  <exclusive>
   no
  </exclusive>
  <sporty>
   yes
  </sporty>
 </clothing>
 <clothing>
  <id>
   956192629
  </id>
  <name>
   Adidas Dress O-1644
  </name>
  <category>
   Dress
  </category>
  <size>
   S
  </size>
  <color>
   Желтый
  </color>
  <material>
   Шерсть
  </material>
  <price>
   261991
  </price>
  <rating>
   4.58
  </rating>
  <reviews>
   834060
  </reviews>
  <new>
   +
  </new>
  <exclusive>
   no
  </exclusive>
  <sporty>
   no
  </sporty>
 </clothing>
 <clothing>
  <id>
   118331084
  </id>
  <name>
   Reebok Jeans H-5945
  </name>
  <category>
   Jeans
  </category>
  <size>
   L
  </size>
  <color>
   Желтый
  </color>
  <material>
   Полиэстер
  </material>
  <price>
   368861
  </price>
  <rating>
   1.09
  </rating>
  <reviews>
   841487
  </reviews>
  <new>
   +
  </new>
  <sporty>
   yes
  </sporty>
 </clothing>
 <clothing>
  <id>
   965897544
  </id>
  <name>
   Nike Jeans U-6352
  </name>
  <category>
   Jeans
  </category>
  <size>
   S
  </size>
  <color>
   Оранжевый
  </color>
  <material>
   Хлопок
  </material>
  <price>
   200184
  </price>
  <rating>
   3.01
  </rating>
  <reviews>
   744444
  </reviews>
 </clothing>
 <clothing>
  <id>
   745557125
  </id>
  <name>
   Under Armour Socks K-9974
  </name>
  <category>
   Socks
  </category>
  <size>
   L
  </size>
  <color>
   Красный
  </color>
  <material>
   Шерсть
  </material>
  <price>
   129239
  </price>
  <rating>
   2.77
  </rating>
  <reviews>
   38320
  </reviews>
  <new>
   -
  </new>
  <exclusive>
   no
  </exclusive>
  <sporty>
   no
  </sporty>
 </clothing>
 <clothing>
  <id>
   181577734
  </id>
  <name>
   Converse Hat T-4947
  </name>
  <category>
   Hat
  </category>
  <size>
   S
  </size>
  <color>
   Красный
  </color>
  <material>
   Вискоза
  </material>
  <price>
   617298
  </price>
  <rating>
   1.0
  </rating>
  <reviews>
   770226
  </reviews>
  <new>
   +
  </new>
 </clothing>
 <clothing>
  <id>
   692924070
  </id>
  <name>
   Lacoste Jacket K-4231
  </name>
  <category>
   Jacket
  </category>
  <size>
   XL
  </size>
  <color>
   Синий
  </color>
  <material>
   Полиэстер
  </material>
  <price>
   383649
  </price>
  <rating>
   3.65
  </rating>
  <reviews>
   280369
  </reviews>
  <exclusive>
   yes
  </exclusive>
  <sporty>
   yes
  </sporty>
 </clothing>
 <clothing>
  <id>
   495331475
  </id>
  <name>
   Puma Belts G-1352
  </name>
  <category>
   Belts
  </category>
  <size>
   S
  </size>
  <color>
   Фиолетовый
  </color>
  <material>
   Хлопок
  </material>
  <price>
   185758
  </price>
  <rating>
   2.37
  </rating>
  <reviews>
   535651
  </reviews>
  <new>
   -
  </new>
  <exclusive>
   no
  </exclusive>
  <sporty>
   no
  </sporty>
 </clothing>
 <clothing>
  <id>
   693774125
  </id>
  <name>
   Vans Skirt I-7987
  </name>
  <category>
   Skirt
  </category>
  <size>
   XXL
  </size>
  <color>
   Голубой
  </color>
  <material>
   Полиэстер
  </material>
  <price>
   617671
  </price>
  <rating>
   2.2
  </rating>
  <reviews>
   800432
  </reviews>
  <new>
   +
  </new>
 </clothing>
 <clothing>
  <id>
   670730767
  </id>
  <name>
   Fila Jacket V-2670
  </name>
  <category>
   Jacket
  </category>
  <size>
   L
  </size>
  <color>
   Оранжевый
  </color>
  <material>
   Лен
  </material>
  <price>
   742965
  </price>
  <rating>
   4.4
  </rating>
  <reviews>
   830315
  </reviews>
  <new>
   +
  </new>
 </clothing>
 <clothing>
  <id>
   338790864
  </id>
  <name>
   Reebok Socks S-6904
  </name>
  <category>
   Socks
  </category>
  <size>
   L
  </size>
  <color>
   Красный
  </color>
  <material>
   Лен
  </material>
  <price>
   703491
  </price>
  <rating>
   4.05
  </rating>
  <reviews>
   229488
  </reviews>
  <new>
   +
  </new>
  <exclusive>
   no
  </exclusive>
 </clothing>
 <clothing>
  <id>
   967384466
  </id>
  <name>
   Asics Umbrellas L-4224
  </name>
  <category>
   Umbrellas
  </category>
  <size>
   S
  </size>
  <color>
   Красный
  </color>
  <material>
   Хлопок
  </material>
  <price>
   849056
  </price>
  <rating>
   1.9
  </rating>
  <reviews>
   350613
  </reviews>
  <new>
   -
  </new>
 </clothing>
 <clothing>
  <id>
   514187965
  </id>
  <name>
   Brooks Belts L-2353
  </name>
  <category>
   Belts
  </category>
  <size>
   XL
  </size>
  <color>
   Фиолетовый
  </color>
  <material>
   Лен
  </material>
  <price>
   900090
  </price>
  <rating>
   3.07
  </rating>
  <reviews>
   579581
  </reviews>
  <new>
   -
  </new>
  <exclusive>
   no
  </exclusive>
  <sporty>
   yes
  </sporty>
 </clothing>
 <clothing>
  <id>
   713812104
  </id>
  <name>
   Lacoste Jeans J-4178
  </name>
  <category>
   Jeans
  </category>
  <size>
   XXL
  </size>
  <color>
   Зеленый
  </color>
  <material>
   Вискоза
  </material>
  <price>
   687649
  </price>
  <rating>
   3.08
  </rating>
  <reviews>
   345707
  </reviews>
  <new>
   +
  </new>
  <exclusive>
   no
  </exclusive>
  <sporty>
   no
  </sporty>
 </clothing>
 <clothing>
  <id>
   839133128
  </id>
  <name>
   Lacoste Shirt H-4056
  </name>
  <category>
   Shirt
  </category>
  <size>
   L
  </size>
  <color>
   Синий
  </color>
  <material>
   Кожа
  </material>
  <price>
   741329
  </price>
  <rating>
   1.83
  </rating>
  <reviews>
   681933
  </reviews>
  <new>
   -
  </new>
  <exclusive>
   no
  </exclusive>
  <sporty>
   no
  </sporty>
 </clothing>
 <clothing>
  <id>
   718846101
  </id>
  <name>
   Fila Skirt E-4372
  </name>
  <category>
   Skirt
  </category>
  <size>
   L
  </size>
  <color>
   Зеленый
  </color>
  <material>
   Шелк
  </material>
  <price>
   327071
  </price>
  <rating>
   2.69
  </rating>
  <reviews>
   873470
  </reviews>
  <new>
   -
  </new>
  <sporty>
   yes
  </sporty>
 </clothing>
 <clothing>
  <id>
   149458406
  </id>
  <name>
   Addidas Sweater I-5706
  </name>
  <category>
   Sweater
  </category>
  <size>
   M
  </size>
  <color>
   Синий
  </color>
  <material>
   Лен
  </material>
  <price>
   693267
  </price>
  <rating>
   4.61
  </rating>
  <reviews>
   405567
  </reviews>
  <sporty>
   no
  </sporty>
 </clothing>
 <clothing>
  <id>
   755911571
  </id>
  <name>
   Asics Skirt W-3747
  </name>
  <category>
   Skirt
  </category>
  <size>
   S
  </size>
  <color>
   Фиолетовый
  </color>
  <material>
   Нейлон
  </material>
  <price>
   860000
  </price>
  <rating>
   2.74
  </rating>
  <reviews>
   283132
  </reviews>
  <new>
   -
  </new>
  <exclusive>
   no
  </exclusive>
 </clothing>
 <clothing>
  <id>
   191867092
  </id>
  <name>
   Reebok Jeans G-3797
  </name>
  <category>
   Jeans
  </category>
  <size>
   XXL
  </size>
  <color>
   Голубой
  </color>
  <material>
   Хлопок
  </material>
  <price>
   814308
  </price>
  <rating>
   3.29
  </rating>
  <reviews>
   669061
  </reviews>
  <exclusive>
   no
  </exclusive>
  <sporty>
   no
  </sporty>
 </clothing>
 <clothing>
  <id>
   210171326
  </id>
  <name>
   Vans Gloves U-7635
  </name>
  <category>
   Gloves
  </category>
  <size>
   XL
  </size>
  <color>
   Зеленый
  </color>
  <material>
   Вискоза
  </material>
  <price>
   957668
  </price>
  <rating>
   2.41
  </rating>
  <reviews>
   54820
  </reviews>
  <new>
   +
  </new>
 </clothing>
 <clothing>
  <id>
   330618670
  </id>
  <name>
   Brooks Hat J-5899
  </name>
  <category>
   Hat
  </category>
  <size>
   XXL
  </size>
  <color>
   Красный
  </color>
  <material>
   Кожа
  </material>
  <price>
   727682
  </price>
  <rating>
   2.83
  </rating>
  <reviews>
   310391
  </reviews>
  <new>
   -
  </new>
 </clothing>
 <clothing>
  <id>
   460572605
  </id>
  <name>
   PleinSport Pants C-5132
  </name>
  <category>
   Pants
  </category>
  <size>
   XL
  </size>
  <color>
   Зеленый
  </color>
  <material>
   Полиэстер
  </material>
  <price>
   770286
  </price>
  <rating>
   2.76
  </rating>
  <reviews>
   50456
  </reviews>
  <new>
   -
  </new>
  <sporty>
   yes
  </sporty>
 </clothing>
 <clothing>
  <id>
   972549711
  </id>
  <name>
   PleinSport Handbags E-9854
  </name>
  <category>
   Handbags
  </category>
  <size>
   XL
  </size>
  <color>
   Фиолетовый
  </color>
  <material>
   Кожа
  </material>
  <price>
   480045
  </price>
  <rating>
   4.34
  </rating>
  <reviews>
   532659
  </reviews>
  <exclusive>
   yes
  </exclusive>
 </clothing>
 <clothing>
  <id>
   422803373
  </id>
  <name>
   Under Armour Skirt R-9836
  </name>
  <category>
   Skirt
  </category>
  <size>
   L
  </size>
  <color>
   Голубой
  </color>
  <material>
   Шелк
  </material>
  <price>
   380968
  </price>
  <rating>
   2.15
  </rating>
  <reviews>
   310761
  </reviews>
  <new>
   +
  </new>
  <exclusive>
   no
  </exclusive>
  <sporty>
   no
  </sporty>
 </clothing>
 <clothing>
  <id>
   793286705
  </id>
  <name>
   Ellesse Shirt K-9865
  </name>
  <category>
   Shirt
  </category>
  <size>
   M
  </size>
  <color>
   Желтый
  </color>
  <material>
   Нейлон
  </material>
  <price>
   157213
  </price>
  <rating>
   1.45
  </rating>
  <reviews>
   971989
  </reviews>
  <new>
   +
  </new>
  <exclusive>
   no
  </exclusive>
  <sporty>
   yes
  </sporty>
 </clothing>
 <clothing>
  <id>
   900450247
  </id>
  <name>
   Fila Jacket Z-4136
  </name>
  <category>
   Jacket
  </category>
  <size>
   XXL
  </size>
  <color>
   Желтый
  </color>
  <material>
   Шелк
  </material>
  <price>
   300586
  </price>
  <rating>
   1.36
  </rating>
  <reviews>
   619934
  </reviews>
  <new>
   +
  </new>
 </clothing>
 <clothing>
  <id>
   934906509
  </id>
  <name>
   Vans Pants N-9272
  </name>
  <category>
   Pants
  </category>
  <size>
   XL
  </size>
  <color>
   Красный
  </color>
  <material>
   Полиэстер
  </material>
  <price>
   687092
  </price>
  <rating>
   3.2
  </rating>
  <reviews>
   136550
  </reviews>
  <new>
   -
  </new>
  <sporty>
   no
  </sporty>
 </clothing>
 <clothing>
  <id>
   250630620
  </id>
  <name>
   Brooks Blouse N-2669
  </name>
  <category>
   Blouse
  </category>
  <size>
   S
  </size>
  <color>
   Синий
  </color>
  <material>
   Полиэстер
  </material>
  <price>
   891612
  </price>
  <rating>
   3.64
  </rating>
  <reviews>
   586727
  </reviews>
  <new>
   -
  </new>
  <exclusive>
   no
  </exclusive>
  <sporty>
   yes
  </sporty>
 </clothing>
 <clothing>
  <id>
   870140464
  </id>
  <name>
   Adidas Sweater F-2755
  </name>
  <category>
   Sweater
  </category>
  <size>
   XXL
  </size>
  <color>
   Оранжевый
  </color>
  <material>
   Кожа
  </material>
  <price>
   268141
  </price>
  <rating>
   1.56
  </rating>
  <reviews>
   373107
  </reviews>
  <sporty>
   yes
  </sporty>
 </clothing>
 <clothing>
  <id>
   422620967
  </id>
  <name>
   Ellesse Skirt J-8648
  </name>
  <category>
   Skirt
  </category>
  <size>
   XL
  </size>
  <color>
   Желтый
  </color>
  <material>
   Нейлон
  </material>
  <price>
   394057
  </price>
  <rating>
   2.18
  </rating>
  <reviews>
   738115
  </reviews>
  <new>
   -
  </new>
  <exclusive>
   no
  </exclusive>
  <sporty>
   no
  </sporty>
 </clothing>
 <clothing>
  <id>
   308767102
  </id>
  <name>
   DC Sweater L-2096
  </name>
  <category>
   Sweater
  </category>
  <size>
   XL
  </size>
  <color>
   Фиолетовый
  </color>
  <material>
   Хлопок
  </material>
  <price>
   774149
  </price>
  <rating>
   4.03
  </rating>
  <reviews>
   19514
  </reviews>
  <sporty>
   yes
  </sporty>
 </clothing>
 <clothing>
  <id>
   790362202
  </id>
  <name>
   Vans Gloves Y-6164
  </name>
  <category>
   Gloves
  </category>
  <size>
   M
  </size>
  <color>
   Желтый
  </color>
  <material>
   Кожа
  </material>
  <price>
   378308
  </price>
  <rating>
   2.81
  </rating>
  <reviews>
   525090
  </reviews>
 </clothing>
 <clothing>
  <id>
   349211337
  </id>
  <name>
   Lacoste Shirt U-3002
  </name>
  <category>
   Shirt
  </category>
  <size>
   S
  </size>
  <color>
   Голубой
  </color>
  <material>
   Шелк
  </material>
  <price>
   660526
  </price>
  <rating>
   3.31
  </rating>
  <reviews>
   566734
  </reviews>
  <new>
   +
  </new>
  <exclusive>
   yes
  </exclusive>
  <sporty>
   yes
  </sporty>
 </clothing>
 <clothing>
  <id>
   306928461
  </id>
  <name>
   Adidas Umbrellas A-3478
  </name>
  <category>
   Umbrellas
  </category>
  <size>
   L
  </size>
  <color>
   Желтый
  </color>
  <material>
   Вискоза
  </material>
  <price>
   450439
  </price>
  <rating>
   3.23
  </rating>
  <reviews>
   942402
  </reviews>
  <sporty>
   no
  </sporty>
 </clothing>
 <clothing>
  <id>
   352890414
  </id>
  <name>
   DC Jeans J-6956
  </name>
  <category>
   Jeans
  </category>
  <size>
   L
  </size>
  <color>
   Голубой
  </color>
  <material>
   Кожа
  </material>
  <price>
   619776
  </price>
  <rating>
   1.59
  </rating>
  <reviews>
   271332
  </reviews>
  <exclusive>
   no
  </exclusive>
 </clothing>
 <clothing>
  <id>
   363920869
  </id>
  <name>
   Nike Skirt U-9703
  </name>
  <category>
   Skirt
  </category>
  <size>
   L
  </size>
  <color>
   Оранжевый
  </color>
  <material>
   Кожа
  </material>
  <price>
   851767
  </price>
  <rating>
   3.42
  </rating>
  <reviews>
   862384
  </reviews>
  <sporty>
   no
  </sporty>
 </clothing>
 <clothing>
  <id>
   667521788
  </id>
  <name>
   Converse Umbrellas J-7759
  </name>
  <category>
   Umbrellas
  </category>
  <size>
   S
  </size>
  <color>
   Красный
  </color>
  <material>
   Вискоза
  </material>
  <price>
   486385
  </price>
  <rating>
   4.55
  </rating>
  <reviews>
   253169
  </reviews>
  <new>
   -
  </new>
  <exclusive>
   no
  </exclusive>
  <sporty>
   yes
  </sporty>
 </clothing>
 <clothing>
  <id>
   908911179
  </id>
  <name>
   Brooks Pants W-2436
  </name>
  <category>
   Pants
  </category>
  <size>
   L
  </size>
  <color>
   Красный
  </color>
  <material>
   Нейлон
  </material>
  <price>
   342263
  </price>
  <rating>
   4.95
  </rating>
  <reviews>
   771054
  </reviews>
  <exclusive>
   no
  </exclusive>
 </clothing>
 <clothing>
  <id>
   146351487
  </id>
  <name>
   Lacoste Socks L-2195
  </name>
  <category>
   Socks
  </category>
  <size>
   L
  </size>
  <color>
   Желтый
  </color>
  <material>
   Хлопок
  </material>
  <price>
   731367
  </price>
  <rating>
   4.37
  </rating>
  <reviews>
   367425
  </reviews>
  <new>
   -
  </new>
  <exclusive>
   no
  </exclusive>
 </clothing>
 <clothing>
  <id>
   404113909
  </id>
  <name>
   Converse Skirt V-6957
  </name>
  <category>
   Skirt
  </category>
  <size>
   L
  </size>
  <color>
   Фиолетовый
  </color>
  <material>
   Вискоза
  </material>
  <price>
   994642
  </price>
  <rating>
   1.3
  </rating>
  <reviews>
   129169
  </reviews>
  <new>
   -
  </new>
  <exclusive>
   no
  </exclusive>
  <sporty>
   no
  </sporty>
 </clothing>
 <clothing>
  <id>
   690868704
  </id>
  <name>
   New Balance Skirt C-7039
  </name>
  <category>
   Skirt
  </category>
  <size>
   XXL
  </size>
  <color>
   Желтый
  </color>
  <material>
   Кожа
  </material>
  <price>
   459141
  </price>
  <rating>
   2.17
  </rating>
  <reviews>
   33532
  </reviews>
  <new>
   -
  </new>
  <sporty>
   no
  </sporty>
 </clothing>
 <clothing>
  <id>
   188250193
  </id>
  <name>
   Addidas Umbrellas C-7093
  </name>
  <category>
   Umbrellas
  </category>
  <size>
   XXL
  </size>
  <color>
   Синий
  </color>
  <material>
   Шерсть
  </material>
  <price>
   240001
  </price>
  <rating>
   1.28
  </rating>
  <reviews>
   951325
  </reviews>
  <sporty>
   no
  </sporty>
 </clothing>
</clothing-items>
