<?xml version="1.0" encoding="utf-8"?>
<clothing-items>
 <clothing>
  <id>
   647295345
  </id>
  <name>
   Lacoste Shirt Z-9796
  </name>
  <category>
   Shirt
  </category>
  <size>
   XXL
  </size>
  <color>
   Фиолетовый
  </color>
  <material>
   Хлопок
  </material>
  <price>
   503830
  </price>
  <rating>
   4.05
  </rating>
  <reviews>
   643121
  </reviews>
  <exclusive>
   yes
  </exclusive>
  <sporty>
   no
  </sporty>
 </clothing>
 <clothing>
  <id>
   377217547
  </id>
  <name>
   Ellesse Blouse D-9422
  </name>
  <category>
   Blouse
  </category>
  <size>
   M
  </size>
  <color>
   Красный
  </color>
  <material>
   Полиэстер
  </material>
  <price>
   697102
  </price>
  <rating>
   2.73
  </rating>
  <reviews>
   959309
  </reviews>
  <exclusive>
   no
  </exclusive>
 </clothing>
 <clothing>
  <id>
   418604051
  </id>
  <name>
   Adidas Handbags R-8006
  </name>
  <category>
   Handbags
  </category>
  <size>
   XXL
  </size>
  <color>
   Оранжевый
  </color>
  <material>
   Лен
  </material>
  <price>
   203713
  </price>
  <rating>
   2.95
  </rating>
  <reviews>
   143193
  </reviews>
  <new>
   +
  </new>
  <exclusive>
   no
  </exclusive>
 </clothing>
 <clothing>
  <id>
   793599928
  </id>
  <name>
   Lacoste Jacket G-6974
  </name>
  <category>
   Jacket
  </category>
  <size>
   S
  </size>
  <color>
   Красный
  </color>
  <material>
   Нейлон
  </material>
  <price>
   800607
  </price>
  <rating>
   4.02
  </rating>
  <reviews>
   685584
  </reviews>
  <new>
   +
  </new>
  <sporty>
   no
  </sporty>
 </clothing>
 <clothing>
  <id>
   862577385
  </id>
  <name>
   Under Armour Belts W-6318
  </name>
  <category>
   Belts
  </category>
  <size>
   XL
  </size>
  <color>
   Фиолетовый
  </color>
  <material>
   Шерсть
  </material>
  <price>
   222562
  </price>
  <rating>
   3.99
  </rating>
  <reviews>
   759945
  </reviews>
  <exclusive>
   yes
  </exclusive>
 </clothing>
 <clothing>
  <id>
   731078622
  </id>
  <name>
   Adidas Socks P-4884
  </name>
  <category>
   Socks
  </category>
  <size>
   XL
  </size>
  <color>
   Красный
  </color>
  <material>
   Шелк
  </material>
  <price>
   487249
  </price>
  <rating>
   1.64
  </rating>
  <reviews>
   905546
  </reviews>
  <new>
   -
  </new>
  <exclusive>
   yes
  </exclusive>
  <sporty>
   no
  </sporty>
 </clothing>
 <clothing>
  <id>
   453150382
  </id>
  <name>
   Puma Gloves M-9527
  </name>
  <category>
   Gloves
  </category>
  <size>
   M
  </size>
  <color>
   Красный
  </color>
  <material>
   Шерсть
  </material>
  <price>
   906476
  </price>
  <rating>
   4.72
  </rating>
  <reviews>
   255022
  </reviews>
  <new>
   +
  </new>
  <sporty>
   yes
  </sporty>
 </clothing>
 <clothing>
  <id>
   196120398
  </id>
  <name>
   Nike T-shirt H-3705
  </name>
  <category>
   T-shirt
  </category>
  <size>
   XXL
  </size>
  <color>
   Зеленый
  </color>
  <material>
   Шелк
  </material>
  <price>
   324585
  </price>
  <rating>
   2.97
  </rating>
  <reviews>
   212890
  </reviews>
  <new>
   -
  </new>
  <exclusive>
   no
  </exclusive>
 </clothing>
 <clothing>
  <id>
   835697566
  </id>
  <name>
   Brooks Dress A-4054
  </name>
  <category>
   Dress
  </category>
  <size>
   M
  </size>
  <color>
   Оранжевый
  </color>
  <material>
   Шелк
  </material>
  <price>
   290308
  </price>
  <rating>
   2.52
  </rating>
  <reviews>
   484926
  </reviews>
 </clothing>
 <clothing>
  <id>
   807529120
  </id>
  <name>
   Adidas Pants H-9660
  </name>
  <category>
   Pants
  </category>
  <size>
   XXL
  </size>
  <color>
   Желтый
  </color>
  <material>
   Лен
  </material>
  <price>
   915045
  </price>
  <rating>
   3.42
  </rating>
  <reviews>
   817808
  </reviews>
  <exclusive>
   no
  </exclusive>
 </clothing>
 <clothing>
  <id>
   437744439
  </id>
  <name>
   Brooks Socks E-5294
  </name>
  <category>
   Socks
  </category>
  <size>
   S
  </size>
  <color>
   Голубой
  </color>
  <material>
   Нейлон
  </material>
  <price>
   195045
  </price>
  <rating>
   3.85
  </rating>
  <reviews>
   100812
  </reviews>
  <new>
   -
  </new>
  <exclusive>
   yes
  </exclusive>
 </clothing>
 <clothing>
  <id>
   960062162
  </id>
  <name>
   Vans Hat J-8088
  </name>
  <category>
   Hat
  </category>
  <size>
   XL
  </size>
  <color>
   Желтый
  </color>
  <material>
   Лен
  </material>
  <price>
   686473
  </price>
  <rating>
   1.23
  </rating>
  <reviews>
   31429
  </reviews>
  <sporty>
   no
  </sporty>
 </clothing>
 <clothing>
  <id>
   448317852
  </id>
  <name>
   Lacoste Hat V-1738
  </name>
  <category>
   Hat
  </category>
  <size>
   XL
  </size>
  <color>
   Оранжевый
  </color>
  <material>
   Вискоза
  </material>
  <price>
   671230
  </price>
  <rating>
   2.01
  </rating>
  <reviews>
   618336
  </reviews>
  <exclusive>
   yes
  </exclusive>
  <sporty>
   no
  </sporty>
 </clothing>
 <clothing>
  <id>
   517275201
  </id>
  <name>
   Converse Shoes X-7921
  </name>
  <category>
   Shoes
  </category>
  <size>
   XL
  </size>
  <color>
   Желтый
  </color>
  <material>
   Нейлон
  </material>
  <price>
   976309
  </price>
  <rating>
   3.88
  </rating>
  <reviews>
   447085
  </reviews>
  <sporty>
   no
  </sporty>
 </clothing>
 <clothing>
  <id>
   150994023
  </id>
  <name>
   Vans Shoes I-2537
  </name>
  <category>
   Shoes
  </category>
  <size>
   S
  </size>
  <color>
   Красный
  </color>
  <material>
   Лен
  </material>
  <price>
   185207
  </price>
  <rating>
   1.81
  </rating>
  <reviews>
   787569
  </reviews>
  <sporty>
   yes
  </sporty>
 </clothing>
 <clothing>
  <id>
   373931775
  </id>
  <name>
   Puma T-shirt S-1874
  </name>
  <category>
   T-shirt
  </category>
  <size>
   XL
  </size>
  <color>
   Оранжевый
  </color>
  <material>
   Лен
  </material>
  <price>
   420905
  </price>
  <rating>
   4.39
  </rating>
  <reviews>
   470258
  </reviews>
  <new>
   +
  </new>
 </clothing>
 <clothing>
  <id>
   683256601
  </id>
  <name>
   Asics Pants J-7696
  </name>
  <category>
   Pants
  </category>
  <size>
   M
  </size>
  <color>
   Синий
  </color>
  <material>
   Шерсть
  </material>
  <price>
   836167
  </price>
  <rating>
   2.17
  </rating>
  <reviews>
   347583
  </reviews>
  <new>
   +
  </new>
  <exclusive>
   yes
  </exclusive>
 </clothing>
 <clothing>
  <id>
   812658060
  </id>
  <name>
   Asics Shoes I-1493
  </name>
  <category>
   Shoes
  </category>
  <size>
   L
  </size>
  <color>
   Оранжевый
  </color>
  <material>
   Шерсть
  </material>
  <price>
   501680
  </price>
  <rating>
   4.43
  </rating>
  <reviews>
   264891
  </reviews>
  <sporty>
   yes
  </sporty>
 </clothing>
 <clothing>
  <id>
   347001100
  </id>
  <name>
   Fila Jacket L-6599
  </name>
  <category>
   Jacket
  </category>
  <size>
   S
  </size>
  <color>
   Оранжевый
  </color>
  <material>
   Шелк
  </material>
  <price>
   546506
  </price>
  <rating>
   4.32
  </rating>
  <reviews>
   344829
  </reviews>
  <exclusive>
   no
  </exclusive>
 </clothing>
</clothing-items>
