<?xml version="1.0" encoding="utf-8"?>
<clothing-items>
 <clothing>
  <id>
   946512771
  </id>
  <name>
   Brooks Handbags G-6274
  </name>
  <category>
   Handbags
  </category>
  <size>
   XXL
  </size>
  <color>
   Оранжевый
  </color>
  <material>
   Вискоза
  </material>
  <price>
   412886
  </price>
  <rating>
   1.95
  </rating>
  <reviews>
   866740
  </reviews>
  <sporty>
   no
  </sporty>
 </clothing>
 <clothing>
  <id>
   611713943
  </id>
  <name>
   Vans Shoes R-3392
  </name>
  <category>
   Shoes
  </category>
  <size>
   L
  </size>
  <color>
   Фиолетовый
  </color>
  <material>
   Полиэстер
  </material>
  <price>
   167713
  </price>
  <rating>
   4.02
  </rating>
  <reviews>
   328921
  </reviews>
  <new>
   +
  </new>
  <exclusive>
   no
  </exclusive>
  <sporty>
   yes
  </sporty>
 </clothing>
 <clothing>
  <id>
   275746033
  </id>
  <name>
   Converse Shoes Z-8101
  </name>
  <category>
   Shoes
  </category>
  <size>
   XXL
  </size>
  <color>
   Фиолетовый
  </color>
  <material>
   Лен
  </material>
  <price>
   708852
  </price>
  <rating>
   1.16
  </rating>
  <reviews>
   980858
  </reviews>
  <new>
   -
  </new>
  <exclusive>
   yes
  </exclusive>
  <sporty>
   no
  </sporty>
 </clothing>
 <clothing>
  <id>
   276291867
  </id>
  <name>
   Addidas Gloves M-1051
  </name>
  <category>
   Gloves
  </category>
  <size>
   XXL
  </size>
  <color>
   Красный
  </color>
  <material>
   Лен
  </material>
  <price>
   444345
  </price>
  <rating>
   2.65
  </rating>
  <reviews>
   341651
  </reviews>
  <exclusive>
   no
  </exclusive>
  <sporty>
   yes
  </sporty>
 </clothing>
 <clothing>
  <id>
   882161929
  </id>
  <name>
   Reebok Umbrellas Z-4085
  </name>
  <category>
   Umbrellas
  </category>
  <size>
   XXL
  </size>
  <color>
   Фиолетовый
  </color>
  <material>
   Кожа
  </material>
  <price>
   514086
  </price>
  <rating>
   1.1
  </rating>
  <reviews>
   785147
  </reviews>
  <exclusive>
   no
  </exclusive>
  <sporty>
   no
  </sporty>
 </clothing>
 <clothing>
  <id>
   847431394
  </id>
  <name>
   Nike Dress G-8047
  </name>
  <category>
   Dress
  </category>
  <size>
   XL
  </size>
  <color>
   Синий
  </color>
  <material>
   Хлопок
  </material>
  <price>
   305947
  </price>
  <rating>
   2.57
  </rating>
  <reviews>
   264435
  </reviews>
  <new>
   +
  </new>
  <sporty>
   no
  </sporty>
 </clothing>
 <clothing>
  <id>
   803006379
  </id>
  <name>
   Converse Dress C-2500
  </name>
  <category>
   Dress
  </category>
  <size>
   L
  </size>
  <color>
   Голубой
  </color>
  <material>
   Хлопок
  </material>
  <price>
   595377
  </price>
  <rating>
   2.67
  </rating>
  <reviews>
   994765
  </reviews>
  <new>
   -
  </new>
  <sporty>
   no
  </sporty>
 </clothing>
 <clothing>
  <id>
   813910950
  </id>
  <name>
   New Balance Jacket W-6333
  </name>
  <category>
   Jacket
  </category>
  <size>
   L
  </size>
  <color>
   Зеленый
  </color>
  <material>
   Нейлон
  </material>
  <price>
   426331
  </price>
  <rating>
   1.95
  </rating>
  <reviews>
   217648
  </reviews>
 </clothing>
 <clothing>
  <id>
   370230759
  </id>
  <name>
   Addidas Blouse W-5230
  </name>
  <category>
   Blouse
  </category>
  <size>
   XXL
  </size>
  <color>
   Зеленый
  </color>
  <material>
   Нейлон
  </material>
  <price>
   224829
  </price>
  <rating>
   2.53
  </rating>
  <reviews>
   617253
  </reviews>
  <exclusive>
   no
  </exclusive>
  <sporty>
   no
  </sporty>
 </clothing>
 <clothing>
  <id>
   154289822
  </id>
  <name>
   Under Armour Belts N-7359
  </name>
  <category>
   Belts
  </category>
  <size>
   XL
  </size>
  <color>
   Голубой
  </color>
  <material>
   Шелк
  </material>
  <price>
   705747
  </price>
  <rating>
   3.08
  </rating>
  <reviews>
   774497
  </reviews>
  <new>
   +
  </new>
 </clothing>
 <clothing>
  <id>
   898461161
  </id>
  <name>
   Puma Jacket H-8952
  </name>
  <category>
   Jacket
  </category>
  <size>
   XXL
  </size>
  <color>
   Голубой
  </color>
  <material>
   Полиэстер
  </material>
  <price>
   182756
  </price>
  <rating>
   4.86
  </rating>
  <reviews>
   97421
  </reviews>
  <new>
   -
  </new>
  <exclusive>
   no
  </exclusive>
 </clothing>
 <clothing>
  <id>
   558397442
  </id>
  <name>
   DC Jacket D-4128
  </name>
  <category>
   Jacket
  </category>
  <size>
   M
  </size>
  <color>
   Зеленый
  </color>
  <material>
   Полиэстер
  </material>
  <price>
   601899
  </price>
  <rating>
   1.8
  </rating>
  <reviews>
   247296
  </reviews>
  <exclusive>
   no
  </exclusive>
  <sporty>
   no
  </sporty>
 </clothing>
 <clothing>
  <id>
   277229397
  </id>
  <name>
   Converse Handbags N-1172
  </name>
  <category>
   Handbags
  </category>
  <size>
   L
  </size>
  <color>
   Синий
  </color>
  <material>
   Лен
  </material>
  <price>
   817376
  </price>
  <rating>
   4.78
  </rating>
  <reviews>
   677514
  </reviews>
  <sporty>
   no
  </sporty>
 </clothing>
 <clothing>
  <id>
   784543889
  </id>
  <name>
   Puma Handbags Q-8119
  </name>
  <category>
   Handbags
  </category>
  <size>
   XXL
  </size>
  <color>
   Оранжевый
  </color>
  <material>
   Шелк
  </material>
  <price>
   268162
  </price>
  <rating>
   3.91
  </rating>
  <reviews>
   22006
  </reviews>
  <exclusive>
   no
  </exclusive>
 </clothing>
 <clothing>
  <id>
   927755002
  </id>
  <name>
   Reebok Socks H-1987
  </name>
  <category>
   Socks
  </category>
  <size>
   M
  </size>
  <color>
   Голубой
  </color>
  <material>
   Нейлон
  </material>
  <price>
   662094
  </price>
  <rating>
   3.7
  </rating>
  <reviews>
   204071
  </reviews>
  <exclusive>
   no
  </exclusive>
  <sporty>
   yes
  </sporty>
 </clothing>
 <clothing>
  <id>
   775878391
  </id>
  <name>
   Puma Dress A-2851
  </name>
  <category>
   Dress
  </category>
  <size>
   S
  </size>
  <color>
   Оранжевый
  </color>
  <material>
   Нейлон
  </material>
  <price>
   107081
  </price>
  <rating>
   1.44
  </rating>
  <reviews>
   615815
  </reviews>
  <new>
   -
  </new>
  <exclusive>
   no
  </exclusive>
  <sporty>
   yes
  </sporty>
 </clothing>
</clothing-items>
