<?xml version="1.0" encoding="utf-8"?>
<clothing-items>
 <clothing>
  <id>
   114363823
  </id>
  <name>
   Addidas Jeans Z-5279
  </name>
  <category>
   Jeans
  </category>
  <size>
   XXL
  </size>
  <color>
   Голубой
  </color>
  <material>
   Нейлон
  </material>
  <price>
   900702
  </price>
  <rating>
   1.91
  </rating>
  <reviews>
   345086
  </reviews>
  <new>
   -
  </new>
  <sporty>
   no
  </sporty>
 </clothing>
 <clothing>
  <id>
   418525857
  </id>
  <name>
   Ellesse Gloves N-1474
  </name>
  <category>
   Gloves
  </category>
  <size>
   M
  </size>
  <color>
   Оранжевый
  </color>
  <material>
   Хлопок
  </material>
  <price>
   254467
  </price>
  <rating>
   1.96
  </rating>
  <reviews>
   479472
  </reviews>
  <exclusive>
   yes
  </exclusive>
  <sporty>
   no
  </sporty>
 </clothing>
 <clothing>
  <id>
   541442217
  </id>
  <name>
   PleinSport Skirt I-8427
  </name>
  <category>
   Skirt
  </category>
  <size>
   XXL
  </size>
  <color>
   Красный
  </color>
  <material>
   Шелк
  </material>
  <price>
   403153
  </price>
  <rating>
   2.1
  </rating>
  <reviews>
   720991
  </reviews>
  <new>
   -
  </new>
 </clothing>
 <clothing>
  <id>
   148638684
  </id>
  <name>
   Addidas Skirt N-9635
  </name>
  <category>
   Skirt
  </category>
  <size>
   XXL
  </size>
  <color>
   Желтый
  </color>
  <material>
   Хлопок
  </material>
  <price>
   632127
  </price>
  <rating>
   1.31
  </rating>
  <reviews>
   782288
  </reviews>
  <new>
   -
  </new>
  <sporty>
   yes
  </sporty>
 </clothing>
 <clothing>
  <id>
   722301516
  </id>
  <name>
   Fila Blouse O-4267
  </name>
  <category>
   Blouse
  </category>
  <size>
   S
  </size>
  <color>
   Синий
  </color>
  <material>
   Полиэстер
  </material>
  <price>
   704023
  </price>
  <rating>
   2.29
  </rating>
  <reviews>
   201836
  </reviews>
  <new>
   -
  </new>
  <exclusive>
   no
  </exclusive>
  <sporty>
   no
  </sporty>
 </clothing>
 <clothing>
  <id>
   543508682
  </id>
  <name>
   PleinSport Sweater V-9617
  </name>
  <category>
   Sweater
  </category>
  <size>
   L
  </size>
  <color>
   Желтый
  </color>
  <material>
   Шерсть
  </material>
  <price>
   110315
  </price>
  <rating>
   4.47
  </rating>
  <reviews>
   532319
  </reviews>
  <exclusive>
   no
  </exclusive>
 </clothing>
 <clothing>
  <id>
   958811610
  </id>
  <name>
   Brooks Shoes P-8846
  </name>
  <category>
   Shoes
  </category>
  <size>
   XL
  </size>
  <color>
   Желтый
  </color>
  <material>
   Вискоза
  </material>
  <price>
   712923
  </price>
  <rating>
   4.25
  </rating>
  <reviews>
   592327
  </reviews>
 </clothing>
 <clothing>
  <id>
   971952273
  </id>
  <name>
   Nike Shoes K-7733
  </name>
  <category>
   Shoes
  </category>
  <size>
   XL
  </size>
  <color>
   Красный
  </color>
  <material>
   Вискоза
  </material>
  <price>
   569808
  </price>
  <rating>
   2.16
  </rating>
  <reviews>
   683008
  </reviews>
  <new>
   -
  </new>
  <exclusive>
   yes
  </exclusive>
 </clothing>
 <clothing>
  <id>
   723620313
  </id>
  <name>
   DC Skirt O-4605
  </name>
  <category>
   Skirt
  </category>
  <size>
   M
  </size>
  <color>
   Красный
  </color>
  <material>
   Нейлон
  </material>
  <price>
   197404
  </price>
  <rating>
   2.28
  </rating>
  <reviews>
   463449
  </reviews>
  <new>
   +
  </new>
  <exclusive>
   no
  </exclusive>
 </clothing>
 <clothing>
  <id>
   812049795
  </id>
  <name>
   Asics Shirt L-8920
  </name>
  <category>
   Shirt
  </category>
  <size>
   XXL
  </size>
  <color>
   Голубой
  </color>
  <material>
   Лен
  </material>
  <price>
   544632
  </price>
  <rating>
   2.79
  </rating>
  <reviews>
   21273
  </reviews>
  <new>
   +
  </new>
  <sporty>
   yes
  </sporty>
 </clothing>
 <clothing>
  <id>
   878779134
  </id>
  <name>
   Asics Blouse T-5418
  </name>
  <category>
   Blouse
  </category>
  <size>
   M
  </size>
  <color>
   Синий
  </color>
  <material>
   Вискоза
  </material>
  <price>
   150919
  </price>
  <rating>
   1.63
  </rating>
  <reviews>
   92956
  </reviews>
  <new>
   -
  </new>
  <exclusive>
   yes
  </exclusive>
  <sporty>
   yes
  </sporty>
 </clothing>
 <clothing>
  <id>
   734222400
  </id>
  <name>
   Puma Skirt K-5307
  </name>
  <category>
   Skirt
  </category>
  <size>
   S
  </size>
  <color>
   Синий
  </color>
  <material>
   Кожа
  </material>
  <price>
   629553
  </price>
  <rating>
   2.63
  </rating>
  <reviews>
   597453
  </reviews>
  <new>
   +
  </new>
  <exclusive>
   no
  </exclusive>
 </clothing>
 <clothing>
  <id>
   740643767
  </id>
  <name>
   New Balance Jacket X-3931
  </name>
  <category>
   Jacket
  </category>
  <size>
   XXL
  </size>
  <color>
   Оранжевый
  </color>
  <material>
   Хлопок
  </material>
  <price>
   961892
  </price>
  <rating>
   1.71
  </rating>
  <reviews>
   437025
  </reviews>
  <new>
   +
  </new>
  <exclusive>
   no
  </exclusive>
 </clothing>
 <clothing>
  <id>
   133721216
  </id>
  <name>
   Converse Belts C-1094
  </name>
  <category>
   Belts
  </category>
  <size>
   XL
  </size>
  <color>
   Голубой
  </color>
  <material>
   Лен
  </material>
  <price>
   706278
  </price>
  <rating>
   1.07
  </rating>
  <reviews>
   881104
  </reviews>
  <new>
   +
  </new>
  <exclusive>
   no
  </exclusive>
  <sporty>
   yes
  </sporty>
 </clothing>
 <clothing>
  <id>
   105792600
  </id>
  <name>
   Lacoste Jacket H-9680
  </name>
  <category>
   Jacket
  </category>
  <size>
   S
  </size>
  <color>
   Красный
  </color>
  <material>
   Хлопок
  </material>
  <price>
   217310
  </price>
  <rating>
   2.55
  </rating>
  <reviews>
   465359
  </reviews>
 </clothing>
 <clothing>
  <id>
   114672055
  </id>
  <name>
   Nike Jacket M-9554
  </name>
  <category>
   Jacket
  </category>
  <size>
   M
  </size>
  <color>
   Голубой
  </color>
  <material>
   Лен
  </material>
  <price>
   569216
  </price>
  <rating>
   1.91
  </rating>
  <reviews>
   535968
  </reviews>
  <new>
   -
  </new>
  <exclusive>
   no
  </exclusive>
  <sporty>
   no
  </sporty>
 </clothing>
 <clothing>
  <id>
   405890015
  </id>
  <name>
   Fila Shoes W-7751
  </name>
  <category>
   Shoes
  </category>
  <size>
   XXL
  </size>
  <color>
   Голубой
  </color>
  <material>
   Нейлон
  </material>
  <price>
   151402
  </price>
  <rating>
   4.46
  </rating>
  <reviews>
   469022
  </reviews>
  <new>
   -
  </new>
  <sporty>
   no
  </sporty>
 </clothing>
 <clothing>
  <id>
   731252372
  </id>
  <name>
   Reebok Hat W-9774
  </name>
  <category>
   Hat
  </category>
  <size>
   XL
  </size>
  <color>
   Зеленый
  </color>
  <material>
   Нейлон
  </material>
  <price>
   188043
  </price>
  <rating>
   1.79
  </rating>
  <reviews>
   184738
  </reviews>
  <exclusive>
   no
  </exclusive>
 </clothing>
 <clothing>
  <id>
   708885603
  </id>
  <name>
   Lacoste Socks B-9000
  </name>
  <category>
   Socks
  </category>
  <size>
   S
  </size>
  <color>
   Желтый
  </color>
  <material>
   Кожа
  </material>
  <price>
   997934
  </price>
  <rating>
   4.87
  </rating>
  <reviews>
   913405
  </reviews>
  <sporty>
   yes
  </sporty>
 </clothing>
 <clothing>
  <id>
   275977676
  </id>
  <name>
   New Balance Shoes C-7091
  </name>
  <category>
   Shoes
  </category>
  <size>
   S
  </size>
  <color>
   Голубой
  </color>
  <material>
   Вискоза
  </material>
  <price>
   286756
  </price>
  <rating>
   2.95
  </rating>
  <reviews>
   700374
  </reviews>
  <new>
   +
  </new>
  <sporty>
   no
  </sporty>
 </clothing>
 <clothing>
  <id>
   576303924
  </id>
  <name>
   Ellesse Shoes D-6419
  </name>
  <category>
   Shoes
  </category>
  <size>
   S
  </size>
  <color>
   Красный
  </color>
  <material>
   Вискоза
  </material>
  <price>
   117232
  </price>
  <rating>
   3.44
  </rating>
  <reviews>
   494250
  </reviews>
 </clothing>
 <clothing>
  <id>
   467068641
  </id>
  <name>
   Fila Gloves P-4908
  </name>
  <category>
   Gloves
  </category>
  <size>
   S
  </size>
  <color>
   Красный
  </color>
  <material>
   Лен
  </material>
  <price>
   668510
  </price>
  <rating>
   2.69
  </rating>
  <reviews>
   970533
  </reviews>
  <new>
   -
  </new>
 </clothing>
 <clothing>
  <id>
   452142194
  </id>
  <name>
   Addidas T-shirt Z-8574
  </name>
  <category>
   T-shirt
  </category>
  <size>
   L
  </size>
  <color>
   Голубой
  </color>
  <material>
   Хлопок
  </material>
  <price>
   918824
  </price>
  <rating>
   4.1
  </rating>
  <reviews>
   759262
  </reviews>
  <sporty>
   yes
  </sporty>
 </clothing>
 <clothing>
  <id>
   908537489
  </id>
  <name>
   Converse Hat D-8537
  </name>
  <category>
   Hat
  </category>
  <size>
   M
  </size>
  <color>
   Фиолетовый
  </color>
  <material>
   Кожа
  </material>
  <price>
   331338
  </price>
  <rating>
   3.93
  </rating>
  <reviews>
   719566
  </reviews>
  <new>
   -
  </new>
  <exclusive>
   yes
  </exclusive>
  <sporty>
   no
  </sporty>
 </clothing>
 <clothing>
  <id>
   612305072
  </id>
  <name>
   DC Shirt W-7731
  </name>
  <category>
   Shirt
  </category>
  <size>
   S
  </size>
  <color>
   Фиолетовый
  </color>
  <material>
   Шелк
  </material>
  <price>
   873881
  </price>
  <rating>
   2.67
  </rating>
  <reviews>
   568323
  </reviews>
  <sporty>
   no
  </sporty>
 </clothing>
 <clothing>
  <id>
   441238623
  </id>
  <name>
   Ellesse Umbrellas Q-4295
  </name>
  <category>
   Umbrellas
  </category>
  <size>
   XXL
  </size>
  <color>
   Зеленый
  </color>
  <material>
   Шерсть
  </material>
  <price>
   323346
  </price>
  <rating>
   2.49
  </rating>
  <reviews>
   634517
  </reviews>
  <new>
   +
  </new>
  <sporty>
   no
  </sporty>
 </clothing>
 <clothing>
  <id>
   474921729
  </id>
  <name>
   Brooks Skirt N-7159
  </name>
  <category>
   Skirt
  </category>
  <size>
   XL
  </size>
  <color>
   Фиолетовый
  </color>
  <material>
   Кожа
  </material>
  <price>
   783204
  </price>
  <rating>
   3.28
  </rating>
  <reviews>
   166562
  </reviews>
  <sporty>
   yes
  </sporty>
 </clothing>
 <clothing>
  <id>
   812360062
  </id>
  <name>
   Reebok Shoes C-6200
  </name>
  <category>
   Shoes
  </category>
  <size>
   L
  </size>
  <color>
   Красный
  </color>
  <material>
   Нейлон
  </material>
  <price>
   401475
  </price>
  <rating>
   2.07
  </rating>
  <reviews>
   201058
  </reviews>
  <exclusive>
   no
  </exclusive>
  <sporty>
   yes
  </sporty>
 </clothing>
 <clothing>
  <id>
   632085922
  </id>
  <name>
   PleinSport Jacket I-8307
  </name>
  <category>
   Jacket
  </category>
  <size>
   M
  </size>
  <color>
   Зеленый
  </color>
  <material>
   Шелк
  </material>
  <price>
   602374
  </price>
  <rating>
   2.57
  </rating>
  <reviews>
   731982
  </reviews>
  <new>
   -
  </new>
 </clothing>
 <clothing>
  <id>
   269561164
  </id>
  <name>
   PleinSport Belts D-8139
  </name>
  <category>
   Belts
  </category>
  <size>
   M
  </size>
  <color>
   Оранжевый
  </color>
  <material>
   Полиэстер
  </material>
  <price>
   790432
  </price>
  <rating>
   1.37
  </rating>
  <reviews>
   445112
  </reviews>
  <new>
   +
  </new>
  <exclusive>
   no
  </exclusive>
 </clothing>
 <clothing>
  <id>
   738655530
  </id>
  <name>
   Brooks Dress X-1048
  </name>
  <category>
   Dress
  </category>
  <size>
   L
  </size>
  <color>
   Синий
  </color>
  <material>
   Полиэстер
  </material>
  <price>
   369571
  </price>
  <rating>
   2.17
  </rating>
  <reviews>
   884387
  </reviews>
  <exclusive>
   no
  </exclusive>
  <sporty>
   no
  </sporty>
 </clothing>
 <clothing>
  <id>
   891061639
  </id>
  <name>
   Vans Shoes M-4473
  </name>
  <category>
   Shoes
  </category>
  <size>
   XL
  </size>
  <color>
   Желтый
  </color>
  <material>
   Кожа
  </material>
  <price>
   565072
  </price>
  <rating>
   2.72
  </rating>
  <reviews>
   951838
  </reviews>
  <new>
   +
  </new>
  <exclusive>
   yes
  </exclusive>
  <sporty>
   yes
  </sporty>
 </clothing>
 <clothing>
  <id>
   991499530
  </id>
  <name>
   Fila T-shirt Z-3169
  </name>
  <category>
   T-shirt
  </category>
  <size>
   S
  </size>
  <color>
   Фиолетовый
  </color>
  <material>
   Шелк
  </material>
  <price>
   140329
  </price>
  <rating>
   1.18
  </rating>
  <reviews>
   973872
  </reviews>
  <new>
   -
  </new>
  <sporty>
   no
  </sporty>
 </clothing>
 <clothing>
  <id>
   590382263
  </id>
  <name>
   Ellesse Gloves W-1762
  </name>
  <category>
   Gloves
  </category>
  <size>
   XXL
  </size>
  <color>
   Голубой
  </color>
  <material>
   Лен
  </material>
  <price>
   213852
  </price>
  <rating>
   1.73
  </rating>
  <reviews>
   980032
  </reviews>
  <new>
   -
  </new>
  <sporty>
   no
  </sporty>
 </clothing>
 <clothing>
  <id>
   449106567
  </id>
  <name>
   New Balance Handbags V-7381
  </name>
  <category>
   Handbags
  </category>
  <size>
   XL
  </size>
  <color>
   Фиолетовый
  </color>
  <material>
   Нейлон
  </material>
  <price>
   421251
  </price>
  <rating>
   3.94
  </rating>
  <reviews>
   291228
  </reviews>
  <new>
   +
  </new>
  <exclusive>
   yes
  </exclusive>
  <sporty>
   yes
  </sporty>
 </clothing>
 <clothing>
  <id>
   213189182
  </id>
  <name>
   Lacoste Handbags Y-7162
  </name>
  <category>
   Handbags
  </category>
  <size>
   S
  </size>
  <color>
   Оранжевый
  </color>
  <material>
   Кожа
  </material>
  <price>
   836303
  </price>
  <rating>
   4.81
  </rating>
  <reviews>
   807636
  </reviews>
  <new>
   +
  </new>
  <exclusive>
   no
  </exclusive>
  <sporty>
   no
  </sporty>
 </clothing>
 <clothing>
  <id>
   943041224
  </id>
  <name>
   Reebok Jeans M-2238
  </name>
  <category>
   Jeans
  </category>
  <size>
   L
  </size>
  <color>
   Оранжевый
  </color>
  <material>
   Шерсть
  </material>
  <price>
   497841
  </price>
  <rating>
   3.65
  </rating>
  <reviews>
   970993
  </reviews>
  <new>
   -
  </new>
  <exclusive>
   no
  </exclusive>
  <sporty>
   yes
  </sporty>
 </clothing>
 <clothing>
  <id>
   909349836
  </id>
  <name>
   Lacoste Shirt Y-3251
  </name>
  <category>
   Shirt
  </category>
  <size>
   XXL
  </size>
  <color>
   Красный
  </color>
  <material>
   Шелк
  </material>
  <price>
   569767
  </price>
  <rating>
   3.8
  </rating>
  <reviews>
   28874
  </reviews>
  <new>
   -
  </new>
 </clothing>
 <clothing>
  <id>
   696228344
  </id>
  <name>
   DC Umbrellas L-8326
  </name>
  <category>
   Umbrellas
  </category>
  <size>
   S
  </size>
  <color>
   Фиолетовый
  </color>
  <material>
   Лен
  </material>
  <price>
   845919
  </price>
  <rating>
   2.74
  </rating>
  <reviews>
   391595
  </reviews>
  <new>
   +
  </new>
  <exclusive>
   yes
  </exclusive>
  <sporty>
   no
  </sporty>
 </clothing>
 <clothing>
  <id>
   225805610
  </id>
  <name>
   Fila Blouse N-6149
  </name>
  <category>
   Blouse
  </category>
  <size>
   L
  </size>
  <color>
   Голубой
  </color>
  <material>
   Хлопок
  </material>
  <price>
   733043
  </price>
  <rating>
   3.01
  </rating>
  <reviews>
   642643
  </reviews>
  <exclusive>
   no
  </exclusive>
  <sporty>
   no
  </sporty>
 </clothing>
 <clothing>
  <id>
   251127944
  </id>
  <name>
   PleinSport Socks V-2530
  </name>
  <category>
   Socks
  </category>
  <size>
   S
  </size>
  <color>
   Фиолетовый
  </color>
  <material>
   Нейлон
  </material>
  <price>
   761582
  </price>
  <rating>
   1.08
  </rating>
  <reviews>
   452456
  </reviews>
  <sporty>
   yes
  </sporty>
 </clothing>
 <clothing>
  <id>
   426075913
  </id>
  <name>
   Ellesse Gloves B-3724
  </name>
  <category>
   Gloves
  </category>
  <size>
   XL
  </size>
  <color>
   Зеленый
  </color>
  <material>
   Нейлон
  </material>
  <price>
   489605
  </price>
  <rating>
   2.64
  </rating>
  <reviews>
   839647
  </reviews>
  <new>
   +
  </new>
  <sporty>
   yes
  </sporty>
 </clothing>
 <clothing>
  <id>
   332625894
  </id>
  <name>
   Addidas Sweater J-1431
  </name>
  <category>
   Sweater
  </category>
  <size>
   S
  </size>
  <color>
   Зеленый
  </color>
  <material>
   Хлопок
  </material>
  <price>
   861057
  </price>
  <rating>
   3.74
  </rating>
  <reviews>
   665339
  </reviews>
  <new>
   -
  </new>
  <exclusive>
   no
  </exclusive>
  <sporty>
   no
  </sporty>
 </clothing>
 <clothing>
  <id>
   425657138
  </id>
  <name>
   Converse Sweater Y-1666
  </name>
  <category>
   Sweater
  </category>
  <size>
   S
  </size>
  <color>
   Голубой
  </color>
  <material>
   Нейлон
  </material>
  <price>
   614182
  </price>
  <rating>
   4.0
  </rating>
  <reviews>
   396642
  </reviews>
  <exclusive>
   no
  </exclusive>
 </clothing>
 <clothing>
  <id>
   731547267
  </id>
  <name>
   Brooks Jacket D-7825
  </name>
  <category>
   Jacket
  </category>
  <size>
   XXL
  </size>
  <color>
   Зеленый
  </color>
  <material>
   Кожа
  </material>
  <price>
   951841
  </price>
  <rating>
   3.06
  </rating>
  <reviews>
   120441
  </reviews>
  <new>
   +
  </new>
  <exclusive>
   no
  </exclusive>
 </clothing>
 <clothing>
  <id>
   506066996
  </id>
  <name>
   Under Armour T-shirt T-5783
  </name>
  <category>
   T-shirt
  </category>
  <size>
   XL
  </size>
  <color>
   Фиолетовый
  </color>
  <material>
   Полиэстер
  </material>
  <price>
   770008
  </price>
  <rating>
   3.48
  </rating>
  <reviews>
   399496
  </reviews>
  <exclusive>
   yes
  </exclusive>
 </clothing>
 <clothing>
  <id>
   930964945
  </id>
  <name>
   DC Belts W-8810
  </name>
  <category>
   Belts
  </category>
  <size>
   XL
  </size>
  <color>
   Фиолетовый
  </color>
  <material>
   Нейлон
  </material>
  <price>
   637863
  </price>
  <rating>
   3.01
  </rating>
  <reviews>
   462858
  </reviews>
  <exclusive>
   no
  </exclusive>
  <sporty>
   yes
  </sporty>
 </clothing>
 <clothing>
  <id>
   538844580
  </id>
  <name>
   Nike Belts Y-6630
  </name>
  <category>
   Belts
  </category>
  <size>
   L
  </size>
  <color>
   Зеленый
  </color>
  <material>
   Полиэстер
  </material>
  <price>
   867717
  </price>
  <rating>
   1.41
  </rating>
  <reviews>
   286484
  </reviews>
  <new>
   -
  </new>
  <exclusive>
   no
  </exclusive>
  <sporty>
   no
  </sporty>
 </clothing>
 <clothing>
  <id>
   348872463
  </id>
  <name>
   DC T-shirt J-6079
  </name>
  <category>
   T-shirt
  </category>
  <size>
   XXL
  </size>
  <color>
   Оранжевый
  </color>
  <material>
   Хлопок
  </material>
  <price>
   593627
  </price>
  <rating>
   1.44
  </rating>
  <reviews>
   763969
  </reviews>
  <sporty>
   yes
  </sporty>
 </clothing>
 <clothing>
  <id>
   329950357
  </id>
  <name>
   Fila Blouse J-4261
  </name>
  <category>
   Blouse
  </category>
  <size>
   S
  </size>
  <color>
   Зеленый
  </color>
  <material>
   Шелк
  </material>
  <price>
   330644
  </price>
  <rating>
   2.68
  </rating>
  <reviews>
   154798
  </reviews>
  <exclusive>
   no
  </exclusive>
  <sporty>
   yes
  </sporty>
 </clothing>
</clothing-items>
