<?xml version="1.0" encoding="utf-8"?>
<clothing-items>
 <clothing>
  <id>
   590515089
  </id>
  <name>
   Brooks Jacket E-7096
  </name>
  <category>
   Jacket
  </category>
  <size>
   XL
  </size>
  <color>
   Желтый
  </color>
  <material>
   Вискоза
  </material>
  <price>
   159423
  </price>
  <rating>
   2.3
  </rating>
  <reviews>
   208154
  </reviews>
  <new>
   -
  </new>
  <exclusive>
   no
  </exclusive>
  <sporty>
   yes
  </sporty>
 </clothing>
 <clothing>
  <id>
   667089636
  </id>
  <name>
   DC Jacket X-3264
  </name>
  <category>
   Jacket
  </category>
  <size>
   XXL
  </size>
  <color>
   Оранжевый
  </color>
  <material>
   Вискоза
  </material>
  <price>
   149919
  </price>
  <rating>
   4.21
  </rating>
  <reviews>
   936358
  </reviews>
  <exclusive>
   no
  </exclusive>
  <sporty>
   no
  </sporty>
 </clothing>
 <clothing>
  <id>
   192695797
  </id>
  <name>
   Ellesse Jacket L-4269
  </name>
  <category>
   Jacket
  </category>
  <size>
   XXL
  </size>
  <color>
   Фиолетовый
  </color>
  <material>
   Шелк
  </material>
  <price>
   639154
  </price>
  <rating>
   2.99
  </rating>
  <reviews>
   659462
  </reviews>
  <exclusive>
   yes
  </exclusive>
 </clothing>
 <clothing>
  <id>
   999262559
  </id>
  <name>
   Nike Dress J-6349
  </name>
  <category>
   Dress
  </category>
  <size>
   S
  </size>
  <color>
   Зеленый
  </color>
  <material>
   Полиэстер
  </material>
  <price>
   827693
  </price>
  <rating>
   4.53
  </rating>
  <reviews>
   600471
  </reviews>
  <new>
   -
  </new>
  <exclusive>
   no
  </exclusive>
  <sporty>
   yes
  </sporty>
 </clothing>
 <clothing>
  <id>
   486399617
  </id>
  <name>
   Puma Sweater M-7811
  </name>
  <category>
   Sweater
  </category>
  <size>
   XXL
  </size>
  <color>
   Фиолетовый
  </color>
  <material>
   Полиэстер
  </material>
  <price>
   329535
  </price>
  <rating>
   3.3
  </rating>
  <reviews>
   358941
  </reviews>
  <new>
   -
  </new>
  <sporty>
   no
  </sporty>
 </clothing>
 <clothing>
  <id>
   509716524
  </id>
  <name>
   Brooks Skirt Q-6139
  </name>
  <category>
   Skirt
  </category>
  <size>
   XL
  </size>
  <color>
   Красный
  </color>
  <material>
   Хлопок
  </material>
  <price>
   529262
  </price>
  <rating>
   2.58
  </rating>
  <reviews>
   300859
  </reviews>
  <new>
   -
  </new>
  <exclusive>
   no
  </exclusive>
  <sporty>
   no
  </sporty>
 </clothing>
 <clothing>
  <id>
   528970495
  </id>
  <name>
   Converse Jeans B-2487
  </name>
  <category>
   Jeans
  </category>
  <size>
   S
  </size>
  <color>
   Оранжевый
  </color>
  <material>
   Кожа
  </material>
  <price>
   513060
  </price>
  <rating>
   2.16
  </rating>
  <reviews>
   812417
  </reviews>
  <new>
   +
  </new>
  <sporty>
   no
  </sporty>
 </clothing>
 <clothing>
  <id>
   941678961
  </id>
  <name>
   Converse Umbrellas K-9675
  </name>
  <category>
   Umbrellas
  </category>
  <size>
   S
  </size>
  <color>
   Желтый
  </color>
  <material>
   Хлопок
  </material>
  <price>
   879423
  </price>
  <rating>
   4.77
  </rating>
  <reviews>
   563743
  </reviews>
  <new>
   +
  </new>
  <exclusive>
   yes
  </exclusive>
  <sporty>
   no
  </sporty>
 </clothing>
 <clothing>
  <id>
   391486098
  </id>
  <name>
   Ellesse Jeans J-9790
  </name>
  <category>
   Jeans
  </category>
  <size>
   XXL
  </size>
  <color>
   Фиолетовый
  </color>
  <material>
   Кожа
  </material>
  <price>
   746578
  </price>
  <rating>
   4.38
  </rating>
  <reviews>
   139874
  </reviews>
  <sporty>
   no
  </sporty>
 </clothing>
 <clothing>
  <id>
   136790507
  </id>
  <name>
   Ellesse Blouse D-2952
  </name>
  <category>
   Blouse
  </category>
  <size>
   L
  </size>
  <color>
   Зеленый
  </color>
  <material>
   Шерсть
  </material>
  <price>
   406958
  </price>
  <rating>
   1.18
  </rating>
  <reviews>
   258977
  </reviews>
  <new>
   -
  </new>
  <exclusive>
   no
  </exclusive>
  <sporty>
   no
  </sporty>
 </clothing>
 <clothing>
  <id>
   227072857
  </id>
  <name>
   Brooks Belts R-6223
  </name>
  <category>
   Belts
  </category>
  <size>
   S
  </size>
  <color>
   Оранжевый
  </color>
  <material>
   Шерсть
  </material>
  <price>
   649462
  </price>
  <rating>
   2.48
  </rating>
  <reviews>
   453193
  </reviews>
  <exclusive>
   no
  </exclusive>
  <sporty>
   no
  </sporty>
 </clothing>
 <clothing>
  <id>
   566575928
  </id>
  <name>
   Vans Handbags F-4058
  </name>
  <category>
   Handbags
  </category>
  <size>
   M
  </size>
  <color>
   Оранжевый
  </color>
  <material>
   Шерсть
  </material>
  <price>
   777559
  </price>
  <rating>
   3.44
  </rating>
  <reviews>
   681420
  </reviews>
  <sporty>
   no
  </sporty>
 </clothing>
 <clothing>
  <id>
   908285952
  </id>
  <name>
   Brooks Skirt U-7550
  </name>
  <category>
   Skirt
  </category>
  <size>
   L
  </size>
  <color>
   Зеленый
  </color>
  <material>
   Лен
  </material>
  <price>
   713758
  </price>
  <rating>
   2.84
  </rating>
  <reviews>
   662874
  </reviews>
 </clothing>
 <clothing>
  <id>
   652645868
  </id>
  <name>
   Puma Umbrellas X-6836
  </name>
  <category>
   Umbrellas
  </category>
  <size>
   L
  </size>
  <color>
   Синий
  </color>
  <material>
   Лен
  </material>
  <price>
   615371
  </price>
  <rating>
   1.21
  </rating>
  <reviews>
   398186
  </reviews>
  <sporty>
   yes
  </sporty>
 </clothing>
 <clothing>
  <id>
   915236261
  </id>
  <name>
   Adidas T-shirt D-9111
  </name>
  <category>
   T-shirt
  </category>
  <size>
   XL
  </size>
  <color>
   Красный
  </color>
  <material>
   Полиэстер
  </material>
  <price>
   883605
  </price>
  <rating>
   4.92
  </rating>
  <reviews>
   300702
  </reviews>
  <exclusive>
   yes
  </exclusive>
 </clothing>
 <clothing>
  <id>
   611821211
  </id>
  <name>
   Ellesse Pants I-1832
  </name>
  <category>
   Pants
  </category>
  <size>
   S
  </size>
  <color>
   Зеленый
  </color>
  <material>
   Полиэстер
  </material>
  <price>
   544982
  </price>
  <rating>
   3.3
  </rating>
  <reviews>
   819107
  </reviews>
  <new>
   -
  </new>
 </clothing>
 <clothing>
  <id>
   464660757
  </id>
  <name>
   Under Armour Jacket N-9423
  </name>
  <category>
   Jacket
  </category>
  <size>
   XXL
  </size>
  <color>
   Фиолетовый
  </color>
  <material>
   Нейлон
  </material>
  <price>
   737906
  </price>
  <rating>
   5.0
  </rating>
  <reviews>
   826074
  </reviews>
  <new>
   +
  </new>
  <sporty>
   yes
  </sporty>
 </clothing>
 <clothing>
  <id>
   871107969
  </id>
  <name>
   Puma Jeans V-3619
  </name>
  <category>
   Jeans
  </category>
  <size>
   L
  </size>
  <color>
   Голубой
  </color>
  <material>
   Хлопок
  </material>
  <price>
   540306
  </price>
  <rating>
   2.53
  </rating>
  <reviews>
   801371
  </reviews>
  <new>
   -
  </new>
  <exclusive>
   no
  </exclusive>
  <sporty>
   yes
  </sporty>
 </clothing>
 <clothing>
  <id>
   735357466
  </id>
  <name>
   DC Hat V-4633
  </name>
  <category>
   Hat
  </category>
  <size>
   S
  </size>
  <color>
   Оранжевый
  </color>
  <material>
   Хлопок
  </material>
  <price>
   816206
  </price>
  <rating>
   1.65
  </rating>
  <reviews>
   294095
  </reviews>
  <new>
   -
  </new>
  <exclusive>
   yes
  </exclusive>
  <sporty>
   no
  </sporty>
 </clothing>
 <clothing>
  <id>
   902797626
  </id>
  <name>
   Under Armour Dress F-2220
  </name>
  <category>
   Dress
  </category>
  <size>
   XXL
  </size>
  <color>
   Зеленый
  </color>
  <material>
   Нейлон
  </material>
  <price>
   410003
  </price>
  <rating>
   4.7
  </rating>
  <reviews>
   431531
  </reviews>
 </clothing>
 <clothing>
  <id>
   772893539
  </id>
  <name>
   PleinSport Handbags J-2226
  </name>
  <category>
   Handbags
  </category>
  <size>
   M
  </size>
  <color>
   Зеленый
  </color>
  <material>
   Нейлон
  </material>
  <price>
   706518
  </price>
  <rating>
   4.9
  </rating>
  <reviews>
   663389
  </reviews>
  <new>
   -
  </new>
  <exclusive>
   yes
  </exclusive>
  <sporty>
   yes
  </sporty>
 </clothing>
 <clothing>
  <id>
   487479527
  </id>
  <name>
   Vans Gloves U-1496
  </name>
  <category>
   Gloves
  </category>
  <size>
   S
  </size>
  <color>
   Зеленый
  </color>
  <material>
   Вискоза
  </material>
  <price>
   806283
  </price>
  <rating>
   3.7
  </rating>
  <reviews>
   621975
  </reviews>
  <sporty>
   no
  </sporty>
 </clothing>
 <clothing>
  <id>
   866300889
  </id>
  <name>
   New Balance Sweater G-9970
  </name>
  <category>
   Sweater
  </category>
  <size>
   S
  </size>
  <color>
   Голубой
  </color>
  <material>
   Нейлон
  </material>
  <price>
   870399
  </price>
  <rating>
   2.7
  </rating>
  <reviews>
   760983
  </reviews>
 </clothing>
 <clothing>
  <id>
   573839997
  </id>
  <name>
   Addidas Skirt W-5474
  </name>
  <category>
   Skirt
  </category>
  <size>
   M
  </size>
  <color>
   Оранжевый
  </color>
  <material>
   Полиэстер
  </material>
  <price>
   359467
  </price>
  <rating>
   4.67
  </rating>
  <reviews>
   491193
  </reviews>
  <new>
   +
  </new>
 </clothing>
 <clothing>
  <id>
   683323431
  </id>
  <name>
   Fila Sweater J-4768
  </name>
  <category>
   Sweater
  </category>
  <size>
   L
  </size>
  <color>
   Фиолетовый
  </color>
  <material>
   Шелк
  </material>
  <price>
   933201
  </price>
  <rating>
   2.36
  </rating>
  <reviews>
   860286
  </reviews>
  <new>
   -
  </new>
  <exclusive>
   yes
  </exclusive>
 </clothing>
 <clothing>
  <id>
   829343895
  </id>
  <name>
   Vans Sweater F-4191
  </name>
  <category>
   Sweater
  </category>
  <size>
   L
  </size>
  <color>
   Красный
  </color>
  <material>
   Хлопок
  </material>
  <price>
   808603
  </price>
  <rating>
   1.91
  </rating>
  <reviews>
   929026
  </reviews>
  <new>
   +
  </new>
  <exclusive>
   no
  </exclusive>
 </clothing>
 <clothing>
  <id>
   371727961
  </id>
  <name>
   Lacoste Jacket G-6696
  </name>
  <category>
   Jacket
  </category>
  <size>
   XXL
  </size>
  <color>
   Синий
  </color>
  <material>
   Кожа
  </material>
  <price>
   801438
  </price>
  <rating>
   1.43
  </rating>
  <reviews>
   209635
  </reviews>
  <exclusive>
   no
  </exclusive>
 </clothing>
 <clothing>
  <id>
   949276747
  </id>
  <name>
   Adidas Hat C-6375
  </name>
  <category>
   Hat
  </category>
  <size>
   L
  </size>
  <color>
   Желтый
  </color>
  <material>
   Шерсть
  </material>
  <price>
   222150
  </price>
  <rating>
   3.17
  </rating>
  <reviews>
   851462
  </reviews>
  <new>
   +
  </new>
  <exclusive>
   yes
  </exclusive>
 </clothing>
 <clothing>
  <id>
   308545761
  </id>
  <name>
   Ellesse Pants Z-1820
  </name>
  <category>
   Pants
  </category>
  <size>
   M
  </size>
  <color>
   Фиолетовый
  </color>
  <material>
   Шерсть
  </material>
  <price>
   292094
  </price>
  <rating>
   2.5
  </rating>
  <reviews>
   478960
  </reviews>
  <new>
   -
  </new>
 </clothing>
 <clothing>
  <id>
   851452280
  </id>
  <name>
   Asics Blouse M-3838
  </name>
  <category>
   Blouse
  </category>
  <size>
   XXL
  </size>
  <color>
   Голубой
  </color>
  <material>
   Шерсть
  </material>
  <price>
   678617
  </price>
  <rating>
   4.96
  </rating>
  <reviews>
   47231
  </reviews>
  <exclusive>
   no
  </exclusive>
  <sporty>
   yes
  </sporty>
 </clothing>
 <clothing>
  <id>
   799396213
  </id>
  <name>
   Under Armour Skirt A-3565
  </name>
  <category>
   Skirt
  </category>
  <size>
   S
  </size>
  <color>
   Зеленый
  </color>
  <material>
   Вискоза
  </material>
  <price>
   113784
  </price>
  <rating>
   4.2
  </rating>
  <reviews>
   750713
  </reviews>
  <new>
   -
  </new>
  <exclusive>
   no
  </exclusive>
 </clothing>
 <clothing>
  <id>
   752938796
  </id>
  <name>
   Under Armour Sweater A-1041
  </name>
  <category>
   Sweater
  </category>
  <size>
   S
  </size>
  <color>
   Желтый
  </color>
  <material>
   Хлопок
  </material>
  <price>
   567606
  </price>
  <rating>
   2.7
  </rating>
  <reviews>
   453382
  </reviews>
  <exclusive>
   no
  </exclusive>
  <sporty>
   no
  </sporty>
 </clothing>
 <clothing>
  <id>
   785674258
  </id>
  <name>
   Puma Shirt M-8666
  </name>
  <category>
   Shirt
  </category>
  <size>
   M
  </size>
  <color>
   Синий
  </color>
  <material>
   Шелк
  </material>
  <price>
   217929
  </price>
  <rating>
   3.56
  </rating>
  <reviews>
   431486
  </reviews>
  <sporty>
   no
  </sporty>
 </clothing>
 <clothing>
  <id>
   396259834
  </id>
  <name>
   Under Armour Umbrellas D-1488
  </name>
  <category>
   Umbrellas
  </category>
  <size>
   L
  </size>
  <color>
   Красный
  </color>
  <material>
   Полиэстер
  </material>
  <price>
   508747
  </price>
  <rating>
   3.89
  </rating>
  <reviews>
   684253
  </reviews>
  <exclusive>
   no
  </exclusive>
 </clothing>
 <clothing>
  <id>
   777409066
  </id>
  <name>
   Converse Umbrellas V-4185
  </name>
  <category>
   Umbrellas
  </category>
  <size>
   M
  </size>
  <color>
   Красный
  </color>
  <material>
   Лен
  </material>
  <price>
   196120
  </price>
  <rating>
   1.16
  </rating>
  <reviews>
   435593
  </reviews>
  <exclusive>
   no
  </exclusive>
 </clothing>
 <clothing>
  <id>
   398999628
  </id>
  <name>
   Nike Handbags E-6835
  </name>
  <category>
   Handbags
  </category>
  <size>
   S
  </size>
  <color>
   Зеленый
  </color>
  <material>
   Нейлон
  </material>
  <price>
   934459
  </price>
  <rating>
   3.93
  </rating>
  <reviews>
   321407
  </reviews>
  <new>
   -
  </new>
  <sporty>
   no
  </sporty>
 </clothing>
 <clothing>
  <id>
   783235464
  </id>
  <name>
   Ellesse Pants L-1575
  </name>
  <category>
   Pants
  </category>
  <size>
   XL
  </size>
  <color>
   Синий
  </color>
  <material>
   Вискоза
  </material>
  <price>
   345650
  </price>
  <rating>
   1.76
  </rating>
  <reviews>
   684314
  </reviews>
  <new>
   -
  </new>
  <exclusive>
   no
  </exclusive>
 </clothing>
 <clothing>
  <id>
   172421979
  </id>
  <name>
   Lacoste Blouse V-6555
  </name>
  <category>
   Blouse
  </category>
  <size>
   XL
  </size>
  <color>
   Зеленый
  </color>
  <material>
   Вискоза
  </material>
  <price>
   842945
  </price>
  <rating>
   3.48
  </rating>
  <reviews>
   822245
  </reviews>
  <new>
   -
  </new>
  <exclusive>
   yes
  </exclusive>
  <sporty>
   no
  </sporty>
 </clothing>
 <clothing>
  <id>
   999538906
  </id>
  <name>
   Fila T-shirt K-4954
  </name>
  <category>
   T-shirt
  </category>
  <size>
   M
  </size>
  <color>
   Желтый
  </color>
  <material>
   Вискоза
  </material>
  <price>
   645049
  </price>
  <rating>
   2.31
  </rating>
  <reviews>
   501738
  </reviews>
  <exclusive>
   yes
  </exclusive>
  <sporty>
   no
  </sporty>
 </clothing>
 <clothing>
  <id>
   916934767
  </id>
  <name>
   Reebok Shoes S-3930
  </name>
  <category>
   Shoes
  </category>
  <size>
   XXL
  </size>
  <color>
   Голубой
  </color>
  <material>
   Шелк
  </material>
  <price>
   674785
  </price>
  <rating>
   4.14
  </rating>
  <reviews>
   146811
  </reviews>
  <sporty>
   yes
  </sporty>
 </clothing>
 <clothing>
  <id>
   970062060
  </id>
  <name>
   PleinSport Blouse M-5075
  </name>
  <category>
   Blouse
  </category>
  <size>
   S
  </size>
  <color>
   Фиолетовый
  </color>
  <material>
   Шелк
  </material>
  <price>
   343691
  </price>
  <rating>
   2.32
  </rating>
  <reviews>
   595855
  </reviews>
  <new>
   -
  </new>
  <exclusive>
   yes
  </exclusive>
  <sporty>
   yes
  </sporty>
 </clothing>
 <clothing>
  <id>
   412382077
  </id>
  <name>
   New Balance Jacket R-9125
  </name>
  <category>
   Jacket
  </category>
  <size>
   XXL
  </size>
  <color>
   Синий
  </color>
  <material>
   Шелк
  </material>
  <price>
   643474
  </price>
  <rating>
   3.51
  </rating>
  <reviews>
   175784
  </reviews>
  <sporty>
   yes
  </sporty>
 </clothing>
 <clothing>
  <id>
   707127624
  </id>
  <name>
   DC Umbrellas Z-6258
  </name>
  <category>
   Umbrellas
  </category>
  <size>
   M
  </size>
  <color>
   Красный
  </color>
  <material>
   Кожа
  </material>
  <price>
   620349
  </price>
  <rating>
   4.29
  </rating>
  <reviews>
   530245
  </reviews>
  <new>
   -
  </new>
  <exclusive>
   yes
  </exclusive>
  <sporty>
   no
  </sporty>
 </clothing>
 <clothing>
  <id>
   288322096
  </id>
  <name>
   Ellesse Socks V-8693
  </name>
  <category>
   Socks
  </category>
  <size>
   M
  </size>
  <color>
   Оранжевый
  </color>
  <material>
   Нейлон
  </material>
  <price>
   241513
  </price>
  <rating>
   4.56
  </rating>
  <reviews>
   183490
  </reviews>
  <exclusive>
   yes
  </exclusive>
  <sporty>
   no
  </sporty>
 </clothing>
 <clothing>
  <id>
   533700721
  </id>
  <name>
   Vans Umbrellas S-8055
  </name>
  <category>
   Umbrellas
  </category>
  <size>
   L
  </size>
  <color>
   Голубой
  </color>
  <material>
   Кожа
  </material>
  <price>
   167999
  </price>
  <rating>
   1.07
  </rating>
  <reviews>
   306938
  </reviews>
  <new>
   -
  </new>
  <sporty>
   no
  </sporty>
 </clothing>
 <clothing>
  <id>
   705114357
  </id>
  <name>
   Converse Sweater W-3196
  </name>
  <category>
   Sweater
  </category>
  <size>
   XXL
  </size>
  <color>
   Оранжевый
  </color>
  <material>
   Лен
  </material>
  <price>
   584511
  </price>
  <rating>
   1.97
  </rating>
  <reviews>
   731707
  </reviews>
  <new>
   -
  </new>
  <exclusive>
   yes
  </exclusive>
  <sporty>
   yes
  </sporty>
 </clothing>
 <clothing>
  <id>
   216222590
  </id>
  <name>
   Nike Gloves T-3026
  </name>
  <category>
   Gloves
  </category>
  <size>
   M
  </size>
  <color>
   Синий
  </color>
  <material>
   Лен
  </material>
  <price>
   897600
  </price>
  <rating>
   4.47
  </rating>
  <reviews>
   764467
  </reviews>
  <exclusive>
   no
  </exclusive>
  <sporty>
   no
  </sporty>
 </clothing>
 <clothing>
  <id>
   968542712
  </id>
  <name>
   New Balance Dress I-4908
  </name>
  <category>
   Dress
  </category>
  <size>
   L
  </size>
  <color>
   Зеленый
  </color>
  <material>
   Шерсть
  </material>
  <price>
   749907
  </price>
  <rating>
   2.82
  </rating>
  <reviews>
   498722
  </reviews>
  <exclusive>
   yes
  </exclusive>
  <sporty>
   no
  </sporty>
 </clothing>
</clothing-items>
