<?xml version="1.0" encoding="utf-8"?>
<clothing-items>
 <clothing>
  <id>
   526620076
  </id>
  <name>
   Addidas Hat M-6385
  </name>
  <category>
   Hat
  </category>
  <size>
   S
  </size>
  <color>
   Оранжевый
  </color>
  <material>
   Шелк
  </material>
  <price>
   670996
  </price>
  <rating>
   1.9
  </rating>
  <reviews>
   176409
  </reviews>
  <new>
   -
  </new>
  <sporty>
   yes
  </sporty>
 </clothing>
 <clothing>
  <id>
   726521479
  </id>
  <name>
   Addidas T-shirt J-4981
  </name>
  <category>
   T-shirt
  </category>
  <size>
   M
  </size>
  <color>
   Зеленый
  </color>
  <material>
   Шерсть
  </material>
  <price>
   753045
  </price>
  <rating>
   1.83
  </rating>
  <reviews>
   360739
  </reviews>
  <new>
   -
  </new>
  <exclusive>
   yes
  </exclusive>
 </clothing>
 <clothing>
  <id>
   718679045
  </id>
  <name>
   Puma Socks F-9872
  </name>
  <category>
   Socks
  </category>
  <size>
   XXL
  </size>
  <color>
   Желтый
  </color>
  <material>
   Хлопок
  </material>
  <price>
   915361
  </price>
  <rating>
   1.44
  </rating>
  <reviews>
   973253
  </reviews>
  <new>
   -
  </new>
  <sporty>
   yes
  </sporty>
 </clothing>
 <clothing>
  <id>
   524658026
  </id>
  <name>
   Lacoste Jeans T-3441
  </name>
  <category>
   Jeans
  </category>
  <size>
   XL
  </size>
  <color>
   Красный
  </color>
  <material>
   Нейлон
  </material>
  <price>
   873561
  </price>
  <rating>
   2.65
  </rating>
  <reviews>
   346930
  </reviews>
  <new>
   +
  </new>
  <exclusive>
   no
  </exclusive>
 </clothing>
 <clothing>
  <id>
   420035002
  </id>
  <name>
   Converse Sweater K-3066
  </name>
  <category>
   Sweater
  </category>
  <size>
   S
  </size>
  <color>
   Желтый
  </color>
  <material>
   Лен
  </material>
  <price>
   309129
  </price>
  <rating>
   3.9
  </rating>
  <reviews>
   660730
  </reviews>
  <new>
   -
  </new>
  <exclusive>
   no
  </exclusive>
  <sporty>
   no
  </sporty>
 </clothing>
 <clothing>
  <id>
   326332297
  </id>
  <name>
   PleinSport Belts F-4044
  </name>
  <category>
   Belts
  </category>
  <size>
   XL
  </size>
  <color>
   Голубой
  </color>
  <material>
   Лен
  </material>
  <price>
   443017
  </price>
  <rating>
   3.92
  </rating>
  <reviews>
   917609
  </reviews>
  <new>
   -
  </new>
  <exclusive>
   yes
  </exclusive>
 </clothing>
 <clothing>
  <id>
   695838331
  </id>
  <name>
   Converse Handbags W-7092
  </name>
  <category>
   Handbags
  </category>
  <size>
   L
  </size>
  <color>
   Голубой
  </color>
  <material>
   Кожа
  </material>
  <price>
   540636
  </price>
  <rating>
   1.77
  </rating>
  <reviews>
   338238
  </reviews>
  <exclusive>
   no
  </exclusive>
  <sporty>
   yes
  </sporty>
 </clothing>
 <clothing>
  <id>
   353475209
  </id>
  <name>
   Reebok T-shirt H-5386
  </name>
  <category>
   T-shirt
  </category>
  <size>
   L
  </size>
  <color>
   Синий
  </color>
  <material>
   Шерсть
  </material>
  <price>
   836341
  </price>
  <rating>
   3.37
  </rating>
  <reviews>
   765501
  </reviews>
  <new>
   -
  </new>
  <exclusive>
   yes
  </exclusive>
  <sporty>
   yes
  </sporty>
 </clothing>
 <clothing>
  <id>
   914405402
  </id>
  <name>
   Converse Dress E-7476
  </name>
  <category>
   Dress
  </category>
  <size>
   M
  </size>
  <color>
   Оранжевый
  </color>
  <material>
   Шерсть
  </material>
  <price>
   316430
  </price>
  <rating>
   4.22
  </rating>
  <reviews>
   757414
  </reviews>
  <new>
   -
  </new>
  <sporty>
   yes
  </sporty>
 </clothing>
 <clothing>
  <id>
   328522479
  </id>
  <name>
   Lacoste Sweater Q-1429
  </name>
  <category>
   Sweater
  </category>
  <size>
   XL
  </size>
  <color>
   Фиолетовый
  </color>
  <material>
   Нейлон
  </material>
  <price>
   910287
  </price>
  <rating>
   3.23
  </rating>
  <reviews>
   896344
  </reviews>
  <exclusive>
   no
  </exclusive>
  <sporty>
   yes
  </sporty>
 </clothing>
 <clothing>
  <id>
   376694520
  </id>
  <name>
   New Balance Umbrellas S-9438
  </name>
  <category>
   Umbrellas
  </category>
  <size>
   XXL
  </size>
  <color>
   Голубой
  </color>
  <material>
   Лен
  </material>
  <price>
   459794
  </price>
  <rating>
   2.01
  </rating>
  <reviews>
   715485
  </reviews>
  <new>
   -
  </new>
  <exclusive>
   yes
  </exclusive>
 </clothing>
</clothing-items>
