<?xml version="1.0" encoding="utf-8"?>
<clothing-items>
 <clothing>
  <id>
   474379247
  </id>
  <name>
   PleinSport Dress G-5263
  </name>
  <category>
   Dress
  </category>
  <size>
   L
  </size>
  <color>
   Красный
  </color>
  <material>
   Лен
  </material>
  <price>
   373327
  </price>
  <rating>
   1.06
  </rating>
  <reviews>
   142670
  </reviews>
  <exclusive>
   no
  </exclusive>
 </clothing>
 <clothing>
  <id>
   517876761
  </id>
  <name>
   Brooks Gloves J-8752
  </name>
  <category>
   Gloves
  </category>
  <size>
   M
  </size>
  <color>
   Зеленый
  </color>
  <material>
   Хлопок
  </material>
  <price>
   129491
  </price>
  <rating>
   2.33
  </rating>
  <reviews>
   622334
  </reviews>
  <new>
   -
  </new>
  <exclusive>
   no
  </exclusive>
 </clothing>
 <clothing>
  <id>
   954468248
  </id>
  <name>
   Lacoste Belts R-3074
  </name>
  <category>
   Belts
  </category>
  <size>
   XL
  </size>
  <color>
   Желтый
  </color>
  <material>
   Лен
  </material>
  <price>
   285946
  </price>
  <rating>
   4.6
  </rating>
  <reviews>
   746157
  </reviews>
  <exclusive>
   yes
  </exclusive>
  <sporty>
   no
  </sporty>
 </clothing>
 <clothing>
  <id>
   650758575
  </id>
  <name>
   Under Armour Shoes K-4536
  </name>
  <category>
   Shoes
  </category>
  <size>
   S
  </size>
  <color>
   Оранжевый
  </color>
  <material>
   Шелк
  </material>
  <price>
   662436
  </price>
  <rating>
   3.59
  </rating>
  <reviews>
   449019
  </reviews>
  <sporty>
   no
  </sporty>
 </clothing>
 <clothing>
  <id>
   467393250
  </id>
  <name>
   Puma Handbags V-1590
  </name>
  <category>
   Handbags
  </category>
  <size>
   L
  </size>
  <color>
   Фиолетовый
  </color>
  <material>
   Шерсть
  </material>
  <price>
   209094
  </price>
  <rating>
   4.52
  </rating>
  <reviews>
   611143
  </reviews>
  <new>
   -
  </new>
 </clothing>
 <clothing>
  <id>
   610330970
  </id>
  <name>
   DC Jeans M-8738
  </name>
  <category>
   Jeans
  </category>
  <size>
   XXL
  </size>
  <color>
   Голубой
  </color>
  <material>
   Полиэстер
  </material>
  <price>
   524000
  </price>
  <rating>
   1.3
  </rating>
  <reviews>
   165144
  </reviews>
  <new>
   +
  </new>
  <sporty>
   no
  </sporty>
 </clothing>
 <clothing>
  <id>
   597167087
  </id>
  <name>
   Lacoste Shoes N-6244
  </name>
  <category>
   Shoes
  </category>
  <size>
   L
  </size>
  <color>
   Фиолетовый
  </color>
  <material>
   Лен
  </material>
  <price>
   655935
  </price>
  <rating>
   2.7
  </rating>
  <reviews>
   919966
  </reviews>
  <new>
   +
  </new>
  <exclusive>
   no
  </exclusive>
  <sporty>
   no
  </sporty>
 </clothing>
 <clothing>
  <id>
   907358341
  </id>
  <name>
   Nike Skirt T-9624
  </name>
  <category>
   Skirt
  </category>
  <size>
   M
  </size>
  <color>
   Зеленый
  </color>
  <material>
   Полиэстер
  </material>
  <price>
   869565
  </price>
  <rating>
   1.2
  </rating>
  <reviews>
   439166
  </reviews>
  <sporty>
   yes
  </sporty>
 </clothing>
 <clothing>
  <id>
   947577105
  </id>
  <name>
   Addidas Socks E-5973
  </name>
  <category>
   Socks
  </category>
  <size>
   XXL
  </size>
  <color>
   Желтый
  </color>
  <material>
   Нейлон
  </material>
  <price>
   537436
  </price>
  <rating>
   4.56
  </rating>
  <reviews>
   174582
  </reviews>
  <sporty>
   no
  </sporty>
 </clothing>
 <clothing>
  <id>
   656977184
  </id>
  <name>
   PleinSport Jacket U-1515
  </name>
  <category>
   Jacket
  </category>
  <size>
   M
  </size>
  <color>
   Голубой
  </color>
  <material>
   Полиэстер
  </material>
  <price>
   758386
  </price>
  <rating>
   2.17
  </rating>
  <reviews>
   256085
  </reviews>
  <exclusive>
   yes
  </exclusive>
  <sporty>
   no
  </sporty>
 </clothing>
 <clothing>
  <id>
   943305433
  </id>
  <name>
   Addidas Skirt Q-1978
  </name>
  <category>
   Skirt
  </category>
  <size>
   XL
  </size>
  <color>
   Зеленый
  </color>
  <material>
   Вискоза
  </material>
  <price>
   926913
  </price>
  <rating>
   3.17
  </rating>
  <reviews>
   228654
  </reviews>
  <new>
   -
  </new>
  <exclusive>
   yes
  </exclusive>
  <sporty>
   no
  </sporty>
 </clothing>
 <clothing>
  <id>
   982146125
  </id>
  <name>
   Vans Pants Z-1580
  </name>
  <category>
   Pants
  </category>
  <size>
   S
  </size>
  <color>
   Голубой
  </color>
  <material>
   Шерсть
  </material>
  <price>
   868849
  </price>
  <rating>
   2.72
  </rating>
  <reviews>
   575411
  </reviews>
  <new>
   -
  </new>
 </clothing>
 <clothing>
  <id>
   565425183
  </id>
  <name>
   Ellesse Socks D-7268
  </name>
  <category>
   Socks
  </category>
  <size>
   M
  </size>
  <color>
   Желтый
  </color>
  <material>
   Шелк
  </material>
  <price>
   935697
  </price>
  <rating>
   1.04
  </rating>
  <reviews>
   757183
  </reviews>
  <new>
   -
  </new>
  <exclusive>
   no
  </exclusive>
  <sporty>
   yes
  </sporty>
 </clothing>
 <clothing>
  <id>
   127991698
  </id>
  <name>
   Puma Sweater F-8825
  </name>
  <category>
   Sweater
  </category>
  <size>
   XL
  </size>
  <color>
   Желтый
  </color>
  <material>
   Шерсть
  </material>
  <price>
   436068
  </price>
  <rating>
   3.75
  </rating>
  <reviews>
   387809
  </reviews>
  <new>
   +
  </new>
  <exclusive>
   no
  </exclusive>
  <sporty>
   no
  </sporty>
 </clothing>
 <clothing>
  <id>
   781203207
  </id>
  <name>
   Lacoste Dress J-4286
  </name>
  <category>
   Dress
  </category>
  <size>
   M
  </size>
  <color>
   Оранжевый
  </color>
  <material>
   Полиэстер
  </material>
  <price>
   448483
  </price>
  <rating>
   3.51
  </rating>
  <reviews>
   839556
  </reviews>
  <new>
   -
  </new>
  <exclusive>
   yes
  </exclusive>
 </clothing>
 <clothing>
  <id>
   735209867
  </id>
  <name>
   Ellesse T-shirt G-2684
  </name>
  <category>
   T-shirt
  </category>
  <size>
   XL
  </size>
  <color>
   Синий
  </color>
  <material>
   Шелк
  </material>
  <price>
   333707
  </price>
  <rating>
   4.15
  </rating>
  <reviews>
   624917
  </reviews>
  <new>
   +
  </new>
  <sporty>
   yes
  </sporty>
 </clothing>
 <clothing>
  <id>
   872260518
  </id>
  <name>
   Vans Umbrellas P-3268
  </name>
  <category>
   Umbrellas
  </category>
  <size>
   S
  </size>
  <color>
   Голубой
  </color>
  <material>
   Хлопок
  </material>
  <price>
   687903
  </price>
  <rating>
   2.62
  </rating>
  <reviews>
   236456
  </reviews>
  <new>
   +
  </new>
  <exclusive>
   no
  </exclusive>
  <sporty>
   yes
  </sporty>
 </clothing>
 <clothing>
  <id>
   681200272
  </id>
  <name>
   Puma Pants K-6461
  </name>
  <category>
   Pants
  </category>
  <size>
   M
  </size>
  <color>
   Зеленый
  </color>
  <material>
   Шелк
  </material>
  <price>
   410869
  </price>
  <rating>
   1.07
  </rating>
  <reviews>
   492662
  </reviews>
  <sporty>
   no
  </sporty>
 </clothing>
 <clothing>
  <id>
   370764042
  </id>
  <name>
   Vans Jeans E-9452
  </name>
  <category>
   Jeans
  </category>
  <size>
   S
  </size>
  <color>
   Синий
  </color>
  <material>
   Шелк
  </material>
  <price>
   556977
  </price>
  <rating>
   1.48
  </rating>
  <reviews>
   210694
  </reviews>
  <exclusive>
   no
  </exclusive>
 </clothing>
 <clothing>
  <id>
   756616744
  </id>
  <name>
   Nike Dress K-7585
  </name>
  <category>
   Dress
  </category>
  <size>
   L
  </size>
  <color>
   Желтый
  </color>
  <material>
   Шелк
  </material>
  <price>
   332806
  </price>
  <rating>
   1.14
  </rating>
  <reviews>
   549463
  </reviews>
 </clothing>
 <clothing>
  <id>
   999340000
  </id>
  <name>
   Brooks Hat L-4543
  </name>
  <category>
   Hat
  </category>
  <size>
   XXL
  </size>
  <color>
   Зеленый
  </color>
  <material>
   Полиэстер
  </material>
  <price>
   992795
  </price>
  <rating>
   4.48
  </rating>
  <reviews>
   48995
  </reviews>
  <new>
   -
  </new>
  <exclusive>
   no
  </exclusive>
  <sporty>
   no
  </sporty>
 </clothing>
 <clothing>
  <id>
   416836443
  </id>
  <name>
   Converse Pants P-3779
  </name>
  <category>
   Pants
  </category>
  <size>
   M
  </size>
  <color>
   Красный
  </color>
  <material>
   Полиэстер
  </material>
  <price>
   237004
  </price>
  <rating>
   2.62
  </rating>
  <reviews>
   34982
  </reviews>
  <new>
   -
  </new>
  <sporty>
   yes
  </sporty>
 </clothing>
 <clothing>
  <id>
   181254074
  </id>
  <name>
   Converse Umbrellas D-4708
  </name>
  <category>
   Umbrellas
  </category>
  <size>
   XXL
  </size>
  <color>
   Желтый
  </color>
  <material>
   Шерсть
  </material>
  <price>
   124717
  </price>
  <rating>
   4.02
  </rating>
  <reviews>
   253188
  </reviews>
  <new>
   -
  </new>
  <exclusive>
   no
  </exclusive>
 </clothing>
 <clothing>
  <id>
   833795229
  </id>
  <name>
   Brooks Jacket W-9472
  </name>
  <category>
   Jacket
  </category>
  <size>
   XL
  </size>
  <color>
   Желтый
  </color>
  <material>
   Вискоза
  </material>
  <price>
   815223
  </price>
  <rating>
   3.29
  </rating>
  <reviews>
   277196
  </reviews>
  <sporty>
   no
  </sporty>
 </clothing>
 <clothing>
  <id>
   535187912
  </id>
  <name>
   Converse Shoes V-6091
  </name>
  <category>
   Shoes
  </category>
  <size>
   XL
  </size>
  <color>
   Желтый
  </color>
  <material>
   Лен
  </material>
  <price>
   925952
  </price>
  <rating>
   3.75
  </rating>
  <reviews>
   596127
  </reviews>
  <exclusive>
   no
  </exclusive>
 </clothing>
 <clothing>
  <id>
   889313881
  </id>
  <name>
   Reebok Jeans U-2924
  </name>
  <category>
   Jeans
  </category>
  <size>
   XXL
  </size>
  <color>
   Синий
  </color>
  <material>
   Шерсть
  </material>
  <price>
   938192
  </price>
  <rating>
   2.64
  </rating>
  <reviews>
   739120
  </reviews>
  <new>
   -
  </new>
  <exclusive>
   no
  </exclusive>
  <sporty>
   yes
  </sporty>
 </clothing>
 <clothing>
  <id>
   240918502
  </id>
  <name>
   Brooks Jeans Y-7920
  </name>
  <category>
   Jeans
  </category>
  <size>
   XXL
  </size>
  <color>
   Оранжевый
  </color>
  <material>
   Лен
  </material>
  <price>
   968274
  </price>
  <rating>
   1.71
  </rating>
  <reviews>
   395626
  </reviews>
  <new>
   +
  </new>
  <exclusive>
   yes
  </exclusive>
  <sporty>
   yes
  </sporty>
 </clothing>
 <clothing>
  <id>
   923586737
  </id>
  <name>
   Asics Gloves C-7672
  </name>
  <category>
   Gloves
  </category>
  <size>
   XL
  </size>
  <color>
   Оранжевый
  </color>
  <material>
   Нейлон
  </material>
  <price>
   775841
  </price>
  <rating>
   3.53
  </rating>
  <reviews>
   901344
  </reviews>
 </clothing>
 <clothing>
  <id>
   983691952
  </id>
  <name>
   Addidas Blouse U-4163
  </name>
  <category>
   Blouse
  </category>
  <size>
   XXL
  </size>
  <color>
   Желтый
  </color>
  <material>
   Нейлон
  </material>
  <price>
   949026
  </price>
  <rating>
   3.46
  </rating>
  <reviews>
   765403
  </reviews>
  <new>
   +
  </new>
  <sporty>
   yes
  </sporty>
 </clothing>
 <clothing>
  <id>
   394489421
  </id>
  <name>
   New Balance Sweater L-1580
  </name>
  <category>
   Sweater
  </category>
  <size>
   M
  </size>
  <color>
   Фиолетовый
  </color>
  <material>
   Полиэстер
  </material>
  <price>
   212674
  </price>
  <rating>
   1.61
  </rating>
  <reviews>
   973928
  </reviews>
  <new>
   +
  </new>
 </clothing>
 <clothing>
  <id>
   344599684
  </id>
  <name>
   Addidas Jeans I-1645
  </name>
  <category>
   Jeans
  </category>
  <size>
   S
  </size>
  <color>
   Фиолетовый
  </color>
  <material>
   Нейлон
  </material>
  <price>
   491944
  </price>
  <rating>
   3.79
  </rating>
  <reviews>
   405565
  </reviews>
  <new>
   -
  </new>
  <exclusive>
   no
  </exclusive>
  <sporty>
   no
  </sporty>
 </clothing>
 <clothing>
  <id>
   807334502
  </id>
  <name>
   Brooks Socks R-7906
  </name>
  <category>
   Socks
  </category>
  <size>
   L
  </size>
  <color>
   Желтый
  </color>
  <material>
   Шелк
  </material>
  <price>
   684475
  </price>
  <rating>
   3.38
  </rating>
  <reviews>
   365542
  </reviews>
  <sporty>
   no
  </sporty>
 </clothing>
 <clothing>
  <id>
   619373817
  </id>
  <name>
   Under Armour Handbags K-9920
  </name>
  <category>
   Handbags
  </category>
  <size>
   L
  </size>
  <color>
   Синий
  </color>
  <material>
   Шелк
  </material>
  <price>
   262647
  </price>
  <rating>
   4.09
  </rating>
  <reviews>
   839579
  </reviews>
 </clothing>
 <clothing>
  <id>
   658518197
  </id>
  <name>
   Asics Hat K-5049
  </name>
  <category>
   Hat
  </category>
  <size>
   S
  </size>
  <color>
   Голубой
  </color>
  <material>
   Кожа
  </material>
  <price>
   112568
  </price>
  <rating>
   2.91
  </rating>
  <reviews>
   203088
  </reviews>
  <new>
   -
  </new>
  <exclusive>
   no
  </exclusive>
 </clothing>
 <clothing>
  <id>
   819718240
  </id>
  <name>
   Reebok Hat V-9325
  </name>
  <category>
   Hat
  </category>
  <size>
   XXL
  </size>
  <color>
   Желтый
  </color>
  <material>
   Кожа
  </material>
  <price>
   338451
  </price>
  <rating>
   2.54
  </rating>
  <reviews>
   66634
  </reviews>
  <new>
   -
  </new>
 </clothing>
 <clothing>
  <id>
   620688130
  </id>
  <name>
   Under Armour Pants G-5335
  </name>
  <category>
   Pants
  </category>
  <size>
   S
  </size>
  <color>
   Синий
  </color>
  <material>
   Шерсть
  </material>
  <price>
   988516
  </price>
  <rating>
   2.61
  </rating>
  <reviews>
   167546
  </reviews>
  <new>
   +
  </new>
  <sporty>
   yes
  </sporty>
 </clothing>
 <clothing>
  <id>
   862355256
  </id>
  <name>
   Asics Jacket H-7295
  </name>
  <category>
   Jacket
  </category>
  <size>
   S
  </size>
  <color>
   Голубой
  </color>
  <material>
   Шелк
  </material>
  <price>
   748900
  </price>
  <rating>
   4.82
  </rating>
  <reviews>
   586082
  </reviews>
  <new>
   -
  </new>
  <exclusive>
   yes
  </exclusive>
  <sporty>
   no
  </sporty>
 </clothing>
 <clothing>
  <id>
   676792071
  </id>
  <name>
   PleinSport Shoes S-4222
  </name>
  <category>
   Shoes
  </category>
  <size>
   M
  </size>
  <color>
   Фиолетовый
  </color>
  <material>
   Шерсть
  </material>
  <price>
   361518
  </price>
  <rating>
   3.75
  </rating>
  <reviews>
   153467
  </reviews>
  <new>
   +
  </new>
  <exclusive>
   yes
  </exclusive>
  <sporty>
   yes
  </sporty>
 </clothing>
 <clothing>
  <id>
   955280018
  </id>
  <name>
   Puma Jacket D-5948
  </name>
  <category>
   Jacket
  </category>
  <size>
   S
  </size>
  <color>
   Голубой
  </color>
  <material>
   Вискоза
  </material>
  <price>
   612646
  </price>
  <rating>
   4.63
  </rating>
  <reviews>
   366731
  </reviews>
  <new>
   -
  </new>
  <sporty>
   no
  </sporty>
 </clothing>
 <clothing>
  <id>
   479593722
  </id>
  <name>
   Ellesse Jeans J-6836
  </name>
  <category>
   Jeans
  </category>
  <size>
   S
  </size>
  <color>
   Голубой
  </color>
  <material>
   Хлопок
  </material>
  <price>
   632983
  </price>
  <rating>
   1.15
  </rating>
  <reviews>
   240210
  </reviews>
  <new>
   +
  </new>
  <exclusive>
   yes
  </exclusive>
  <sporty>
   yes
  </sporty>
 </clothing>
 <clothing>
  <id>
   921140160
  </id>
  <name>
   PleinSport Jeans E-6380
  </name>
  <category>
   Jeans
  </category>
  <size>
   XXL
  </size>
  <color>
   Синий
  </color>
  <material>
   Шелк
  </material>
  <price>
   727023
  </price>
  <rating>
   4.19
  </rating>
  <reviews>
   235115
  </reviews>
  <new>
   +
  </new>
 </clothing>
 <clothing>
  <id>
   873188727
  </id>
  <name>
   Brooks Handbags K-1673
  </name>
  <category>
   Handbags
  </category>
  <size>
   M
  </size>
  <color>
   Синий
  </color>
  <material>
   Шерсть
  </material>
  <price>
   275118
  </price>
  <rating>
   3.81
  </rating>
  <reviews>
   570275
  </reviews>
  <new>
   +
  </new>
  <sporty>
   yes
  </sporty>
 </clothing>
 <clothing>
  <id>
   309816153
  </id>
  <name>
   Asics Jacket K-6079
  </name>
  <category>
   Jacket
  </category>
  <size>
   XXL
  </size>
  <color>
   Зеленый
  </color>
  <material>
   Кожа
  </material>
  <price>
   193229
  </price>
  <rating>
   3.61
  </rating>
  <reviews>
   721987
  </reviews>
  <new>
   -
  </new>
  <exclusive>
   no
  </exclusive>
 </clothing>
 <clothing>
  <id>
   673076612
  </id>
  <name>
   Addidas Handbags P-3156
  </name>
  <category>
   Handbags
  </category>
  <size>
   S
  </size>
  <color>
   Красный
  </color>
  <material>
   Шерсть
  </material>
  <price>
   831576
  </price>
  <rating>
   4.08
  </rating>
  <reviews>
   336810
  </reviews>
  <new>
   +
  </new>
  <exclusive>
   yes
  </exclusive>
  <sporty>
   no
  </sporty>
 </clothing>
 <clothing>
  <id>
   349725252
  </id>
  <name>
   PleinSport Skirt K-5755
  </name>
  <category>
   Skirt
  </category>
  <size>
   M
  </size>
  <color>
   Красный
  </color>
  <material>
   Вискоза
  </material>
  <price>
   410299
  </price>
  <rating>
   3.79
  </rating>
  <reviews>
   752092
  </reviews>
  <new>
   +
  </new>
  <exclusive>
   no
  </exclusive>
  <sporty>
   yes
  </sporty>
 </clothing>
 <clothing>
  <id>
   782806531
  </id>
  <name>
   Vans Hat G-6174
  </name>
  <category>
   Hat
  </category>
  <size>
   XXL
  </size>
  <color>
   Синий
  </color>
  <material>
   Нейлон
  </material>
  <price>
   453065
  </price>
  <rating>
   4.85
  </rating>
  <reviews>
   923157
  </reviews>
 </clothing>
 <clothing>
  <id>
   643520470
  </id>
  <name>
   DC Blouse I-3274
  </name>
  <category>
   Blouse
  </category>
  <size>
   M
  </size>
  <color>
   Синий
  </color>
  <material>
   Хлопок
  </material>
  <price>
   868817
  </price>
  <rating>
   4.21
  </rating>
  <reviews>
   959753
  </reviews>
  <new>
   +
  </new>
  <sporty>
   no
  </sporty>
 </clothing>
 <clothing>
  <id>
   812850423
  </id>
  <name>
   Asics Belts Q-8654
  </name>
  <category>
   Belts
  </category>
  <size>
   M
  </size>
  <color>
   Желтый
  </color>
  <material>
   Вискоза
  </material>
  <price>
   535324
  </price>
  <rating>
   4.9
  </rating>
  <reviews>
   854000
  </reviews>
  <new>
   -
  </new>
  <exclusive>
   yes
  </exclusive>
 </clothing>
 <clothing>
  <id>
   926333545
  </id>
  <name>
   Under Armour Umbrellas L-2824
  </name>
  <category>
   Umbrellas
  </category>
  <size>
   M
  </size>
  <color>
   Красный
  </color>
  <material>
   Лен
  </material>
  <price>
   825323
  </price>
  <rating>
   3.26
  </rating>
  <reviews>
   223413
  </reviews>
  <new>
   +
  </new>
 </clothing>
 <clothing>
  <id>
   101192407
  </id>
  <name>
   Nike Socks U-1277
  </name>
  <category>
   Socks
  </category>
  <size>
   L
  </size>
  <color>
   Синий
  </color>
  <material>
   Хлопок
  </material>
  <price>
   461968
  </price>
  <rating>
   2.8
  </rating>
  <reviews>
   693329
  </reviews>
  <new>
   -
  </new>
  <exclusive>
   yes
  </exclusive>
 </clothing>
</clothing-items>
