<?xml version="1.0" encoding="utf-8"?>
<clothing-items>
 <clothing>
  <id>
   542337696
  </id>
  <name>
   Converse Handbags V-3328
  </name>
  <category>
   Handbags
  </category>
  <size>
   M
  </size>
  <color>
   Красный
  </color>
  <material>
   Хлопок
  </material>
  <price>
   122818
  </price>
  <rating>
   4.24
  </rating>
  <reviews>
   349234
  </reviews>
  <exclusive>
   no
  </exclusive>
  <sporty>
   no
  </sporty>
 </clothing>
 <clothing>
  <id>
   748472681
  </id>
  <name>
   PleinSport Umbrellas H-4101
  </name>
  <category>
   Umbrellas
  </category>
  <size>
   L
  </size>
  <color>
   Зеленый
  </color>
  <material>
   Полиэстер
  </material>
  <price>
   847499
  </price>
  <rating>
   3.54
  </rating>
  <reviews>
   582271
  </reviews>
  <exclusive>
   yes
  </exclusive>
  <sporty>
   no
  </sporty>
 </clothing>
 <clothing>
  <id>
   814317542
  </id>
  <name>
   Addidas Jacket P-9777
  </name>
  <category>
   Jacket
  </category>
  <size>
   XL
  </size>
  <color>
   Зеленый
  </color>
  <material>
   Лен
  </material>
  <price>
   260341
  </price>
  <rating>
   2.38
  </rating>
  <reviews>
   225621
  </reviews>
  <exclusive>
   no
  </exclusive>
  <sporty>
   yes
  </sporty>
 </clothing>
 <clothing>
  <id>
   552353205
  </id>
  <name>
   Fila Jacket Q-2988
  </name>
  <category>
   Jacket
  </category>
  <size>
   M
  </size>
  <color>
   Зеленый
  </color>
  <material>
   Шерсть
  </material>
  <price>
   616836
  </price>
  <rating>
   2.74
  </rating>
  <reviews>
   128635
  </reviews>
  <exclusive>
   no
  </exclusive>
 </clothing>
 <clothing>
  <id>
   371345825
  </id>
  <name>
   Adidas T-shirt D-7365
  </name>
  <category>
   T-shirt
  </category>
  <size>
   S
  </size>
  <color>
   Оранжевый
  </color>
  <material>
   Кожа
  </material>
  <price>
   246218
  </price>
  <rating>
   2.6
  </rating>
  <reviews>
   825562
  </reviews>
  <new>
   -
  </new>
  <exclusive>
   no
  </exclusive>
  <sporty>
   no
  </sporty>
 </clothing>
 <clothing>
  <id>
   779708992
  </id>
  <name>
   Ellesse Blouse G-6013
  </name>
  <category>
   Blouse
  </category>
  <size>
   S
  </size>
  <color>
   Красный
  </color>
  <material>
   Нейлон
  </material>
  <price>
   802742
  </price>
  <rating>
   4.5
  </rating>
  <reviews>
   953429
  </reviews>
  <new>
   +
  </new>
  <sporty>
   no
  </sporty>
 </clothing>
 <clothing>
  <id>
   918968354
  </id>
  <name>
   Asics Gloves I-2950
  </name>
  <category>
   Gloves
  </category>
  <size>
   XXL
  </size>
  <color>
   Зеленый
  </color>
  <material>
   Лен
  </material>
  <price>
   556202
  </price>
  <rating>
   3.96
  </rating>
  <reviews>
   803577
  </reviews>
  <exclusive>
   yes
  </exclusive>
  <sporty>
   no
  </sporty>
 </clothing>
 <clothing>
  <id>
   321753232
  </id>
  <name>
   Under Armour T-shirt L-8418
  </name>
  <category>
   T-shirt
  </category>
  <size>
   XXL
  </size>
  <color>
   Оранжевый
  </color>
  <material>
   Кожа
  </material>
  <price>
   907678
  </price>
  <rating>
   1.99
  </rating>
  <reviews>
   971668
  </reviews>
 </clothing>
 <clothing>
  <id>
   961760591
  </id>
  <name>
   Nike Pants X-9512
  </name>
  <category>
   Pants
  </category>
  <size>
   XL
  </size>
  <color>
   Фиолетовый
  </color>
  <material>
   Шерсть
  </material>
  <price>
   816489
  </price>
  <rating>
   2.17
  </rating>
  <reviews>
   765982
  </reviews>
  <new>
   -
  </new>
 </clothing>
 <clothing>
  <id>
   185097555
  </id>
  <name>
   Addidas Belts F-8144
  </name>
  <category>
   Belts
  </category>
  <size>
   XXL
  </size>
  <color>
   Желтый
  </color>
  <material>
   Нейлон
  </material>
  <price>
   397150
  </price>
  <rating>
   2.71
  </rating>
  <reviews>
   182751
  </reviews>
  <sporty>
   yes
  </sporty>
 </clothing>
 <clothing>
  <id>
   521608603
  </id>
  <name>
   Asics Hat J-1486
  </name>
  <category>
   Hat
  </category>
  <size>
   L
  </size>
  <color>
   Оранжевый
  </color>
  <material>
   Лен
  </material>
  <price>
   373606
  </price>
  <rating>
   3.04
  </rating>
  <reviews>
   372909
  </reviews>
  <new>
   +
  </new>
  <exclusive>
   no
  </exclusive>
 </clothing>
 <clothing>
  <id>
   997721619
  </id>
  <name>
   Converse Blouse K-1853
  </name>
  <category>
   Blouse
  </category>
  <size>
   XXL
  </size>
  <color>
   Голубой
  </color>
  <material>
   Нейлон
  </material>
  <price>
   546373
  </price>
  <rating>
   1.42
  </rating>
  <reviews>
   664484
  </reviews>
  <new>
   +
  </new>
  <exclusive>
   no
  </exclusive>
  <sporty>
   yes
  </sporty>
 </clothing>
 <clothing>
  <id>
   807769591
  </id>
  <name>
   Fila Shirt J-5565
  </name>
  <category>
   Shirt
  </category>
  <size>
   L
  </size>
  <color>
   Красный
  </color>
  <material>
   Нейлон
  </material>
  <price>
   423717
  </price>
  <rating>
   1.24
  </rating>
  <reviews>
   653331
  </reviews>
  <new>
   -
  </new>
  <exclusive>
   no
  </exclusive>
 </clothing>
 <clothing>
  <id>
   677124122
  </id>
  <name>
   Vans Hat C-7278
  </name>
  <category>
   Hat
  </category>
  <size>
   XXL
  </size>
  <color>
   Фиолетовый
  </color>
  <material>
   Хлопок
  </material>
  <price>
   597678
  </price>
  <rating>
   1.84
  </rating>
  <reviews>
   899096
  </reviews>
  <new>
   -
  </new>
  <exclusive>
   yes
  </exclusive>
 </clothing>
 <clothing>
  <id>
   177514986
  </id>
  <name>
   Addidas Jacket Z-4334
  </name>
  <category>
   Jacket
  </category>
  <size>
   S
  </size>
  <color>
   Красный
  </color>
  <material>
   Вискоза
  </material>
  <price>
   537280
  </price>
  <rating>
   3.83
  </rating>
  <reviews>
   716608
  </reviews>
  <new>
   -
  </new>
 </clothing>
 <clothing>
  <id>
   227972360
  </id>
  <name>
   Vans Pants J-1785
  </name>
  <category>
   Pants
  </category>
  <size>
   XL
  </size>
  <color>
   Желтый
  </color>
  <material>
   Вискоза
  </material>
  <price>
   792587
  </price>
  <rating>
   4.24
  </rating>
  <reviews>
   967084
  </reviews>
  <exclusive>
   no
  </exclusive>
  <sporty>
   no
  </sporty>
 </clothing>
 <clothing>
  <id>
   190140880
  </id>
  <name>
   Vans Hat W-9708
  </name>
  <category>
   Hat
  </category>
  <size>
   XXL
  </size>
  <color>
   Зеленый
  </color>
  <material>
   Вискоза
  </material>
  <price>
   109753
  </price>
  <rating>
   2.94
  </rating>
  <reviews>
   189992
  </reviews>
  <exclusive>
   no
  </exclusive>
  <sporty>
   yes
  </sporty>
 </clothing>
 <clothing>
  <id>
   148400434
  </id>
  <name>
   Vans Jacket M-1787
  </name>
  <category>
   Jacket
  </category>
  <size>
   L
  </size>
  <color>
   Синий
  </color>
  <material>
   Полиэстер
  </material>
  <price>
   933587
  </price>
  <rating>
   1.57
  </rating>
  <reviews>
   431734
  </reviews>
  <exclusive>
   no
  </exclusive>
  <sporty>
   no
  </sporty>
 </clothing>
 <clothing>
  <id>
   684007904
  </id>
  <name>
   Ellesse Jacket K-7428
  </name>
  <category>
   Jacket
  </category>
  <size>
   M
  </size>
  <color>
   Голубой
  </color>
  <material>
   Лен
  </material>
  <price>
   352490
  </price>
  <rating>
   4.36
  </rating>
  <reviews>
   445992
  </reviews>
  <new>
   +
  </new>
  <exclusive>
   no
  </exclusive>
  <sporty>
   yes
  </sporty>
 </clothing>
 <clothing>
  <id>
   104934577
  </id>
  <name>
   Adidas Shirt W-2242
  </name>
  <category>
   Shirt
  </category>
  <size>
   M
  </size>
  <color>
   Фиолетовый
  </color>
  <material>
   Кожа
  </material>
  <price>
   520775
  </price>
  <rating>
   2.18
  </rating>
  <reviews>
   425985
  </reviews>
  <new>
   -
  </new>
  <exclusive>
   no
  </exclusive>
  <sporty>
   yes
  </sporty>
 </clothing>
 <clothing>
  <id>
   506043469
  </id>
  <name>
   Vans Shirt Z-1824
  </name>
  <category>
   Shirt
  </category>
  <size>
   XXL
  </size>
  <color>
   Красный
  </color>
  <material>
   Кожа
  </material>
  <price>
   302298
  </price>
  <rating>
   2.57
  </rating>
  <reviews>
   617826
  </reviews>
  <sporty>
   yes
  </sporty>
 </clothing>
 <clothing>
  <id>
   617059907
  </id>
  <name>
   Under Armour Shoes S-9685
  </name>
  <category>
   Shoes
  </category>
  <size>
   M
  </size>
  <color>
   Красный
  </color>
  <material>
   Шелк
  </material>
  <price>
   297775
  </price>
  <rating>
   4.77
  </rating>
  <reviews>
   77605
  </reviews>
  <new>
   +
  </new>
  <exclusive>
   no
  </exclusive>
  <sporty>
   no
  </sporty>
 </clothing>
 <clothing>
  <id>
   350440731
  </id>
  <name>
   Converse Dress K-7366
  </name>
  <category>
   Dress
  </category>
  <size>
   M
  </size>
  <color>
   Голубой
  </color>
  <material>
   Хлопок
  </material>
  <price>
   638224
  </price>
  <rating>
   2.03
  </rating>
  <reviews>
   183979
  </reviews>
  <sporty>
   yes
  </sporty>
 </clothing>
 <clothing>
  <id>
   664242913
  </id>
  <name>
   Vans Shoes C-1548
  </name>
  <category>
   Shoes
  </category>
  <size>
   S
  </size>
  <color>
   Красный
  </color>
  <material>
   Вискоза
  </material>
  <price>
   399978
  </price>
  <rating>
   2.52
  </rating>
  <reviews>
   332382
  </reviews>
  <new>
   +
  </new>
  <sporty>
   no
  </sporty>
 </clothing>
 <clothing>
  <id>
   223829317
  </id>
  <name>
   Ellesse Hat N-1160
  </name>
  <category>
   Hat
  </category>
  <size>
   XL
  </size>
  <color>
   Фиолетовый
  </color>
  <material>
   Нейлон
  </material>
  <price>
   475769
  </price>
  <rating>
   1.66
  </rating>
  <reviews>
   525916
  </reviews>
  <new>
   +
  </new>
 </clothing>
 <clothing>
  <id>
   219154310
  </id>
  <name>
   Lacoste Shirt C-5591
  </name>
  <category>
   Shirt
  </category>
  <size>
   XXL
  </size>
  <color>
   Желтый
  </color>
  <material>
   Нейлон
  </material>
  <price>
   330746
  </price>
  <rating>
   2.25
  </rating>
  <reviews>
   723514
  </reviews>
  <new>
   +
  </new>
  <sporty>
   no
  </sporty>
 </clothing>
 <clothing>
  <id>
   821463538
  </id>
  <name>
   Fila Gloves Y-7361
  </name>
  <category>
   Gloves
  </category>
  <size>
   XL
  </size>
  <color>
   Красный
  </color>
  <material>
   Кожа
  </material>
  <price>
   322515
  </price>
  <rating>
   2.01
  </rating>
  <reviews>
   579839
  </reviews>
  <new>
   +
  </new>
  <exclusive>
   yes
  </exclusive>
 </clothing>
 <clothing>
  <id>
   766422520
  </id>
  <name>
   Nike Jeans H-6112
  </name>
  <category>
   Jeans
  </category>
  <size>
   M
  </size>
  <color>
   Зеленый
  </color>
  <material>
   Полиэстер
  </material>
  <price>
   877802
  </price>
  <rating>
   2.48
  </rating>
  <reviews>
   462132
  </reviews>
  <sporty>
   no
  </sporty>
 </clothing>
 <clothing>
  <id>
   468587084
  </id>
  <name>
   Under Armour Pants D-3044
  </name>
  <category>
   Pants
  </category>
  <size>
   L
  </size>
  <color>
   Синий
  </color>
  <material>
   Вискоза
  </material>
  <price>
   949380
  </price>
  <rating>
   2.46
  </rating>
  <reviews>
   346182
  </reviews>
  <new>
   -
  </new>
  <sporty>
   no
  </sporty>
 </clothing>
 <clothing>
  <id>
   923458926
  </id>
  <name>
   Adidas Handbags M-9992
  </name>
  <category>
   Handbags
  </category>
  <size>
   XL
  </size>
  <color>
   Оранжевый
  </color>
  <material>
   Хлопок
  </material>
  <price>
   783939
  </price>
  <rating>
   4.94
  </rating>
  <reviews>
   266139
  </reviews>
  <new>
   -
  </new>
 </clothing>
 <clothing>
  <id>
   777530437
  </id>
  <name>
   Asics Pants K-2651
  </name>
  <category>
   Pants
  </category>
  <size>
   XXL
  </size>
  <color>
   Зеленый
  </color>
  <material>
   Шелк
  </material>
  <price>
   304906
  </price>
  <rating>
   2.82
  </rating>
  <reviews>
   488021
  </reviews>
  <new>
   -
  </new>
  <exclusive>
   yes
  </exclusive>
  <sporty>
   no
  </sporty>
 </clothing>
 <clothing>
  <id>
   533492597
  </id>
  <name>
   Puma Skirt T-5488
  </name>
  <category>
   Skirt
  </category>
  <size>
   S
  </size>
  <color>
   Красный
  </color>
  <material>
   Шерсть
  </material>
  <price>
   428315
  </price>
  <rating>
   3.73
  </rating>
  <reviews>
   540232
  </reviews>
  <new>
   -
  </new>
  <exclusive>
   no
  </exclusive>
 </clothing>
 <clothing>
  <id>
   611983351
  </id>
  <name>
   Vans Jeans B-3013
  </name>
  <category>
   Jeans
  </category>
  <size>
   XL
  </size>
  <color>
   Синий
  </color>
  <material>
   Хлопок
  </material>
  <price>
   160310
  </price>
  <rating>
   2.61
  </rating>
  <reviews>
   57354
  </reviews>
  <new>
   -
  </new>
 </clothing>
 <clothing>
  <id>
   294647957
  </id>
  <name>
   Vans Dress S-6572
  </name>
  <category>
   Dress
  </category>
  <size>
   XXL
  </size>
  <color>
   Фиолетовый
  </color>
  <material>
   Нейлон
  </material>
  <price>
   456798
  </price>
  <rating>
   3.14
  </rating>
  <reviews>
   453788
  </reviews>
  <new>
   +
  </new>
  <exclusive>
   no
  </exclusive>
 </clothing>
 <clothing>
  <id>
   454016619
  </id>
  <name>
   New Balance Jacket U-2030
  </name>
  <category>
   Jacket
  </category>
  <size>
   XXL
  </size>
  <color>
   Зеленый
  </color>
  <material>
   Нейлон
  </material>
  <price>
   265382
  </price>
  <rating>
   3.5
  </rating>
  <reviews>
   930896
  </reviews>
  <exclusive>
   no
  </exclusive>
 </clothing>
</clothing-items>
