<?xml version="1.0" encoding="utf-8"?>
<clothing-items>
 <clothing>
  <id>
   899550880
  </id>
  <name>
   Puma Jeans I-1372
  </name>
  <category>
   Jeans
  </category>
  <size>
   M
  </size>
  <color>
   Красный
  </color>
  <material>
   Шерсть
  </material>
  <price>
   776912
  </price>
  <rating>
   1.09
  </rating>
  <reviews>
   803277
  </reviews>
  <new>
   -
  </new>
  <exclusive>
   no
  </exclusive>
  <sporty>
   yes
  </sporty>
 </clothing>
 <clothing>
  <id>
   378713535
  </id>
  <name>
   Addidas Dress X-7811
  </name>
  <category>
   Dress
  </category>
  <size>
   L
  </size>
  <color>
   Голубой
  </color>
  <material>
   Лен
  </material>
  <price>
   686343
  </price>
  <rating>
   1.58
  </rating>
  <reviews>
   605808
  </reviews>
  <new>
   -
  </new>
  <exclusive>
   no
  </exclusive>
  <sporty>
   yes
  </sporty>
 </clothing>
 <clothing>
  <id>
   884104523
  </id>
  <name>
   PleinSport Hat H-2369
  </name>
  <category>
   Hat
  </category>
  <size>
   XXL
  </size>
  <color>
   Оранжевый
  </color>
  <material>
   Хлопок
  </material>
  <price>
   525409
  </price>
  <rating>
   2.5
  </rating>
  <reviews>
   406107
  </reviews>
  <sporty>
   yes
  </sporty>
 </clothing>
 <clothing>
  <id>
   555263151
  </id>
  <name>
   Ellesse Shirt E-2858
  </name>
  <category>
   Shirt
  </category>
  <size>
   M
  </size>
  <color>
   Оранжевый
  </color>
  <material>
   Нейлон
  </material>
  <price>
   683830
  </price>
  <rating>
   3.95
  </rating>
  <reviews>
   216863
  </reviews>
  <new>
   +
  </new>
  <exclusive>
   yes
  </exclusive>
  <sporty>
   no
  </sporty>
 </clothing>
 <clothing>
  <id>
   984289231
  </id>
  <name>
   Nike Handbags M-5602
  </name>
  <category>
   Handbags
  </category>
  <size>
   XL
  </size>
  <color>
   Синий
  </color>
  <material>
   Вискоза
  </material>
  <price>
   713105
  </price>
  <rating>
   4.23
  </rating>
  <reviews>
   698982
  </reviews>
  <exclusive>
   yes
  </exclusive>
  <sporty>
   yes
  </sporty>
 </clothing>
 <clothing>
  <id>
   837518383
  </id>
  <name>
   Puma Handbags C-1686
  </name>
  <category>
   Handbags
  </category>
  <size>
   M
  </size>
  <color>
   Голубой
  </color>
  <material>
   Лен
  </material>
  <price>
   961035
  </price>
  <rating>
   1.11
  </rating>
  <reviews>
   425949
  </reviews>
  <new>
   +
  </new>
  <sporty>
   yes
  </sporty>
 </clothing>
 <clothing>
  <id>
   481503166
  </id>
  <name>
   Nike Socks N-7845
  </name>
  <category>
   Socks
  </category>
  <size>
   L
  </size>
  <color>
   Зеленый
  </color>
  <material>
   Полиэстер
  </material>
  <price>
   680765
  </price>
  <rating>
   2.23
  </rating>
  <reviews>
   34412
  </reviews>
  <new>
   -
  </new>
  <exclusive>
   no
  </exclusive>
  <sporty>
   yes
  </sporty>
 </clothing>
 <clothing>
  <id>
   223035336
  </id>
  <name>
   Addidas Belts I-1169
  </name>
  <category>
   Belts
  </category>
  <size>
   XL
  </size>
  <color>
   Красный
  </color>
  <material>
   Кожа
  </material>
  <price>
   378805
  </price>
  <rating>
   2.17
  </rating>
  <reviews>
   951310
  </reviews>
  <exclusive>
   yes
  </exclusive>
  <sporty>
   no
  </sporty>
 </clothing>
 <clothing>
  <id>
   742077053
  </id>
  <name>
   Asics Blouse K-1291
  </name>
  <category>
   Blouse
  </category>
  <size>
   M
  </size>
  <color>
   Красный
  </color>
  <material>
   Шелк
  </material>
  <price>
   833209
  </price>
  <rating>
   3.42
  </rating>
  <reviews>
   597069
  </reviews>
  <new>
   -
  </new>
  <sporty>
   no
  </sporty>
 </clothing>
 <clothing>
  <id>
   188227821
  </id>
  <name>
   Addidas Hat F-7815
  </name>
  <category>
   Hat
  </category>
  <size>
   L
  </size>
  <color>
   Зеленый
  </color>
  <material>
   Вискоза
  </material>
  <price>
   965717
  </price>
  <rating>
   2.44
  </rating>
  <reviews>
   288748
  </reviews>
  <sporty>
   no
  </sporty>
 </clothing>
 <clothing>
  <id>
   540323640
  </id>
  <name>
   Asics Skirt Y-3354
  </name>
  <category>
   Skirt
  </category>
  <size>
   S
  </size>
  <color>
   Фиолетовый
  </color>
  <material>
   Полиэстер
  </material>
  <price>
   975697
  </price>
  <rating>
   4.73
  </rating>
  <reviews>
   677079
  </reviews>
  <new>
   +
  </new>
  <exclusive>
   no
  </exclusive>
  <sporty>
   no
  </sporty>
 </clothing>
 <clothing>
  <id>
   418612943
  </id>
  <name>
   Brooks Shoes F-6578
  </name>
  <category>
   Shoes
  </category>
  <size>
   M
  </size>
  <color>
   Красный
  </color>
  <material>
   Шерсть
  </material>
  <price>
   436354
  </price>
  <rating>
   4.09
  </rating>
  <reviews>
   993511
  </reviews>
  <new>
   -
  </new>
  <exclusive>
   no
  </exclusive>
 </clothing>
 <clothing>
  <id>
   189262903
  </id>
  <name>
   Addidas Sweater X-6657
  </name>
  <category>
   Sweater
  </category>
  <size>
   XL
  </size>
  <color>
   Голубой
  </color>
  <material>
   Нейлон
  </material>
  <price>
   520312
  </price>
  <rating>
   1.75
  </rating>
  <reviews>
   184884
  </reviews>
  <new>
   +
  </new>
  <exclusive>
   no
  </exclusive>
  <sporty>
   no
  </sporty>
 </clothing>
 <clothing>
  <id>
   313860144
  </id>
  <name>
   Addidas T-shirt L-7729
  </name>
  <category>
   T-shirt
  </category>
  <size>
   XXL
  </size>
  <color>
   Синий
  </color>
  <material>
   Лен
  </material>
  <price>
   786497
  </price>
  <rating>
   2.81
  </rating>
  <reviews>
   834572
  </reviews>
  <new>
   -
  </new>
  <sporty>
   no
  </sporty>
 </clothing>
 <clothing>
  <id>
   461550473
  </id>
  <name>
   Vans Umbrellas C-4895
  </name>
  <category>
   Umbrellas
  </category>
  <size>
   S
  </size>
  <color>
   Зеленый
  </color>
  <material>
   Полиэстер
  </material>
  <price>
   996038
  </price>
  <rating>
   3.76
  </rating>
  <reviews>
   884757
  </reviews>
  <exclusive>
   no
  </exclusive>
  <sporty>
   yes
  </sporty>
 </clothing>
 <clothing>
  <id>
   480094767
  </id>
  <name>
   Ellesse Skirt F-4888
  </name>
  <category>
   Skirt
  </category>
  <size>
   S
  </size>
  <color>
   Голубой
  </color>
  <material>
   Лен
  </material>
  <price>
   416799
  </price>
  <rating>
   3.92
  </rating>
  <reviews>
   508979
  </reviews>
  <new>
   +
  </new>
  <exclusive>
   no
  </exclusive>
 </clothing>
 <clothing>
  <id>
   198362021
  </id>
  <name>
   Converse Gloves Z-1144
  </name>
  <category>
   Gloves
  </category>
  <size>
   S
  </size>
  <color>
   Зеленый
  </color>
  <material>
   Кожа
  </material>
  <price>
   977993
  </price>
  <rating>
   1.88
  </rating>
  <reviews>
   197962
  </reviews>
  <exclusive>
   no
  </exclusive>
  <sporty>
   yes
  </sporty>
 </clothing>
 <clothing>
  <id>
   584735476
  </id>
  <name>
   New Balance Jacket N-9070
  </name>
  <category>
   Jacket
  </category>
  <size>
   XXL
  </size>
  <color>
   Красный
  </color>
  <material>
   Шерсть
  </material>
  <price>
   979804
  </price>
  <rating>
   3.2
  </rating>
  <reviews>
   197082
  </reviews>
  <new>
   +
  </new>
  <exclusive>
   no
  </exclusive>
 </clothing>
 <clothing>
  <id>
   273515359
  </id>
  <name>
   Ellesse Shoes O-9807
  </name>
  <category>
   Shoes
  </category>
  <size>
   S
  </size>
  <color>
   Фиолетовый
  </color>
  <material>
   Шерсть
  </material>
  <price>
   255772
  </price>
  <rating>
   4.43
  </rating>
  <reviews>
   231133
  </reviews>
  <new>
   +
  </new>
  <exclusive>
   no
  </exclusive>
  <sporty>
   no
  </sporty>
 </clothing>
 <clothing>
  <id>
   585925147
  </id>
  <name>
   DC Dress K-4953
  </name>
  <category>
   Dress
  </category>
  <size>
   M
  </size>
  <color>
   Желтый
  </color>
  <material>
   Шелк
  </material>
  <price>
   487558
  </price>
  <rating>
   3.36
  </rating>
  <reviews>
   237784
  </reviews>
  <exclusive>
   yes
  </exclusive>
  <sporty>
   yes
  </sporty>
 </clothing>
 <clothing>
  <id>
   788312242
  </id>
  <name>
   Under Armour Jeans V-8150
  </name>
  <category>
   Jeans
  </category>
  <size>
   S
  </size>
  <color>
   Синий
  </color>
  <material>
   Кожа
  </material>
  <price>
   756151
  </price>
  <rating>
   3.73
  </rating>
  <reviews>
   11803
  </reviews>
  <sporty>
   no
  </sporty>
 </clothing>
 <clothing>
  <id>
   682469769
  </id>
  <name>
   Addidas Dress T-2046
  </name>
  <category>
   Dress
  </category>
  <size>
   L
  </size>
  <color>
   Оранжевый
  </color>
  <material>
   Хлопок
  </material>
  <price>
   349967
  </price>
  <rating>
   4.45
  </rating>
  <reviews>
   874364
  </reviews>
  <new>
   +
  </new>
  <exclusive>
   yes
  </exclusive>
  <sporty>
   yes
  </sporty>
 </clothing>
 <clothing>
  <id>
   950650256
  </id>
  <name>
   Converse Belts H-6342
  </name>
  <category>
   Belts
  </category>
  <size>
   M
  </size>
  <color>
   Синий
  </color>
  <material>
   Шелк
  </material>
  <price>
   196063
  </price>
  <rating>
   2.69
  </rating>
  <reviews>
   487662
  </reviews>
  <sporty>
   no
  </sporty>
 </clothing>
 <clothing>
  <id>
   711374386
  </id>
  <name>
   Nike Belts P-1292
  </name>
  <category>
   Belts
  </category>
  <size>
   M
  </size>
  <color>
   Желтый
  </color>
  <material>
   Шелк
  </material>
  <price>
   420068
  </price>
  <rating>
   1.16
  </rating>
  <reviews>
   942595
  </reviews>
  <exclusive>
   no
  </exclusive>
 </clothing>
 <clothing>
  <id>
   859668816
  </id>
  <name>
   Asics Skirt N-1712
  </name>
  <category>
   Skirt
  </category>
  <size>
   XXL
  </size>
  <color>
   Желтый
  </color>
  <material>
   Шерсть
  </material>
  <price>
   151671
  </price>
  <rating>
   3.7
  </rating>
  <reviews>
   886123
  </reviews>
  <new>
   -
  </new>
  <sporty>
   no
  </sporty>
 </clothing>
 <clothing>
  <id>
   452638091
  </id>
  <name>
   DC Socks W-1665
  </name>
  <category>
   Socks
  </category>
  <size>
   S
  </size>
  <color>
   Желтый
  </color>
  <material>
   Хлопок
  </material>
  <price>
   330412
  </price>
  <rating>
   4.57
  </rating>
  <reviews>
   224386
  </reviews>
  <new>
   +
  </new>
  <sporty>
   no
  </sporty>
 </clothing>
 <clothing>
  <id>
   266313168
  </id>
  <name>
   Fila Pants X-8351
  </name>
  <category>
   Pants
  </category>
  <size>
   M
  </size>
  <color>
   Оранжевый
  </color>
  <material>
   Шелк
  </material>
  <price>
   479967
  </price>
  <rating>
   3.71
  </rating>
  <reviews>
   737163
  </reviews>
  <new>
   +
  </new>
  <exclusive>
   yes
  </exclusive>
  <sporty>
   no
  </sporty>
 </clothing>
 <clothing>
  <id>
   924564323
  </id>
  <name>
   Brooks Jacket G-8725
  </name>
  <category>
   Jacket
  </category>
  <size>
   S
  </size>
  <color>
   Голубой
  </color>
  <material>
   Лен
  </material>
  <price>
   756269
  </price>
  <rating>
   2.79
  </rating>
  <reviews>
   491203
  </reviews>
  <new>
   -
  </new>
  <exclusive>
   no
  </exclusive>
  <sporty>
   no
  </sporty>
 </clothing>
 <clothing>
  <id>
   776360925
  </id>
  <name>
   New Balance Jacket E-3775
  </name>
  <category>
   Jacket
  </category>
  <size>
   XXL
  </size>
  <color>
   Оранжевый
  </color>
  <material>
   Нейлон
  </material>
  <price>
   894548
  </price>
  <rating>
   2.04
  </rating>
  <reviews>
   856939
  </reviews>
  <new>
   -
  </new>
  <sporty>
   no
  </sporty>
 </clothing>
 <clothing>
  <id>
   969726646
  </id>
  <name>
   Fila Handbags C-1936
  </name>
  <category>
   Handbags
  </category>
  <size>
   L
  </size>
  <color>
   Желтый
  </color>
  <material>
   Шелк
  </material>
  <price>
   754306
  </price>
  <rating>
   2.15
  </rating>
  <reviews>
   188337
  </reviews>
  <exclusive>
   no
  </exclusive>
  <sporty>
   no
  </sporty>
 </clothing>
 <clothing>
  <id>
   536781434
  </id>
  <name>
   Lacoste Jeans B-9112
  </name>
  <category>
   Jeans
  </category>
  <size>
   S
  </size>
  <color>
   Фиолетовый
  </color>
  <material>
   Вискоза
  </material>
  <price>
   360297
  </price>
  <rating>
   2.25
  </rating>
  <reviews>
   453753
  </reviews>
  <exclusive>
   yes
  </exclusive>
  <sporty>
   yes
  </sporty>
 </clothing>
 <clothing>
  <id>
   130482404
  </id>
  <name>
   PleinSport Handbags U-1458
  </name>
  <category>
   Handbags
  </category>
  <size>
   M
  </size>
  <color>
   Желтый
  </color>
  <material>
   Кожа
  </material>
  <price>
   836912
  </price>
  <rating>
   3.47
  </rating>
  <reviews>
   617755
  </reviews>
  <new>
   -
  </new>
  <sporty>
   no
  </sporty>
 </clothing>
 <clothing>
  <id>
   889206117
  </id>
  <name>
   Adidas Hat Z-5269
  </name>
  <category>
   Hat
  </category>
  <size>
   XL
  </size>
  <color>
   Фиолетовый
  </color>
  <material>
   Шерсть
  </material>
  <price>
   781629
  </price>
  <rating>
   2.25
  </rating>
  <reviews>
   533748
  </reviews>
  <new>
   -
  </new>
  <sporty>
   yes
  </sporty>
 </clothing>
 <clothing>
  <id>
   296542536
  </id>
  <name>
   Vans Jacket W-3103
  </name>
  <category>
   Jacket
  </category>
  <size>
   XXL
  </size>
  <color>
   Оранжевый
  </color>
  <material>
   Вискоза
  </material>
  <price>
   457097
  </price>
  <rating>
   1.37
  </rating>
  <reviews>
   761457
  </reviews>
  <sporty>
   yes
  </sporty>
 </clothing>
 <clothing>
  <id>
   976155493
  </id>
  <name>
   Fila Skirt J-1882
  </name>
  <category>
   Skirt
  </category>
  <size>
   XXL
  </size>
  <color>
   Желтый
  </color>
  <material>
   Шелк
  </material>
  <price>
   598858
  </price>
  <rating>
   1.03
  </rating>
  <reviews>
   42845
  </reviews>
  <sporty>
   no
  </sporty>
 </clothing>
 <clothing>
  <id>
   412875504
  </id>
  <name>
   Adidas Belts X-2152
  </name>
  <category>
   Belts
  </category>
  <size>
   M
  </size>
  <color>
   Синий
  </color>
  <material>
   Нейлон
  </material>
  <price>
   144763
  </price>
  <rating>
   3.76
  </rating>
  <reviews>
   387299
  </reviews>
  <exclusive>
   yes
  </exclusive>
  <sporty>
   no
  </sporty>
 </clothing>
</clothing-items>
