<?xml version="1.0" encoding="utf-8"?>
<clothing-items>
 <clothing>
  <id>
   225731030
  </id>
  <name>
   Reebok Belts H-7075
  </name>
  <category>
   Belts
  </category>
  <size>
   S
  </size>
  <color>
   Фиолетовый
  </color>
  <material>
   Кожа
  </material>
  <price>
   265367
  </price>
  <rating>
   4.91
  </rating>
  <reviews>
   944475
  </reviews>
  <new>
   -
  </new>
 </clothing>
 <clothing>
  <id>
   887008088
  </id>
  <name>
   Vans Gloves I-9524
  </name>
  <category>
   Gloves
  </category>
  <size>
   XXL
  </size>
  <color>
   Фиолетовый
  </color>
  <material>
   Вискоза
  </material>
  <price>
   248671
  </price>
  <rating>
   3.3
  </rating>
  <reviews>
   517563
  </reviews>
  <new>
   +
  </new>
  <exclusive>
   no
  </exclusive>
  <sporty>
   no
  </sporty>
 </clothing>
 <clothing>
  <id>
   380771304
  </id>
  <name>
   Ellesse Gloves F-2787
  </name>
  <category>
   Gloves
  </category>
  <size>
   M
  </size>
  <color>
   Зеленый
  </color>
  <material>
   Шелк
  </material>
  <price>
   625152
  </price>
  <rating>
   4.59
  </rating>
  <reviews>
   460289
  </reviews>
  <new>
   -
  </new>
  <sporty>
   yes
  </sporty>
 </clothing>
 <clothing>
  <id>
   488224462
  </id>
  <name>
   Addidas Shoes O-1504
  </name>
  <category>
   Shoes
  </category>
  <size>
   M
  </size>
  <color>
   Желтый
  </color>
  <material>
   Кожа
  </material>
  <price>
   971954
  </price>
  <rating>
   3.01
  </rating>
  <reviews>
   603482
  </reviews>
 </clothing>
 <clothing>
  <id>
   490616880
  </id>
  <name>
   Puma Jeans H-6259
  </name>
  <category>
   Jeans
  </category>
  <size>
   S
  </size>
  <color>
   Красный
  </color>
  <material>
   Хлопок
  </material>
  <price>
   714527
  </price>
  <rating>
   3.22
  </rating>
  <reviews>
   755041
  </reviews>
  <new>
   -
  </new>
 </clothing>
 <clothing>
  <id>
   368670306
  </id>
  <name>
   Vans Shirt C-1654
  </name>
  <category>
   Shirt
  </category>
  <size>
   S
  </size>
  <color>
   Голубой
  </color>
  <material>
   Вискоза
  </material>
  <price>
   611342
  </price>
  <rating>
   4.93
  </rating>
  <reviews>
   292597
  </reviews>
  <exclusive>
   yes
  </exclusive>
 </clothing>
 <clothing>
  <id>
   135521143
  </id>
  <name>
   New Balance Blouse K-1370
  </name>
  <category>
   Blouse
  </category>
  <size>
   L
  </size>
  <color>
   Желтый
  </color>
  <material>
   Кожа
  </material>
  <price>
   785529
  </price>
  <rating>
   3.52
  </rating>
  <reviews>
   307712
  </reviews>
  <exclusive>
   yes
  </exclusive>
 </clothing>
 <clothing>
  <id>
   287755787
  </id>
  <name>
   Converse Umbrellas H-4218
  </name>
  <category>
   Umbrellas
  </category>
  <size>
   L
  </size>
  <color>
   Красный
  </color>
  <material>
   Нейлон
  </material>
  <price>
   437957
  </price>
  <rating>
   2.12
  </rating>
  <reviews>
   111608
  </reviews>
  <new>
   +
  </new>
 </clothing>
 <clothing>
  <id>
   354706944
  </id>
  <name>
   Addidas Skirt T-8909
  </name>
  <category>
   Skirt
  </category>
  <size>
   S
  </size>
  <color>
   Желтый
  </color>
  <material>
   Полиэстер
  </material>
  <price>
   625694
  </price>
  <rating>
   2.56
  </rating>
  <reviews>
   706063
  </reviews>
  <exclusive>
   no
  </exclusive>
 </clothing>
 <clothing>
  <id>
   467124168
  </id>
  <name>
   Ellesse Sweater S-7033
  </name>
  <category>
   Sweater
  </category>
  <size>
   L
  </size>
  <color>
   Зеленый
  </color>
  <material>
   Хлопок
  </material>
  <price>
   408571
  </price>
  <rating>
   1.61
  </rating>
  <reviews>
   612361
  </reviews>
  <new>
   -
  </new>
  <exclusive>
   yes
  </exclusive>
 </clothing>
 <clothing>
  <id>
   127196075
  </id>
  <name>
   New Balance Socks K-2972
  </name>
  <category>
   Socks
  </category>
  <size>
   M
  </size>
  <color>
   Фиолетовый
  </color>
  <material>
   Хлопок
  </material>
  <price>
   813658
  </price>
  <rating>
   1.24
  </rating>
  <reviews>
   743325
  </reviews>
  <new>
   +
  </new>
  <sporty>
   no
  </sporty>
 </clothing>
 <clothing>
  <id>
   294025288
  </id>
  <name>
   Asics Shirt S-2997
  </name>
  <category>
   Shirt
  </category>
  <size>
   S
  </size>
  <color>
   Зеленый
  </color>
  <material>
   Лен
  </material>
  <price>
   694465
  </price>
  <rating>
   2.89
  </rating>
  <reviews>
   236686
  </reviews>
  <new>
   +
  </new>
  <exclusive>
   no
  </exclusive>
 </clothing>
 <clothing>
  <id>
   617000595
  </id>
  <name>
   Under Armour Umbrellas N-2720
  </name>
  <category>
   Umbrellas
  </category>
  <size>
   L
  </size>
  <color>
   Оранжевый
  </color>
  <material>
   Полиэстер
  </material>
  <price>
   706231
  </price>
  <rating>
   2.96
  </rating>
  <reviews>
   977729
  </reviews>
  <new>
   -
  </new>
  <exclusive>
   yes
  </exclusive>
 </clothing>
 <clothing>
  <id>
   937926792
  </id>
  <name>
   New Balance Jeans A-8699
  </name>
  <category>
   Jeans
  </category>
  <size>
   S
  </size>
  <color>
   Желтый
  </color>
  <material>
   Лен
  </material>
  <price>
   122411
  </price>
  <rating>
   1.79
  </rating>
  <reviews>
   543465
  </reviews>
 </clothing>
 <clothing>
  <id>
   616090973
  </id>
  <name>
   Fila Jacket R-1514
  </name>
  <category>
   Jacket
  </category>
  <size>
   XXL
  </size>
  <color>
   Синий
  </color>
  <material>
   Шелк
  </material>
  <price>
   614538
  </price>
  <rating>
   3.94
  </rating>
  <reviews>
   408365
  </reviews>
  <new>
   +
  </new>
  <sporty>
   no
  </sporty>
 </clothing>
 <clothing>
  <id>
   732714516
  </id>
  <name>
   New Balance Handbags G-6652
  </name>
  <category>
   Handbags
  </category>
  <size>
   L
  </size>
  <color>
   Красный
  </color>
  <material>
   Лен
  </material>
  <price>
   115680
  </price>
  <rating>
   3.74
  </rating>
  <reviews>
   791436
  </reviews>
  <new>
   +
  </new>
  <exclusive>
   yes
  </exclusive>
 </clothing>
 <clothing>
  <id>
   635849048
  </id>
  <name>
   Lacoste Jacket F-9149
  </name>
  <category>
   Jacket
  </category>
  <size>
   S
  </size>
  <color>
   Фиолетовый
  </color>
  <material>
   Шелк
  </material>
  <price>
   572580
  </price>
  <rating>
   1.72
  </rating>
  <reviews>
   816065
  </reviews>
  <exclusive>
   yes
  </exclusive>
  <sporty>
   no
  </sporty>
 </clothing>
 <clothing>
  <id>
   593884495
  </id>
  <name>
   Lacoste Gloves G-9887
  </name>
  <category>
   Gloves
  </category>
  <size>
   XL
  </size>
  <color>
   Оранжевый
  </color>
  <material>
   Шерсть
  </material>
  <price>
   971865
  </price>
  <rating>
   3.31
  </rating>
  <reviews>
   989222
  </reviews>
  <new>
   +
  </new>
  <exclusive>
   no
  </exclusive>
  <sporty>
   no
  </sporty>
 </clothing>
 <clothing>
  <id>
   699748506
  </id>
  <name>
   Nike Belts Y-2407
  </name>
  <category>
   Belts
  </category>
  <size>
   XXL
  </size>
  <color>
   Зеленый
  </color>
  <material>
   Лен
  </material>
  <price>
   794447
  </price>
  <rating>
   2.62
  </rating>
  <reviews>
   217301
  </reviews>
  <new>
   -
  </new>
  <sporty>
   no
  </sporty>
 </clothing>
 <clothing>
  <id>
   722672582
  </id>
  <name>
   Adidas Blouse X-8335
  </name>
  <category>
   Blouse
  </category>
  <size>
   XL
  </size>
  <color>
   Голубой
  </color>
  <material>
   Вискоза
  </material>
  <price>
   381341
  </price>
  <rating>
   2.47
  </rating>
  <reviews>
   506575
  </reviews>
  <new>
   -
  </new>
  <exclusive>
   no
  </exclusive>
  <sporty>
   no
  </sporty>
 </clothing>
 <clothing>
  <id>
   408274503
  </id>
  <name>
   Adidas Jeans J-5093
  </name>
  <category>
   Jeans
  </category>
  <size>
   XL
  </size>
  <color>
   Зеленый
  </color>
  <material>
   Полиэстер
  </material>
  <price>
   755577
  </price>
  <rating>
   2.65
  </rating>
  <reviews>
   118998
  </reviews>
  <new>
   +
  </new>
  <exclusive>
   no
  </exclusive>
  <sporty>
   no
  </sporty>
 </clothing>
 <clothing>
  <id>
   315136933
  </id>
  <name>
   PleinSport Pants Y-2008
  </name>
  <category>
   Pants
  </category>
  <size>
   XXL
  </size>
  <color>
   Зеленый
  </color>
  <material>
   Лен
  </material>
  <price>
   594577
  </price>
  <rating>
   3.99
  </rating>
  <reviews>
   724471
  </reviews>
 </clothing>
 <clothing>
  <id>
   612839902
  </id>
  <name>
   Vans T-shirt B-9668
  </name>
  <category>
   T-shirt
  </category>
  <size>
   M
  </size>
  <color>
   Голубой
  </color>
  <material>
   Вискоза
  </material>
  <price>
   351279
  </price>
  <rating>
   4.31
  </rating>
  <reviews>
   974803
  </reviews>
  <exclusive>
   no
  </exclusive>
 </clothing>
 <clothing>
  <id>
   514573865
  </id>
  <name>
   Brooks Dress A-4810
  </name>
  <category>
   Dress
  </category>
  <size>
   M
  </size>
  <color>
   Синий
  </color>
  <material>
   Кожа
  </material>
  <price>
   890969
  </price>
  <rating>
   4.53
  </rating>
  <reviews>
   403984
  </reviews>
  <new>
   -
  </new>
  <exclusive>
   no
  </exclusive>
  <sporty>
   no
  </sporty>
 </clothing>
 <clothing>
  <id>
   831459605
  </id>
  <name>
   Asics Skirt K-9482
  </name>
  <category>
   Skirt
  </category>
  <size>
   S
  </size>
  <color>
   Желтый
  </color>
  <material>
   Полиэстер
  </material>
  <price>
   942736
  </price>
  <rating>
   4.6
  </rating>
  <reviews>
   129982
  </reviews>
  <new>
   +
  </new>
  <sporty>
   no
  </sporty>
 </clothing>
 <clothing>
  <id>
   849950025
  </id>
  <name>
   Adidas Hat H-3602
  </name>
  <category>
   Hat
  </category>
  <size>
   XXL
  </size>
  <color>
   Фиолетовый
  </color>
  <material>
   Шелк
  </material>
  <price>
   416261
  </price>
  <rating>
   1.34
  </rating>
  <reviews>
   440887
  </reviews>
  <new>
   -
  </new>
  <exclusive>
   yes
  </exclusive>
  <sporty>
   yes
  </sporty>
 </clothing>
 <clothing>
  <id>
   337033027
  </id>
  <name>
   Ellesse T-shirt X-8749
  </name>
  <category>
   T-shirt
  </category>
  <size>
   XXL
  </size>
  <color>
   Красный
  </color>
  <material>
   Полиэстер
  </material>
  <price>
   912259
  </price>
  <rating>
   4.29
  </rating>
  <reviews>
   268775
  </reviews>
  <new>
   -
  </new>
  <exclusive>
   no
  </exclusive>
  <sporty>
   no
  </sporty>
 </clothing>
 <clothing>
  <id>
   974495217
  </id>
  <name>
   Fila Gloves X-4291
  </name>
  <category>
   Gloves
  </category>
  <size>
   L
  </size>
  <color>
   Синий
  </color>
  <material>
   Полиэстер
  </material>
  <price>
   364874
  </price>
  <rating>
   2.92
  </rating>
  <reviews>
   864441
  </reviews>
  <new>
   -
  </new>
  <exclusive>
   yes
  </exclusive>
  <sporty>
   yes
  </sporty>
 </clothing>
 <clothing>
  <id>
   558547626
  </id>
  <name>
   Converse Skirt Z-7473
  </name>
  <category>
   Skirt
  </category>
  <size>
   L
  </size>
  <color>
   Синий
  </color>
  <material>
   Лен
  </material>
  <price>
   670632
  </price>
  <rating>
   2.78
  </rating>
  <reviews>
   21390
  </reviews>
  <new>
   -
  </new>
  <sporty>
   yes
  </sporty>
 </clothing>
 <clothing>
  <id>
   890748366
  </id>
  <name>
   Puma Jeans U-1320
  </name>
  <category>
   Jeans
  </category>
  <size>
   S
  </size>
  <color>
   Красный
  </color>
  <material>
   Шерсть
  </material>
  <price>
   706320
  </price>
  <rating>
   1.81
  </rating>
  <reviews>
   996374
  </reviews>
  <new>
   -
  </new>
  <exclusive>
   no
  </exclusive>
  <sporty>
   no
  </sporty>
 </clothing>
 <clothing>
  <id>
   373322596
  </id>
  <name>
   Asics Pants E-9992
  </name>
  <category>
   Pants
  </category>
  <size>
   M
  </size>
  <color>
   Желтый
  </color>
  <material>
   Полиэстер
  </material>
  <price>
   183384
  </price>
  <rating>
   3.96
  </rating>
  <reviews>
   817549
  </reviews>
  <new>
   -
  </new>
 </clothing>
</clothing-items>
