<?xml version="1.0" encoding="utf-8"?>
<clothing-items>
 <clothing>
  <id>
   154001035
  </id>
  <name>
   Converse Jeans H-5838
  </name>
  <category>
   Jeans
  </category>
  <size>
   S
  </size>
  <color>
   Зеленый
  </color>
  <material>
   Нейлон
  </material>
  <price>
   455072
  </price>
  <rating>
   3.59
  </rating>
  <reviews>
   58972
  </reviews>
  <sporty>
   no
  </sporty>
 </clothing>
 <clothing>
  <id>
   176442099
  </id>
  <name>
   Lacoste Socks E-7208
  </name>
  <category>
   Socks
  </category>
  <size>
   M
  </size>
  <color>
   Желтый
  </color>
  <material>
   Хлопок
  </material>
  <price>
   365625
  </price>
  <rating>
   4.06
  </rating>
  <reviews>
   363366
  </reviews>
  <exclusive>
   no
  </exclusive>
 </clothing>
 <clothing>
  <id>
   163116644
  </id>
  <name>
   PleinSport Handbags E-4496
  </name>
  <category>
   Handbags
  </category>
  <size>
   M
  </size>
  <color>
   Зеленый
  </color>
  <material>
   Лен
  </material>
  <price>
   666410
  </price>
  <rating>
   1.41
  </rating>
  <reviews>
   159009
  </reviews>
  <new>
   +
  </new>
 </clothing>
 <clothing>
  <id>
   292422935
  </id>
  <name>
   DC Umbrellas B-6367
  </name>
  <category>
   Umbrellas
  </category>
  <size>
   S
  </size>
  <color>
   Синий
  </color>
  <material>
   Вискоза
  </material>
  <price>
   725104
  </price>
  <rating>
   2.02
  </rating>
  <reviews>
   640429
  </reviews>
  <sporty>
   no
  </sporty>
 </clothing>
 <clothing>
  <id>
   193321789
  </id>
  <name>
   New Balance Handbags L-2426
  </name>
  <category>
   Handbags
  </category>
  <size>
   XL
  </size>
  <color>
   Синий
  </color>
  <material>
   Нейлон
  </material>
  <price>
   362955
  </price>
  <rating>
   2.35
  </rating>
  <reviews>
   120197
  </reviews>
  <exclusive>
   no
  </exclusive>
 </clothing>
 <clothing>
  <id>
   976583004
  </id>
  <name>
   Adidas Jacket O-2677
  </name>
  <category>
   Jacket
  </category>
  <size>
   M
  </size>
  <color>
   Желтый
  </color>
  <material>
   Шерсть
  </material>
  <price>
   112212
  </price>
  <rating>
   2.52
  </rating>
  <reviews>
   301248
  </reviews>
  <new>
   -
  </new>
  <exclusive>
   no
  </exclusive>
  <sporty>
   no
  </sporty>
 </clothing>
 <clothing>
  <id>
   467404926
  </id>
  <name>
   DC Gloves I-9311
  </name>
  <category>
   Gloves
  </category>
  <size>
   M
  </size>
  <color>
   Оранжевый
  </color>
  <material>
   Вискоза
  </material>
  <price>
   545133
  </price>
  <rating>
   2.88
  </rating>
  <reviews>
   396406
  </reviews>
  <sporty>
   no
  </sporty>
 </clothing>
 <clothing>
  <id>
   465544791
  </id>
  <name>
   PleinSport Handbags D-7945
  </name>
  <category>
   Handbags
  </category>
  <size>
   M
  </size>
  <color>
   Зеленый
  </color>
  <material>
   Хлопок
  </material>
  <price>
   893192
  </price>
  <rating>
   2.46
  </rating>
  <reviews>
   542750
  </reviews>
  <new>
   -
  </new>
  <exclusive>
   no
  </exclusive>
  <sporty>
   no
  </sporty>
 </clothing>
 <clothing>
  <id>
   750613964
  </id>
  <name>
   Addidas Umbrellas J-6269
  </name>
  <category>
   Umbrellas
  </category>
  <size>
   L
  </size>
  <color>
   Оранжевый
  </color>
  <material>
   Нейлон
  </material>
  <price>
   404154
  </price>
  <rating>
   3.0
  </rating>
  <reviews>
   457346
  </reviews>
  <exclusive>
   no
  </exclusive>
 </clothing>
 <clothing>
  <id>
   695479796
  </id>
  <name>
   Under Armour Blouse W-1560
  </name>
  <category>
   Blouse
  </category>
  <size>
   M
  </size>
  <color>
   Желтый
  </color>
  <material>
   Шерсть
  </material>
  <price>
   791375
  </price>
  <rating>
   3.97
  </rating>
  <reviews>
   235353
  </reviews>
  <exclusive>
   no
  </exclusive>
  <sporty>
   no
  </sporty>
 </clothing>
 <clothing>
  <id>
   505009184
  </id>
  <name>
   Brooks Dress O-8732
  </name>
  <category>
   Dress
  </category>
  <size>
   S
  </size>
  <color>
   Красный
  </color>
  <material>
   Полиэстер
  </material>
  <price>
   932187
  </price>
  <rating>
   4.82
  </rating>
  <reviews>
   617249
  </reviews>
  <exclusive>
   no
  </exclusive>
  <sporty>
   no
  </sporty>
 </clothing>
 <clothing>
  <id>
   888101340
  </id>
  <name>
   Ellesse T-shirt S-5954
  </name>
  <category>
   T-shirt
  </category>
  <size>
   L
  </size>
  <color>
   Фиолетовый
  </color>
  <material>
   Полиэстер
  </material>
  <price>
   923480
  </price>
  <rating>
   1.4
  </rating>
  <reviews>
   280780
  </reviews>
 </clothing>
 <clothing>
  <id>
   422961556
  </id>
  <name>
   DC Skirt M-2662
  </name>
  <category>
   Skirt
  </category>
  <size>
   XL
  </size>
  <color>
   Синий
  </color>
  <material>
   Лен
  </material>
  <price>
   495445
  </price>
  <rating>
   1.15
  </rating>
  <reviews>
   974393
  </reviews>
  <new>
   -
  </new>
 </clothing>
 <clothing>
  <id>
   961917258
  </id>
  <name>
   Fila Jeans G-6266
  </name>
  <category>
   Jeans
  </category>
  <size>
   S
  </size>
  <color>
   Фиолетовый
  </color>
  <material>
   Полиэстер
  </material>
  <price>
   116885
  </price>
  <rating>
   1.68
  </rating>
  <reviews>
   667775
  </reviews>
  <new>
   -
  </new>
  <exclusive>
   yes
  </exclusive>
 </clothing>
 <clothing>
  <id>
   479923549
  </id>
  <name>
   Reebok Skirt Y-1242
  </name>
  <category>
   Skirt
  </category>
  <size>
   XL
  </size>
  <color>
   Синий
  </color>
  <material>
   Нейлон
  </material>
  <price>
   496059
  </price>
  <rating>
   1.61
  </rating>
  <reviews>
   165189
  </reviews>
  <new>
   -
  </new>
  <sporty>
   yes
  </sporty>
 </clothing>
 <clothing>
  <id>
   832673878
  </id>
  <name>
   Nike Dress T-3838
  </name>
  <category>
   Dress
  </category>
  <size>
   L
  </size>
  <color>
   Зеленый
  </color>
  <material>
   Хлопок
  </material>
  <price>
   139886
  </price>
  <rating>
   2.32
  </rating>
  <reviews>
   301120
  </reviews>
  <new>
   -
  </new>
  <sporty>
   no
  </sporty>
 </clothing>
 <clothing>
  <id>
   162593253
  </id>
  <name>
   Fila Dress H-5734
  </name>
  <category>
   Dress
  </category>
  <size>
   S
  </size>
  <color>
   Зеленый
  </color>
  <material>
   Лен
  </material>
  <price>
   985174
  </price>
  <rating>
   4.54
  </rating>
  <reviews>
   49331
  </reviews>
  <new>
   +
  </new>
  <exclusive>
   no
  </exclusive>
  <sporty>
   yes
  </sporty>
 </clothing>
 <clothing>
  <id>
   566569961
  </id>
  <name>
   Addidas Jacket I-7678
  </name>
  <category>
   Jacket
  </category>
  <size>
   XL
  </size>
  <color>
   Фиолетовый
  </color>
  <material>
   Нейлон
  </material>
  <price>
   994040
  </price>
  <rating>
   4.26
  </rating>
  <reviews>
   427269
  </reviews>
  <new>
   +
  </new>
  <sporty>
   yes
  </sporty>
 </clothing>
 <clothing>
  <id>
   852520907
  </id>
  <name>
   Converse Socks D-6656
  </name>
  <category>
   Socks
  </category>
  <size>
   XXL
  </size>
  <color>
   Зеленый
  </color>
  <material>
   Хлопок
  </material>
  <price>
   106995
  </price>
  <rating>
   1.89
  </rating>
  <reviews>
   722962
  </reviews>
  <sporty>
   yes
  </sporty>
 </clothing>
 <clothing>
  <id>
   285785392
  </id>
  <name>
   Vans Jacket P-3758
  </name>
  <category>
   Jacket
  </category>
  <size>
   M
  </size>
  <color>
   Голубой
  </color>
  <material>
   Вискоза
  </material>
  <price>
   470544
  </price>
  <rating>
   3.11
  </rating>
  <reviews>
   395905
  </reviews>
  <exclusive>
   no
  </exclusive>
  <sporty>
   no
  </sporty>
 </clothing>
 <clothing>
  <id>
   520695807
  </id>
  <name>
   Addidas Sweater Q-3005
  </name>
  <category>
   Sweater
  </category>
  <size>
   XL
  </size>
  <color>
   Оранжевый
  </color>
  <material>
   Шерсть
  </material>
  <price>
   389881
  </price>
  <rating>
   4.86
  </rating>
  <reviews>
   523433
  </reviews>
  <new>
   -
  </new>
  <exclusive>
   no
  </exclusive>
 </clothing>
 <clothing>
  <id>
   602044008
  </id>
  <name>
   PleinSport Handbags X-6226
  </name>
  <category>
   Handbags
  </category>
  <size>
   S
  </size>
  <color>
   Фиолетовый
  </color>
  <material>
   Кожа
  </material>
  <price>
   203778
  </price>
  <rating>
   3.34
  </rating>
  <reviews>
   837252
  </reviews>
  <new>
   -
  </new>
  <exclusive>
   no
  </exclusive>
  <sporty>
   yes
  </sporty>
 </clothing>
 <clothing>
  <id>
   388429232
  </id>
  <name>
   Lacoste Shirt Z-5532
  </name>
  <category>
   Shirt
  </category>
  <size>
   XL
  </size>
  <color>
   Фиолетовый
  </color>
  <material>
   Полиэстер
  </material>
  <price>
   753019
  </price>
  <rating>
   4.42
  </rating>
  <reviews>
   556416
  </reviews>
  <exclusive>
   yes
  </exclusive>
  <sporty>
   no
  </sporty>
 </clothing>
 <clothing>
  <id>
   581152084
  </id>
  <name>
   Under Armour Hat N-6399
  </name>
  <category>
   Hat
  </category>
  <size>
   XL
  </size>
  <color>
   Голубой
  </color>
  <material>
   Нейлон
  </material>
  <price>
   711083
  </price>
  <rating>
   3.78
  </rating>
  <reviews>
   862403
  </reviews>
  <new>
   -
  </new>
  <exclusive>
   no
  </exclusive>
 </clothing>
 <clothing>
  <id>
   190886222
  </id>
  <name>
   Asics Socks A-3140
  </name>
  <category>
   Socks
  </category>
  <size>
   XL
  </size>
  <color>
   Желтый
  </color>
  <material>
   Вискоза
  </material>
  <price>
   152843
  </price>
  <rating>
   4.37
  </rating>
  <reviews>
   536467
  </reviews>
  <new>
   -
  </new>
 </clothing>
 <clothing>
  <id>
   889512554
  </id>
  <name>
   New Balance Belts I-4640
  </name>
  <category>
   Belts
  </category>
  <size>
   M
  </size>
  <color>
   Фиолетовый
  </color>
  <material>
   Вискоза
  </material>
  <price>
   617565
  </price>
  <rating>
   2.06
  </rating>
  <reviews>
   906883
  </reviews>
  <new>
   -
  </new>
  <exclusive>
   no
  </exclusive>
  <sporty>
   no
  </sporty>
 </clothing>
 <clothing>
  <id>
   555486248
  </id>
  <name>
   New Balance Jacket C-9690
  </name>
  <category>
   Jacket
  </category>
  <size>
   S
  </size>
  <color>
   Синий
  </color>
  <material>
   Вискоза
  </material>
  <price>
   534896
  </price>
  <rating>
   2.34
  </rating>
  <reviews>
   325025
  </reviews>
  <exclusive>
   no
  </exclusive>
 </clothing>
 <clothing>
  <id>
   588949465
  </id>
  <name>
   Under Armour Pants O-9661
  </name>
  <category>
   Pants
  </category>
  <size>
   XXL
  </size>
  <color>
   Голубой
  </color>
  <material>
   Лен
  </material>
  <price>
   619845
  </price>
  <rating>
   3.73
  </rating>
  <reviews>
   627460
  </reviews>
  <exclusive>
   yes
  </exclusive>
  <sporty>
   no
  </sporty>
 </clothing>
 <clothing>
  <id>
   692790096
  </id>
  <name>
   Nike Umbrellas H-6194
  </name>
  <category>
   Umbrellas
  </category>
  <size>
   XL
  </size>
  <color>
   Оранжевый
  </color>
  <material>
   Шелк
  </material>
  <price>
   780986
  </price>
  <rating>
   2.31
  </rating>
  <reviews>
   8904
  </reviews>
  <new>
   +
  </new>
  <exclusive>
   no
  </exclusive>
  <sporty>
   no
  </sporty>
 </clothing>
</clothing-items>
