<?xml version="1.0" encoding="utf-8"?>
<clothing-items>
 <clothing>
  <id>
   339302244
  </id>
  <name>
   Reebok Shirt B-5459
  </name>
  <category>
   Shirt
  </category>
  <size>
   XXL
  </size>
  <color>
   Желтый
  </color>
  <material>
   Хлопок
  </material>
  <price>
   350833
  </price>
  <rating>
   4.63
  </rating>
  <reviews>
   81738
  </reviews>
  <new>
   +
  </new>
  <sporty>
   no
  </sporty>
 </clothing>
 <clothing>
  <id>
   173944926
  </id>
  <name>
   Fila Gloves H-4523
  </name>
  <category>
   Gloves
  </category>
  <size>
   XXL
  </size>
  <color>
   Синий
  </color>
  <material>
   Шелк
  </material>
  <price>
   970644
  </price>
  <rating>
   2.74
  </rating>
  <reviews>
   753951
  </reviews>
  <new>
   +
  </new>
  <exclusive>
   yes
  </exclusive>
  <sporty>
   no
  </sporty>
 </clothing>
 <clothing>
  <id>
   823915892
  </id>
  <name>
   Converse Pants R-6471
  </name>
  <category>
   Pants
  </category>
  <size>
   S
  </size>
  <color>
   Голубой
  </color>
  <material>
   Шелк
  </material>
  <price>
   332923
  </price>
  <rating>
   4.82
  </rating>
  <reviews>
   243444
  </reviews>
  <exclusive>
   yes
  </exclusive>
  <sporty>
   no
  </sporty>
 </clothing>
 <clothing>
  <id>
   214002096
  </id>
  <name>
   Vans Gloves O-3436
  </name>
  <category>
   Gloves
  </category>
  <size>
   XL
  </size>
  <color>
   Красный
  </color>
  <material>
   Лен
  </material>
  <price>
   730048
  </price>
  <rating>
   3.2
  </rating>
  <reviews>
   278045
  </reviews>
 </clothing>
 <clothing>
  <id>
   671268871
  </id>
  <name>
   DC Sweater E-6060
  </name>
  <category>
   Sweater
  </category>
  <size>
   XL
  </size>
  <color>
   Красный
  </color>
  <material>
   Лен
  </material>
  <price>
   517821
  </price>
  <rating>
   3.78
  </rating>
  <reviews>
   477983
  </reviews>
  <new>
   -
  </new>
  <sporty>
   yes
  </sporty>
 </clothing>
 <clothing>
  <id>
   452828076
  </id>
  <name>
   Reebok Skirt B-7974
  </name>
  <category>
   Skirt
  </category>
  <size>
   S
  </size>
  <color>
   Оранжевый
  </color>
  <material>
   Шерсть
  </material>
  <price>
   986208
  </price>
  <rating>
   2.72
  </rating>
  <reviews>
   136858
  </reviews>
  <new>
   -
  </new>
  <exclusive>
   yes
  </exclusive>
  <sporty>
   yes
  </sporty>
 </clothing>
 <clothing>
  <id>
   261054021
  </id>
  <name>
   Lacoste Handbags R-8048
  </name>
  <category>
   Handbags
  </category>
  <size>
   M
  </size>
  <color>
   Синий
  </color>
  <material>
   Вискоза
  </material>
  <price>
   624965
  </price>
  <rating>
   4.61
  </rating>
  <reviews>
   167462
  </reviews>
 </clothing>
 <clothing>
  <id>
   750656466
  </id>
  <name>
   Converse Sweater A-9802
  </name>
  <category>
   Sweater
  </category>
  <size>
   S
  </size>
  <color>
   Оранжевый
  </color>
  <material>
   Лен
  </material>
  <price>
   645931
  </price>
  <rating>
   3.68
  </rating>
  <reviews>
   343330
  </reviews>
  <new>
   +
  </new>
  <exclusive>
   yes
  </exclusive>
  <sporty>
   yes
  </sporty>
 </clothing>
 <clothing>
  <id>
   158378658
  </id>
  <name>
   PleinSport Dress R-5201
  </name>
  <category>
   Dress
  </category>
  <size>
   L
  </size>
  <color>
   Желтый
  </color>
  <material>
   Полиэстер
  </material>
  <price>
   545609
  </price>
  <rating>
   2.41
  </rating>
  <reviews>
   161414
  </reviews>
  <new>
   -
  </new>
  <exclusive>
   no
  </exclusive>
  <sporty>
   yes
  </sporty>
 </clothing>
 <clothing>
  <id>
   307370093
  </id>
  <name>
   Nike Pants H-7300
  </name>
  <category>
   Pants
  </category>
  <size>
   XL
  </size>
  <color>
   Зеленый
  </color>
  <material>
   Вискоза
  </material>
  <price>
   541962
  </price>
  <rating>
   2.7
  </rating>
  <reviews>
   78487
  </reviews>
  <new>
   +
  </new>
  <exclusive>
   yes
  </exclusive>
 </clothing>
 <clothing>
  <id>
   380809976
  </id>
  <name>
   Ellesse Shoes I-8442
  </name>
  <category>
   Shoes
  </category>
  <size>
   XXL
  </size>
  <color>
   Голубой
  </color>
  <material>
   Кожа
  </material>
  <price>
   868000
  </price>
  <rating>
   3.26
  </rating>
  <reviews>
   685111
  </reviews>
  <new>
   -
  </new>
  <exclusive>
   yes
  </exclusive>
  <sporty>
   no
  </sporty>
 </clothing>
 <clothing>
  <id>
   447529724
  </id>
  <name>
   Ellesse Belts K-7350
  </name>
  <category>
   Belts
  </category>
  <size>
   L
  </size>
  <color>
   Голубой
  </color>
  <material>
   Нейлон
  </material>
  <price>
   716566
  </price>
  <rating>
   4.82
  </rating>
  <reviews>
   151878
  </reviews>
  <new>
   +
  </new>
 </clothing>
</clothing-items>
