<?xml version="1.0" encoding="utf-8"?>
<clothing-items>
 <clothing>
  <id>
   745667407
  </id>
  <name>
   Vans Hat Z-2072
  </name>
  <category>
   Hat
  </category>
  <size>
   L
  </size>
  <color>
   Голубой
  </color>
  <material>
   Шелк
  </material>
  <price>
   544436
  </price>
  <rating>
   2.46
  </rating>
  <reviews>
   804911
  </reviews>
  <sporty>
   no
  </sporty>
 </clothing>
 <clothing>
  <id>
   635580978
  </id>
  <name>
   DC Skirt P-4132
  </name>
  <category>
   Skirt
  </category>
  <size>
   M
  </size>
  <color>
   Голубой
  </color>
  <material>
   Шерсть
  </material>
  <price>
   717383
  </price>
  <rating>
   1.61
  </rating>
  <reviews>
   564470
  </reviews>
  <exclusive>
   yes
  </exclusive>
 </clothing>
 <clothing>
  <id>
   308576361
  </id>
  <name>
   Adidas Dress F-3340
  </name>
  <category>
   Dress
  </category>
  <size>
   L
  </size>
  <color>
   Фиолетовый
  </color>
  <material>
   Хлопок
  </material>
  <price>
   200267
  </price>
  <rating>
   1.94
  </rating>
  <reviews>
   601536
  </reviews>
  <sporty>
   yes
  </sporty>
 </clothing>
 <clothing>
  <id>
   219985140
  </id>
  <name>
   Ellesse Blouse N-2121
  </name>
  <category>
   Blouse
  </category>
  <size>
   L
  </size>
  <color>
   Голубой
  </color>
  <material>
   Лен
  </material>
  <price>
   707010
  </price>
  <rating>
   1.39
  </rating>
  <reviews>
   720960
  </reviews>
  <new>
   +
  </new>
  <sporty>
   no
  </sporty>
 </clothing>
 <clothing>
  <id>
   845209424
  </id>
  <name>
   Adidas Sweater Z-9258
  </name>
  <category>
   Sweater
  </category>
  <size>
   S
  </size>
  <color>
   Синий
  </color>
  <material>
   Кожа
  </material>
  <price>
   469935
  </price>
  <rating>
   4.26
  </rating>
  <reviews>
   581413
  </reviews>
  <sporty>
   no
  </sporty>
 </clothing>
 <clothing>
  <id>
   504002518
  </id>
  <name>
   Asics Skirt X-3360
  </name>
  <category>
   Skirt
  </category>
  <size>
   M
  </size>
  <color>
   Зеленый
  </color>
  <material>
   Шелк
  </material>
  <price>
   431702
  </price>
  <rating>
   2.65
  </rating>
  <reviews>
   425037
  </reviews>
  <new>
   +
  </new>
  <exclusive>
   no
  </exclusive>
 </clothing>
 <clothing>
  <id>
   777377326
  </id>
  <name>
   DC Dress K-6333
  </name>
  <category>
   Dress
  </category>
  <size>
   XL
  </size>
  <color>
   Желтый
  </color>
  <material>
   Кожа
  </material>
  <price>
   519774
  </price>
  <rating>
   1.37
  </rating>
  <reviews>
   948689
  </reviews>
  <new>
   -
  </new>
 </clothing>
 <clothing>
  <id>
   335731445
  </id>
  <name>
   Brooks Belts R-8165
  </name>
  <category>
   Belts
  </category>
  <size>
   S
  </size>
  <color>
   Зеленый
  </color>
  <material>
   Кожа
  </material>
  <price>
   641591
  </price>
  <rating>
   1.71
  </rating>
  <reviews>
   988797
  </reviews>
  <sporty>
   yes
  </sporty>
 </clothing>
 <clothing>
  <id>
   315019852
  </id>
  <name>
   Nike Shirt R-9879
  </name>
  <category>
   Shirt
  </category>
  <size>
   S
  </size>
  <color>
   Голубой
  </color>
  <material>
   Полиэстер
  </material>
  <price>
   715063
  </price>
  <rating>
   2.4
  </rating>
  <reviews>
   716837
  </reviews>
  <new>
   +
  </new>
  <sporty>
   no
  </sporty>
 </clothing>
 <clothing>
  <id>
   633090738
  </id>
  <name>
   Adidas T-shirt H-2718
  </name>
  <category>
   T-shirt
  </category>
  <size>
   XXL
  </size>
  <color>
   Красный
  </color>
  <material>
   Нейлон
  </material>
  <price>
   210970
  </price>
  <rating>
   2.15
  </rating>
  <reviews>
   152796
  </reviews>
 </clothing>
 <clothing>
  <id>
   726223274
  </id>
  <name>
   New Balance Dress L-4065
  </name>
  <category>
   Dress
  </category>
  <size>
   S
  </size>
  <color>
   Оранжевый
  </color>
  <material>
   Вискоза
  </material>
  <price>
   801384
  </price>
  <rating>
   3.59
  </rating>
  <reviews>
   483296
  </reviews>
 </clothing>
 <clothing>
  <id>
   599559877
  </id>
  <name>
   Converse Sweater N-8691
  </name>
  <category>
   Sweater
  </category>
  <size>
   XXL
  </size>
  <color>
   Красный
  </color>
  <material>
   Нейлон
  </material>
  <price>
   306393
  </price>
  <rating>
   3.78
  </rating>
  <reviews>
   8224
  </reviews>
  <exclusive>
   yes
  </exclusive>
  <sporty>
   no
  </sporty>
 </clothing>
 <clothing>
  <id>
   291675798
  </id>
  <name>
   Asics Belts J-7683
  </name>
  <category>
   Belts
  </category>
  <size>
   L
  </size>
  <color>
   Зеленый
  </color>
  <material>
   Вискоза
  </material>
  <price>
   131585
  </price>
  <rating>
   1.48
  </rating>
  <reviews>
   635474
  </reviews>
  <new>
   +
  </new>
  <sporty>
   no
  </sporty>
 </clothing>
 <clothing>
  <id>
   955084972
  </id>
  <name>
   Converse Umbrellas H-8075
  </name>
  <category>
   Umbrellas
  </category>
  <size>
   S
  </size>
  <color>
   Желтый
  </color>
  <material>
   Лен
  </material>
  <price>
   315618
  </price>
  <rating>
   4.78
  </rating>
  <reviews>
   750897
  </reviews>
  <new>
   +
  </new>
 </clothing>
 <clothing>
  <id>
   564329622
  </id>
  <name>
   Adidas Shirt J-4108
  </name>
  <category>
   Shirt
  </category>
  <size>
   S
  </size>
  <color>
   Красный
  </color>
  <material>
   Полиэстер
  </material>
  <price>
   544796
  </price>
  <rating>
   1.9
  </rating>
  <reviews>
   286265
  </reviews>
  <new>
   -
  </new>
  <exclusive>
   yes
  </exclusive>
  <sporty>
   no
  </sporty>
 </clothing>
 <clothing>
  <id>
   979724836
  </id>
  <name>
   Adidas Skirt T-6608
  </name>
  <category>
   Skirt
  </category>
  <size>
   S
  </size>
  <color>
   Фиолетовый
  </color>
  <material>
   Нейлон
  </material>
  <price>
   248431
  </price>
  <rating>
   2.18
  </rating>
  <reviews>
   308100
  </reviews>
 </clothing>
 <clothing>
  <id>
   834269157
  </id>
  <name>
   Adidas Socks Q-4185
  </name>
  <category>
   Socks
  </category>
  <size>
   L
  </size>
  <color>
   Красный
  </color>
  <material>
   Нейлон
  </material>
  <price>
   733002
  </price>
  <rating>
   3.73
  </rating>
  <reviews>
   54503
  </reviews>
  <new>
   +
  </new>
 </clothing>
 <clothing>
  <id>
   633914487
  </id>
  <name>
   New Balance Belts X-9213
  </name>
  <category>
   Belts
  </category>
  <size>
   L
  </size>
  <color>
   Красный
  </color>
  <material>
   Полиэстер
  </material>
  <price>
   395572
  </price>
  <rating>
   2.1
  </rating>
  <reviews>
   982395
  </reviews>
  <new>
   -
  </new>
  <sporty>
   yes
  </sporty>
 </clothing>
 <clothing>
  <id>
   733616871
  </id>
  <name>
   PleinSport Gloves A-6073
  </name>
  <category>
   Gloves
  </category>
  <size>
   XL
  </size>
  <color>
   Голубой
  </color>
  <material>
   Кожа
  </material>
  <price>
   109174
  </price>
  <rating>
   2.14
  </rating>
  <reviews>
   972041
  </reviews>
  <new>
   +
  </new>
  <exclusive>
   yes
  </exclusive>
 </clothing>
 <clothing>
  <id>
   538431589
  </id>
  <name>
   Adidas Belts A-5886
  </name>
  <category>
   Belts
  </category>
  <size>
   XL
  </size>
  <color>
   Оранжевый
  </color>
  <material>
   Кожа
  </material>
  <price>
   895337
  </price>
  <rating>
   1.56
  </rating>
  <reviews>
   147584
  </reviews>
  <new>
   +
  </new>
  <exclusive>
   yes
  </exclusive>
  <sporty>
   no
  </sporty>
 </clothing>
 <clothing>
  <id>
   802814369
  </id>
  <name>
   Brooks T-shirt N-7394
  </name>
  <category>
   T-shirt
  </category>
  <size>
   L
  </size>
  <color>
   Оранжевый
  </color>
  <material>
   Хлопок
  </material>
  <price>
   509568
  </price>
  <rating>
   3.61
  </rating>
  <reviews>
   141810
  </reviews>
  <new>
   +
  </new>
  <exclusive>
   no
  </exclusive>
  <sporty>
   no
  </sporty>
 </clothing>
 <clothing>
  <id>
   858462042
  </id>
  <name>
   Nike Dress Y-8505
  </name>
  <category>
   Dress
  </category>
  <size>
   XXL
  </size>
  <color>
   Синий
  </color>
  <material>
   Хлопок
  </material>
  <price>
   410845
  </price>
  <rating>
   1.32
  </rating>
  <reviews>
   920392
  </reviews>
  <exclusive>
   no
  </exclusive>
 </clothing>
 <clothing>
  <id>
   983202021
  </id>
  <name>
   Addidas Jacket P-1051
  </name>
  <category>
   Jacket
  </category>
  <size>
   XL
  </size>
  <color>
   Зеленый
  </color>
  <material>
   Лен
  </material>
  <price>
   988197
  </price>
  <rating>
   4.96
  </rating>
  <reviews>
   368287
  </reviews>
  <exclusive>
   no
  </exclusive>
 </clothing>
 <clothing>
  <id>
   921491114
  </id>
  <name>
   Converse Pants S-1571
  </name>
  <category>
   Pants
  </category>
  <size>
   XL
  </size>
  <color>
   Желтый
  </color>
  <material>
   Лен
  </material>
  <price>
   805390
  </price>
  <rating>
   4.38
  </rating>
  <reviews>
   646516
  </reviews>
 </clothing>
 <clothing>
  <id>
   204236991
  </id>
  <name>
   Addidas Blouse K-1432
  </name>
  <category>
   Blouse
  </category>
  <size>
   M
  </size>
  <color>
   Синий
  </color>
  <material>
   Шерсть
  </material>
  <price>
   243454
  </price>
  <rating>
   4.79
  </rating>
  <reviews>
   509211
  </reviews>
 </clothing>
 <clothing>
  <id>
   249130662
  </id>
  <name>
   Vans Belts V-2834
  </name>
  <category>
   Belts
  </category>
  <size>
   M
  </size>
  <color>
   Зеленый
  </color>
  <material>
   Кожа
  </material>
  <price>
   501974
  </price>
  <rating>
   2.74
  </rating>
  <reviews>
   333140
  </reviews>
  <sporty>
   no
  </sporty>
 </clothing>
 <clothing>
  <id>
   269276481
  </id>
  <name>
   PleinSport Umbrellas A-9015
  </name>
  <category>
   Umbrellas
  </category>
  <size>
   XL
  </size>
  <color>
   Фиолетовый
  </color>
  <material>
   Лен
  </material>
  <price>
   971288
  </price>
  <rating>
   2.6
  </rating>
  <reviews>
   182899
  </reviews>
  <new>
   +
  </new>
  <exclusive>
   yes
  </exclusive>
  <sporty>
   yes
  </sporty>
 </clothing>
 <clothing>
  <id>
   708855948
  </id>
  <name>
   Asics Shoes Z-3726
  </name>
  <category>
   Shoes
  </category>
  <size>
   M
  </size>
  <color>
   Красный
  </color>
  <material>
   Кожа
  </material>
  <price>
   612044
  </price>
  <rating>
   3.93
  </rating>
  <reviews>
   292987
  </reviews>
  <new>
   -
  </new>
 </clothing>
 <clothing>
  <id>
   463081334
  </id>
  <name>
   Brooks Umbrellas P-6394
  </name>
  <category>
   Umbrellas
  </category>
  <size>
   M
  </size>
  <color>
   Желтый
  </color>
  <material>
   Вискоза
  </material>
  <price>
   707877
  </price>
  <rating>
   3.7
  </rating>
  <reviews>
   264025
  </reviews>
  <new>
   -
  </new>
  <exclusive>
   no
  </exclusive>
  <sporty>
   no
  </sporty>
 </clothing>
 <clothing>
  <id>
   954769187
  </id>
  <name>
   Ellesse Dress T-5030
  </name>
  <category>
   Dress
  </category>
  <size>
   S
  </size>
  <color>
   Красный
  </color>
  <material>
   Лен
  </material>
  <price>
   810566
  </price>
  <rating>
   1.09
  </rating>
  <reviews>
   829263
  </reviews>
  <new>
   +
  </new>
 </clothing>
 <clothing>
  <id>
   113261357
  </id>
  <name>
   Adidas Shoes S-8661
  </name>
  <category>
   Shoes
  </category>
  <size>
   S
  </size>
  <color>
   Голубой
  </color>
  <material>
   Лен
  </material>
  <price>
   991101
  </price>
  <rating>
   4.62
  </rating>
  <reviews>
   130260
  </reviews>
  <new>
   -
  </new>
  <sporty>
   yes
  </sporty>
 </clothing>
 <clothing>
  <id>
   312281391
  </id>
  <name>
   Ellesse Dress I-7488
  </name>
  <category>
   Dress
  </category>
  <size>
   XXL
  </size>
  <color>
   Фиолетовый
  </color>
  <material>
   Хлопок
  </material>
  <price>
   257601
  </price>
  <rating>
   4.18
  </rating>
  <reviews>
   635347
  </reviews>
  <exclusive>
   no
  </exclusive>
 </clothing>
 <clothing>
  <id>
   115383992
  </id>
  <name>
   Lacoste Umbrellas B-2235
  </name>
  <category>
   Umbrellas
  </category>
  <size>
   XXL
  </size>
  <color>
   Зеленый
  </color>
  <material>
   Лен
  </material>
  <price>
   638323
  </price>
  <rating>
   1.68
  </rating>
  <reviews>
   718078
  </reviews>
  <new>
   -
  </new>
  <exclusive>
   no
  </exclusive>
 </clothing>
 <clothing>
  <id>
   990968244
  </id>
  <name>
   Brooks Sweater O-5899
  </name>
  <category>
   Sweater
  </category>
  <size>
   M
  </size>
  <color>
   Оранжевый
  </color>
  <material>
   Лен
  </material>
  <price>
   779946
  </price>
  <rating>
   2.87
  </rating>
  <reviews>
   57144
  </reviews>
  <new>
   -
  </new>
  <sporty>
   no
  </sporty>
 </clothing>
 <clothing>
  <id>
   464145342
  </id>
  <name>
   Adidas Blouse M-8596
  </name>
  <category>
   Blouse
  </category>
  <size>
   XXL
  </size>
  <color>
   Синий
  </color>
  <material>
   Полиэстер
  </material>
  <price>
   598796
  </price>
  <rating>
   2.3
  </rating>
  <reviews>
   296114
  </reviews>
  <sporty>
   no
  </sporty>
 </clothing>
 <clothing>
  <id>
   140109605
  </id>
  <name>
   Puma Handbags M-3285
  </name>
  <category>
   Handbags
  </category>
  <size>
   XL
  </size>
  <color>
   Синий
  </color>
  <material>
   Лен
  </material>
  <price>
   133638
  </price>
  <rating>
   2.39
  </rating>
  <reviews>
   706775
  </reviews>
  <exclusive>
   yes
  </exclusive>
  <sporty>
   no
  </sporty>
 </clothing>
 <clothing>
  <id>
   811195616
  </id>
  <name>
   Under Armour Jeans L-8643
  </name>
  <category>
   Jeans
  </category>
  <size>
   S
  </size>
  <color>
   Синий
  </color>
  <material>
   Нейлон
  </material>
  <price>
   348614
  </price>
  <rating>
   4.84
  </rating>
  <reviews>
   714604
  </reviews>
  <new>
   +
  </new>
  <exclusive>
   yes
  </exclusive>
 </clothing>
 <clothing>
  <id>
   887901220
  </id>
  <name>
   Puma Hat K-9920
  </name>
  <category>
   Hat
  </category>
  <size>
   XL
  </size>
  <color>
   Фиолетовый
  </color>
  <material>
   Хлопок
  </material>
  <price>
   558122
  </price>
  <rating>
   4.47
  </rating>
  <reviews>
   888712
  </reviews>
  <exclusive>
   no
  </exclusive>
  <sporty>
   no
  </sporty>
 </clothing>
 <clothing>
  <id>
   557068981
  </id>
  <name>
   Vans Gloves E-3095
  </name>
  <category>
   Gloves
  </category>
  <size>
   XXL
  </size>
  <color>
   Фиолетовый
  </color>
  <material>
   Шелк
  </material>
  <price>
   259780
  </price>
  <rating>
   3.23
  </rating>
  <reviews>
   863062
  </reviews>
  <new>
   -
  </new>
  <sporty>
   no
  </sporty>
 </clothing>
 <clothing>
  <id>
   205134471
  </id>
  <name>
   PleinSport Shoes M-4133
  </name>
  <category>
   Shoes
  </category>
  <size>
   XL
  </size>
  <color>
   Голубой
  </color>
  <material>
   Хлопок
  </material>
  <price>
   641198
  </price>
  <rating>
   3.33
  </rating>
  <reviews>
   974583
  </reviews>
  <new>
   -
  </new>
  <exclusive>
   yes
  </exclusive>
  <sporty>
   no
  </sporty>
 </clothing>
 <clothing>
  <id>
   302235202
  </id>
  <name>
   Reebok Hat A-6291
  </name>
  <category>
   Hat
  </category>
  <size>
   XXL
  </size>
  <color>
   Фиолетовый
  </color>
  <material>
   Шелк
  </material>
  <price>
   559603
  </price>
  <rating>
   4.14
  </rating>
  <reviews>
   501988
  </reviews>
  <new>
   -
  </new>
  <exclusive>
   no
  </exclusive>
  <sporty>
   no
  </sporty>
 </clothing>
 <clothing>
  <id>
   569517690
  </id>
  <name>
   Reebok Jacket C-3899
  </name>
  <category>
   Jacket
  </category>
  <size>
   XXL
  </size>
  <color>
   Зеленый
  </color>
  <material>
   Хлопок
  </material>
  <price>
   286297
  </price>
  <rating>
   1.05
  </rating>
  <reviews>
   861773
  </reviews>
  <new>
   -
  </new>
  <sporty>
   no
  </sporty>
 </clothing>
 <clothing>
  <id>
   146082403
  </id>
  <name>
   Lacoste Skirt I-7116
  </name>
  <category>
   Skirt
  </category>
  <size>
   XXL
  </size>
  <color>
   Зеленый
  </color>
  <material>
   Лен
  </material>
  <price>
   822393
  </price>
  <rating>
   4.97
  </rating>
  <reviews>
   823010
  </reviews>
  <sporty>
   no
  </sporty>
 </clothing>
 <clothing>
  <id>
   275856431
  </id>
  <name>
   PleinSport Hat V-6487
  </name>
  <category>
   Hat
  </category>
  <size>
   M
  </size>
  <color>
   Зеленый
  </color>
  <material>
   Шелк
  </material>
  <price>
   717342
  </price>
  <rating>
   3.24
  </rating>
  <reviews>
   791703
  </reviews>
  <new>
   -
  </new>
  <exclusive>
   no
  </exclusive>
  <sporty>
   no
  </sporty>
 </clothing>
 <clothing>
  <id>
   350157853
  </id>
  <name>
   Brooks Gloves H-4205
  </name>
  <category>
   Gloves
  </category>
  <size>
   M
  </size>
  <color>
   Фиолетовый
  </color>
  <material>
   Полиэстер
  </material>
  <price>
   690873
  </price>
  <rating>
   2.22
  </rating>
  <reviews>
   993682
  </reviews>
 </clothing>
</clothing-items>
