<?xml version="1.0" encoding="utf-8"?>
<clothing-items>
 <clothing>
  <id>
   946921217
  </id>
  <name>
   Asics Jeans Q-6322
  </name>
  <category>
   Jeans
  </category>
  <size>
   M
  </size>
  <color>
   Желтый
  </color>
  <material>
   Нейлон
  </material>
  <price>
   793374
  </price>
  <rating>
   3.57
  </rating>
  <reviews>
   882630
  </reviews>
  <new>
   +
  </new>
 </clothing>
 <clothing>
  <id>
   354029570
  </id>
  <name>
   Adidas Skirt O-4052
  </name>
  <category>
   Skirt
  </category>
  <size>
   S
  </size>
  <color>
   Фиолетовый
  </color>
  <material>
   Нейлон
  </material>
  <price>
   287373
  </price>
  <rating>
   1.29
  </rating>
  <reviews>
   865241
  </reviews>
  <new>
   -
  </new>
 </clothing>
 <clothing>
  <id>
   154473221
  </id>
  <name>
   Brooks Blouse L-7797
  </name>
  <category>
   Blouse
  </category>
  <size>
   XXL
  </size>
  <color>
   Зеленый
  </color>
  <material>
   Кожа
  </material>
  <price>
   652102
  </price>
  <rating>
   2.13
  </rating>
  <reviews>
   219210
  </reviews>
 </clothing>
 <clothing>
  <id>
   214777679
  </id>
  <name>
   New Balance Belts G-5241
  </name>
  <category>
   Belts
  </category>
  <size>
   S
  </size>
  <color>
   Красный
  </color>
  <material>
   Лен
  </material>
  <price>
   893353
  </price>
  <rating>
   3.46
  </rating>
  <reviews>
   846828
  </reviews>
  <new>
   -
  </new>
  <sporty>
   no
  </sporty>
 </clothing>
 <clothing>
  <id>
   260937252
  </id>
  <name>
   Reebok Shirt W-3862
  </name>
  <category>
   Shirt
  </category>
  <size>
   S
  </size>
  <color>
   Голубой
  </color>
  <material>
   Полиэстер
  </material>
  <price>
   334079
  </price>
  <rating>
   4.96
  </rating>
  <reviews>
   212901
  </reviews>
  <new>
   -
  </new>
  <exclusive>
   no
  </exclusive>
  <sporty>
   no
  </sporty>
 </clothing>
 <clothing>
  <id>
   832280462
  </id>
  <name>
   Asics Hat O-1144
  </name>
  <category>
   Hat
  </category>
  <size>
   M
  </size>
  <color>
   Синий
  </color>
  <material>
   Шерсть
  </material>
  <price>
   214588
  </price>
  <rating>
   3.88
  </rating>
  <reviews>
   691760
  </reviews>
  <exclusive>
   no
  </exclusive>
  <sporty>
   no
  </sporty>
 </clothing>
 <clothing>
  <id>
   714802097
  </id>
  <name>
   Lacoste Pants I-9106
  </name>
  <category>
   Pants
  </category>
  <size>
   XL
  </size>
  <color>
   Красный
  </color>
  <material>
   Хлопок
  </material>
  <price>
   767616
  </price>
  <rating>
   2.44
  </rating>
  <reviews>
   890670
  </reviews>
  <new>
   +
  </new>
  <exclusive>
   yes
  </exclusive>
  <sporty>
   no
  </sporty>
 </clothing>
 <clothing>
  <id>
   391641676
  </id>
  <name>
   Converse Jacket I-7332
  </name>
  <category>
   Jacket
  </category>
  <size>
   XL
  </size>
  <color>
   Желтый
  </color>
  <material>
   Хлопок
  </material>
  <price>
   700247
  </price>
  <rating>
   3.46
  </rating>
  <reviews>
   775587
  </reviews>
 </clothing>
 <clothing>
  <id>
   856376426
  </id>
  <name>
   Brooks Umbrellas Y-3020
  </name>
  <category>
   Umbrellas
  </category>
  <size>
   XXL
  </size>
  <color>
   Красный
  </color>
  <material>
   Шелк
  </material>
  <price>
   843426
  </price>
  <rating>
   2.23
  </rating>
  <reviews>
   697078
  </reviews>
  <exclusive>
   yes
  </exclusive>
  <sporty>
   yes
  </sporty>
 </clothing>
 <clothing>
  <id>
   914329774
  </id>
  <name>
   Asics Socks A-4670
  </name>
  <category>
   Socks
  </category>
  <size>
   XXL
  </size>
  <color>
   Красный
  </color>
  <material>
   Кожа
  </material>
  <price>
   984643
  </price>
  <rating>
   3.23
  </rating>
  <reviews>
   266379
  </reviews>
  <sporty>
   no
  </sporty>
 </clothing>
 <clothing>
  <id>
   577942172
  </id>
  <name>
   Puma Belts O-5501
  </name>
  <category>
   Belts
  </category>
  <size>
   XL
  </size>
  <color>
   Оранжевый
  </color>
  <material>
   Полиэстер
  </material>
  <price>
   581860
  </price>
  <rating>
   2.58
  </rating>
  <reviews>
   279793
  </reviews>
  <exclusive>
   yes
  </exclusive>
 </clothing>
 <clothing>
  <id>
   442753614
  </id>
  <name>
   Asics Pants B-5983
  </name>
  <category>
   Pants
  </category>
  <size>
   XL
  </size>
  <color>
   Фиолетовый
  </color>
  <material>
   Шерсть
  </material>
  <price>
   585973
  </price>
  <rating>
   2.17
  </rating>
  <reviews>
   645449
  </reviews>
  <new>
   -
  </new>
  <sporty>
   yes
  </sporty>
 </clothing>
 <clothing>
  <id>
   951043507
  </id>
  <name>
   Adidas Handbags M-7187
  </name>
  <category>
   Handbags
  </category>
  <size>
   S
  </size>
  <color>
   Оранжевый
  </color>
  <material>
   Лен
  </material>
  <price>
   121224
  </price>
  <rating>
   2.82
  </rating>
  <reviews>
   232257
  </reviews>
  <new>
   -
  </new>
  <sporty>
   no
  </sporty>
 </clothing>
 <clothing>
  <id>
   963485205
  </id>
  <name>
   New Balance Sweater T-9190
  </name>
  <category>
   Sweater
  </category>
  <size>
   M
  </size>
  <color>
   Синий
  </color>
  <material>
   Хлопок
  </material>
  <price>
   941211
  </price>
  <rating>
   1.87
  </rating>
  <reviews>
   64678
  </reviews>
  <new>
   -
  </new>
 </clothing>
</clothing-items>
