<?xml version="1.0" encoding="utf-8"?>
<clothing-items>
 <clothing>
  <id>
   971223234
  </id>
  <name>
   New Balance Dress N-4051
  </name>
  <category>
   Dress
  </category>
  <size>
   XXL
  </size>
  <color>
   Зеленый
  </color>
  <material>
   Хлопок
  </material>
  <price>
   975287
  </price>
  <rating>
   2.13
  </rating>
  <reviews>
   640189
  </reviews>
  <new>
   +
  </new>
  <sporty>
   no
  </sporty>
 </clothing>
 <clothing>
  <id>
   179976901
  </id>
  <name>
   New Balance Shoes K-2884
  </name>
  <category>
   Shoes
  </category>
  <size>
   S
  </size>
  <color>
   Оранжевый
  </color>
  <material>
   Нейлон
  </material>
  <price>
   197276
  </price>
  <rating>
   3.76
  </rating>
  <reviews>
   696558
  </reviews>
  <new>
   -
  </new>
 </clothing>
 <clothing>
  <id>
   718070794
  </id>
  <name>
   Reebok Hat T-1946
  </name>
  <category>
   Hat
  </category>
  <size>
   XXL
  </size>
  <color>
   Красный
  </color>
  <material>
   Хлопок
  </material>
  <price>
   460295
  </price>
  <rating>
   3.72
  </rating>
  <reviews>
   307204
  </reviews>
  <exclusive>
   yes
  </exclusive>
 </clothing>
 <clothing>
  <id>
   623992583
  </id>
  <name>
   Under Armour Hat Z-6860
  </name>
  <category>
   Hat
  </category>
  <size>
   M
  </size>
  <color>
   Желтый
  </color>
  <material>
   Шерсть
  </material>
  <price>
   480415
  </price>
  <rating>
   1.73
  </rating>
  <reviews>
   925568
  </reviews>
  <new>
   +
  </new>
  <exclusive>
   no
  </exclusive>
  <sporty>
   yes
  </sporty>
 </clothing>
 <clothing>
  <id>
   176647866
  </id>
  <name>
   Brooks Pants O-8098
  </name>
  <category>
   Pants
  </category>
  <size>
   XL
  </size>
  <color>
   Фиолетовый
  </color>
  <material>
   Вискоза
  </material>
  <price>
   226500
  </price>
  <rating>
   2.96
  </rating>
  <reviews>
   889326
  </reviews>
  <new>
   -
  </new>
  <exclusive>
   yes
  </exclusive>
  <sporty>
   no
  </sporty>
 </clothing>
 <clothing>
  <id>
   722869056
  </id>
  <name>
   DC Shirt I-3476
  </name>
  <category>
   Shirt
  </category>
  <size>
   S
  </size>
  <color>
   Оранжевый
  </color>
  <material>
   Лен
  </material>
  <price>
   973177
  </price>
  <rating>
   1.53
  </rating>
  <reviews>
   614546
  </reviews>
  <new>
   +
  </new>
 </clothing>
 <clothing>
  <id>
   801440959
  </id>
  <name>
   DC Jacket Q-9784
  </name>
  <category>
   Jacket
  </category>
  <size>
   XXL
  </size>
  <color>
   Зеленый
  </color>
  <material>
   Хлопок
  </material>
  <price>
   223356
  </price>
  <rating>
   1.32
  </rating>
  <reviews>
   827096
  </reviews>
  <exclusive>
   yes
  </exclusive>
 </clothing>
 <clothing>
  <id>
   103655451
  </id>
  <name>
   Addidas Umbrellas X-8308
  </name>
  <category>
   Umbrellas
  </category>
  <size>
   S
  </size>
  <color>
   Красный
  </color>
  <material>
   Вискоза
  </material>
  <price>
   154314
  </price>
  <rating>
   1.47
  </rating>
  <reviews>
   107793
  </reviews>
  <new>
   +
  </new>
  <sporty>
   no
  </sporty>
 </clothing>
 <clothing>
  <id>
   942780129
  </id>
  <name>
   Puma Blouse L-9922
  </name>
  <category>
   Blouse
  </category>
  <size>
   M
  </size>
  <color>
   Желтый
  </color>
  <material>
   Шерсть
  </material>
  <price>
   886058
  </price>
  <rating>
   1.6
  </rating>
  <reviews>
   156268
  </reviews>
  <exclusive>
   yes
  </exclusive>
 </clothing>
 <clothing>
  <id>
   876307830
  </id>
  <name>
   Lacoste Shoes C-9683
  </name>
  <category>
   Shoes
  </category>
  <size>
   XXL
  </size>
  <color>
   Синий
  </color>
  <material>
   Полиэстер
  </material>
  <price>
   284388
  </price>
  <rating>
   1.31
  </rating>
  <reviews>
   205756
  </reviews>
  <exclusive>
   no
  </exclusive>
  <sporty>
   no
  </sporty>
 </clothing>
 <clothing>
  <id>
   136289684
  </id>
  <name>
   Puma Jacket B-9568
  </name>
  <category>
   Jacket
  </category>
  <size>
   XXL
  </size>
  <color>
   Оранжевый
  </color>
  <material>
   Шерсть
  </material>
  <price>
   128767
  </price>
  <rating>
   3.76
  </rating>
  <reviews>
   986912
  </reviews>
  <new>
   -
  </new>
  <exclusive>
   yes
  </exclusive>
 </clothing>
 <clothing>
  <id>
   152214499
  </id>
  <name>
   Vans Umbrellas X-7145
  </name>
  <category>
   Umbrellas
  </category>
  <size>
   L
  </size>
  <color>
   Синий
  </color>
  <material>
   Полиэстер
  </material>
  <price>
   385710
  </price>
  <rating>
   3.15
  </rating>
  <reviews>
   186068
  </reviews>
  <new>
   -
  </new>
 </clothing>
 <clothing>
  <id>
   288099740
  </id>
  <name>
   PleinSport Socks U-9078
  </name>
  <category>
   Socks
  </category>
  <size>
   XL
  </size>
  <color>
   Оранжевый
  </color>
  <material>
   Полиэстер
  </material>
  <price>
   718219
  </price>
  <rating>
   4.97
  </rating>
  <reviews>
   551629
  </reviews>
  <exclusive>
   no
  </exclusive>
 </clothing>
 <clothing>
  <id>
   188636301
  </id>
  <name>
   Fila Sweater V-9169
  </name>
  <category>
   Sweater
  </category>
  <size>
   L
  </size>
  <color>
   Желтый
  </color>
  <material>
   Вискоза
  </material>
  <price>
   819133
  </price>
  <rating>
   1.59
  </rating>
  <reviews>
   947411
  </reviews>
 </clothing>
 <clothing>
  <id>
   598693454
  </id>
  <name>
   Brooks Shoes L-7019
  </name>
  <category>
   Shoes
  </category>
  <size>
   L
  </size>
  <color>
   Желтый
  </color>
  <material>
   Вискоза
  </material>
  <price>
   185768
  </price>
  <rating>
   3.26
  </rating>
  <reviews>
   464471
  </reviews>
  <new>
   -
  </new>
  <sporty>
   yes
  </sporty>
 </clothing>
 <clothing>
  <id>
   542861293
  </id>
  <name>
   Fila Shoes Z-7771
  </name>
  <category>
   Shoes
  </category>
  <size>
   XXL
  </size>
  <color>
   Фиолетовый
  </color>
  <material>
   Шелк
  </material>
  <price>
   539066
  </price>
  <rating>
   4.24
  </rating>
  <reviews>
   963150
  </reviews>
  <new>
   +
  </new>
  <exclusive>
   yes
  </exclusive>
  <sporty>
   no
  </sporty>
 </clothing>
 <clothing>
  <id>
   459012152
  </id>
  <name>
   Converse Shoes C-6738
  </name>
  <category>
   Shoes
  </category>
  <size>
   S
  </size>
  <color>
   Голубой
  </color>
  <material>
   Лен
  </material>
  <price>
   138540
  </price>
  <rating>
   1.76
  </rating>
  <reviews>
   862680
  </reviews>
  <new>
   +
  </new>
 </clothing>
 <clothing>
  <id>
   930545035
  </id>
  <name>
   PleinSport Handbags H-2109
  </name>
  <category>
   Handbags
  </category>
  <size>
   XXL
  </size>
  <color>
   Голубой
  </color>
  <material>
   Вискоза
  </material>
  <price>
   864491
  </price>
  <rating>
   3.61
  </rating>
  <reviews>
   340613
  </reviews>
  <new>
   +
  </new>
  <exclusive>
   no
  </exclusive>
 </clothing>
 <clothing>
  <id>
   562046592
  </id>
  <name>
   Brooks Shirt G-2003
  </name>
  <category>
   Shirt
  </category>
  <size>
   M
  </size>
  <color>
   Красный
  </color>
  <material>
   Шерсть
  </material>
  <price>
   984962
  </price>
  <rating>
   1.82
  </rating>
  <reviews>
   271717
  </reviews>
  <new>
   -
  </new>
  <exclusive>
   no
  </exclusive>
  <sporty>
   no
  </sporty>
 </clothing>
 <clothing>
  <id>
   814569093
  </id>
  <name>
   Nike T-shirt F-3815
  </name>
  <category>
   T-shirt
  </category>
  <size>
   M
  </size>
  <color>
   Оранжевый
  </color>
  <material>
   Шерсть
  </material>
  <price>
   904108
  </price>
  <rating>
   1.85
  </rating>
  <reviews>
   870559
  </reviews>
  <new>
   +
  </new>
  <exclusive>
   no
  </exclusive>
  <sporty>
   no
  </sporty>
 </clothing>
 <clothing>
  <id>
   552010615
  </id>
  <name>
   Under Armour Umbrellas S-9388
  </name>
  <category>
   Umbrellas
  </category>
  <size>
   M
  </size>
  <color>
   Зеленый
  </color>
  <material>
   Хлопок
  </material>
  <price>
   695243
  </price>
  <rating>
   4.55
  </rating>
  <reviews>
   629779
  </reviews>
  <new>
   -
  </new>
  <exclusive>
   no
  </exclusive>
  <sporty>
   no
  </sporty>
 </clothing>
 <clothing>
  <id>
   871715293
  </id>
  <name>
   New Balance Dress O-8602
  </name>
  <category>
   Dress
  </category>
  <size>
   XL
  </size>
  <color>
   Оранжевый
  </color>
  <material>
   Нейлон
  </material>
  <price>
   830082
  </price>
  <rating>
   3.32
  </rating>
  <reviews>
   506754
  </reviews>
 </clothing>
 <clothing>
  <id>
   122595348
  </id>
  <name>
   Lacoste Skirt D-8104
  </name>
  <category>
   Skirt
  </category>
  <size>
   XL
  </size>
  <color>
   Синий
  </color>
  <material>
   Нейлон
  </material>
  <price>
   900331
  </price>
  <rating>
   1.5
  </rating>
  <reviews>
   490764
  </reviews>
  <exclusive>
   no
  </exclusive>
  <sporty>
   no
  </sporty>
 </clothing>
 <clothing>
  <id>
   110061953
  </id>
  <name>
   Nike Handbags K-1119
  </name>
  <category>
   Handbags
  </category>
  <size>
   S
  </size>
  <color>
   Фиолетовый
  </color>
  <material>
   Кожа
  </material>
  <price>
   870578
  </price>
  <rating>
   3.31
  </rating>
  <reviews>
   932542
  </reviews>
  <new>
   -
  </new>
  <exclusive>
   yes
  </exclusive>
  <sporty>
   yes
  </sporty>
 </clothing>
 <clothing>
  <id>
   580180915
  </id>
  <name>
   Brooks Jacket U-5787
  </name>
  <category>
   Jacket
  </category>
  <size>
   XXL
  </size>
  <color>
   Голубой
  </color>
  <material>
   Шерсть
  </material>
  <price>
   491220
  </price>
  <rating>
   3.79
  </rating>
  <reviews>
   341267
  </reviews>
 </clothing>
 <clothing>
  <id>
   491797548
  </id>
  <name>
   PleinSport Belts A-9052
  </name>
  <category>
   Belts
  </category>
  <size>
   XL
  </size>
  <color>
   Голубой
  </color>
  <material>
   Хлопок
  </material>
  <price>
   152164
  </price>
  <rating>
   1.88
  </rating>
  <reviews>
   680519
  </reviews>
  <new>
   +
  </new>
  <exclusive>
   no
  </exclusive>
  <sporty>
   yes
  </sporty>
 </clothing>
 <clothing>
  <id>
   386766096
  </id>
  <name>
   Vans Belts F-8759
  </name>
  <category>
   Belts
  </category>
  <size>
   XL
  </size>
  <color>
   Зеленый
  </color>
  <material>
   Кожа
  </material>
  <price>
   487887
  </price>
  <rating>
   1.36
  </rating>
  <reviews>
   725227
  </reviews>
  <new>
   -
  </new>
  <exclusive>
   no
  </exclusive>
  <sporty>
   no
  </sporty>
 </clothing>
 <clothing>
  <id>
   459705435
  </id>
  <name>
   Asics Shirt J-2057
  </name>
  <category>
   Shirt
  </category>
  <size>
   XXL
  </size>
  <color>
   Красный
  </color>
  <material>
   Шелк
  </material>
  <price>
   656311
  </price>
  <rating>
   1.26
  </rating>
  <reviews>
   159992
  </reviews>
  <new>
   -
  </new>
 </clothing>
 <clothing>
  <id>
   119017105
  </id>
  <name>
   Lacoste Jeans F-4998
  </name>
  <category>
   Jeans
  </category>
  <size>
   XL
  </size>
  <color>
   Красный
  </color>
  <material>
   Шелк
  </material>
  <price>
   325898
  </price>
  <rating>
   4.52
  </rating>
  <reviews>
   17219
  </reviews>
  <new>
   +
  </new>
  <exclusive>
   no
  </exclusive>
 </clothing>
 <clothing>
  <id>
   806837308
  </id>
  <name>
   Fila Blouse W-7079
  </name>
  <category>
   Blouse
  </category>
  <size>
   XL
  </size>
  <color>
   Красный
  </color>
  <material>
   Хлопок
  </material>
  <price>
   698431
  </price>
  <rating>
   3.69
  </rating>
  <reviews>
   611875
  </reviews>
  <sporty>
   no
  </sporty>
 </clothing>
 <clothing>
  <id>
   444429008
  </id>
  <name>
   Ellesse Hat L-2513
  </name>
  <category>
   Hat
  </category>
  <size>
   XL
  </size>
  <color>
   Зеленый
  </color>
  <material>
   Хлопок
  </material>
  <price>
   145990
  </price>
  <rating>
   1.81
  </rating>
  <reviews>
   350796
  </reviews>
  <new>
   -
  </new>
  <sporty>
   no
  </sporty>
 </clothing>
 <clothing>
  <id>
   825108631
  </id>
  <name>
   Addidas Shoes J-7648
  </name>
  <category>
   Shoes
  </category>
  <size>
   XXL
  </size>
  <color>
   Желтый
  </color>
  <material>
   Шелк
  </material>
  <price>
   944614
  </price>
  <rating>
   2.48
  </rating>
  <reviews>
   298148
  </reviews>
  <new>
   -
  </new>
 </clothing>
 <clothing>
  <id>
   683245445
  </id>
  <name>
   Addidas Belts B-6273
  </name>
  <category>
   Belts
  </category>
  <size>
   XXL
  </size>
  <color>
   Фиолетовый
  </color>
  <material>
   Кожа
  </material>
  <price>
   379872
  </price>
  <rating>
   3.65
  </rating>
  <reviews>
   318278
  </reviews>
 </clothing>
 <clothing>
  <id>
   602016505
  </id>
  <name>
   Asics Sweater U-9820
  </name>
  <category>
   Sweater
  </category>
  <size>
   S
  </size>
  <color>
   Зеленый
  </color>
  <material>
   Шерсть
  </material>
  <price>
   426458
  </price>
  <rating>
   1.2
  </rating>
  <reviews>
   860396
  </reviews>
  <exclusive>
   no
  </exclusive>
  <sporty>
   yes
  </sporty>
 </clothing>
</clothing-items>
