<?xml version="1.0" encoding="utf-8"?>
<clothing-items>
 <clothing>
  <id>
   121863909
  </id>
  <name>
   Ellesse Pants J-1824
  </name>
  <category>
   Pants
  </category>
  <size>
   XL
  </size>
  <color>
   Красный
  </color>
  <material>
   Нейлон
  </material>
  <price>
   948519
  </price>
  <rating>
   1.14
  </rating>
  <reviews>
   544137
  </reviews>
  <new>
   -
  </new>
  <exclusive>
   yes
  </exclusive>
 </clothing>
 <clothing>
  <id>
   398428146
  </id>
  <name>
   Reebok Handbags W-9645
  </name>
  <category>
   Handbags
  </category>
  <size>
   XL
  </size>
  <color>
   Синий
  </color>
  <material>
   Шелк
  </material>
  <price>
   732059
  </price>
  <rating>
   4.84
  </rating>
  <reviews>
   44851
  </reviews>
  <exclusive>
   yes
  </exclusive>
  <sporty>
   no
  </sporty>
 </clothing>
 <clothing>
  <id>
   760499505
  </id>
  <name>
   Under Armour Dress X-1054
  </name>
  <category>
   Dress
  </category>
  <size>
   XXL
  </size>
  <color>
   Синий
  </color>
  <material>
   Кожа
  </material>
  <price>
   883938
  </price>
  <rating>
   2.73
  </rating>
  <reviews>
   690844
  </reviews>
  <sporty>
   yes
  </sporty>
 </clothing>
 <clothing>
  <id>
   802468509
  </id>
  <name>
   Addidas Dress H-2306
  </name>
  <category>
   Dress
  </category>
  <size>
   L
  </size>
  <color>
   Зеленый
  </color>
  <material>
   Шерсть
  </material>
  <price>
   480649
  </price>
  <rating>
   4.42
  </rating>
  <reviews>
   155576
  </reviews>
  <new>
   -
  </new>
  <sporty>
   yes
  </sporty>
 </clothing>
 <clothing>
  <id>
   646805095
  </id>
  <name>
   Vans Shoes F-5640
  </name>
  <category>
   Shoes
  </category>
  <size>
   XXL
  </size>
  <color>
   Зеленый
  </color>
  <material>
   Полиэстер
  </material>
  <price>
   381830
  </price>
  <rating>
   1.9
  </rating>
  <reviews>
   298167
  </reviews>
  <exclusive>
   no
  </exclusive>
  <sporty>
   yes
  </sporty>
 </clothing>
 <clothing>
  <id>
   451873821
  </id>
  <name>
   Reebok Hat W-9046
  </name>
  <category>
   Hat
  </category>
  <size>
   S
  </size>
  <color>
   Синий
  </color>
  <material>
   Хлопок
  </material>
  <price>
   863094
  </price>
  <rating>
   2.93
  </rating>
  <reviews>
   839377
  </reviews>
  <new>
   -
  </new>
 </clothing>
 <clothing>
  <id>
   216504570
  </id>
  <name>
   Fila Shoes I-7975
  </name>
  <category>
   Shoes
  </category>
  <size>
   XXL
  </size>
  <color>
   Голубой
  </color>
  <material>
   Кожа
  </material>
  <price>
   720850
  </price>
  <rating>
   3.89
  </rating>
  <reviews>
   972258
  </reviews>
  <new>
   +
  </new>
  <exclusive>
   yes
  </exclusive>
  <sporty>
   no
  </sporty>
 </clothing>
 <clothing>
  <id>
   776477735
  </id>
  <name>
   Asics Shirt E-5160
  </name>
  <category>
   Shirt
  </category>
  <size>
   XL
  </size>
  <color>
   Красный
  </color>
  <material>
   Лен
  </material>
  <price>
   204543
  </price>
  <rating>
   3.75
  </rating>
  <reviews>
   314156
  </reviews>
 </clothing>
 <clothing>
  <id>
   333556567
  </id>
  <name>
   Puma Pants V-6645
  </name>
  <category>
   Pants
  </category>
  <size>
   XL
  </size>
  <color>
   Фиолетовый
  </color>
  <material>
   Шерсть
  </material>
  <price>
   689434
  </price>
  <rating>
   2.81
  </rating>
  <reviews>
   797364
  </reviews>
  <new>
   +
  </new>
  <exclusive>
   no
  </exclusive>
  <sporty>
   no
  </sporty>
 </clothing>
 <clothing>
  <id>
   104218114
  </id>
  <name>
   New Balance Shoes K-2933
  </name>
  <category>
   Shoes
  </category>
  <size>
   M
  </size>
  <color>
   Красный
  </color>
  <material>
   Полиэстер
  </material>
  <price>
   774291
  </price>
  <rating>
   3.46
  </rating>
  <reviews>
   220235
  </reviews>
  <exclusive>
   no
  </exclusive>
  <sporty>
   no
  </sporty>
 </clothing>
 <clothing>
  <id>
   210894843
  </id>
  <name>
   Lacoste T-shirt W-1372
  </name>
  <category>
   T-shirt
  </category>
  <size>
   XXL
  </size>
  <color>
   Красный
  </color>
  <material>
   Хлопок
  </material>
  <price>
   821614
  </price>
  <rating>
   3.66
  </rating>
  <reviews>
   950591
  </reviews>
  <exclusive>
   yes
  </exclusive>
  <sporty>
   no
  </sporty>
 </clothing>
 <clothing>
  <id>
   624580647
  </id>
  <name>
   Nike Shirt J-2209
  </name>
  <category>
   Shirt
  </category>
  <size>
   M
  </size>
  <color>
   Красный
  </color>
  <material>
   Шелк
  </material>
  <price>
   852483
  </price>
  <rating>
   3.87
  </rating>
  <reviews>
   175178
  </reviews>
  <new>
   +
  </new>
  <sporty>
   yes
  </sporty>
 </clothing>
 <clothing>
  <id>
   137686323
  </id>
  <name>
   Lacoste Jeans A-8346
  </name>
  <category>
   Jeans
  </category>
  <size>
   XXL
  </size>
  <color>
   Красный
  </color>
  <material>
   Шелк
  </material>
  <price>
   785073
  </price>
  <rating>
   4.21
  </rating>
  <reviews>
   64981
  </reviews>
  <new>
   +
  </new>
  <exclusive>
   yes
  </exclusive>
  <sporty>
   no
  </sporty>
 </clothing>
 <clothing>
  <id>
   558299937
  </id>
  <name>
   Addidas T-shirt J-2722
  </name>
  <category>
   T-shirt
  </category>
  <size>
   XL
  </size>
  <color>
   Фиолетовый
  </color>
  <material>
   Хлопок
  </material>
  <price>
   583396
  </price>
  <rating>
   2.55
  </rating>
  <reviews>
   290678
  </reviews>
  <new>
   +
  </new>
  <exclusive>
   yes
  </exclusive>
  <sporty>
   no
  </sporty>
 </clothing>
 <clothing>
  <id>
   805149168
  </id>
  <name>
   Brooks Shoes G-8524
  </name>
  <category>
   Shoes
  </category>
  <size>
   XXL
  </size>
  <color>
   Желтый
  </color>
  <material>
   Кожа
  </material>
  <price>
   297479
  </price>
  <rating>
   1.7
  </rating>
  <reviews>
   289232
  </reviews>
  <new>
   +
  </new>
  <exclusive>
   no
  </exclusive>
  <sporty>
   no
  </sporty>
 </clothing>
 <clothing>
  <id>
   258331081
  </id>
  <name>
   Converse Sweater A-9130
  </name>
  <category>
   Sweater
  </category>
  <size>
   XXL
  </size>
  <color>
   Желтый
  </color>
  <material>
   Нейлон
  </material>
  <price>
   816101
  </price>
  <rating>
   4.63
  </rating>
  <reviews>
   622847
  </reviews>
  <new>
   +
  </new>
  <sporty>
   no
  </sporty>
 </clothing>
 <clothing>
  <id>
   203430180
  </id>
  <name>
   Lacoste Belts E-2780
  </name>
  <category>
   Belts
  </category>
  <size>
   S
  </size>
  <color>
   Оранжевый
  </color>
  <material>
   Лен
  </material>
  <price>
   328483
  </price>
  <rating>
   2.12
  </rating>
  <reviews>
   150026
  </reviews>
  <new>
   -
  </new>
  <sporty>
   yes
  </sporty>
 </clothing>
 <clothing>
  <id>
   617553133
  </id>
  <name>
   Vans Belts R-9847
  </name>
  <category>
   Belts
  </category>
  <size>
   XXL
  </size>
  <color>
   Оранжевый
  </color>
  <material>
   Шерсть
  </material>
  <price>
   319086
  </price>
  <rating>
   2.36
  </rating>
  <reviews>
   836231
  </reviews>
  <new>
   -
  </new>
  <exclusive>
   yes
  </exclusive>
 </clothing>
 <clothing>
  <id>
   543971993
  </id>
  <name>
   Under Armour Skirt G-9893
  </name>
  <category>
   Skirt
  </category>
  <size>
   XXL
  </size>
  <color>
   Оранжевый
  </color>
  <material>
   Нейлон
  </material>
  <price>
   762767
  </price>
  <rating>
   2.23
  </rating>
  <reviews>
   130964
  </reviews>
  <exclusive>
   no
  </exclusive>
 </clothing>
 <clothing>
  <id>
   392548955
  </id>
  <name>
   Fila Handbags G-5650
  </name>
  <category>
   Handbags
  </category>
  <size>
   M
  </size>
  <color>
   Синий
  </color>
  <material>
   Нейлон
  </material>
  <price>
   580815
  </price>
  <rating>
   3.75
  </rating>
  <reviews>
   317286
  </reviews>
  <exclusive>
   no
  </exclusive>
  <sporty>
   no
  </sporty>
 </clothing>
 <clothing>
  <id>
   331516324
  </id>
  <name>
   Under Armour Skirt S-6604
  </name>
  <category>
   Skirt
  </category>
  <size>
   L
  </size>
  <color>
   Фиолетовый
  </color>
  <material>
   Кожа
  </material>
  <price>
   202196
  </price>
  <rating>
   4.63
  </rating>
  <reviews>
   209521
  </reviews>
  <exclusive>
   no
  </exclusive>
  <sporty>
   yes
  </sporty>
 </clothing>
 <clothing>
  <id>
   591303712
  </id>
  <name>
   Under Armour Shirt G-2789
  </name>
  <category>
   Shirt
  </category>
  <size>
   M
  </size>
  <color>
   Фиолетовый
  </color>
  <material>
   Вискоза
  </material>
  <price>
   109411
  </price>
  <rating>
   2.13
  </rating>
  <reviews>
   893622
  </reviews>
  <new>
   -
  </new>
  <exclusive>
   no
  </exclusive>
  <sporty>
   no
  </sporty>
 </clothing>
 <clothing>
  <id>
   830990431
  </id>
  <name>
   Adidas Sweater J-9465
  </name>
  <category>
   Sweater
  </category>
  <size>
   M
  </size>
  <color>
   Оранжевый
  </color>
  <material>
   Вискоза
  </material>
  <price>
   805890
  </price>
  <rating>
   4.47
  </rating>
  <reviews>
   449686
  </reviews>
  <new>
   -
  </new>
  <exclusive>
   no
  </exclusive>
  <sporty>
   yes
  </sporty>
 </clothing>
 <clothing>
  <id>
   959530669
  </id>
  <name>
   Converse Blouse V-3387
  </name>
  <category>
   Blouse
  </category>
  <size>
   M
  </size>
  <color>
   Фиолетовый
  </color>
  <material>
   Лен
  </material>
  <price>
   574465
  </price>
  <rating>
   1.65
  </rating>
  <reviews>
   900130
  </reviews>
  <new>
   +
  </new>
 </clothing>
 <clothing>
  <id>
   962718152
  </id>
  <name>
   DC Umbrellas A-8197
  </name>
  <category>
   Umbrellas
  </category>
  <size>
   L
  </size>
  <color>
   Фиолетовый
  </color>
  <material>
   Хлопок
  </material>
  <price>
   865824
  </price>
  <rating>
   4.24
  </rating>
  <reviews>
   897188
  </reviews>
  <exclusive>
   no
  </exclusive>
 </clothing>
 <clothing>
  <id>
   568652784
  </id>
  <name>
   Puma Belts V-1874
  </name>
  <category>
   Belts
  </category>
  <size>
   XXL
  </size>
  <color>
   Синий
  </color>
  <material>
   Лен
  </material>
  <price>
   207512
  </price>
  <rating>
   3.3
  </rating>
  <reviews>
   743738
  </reviews>
  <new>
   +
  </new>
  <exclusive>
   yes
  </exclusive>
  <sporty>
   no
  </sporty>
 </clothing>
 <clothing>
  <id>
   786620906
  </id>
  <name>
   Reebok Blouse G-1681
  </name>
  <category>
   Blouse
  </category>
  <size>
   S
  </size>
  <color>
   Синий
  </color>
  <material>
   Хлопок
  </material>
  <price>
   768486
  </price>
  <rating>
   4.58
  </rating>
  <reviews>
   352688
  </reviews>
  <new>
   +
  </new>
  <sporty>
   no
  </sporty>
 </clothing>
 <clothing>
  <id>
   359114023
  </id>
  <name>
   DC T-shirt C-7263
  </name>
  <category>
   T-shirt
  </category>
  <size>
   S
  </size>
  <color>
   Желтый
  </color>
  <material>
   Шелк
  </material>
  <price>
   492298
  </price>
  <rating>
   2.94
  </rating>
  <reviews>
   275683
  </reviews>
  <new>
   -
  </new>
  <exclusive>
   no
  </exclusive>
 </clothing>
 <clothing>
  <id>
   347486263
  </id>
  <name>
   Asics Pants M-1158
  </name>
  <category>
   Pants
  </category>
  <size>
   M
  </size>
  <color>
   Фиолетовый
  </color>
  <material>
   Полиэстер
  </material>
  <price>
   500629
  </price>
  <rating>
   4.29
  </rating>
  <reviews>
   244679
  </reviews>
  <sporty>
   no
  </sporty>
 </clothing>
 <clothing>
  <id>
   363891552
  </id>
  <name>
   Nike T-shirt X-1599
  </name>
  <category>
   T-shirt
  </category>
  <size>
   XL
  </size>
  <color>
   Желтый
  </color>
  <material>
   Кожа
  </material>
  <price>
   780420
  </price>
  <rating>
   4.99
  </rating>
  <reviews>
   806453
  </reviews>
  <new>
   +
  </new>
  <exclusive>
   no
  </exclusive>
  <sporty>
   no
  </sporty>
 </clothing>
 <clothing>
  <id>
   700811804
  </id>
  <name>
   Nike Skirt K-9123
  </name>
  <category>
   Skirt
  </category>
  <size>
   XL
  </size>
  <color>
   Красный
  </color>
  <material>
   Шерсть
  </material>
  <price>
   641062
  </price>
  <rating>
   4.18
  </rating>
  <reviews>
   103797
  </reviews>
  <new>
   +
  </new>
  <sporty>
   yes
  </sporty>
 </clothing>
 <clothing>
  <id>
   889067095
  </id>
  <name>
   Adidas T-shirt S-6727
  </name>
  <category>
   T-shirt
  </category>
  <size>
   M
  </size>
  <color>
   Оранжевый
  </color>
  <material>
   Кожа
  </material>
  <price>
   449536
  </price>
  <rating>
   4.32
  </rating>
  <reviews>
   475453
  </reviews>
  <new>
   +
  </new>
  <exclusive>
   yes
  </exclusive>
 </clothing>
 <clothing>
  <id>
   662706475
  </id>
  <name>
   Nike Sweater J-6628
  </name>
  <category>
   Sweater
  </category>
  <size>
   S
  </size>
  <color>
   Голубой
  </color>
  <material>
   Шелк
  </material>
  <price>
   116302
  </price>
  <rating>
   3.0
  </rating>
  <reviews>
   398830
  </reviews>
  <new>
   +
  </new>
  <exclusive>
   no
  </exclusive>
 </clothing>
 <clothing>
  <id>
   295620368
  </id>
  <name>
   Adidas Handbags H-8566
  </name>
  <category>
   Handbags
  </category>
  <size>
   L
  </size>
  <color>
   Синий
  </color>
  <material>
   Кожа
  </material>
  <price>
   666321
  </price>
  <rating>
   3.39
  </rating>
  <reviews>
   709524
  </reviews>
 </clothing>
 <clothing>
  <id>
   652618870
  </id>
  <name>
   Under Armour Gloves C-5451
  </name>
  <category>
   Gloves
  </category>
  <size>
   S
  </size>
  <color>
   Желтый
  </color>
  <material>
   Шелк
  </material>
  <price>
   334379
  </price>
  <rating>
   2.03
  </rating>
  <reviews>
   322812
  </reviews>
  <new>
   -
  </new>
 </clothing>
 <clothing>
  <id>
   319366639
  </id>
  <name>
   Adidas T-shirt Q-9426
  </name>
  <category>
   T-shirt
  </category>
  <size>
   L
  </size>
  <color>
   Фиолетовый
  </color>
  <material>
   Кожа
  </material>
  <price>
   502842
  </price>
  <rating>
   4.78
  </rating>
  <reviews>
   691029
  </reviews>
  <exclusive>
   yes
  </exclusive>
 </clothing>
 <clothing>
  <id>
   456723519
  </id>
  <name>
   Adidas Jeans B-4133
  </name>
  <category>
   Jeans
  </category>
  <size>
   XL
  </size>
  <color>
   Красный
  </color>
  <material>
   Вискоза
  </material>
  <price>
   846123
  </price>
  <rating>
   4.94
  </rating>
  <reviews>
   174858
  </reviews>
 </clothing>
 <clothing>
  <id>
   709357334
  </id>
  <name>
   Brooks Umbrellas V-9115
  </name>
  <category>
   Umbrellas
  </category>
  <size>
   M
  </size>
  <color>
   Желтый
  </color>
  <material>
   Кожа
  </material>
  <price>
   748347
  </price>
  <rating>
   2.33
  </rating>
  <reviews>
   852187
  </reviews>
  <new>
   +
  </new>
 </clothing>
</clothing-items>
