<?xml version="1.0" encoding="utf-8"?>
<clothing-items>
 <clothing>
  <id>
   258525019
  </id>
  <name>
   Addidas Skirt G-1500
  </name>
  <category>
   Skirt
  </category>
  <size>
   S
  </size>
  <color>
   Желтый
  </color>
  <material>
   Вискоза
  </material>
  <price>
   711538
  </price>
  <rating>
   2.1
  </rating>
  <reviews>
   895612
  </reviews>
  <new>
   -
  </new>
  <exclusive>
   no
  </exclusive>
 </clothing>
 <clothing>
  <id>
   413116146
  </id>
  <name>
   New Balance Blouse X-4772
  </name>
  <category>
   Blouse
  </category>
  <size>
   XL
  </size>
  <color>
   Фиолетовый
  </color>
  <material>
   Лен
  </material>
  <price>
   670746
  </price>
  <rating>
   1.15
  </rating>
  <reviews>
   179875
  </reviews>
  <new>
   -
  </new>
  <exclusive>
   yes
  </exclusive>
 </clothing>
 <clothing>
  <id>
   433894491
  </id>
  <name>
   Asics Handbags E-7656
  </name>
  <category>
   Handbags
  </category>
  <size>
   L
  </size>
  <color>
   Оранжевый
  </color>
  <material>
   Лен
  </material>
  <price>
   907519
  </price>
  <rating>
   4.27
  </rating>
  <reviews>
   767517
  </reviews>
  <new>
   +
  </new>
  <sporty>
   no
  </sporty>
 </clothing>
 <clothing>
  <id>
   542469091
  </id>
  <name>
   Asics Umbrellas I-6721
  </name>
  <category>
   Umbrellas
  </category>
  <size>
   L
  </size>
  <color>
   Зеленый
  </color>
  <material>
   Лен
  </material>
  <price>
   548020
  </price>
  <rating>
   3.92
  </rating>
  <reviews>
   893253
  </reviews>
  <exclusive>
   yes
  </exclusive>
  <sporty>
   no
  </sporty>
 </clothing>
 <clothing>
  <id>
   349736859
  </id>
  <name>
   Under Armour Jeans M-6695
  </name>
  <category>
   Jeans
  </category>
  <size>
   L
  </size>
  <color>
   Голубой
  </color>
  <material>
   Хлопок
  </material>
  <price>
   654335
  </price>
  <rating>
   2.45
  </rating>
  <reviews>
   433892
  </reviews>
  <new>
   +
  </new>
 </clothing>
 <clothing>
  <id>
   591111663
  </id>
  <name>
   Converse Gloves Y-6127
  </name>
  <category>
   Gloves
  </category>
  <size>
   XXL
  </size>
  <color>
   Синий
  </color>
  <material>
   Хлопок
  </material>
  <price>
   947316
  </price>
  <rating>
   2.1
  </rating>
  <reviews>
   298832
  </reviews>
  <new>
   -
  </new>
  <sporty>
   yes
  </sporty>
 </clothing>
 <clothing>
  <id>
   707905642
  </id>
  <name>
   Fila Jacket N-4628
  </name>
  <category>
   Jacket
  </category>
  <size>
   XXL
  </size>
  <color>
   Голубой
  </color>
  <material>
   Нейлон
  </material>
  <price>
   358601
  </price>
  <rating>
   4.89
  </rating>
  <reviews>
   831128
  </reviews>
  <sporty>
   yes
  </sporty>
 </clothing>
 <clothing>
  <id>
   157067553
  </id>
  <name>
   Vans Pants Q-7062
  </name>
  <category>
   Pants
  </category>
  <size>
   S
  </size>
  <color>
   Желтый
  </color>
  <material>
   Полиэстер
  </material>
  <price>
   992388
  </price>
  <rating>
   3.36
  </rating>
  <reviews>
   801076
  </reviews>
  <new>
   -
  </new>
  <sporty>
   no
  </sporty>
 </clothing>
 <clothing>
  <id>
   777901605
  </id>
  <name>
   Asics Shirt K-3640
  </name>
  <category>
   Shirt
  </category>
  <size>
   M
  </size>
  <color>
   Зеленый
  </color>
  <material>
   Лен
  </material>
  <price>
   633518
  </price>
  <rating>
   3.87
  </rating>
  <reviews>
   934510
  </reviews>
  <new>
   +
  </new>
  <exclusive>
   no
  </exclusive>
 </clothing>
 <clothing>
  <id>
   261932415
  </id>
  <name>
   Puma Pants I-3457
  </name>
  <category>
   Pants
  </category>
  <size>
   XL
  </size>
  <color>
   Оранжевый
  </color>
  <material>
   Шелк
  </material>
  <price>
   586856
  </price>
  <rating>
   3.17
  </rating>
  <reviews>
   619513
  </reviews>
  <exclusive>
   no
  </exclusive>
  <sporty>
   no
  </sporty>
 </clothing>
 <clothing>
  <id>
   736900551
  </id>
  <name>
   Vans Dress U-7422
  </name>
  <category>
   Dress
  </category>
  <size>
   S
  </size>
  <color>
   Зеленый
  </color>
  <material>
   Хлопок
  </material>
  <price>
   981950
  </price>
  <rating>
   3.01
  </rating>
  <reviews>
   798041
  </reviews>
  <new>
   -
  </new>
  <sporty>
   no
  </sporty>
 </clothing>
 <clothing>
  <id>
   460603446
  </id>
  <name>
   Puma Jacket S-5158
  </name>
  <category>
   Jacket
  </category>
  <size>
   XXL
  </size>
  <color>
   Фиолетовый
  </color>
  <material>
   Хлопок
  </material>
  <price>
   365571
  </price>
  <rating>
   4.8
  </rating>
  <reviews>
   311148
  </reviews>
  <exclusive>
   no
  </exclusive>
 </clothing>
 <clothing>
  <id>
   427644958
  </id>
  <name>
   Lacoste Handbags W-6775
  </name>
  <category>
   Handbags
  </category>
  <size>
   S
  </size>
  <color>
   Синий
  </color>
  <material>
   Лен
  </material>
  <price>
   466745
  </price>
  <rating>
   4.37
  </rating>
  <reviews>
   210085
  </reviews>
  <exclusive>
   yes
  </exclusive>
  <sporty>
   no
  </sporty>
 </clothing>
 <clothing>
  <id>
   635048993
  </id>
  <name>
   Under Armour Umbrellas Z-6709
  </name>
  <category>
   Umbrellas
  </category>
  <size>
   S
  </size>
  <color>
   Оранжевый
  </color>
  <material>
   Хлопок
  </material>
  <price>
   951493
  </price>
  <rating>
   2.32
  </rating>
  <reviews>
   495736
  </reviews>
  <new>
   -
  </new>
  <exclusive>
   no
  </exclusive>
  <sporty>
   no
  </sporty>
 </clothing>
 <clothing>
  <id>
   362627605
  </id>
  <name>
   DC Handbags X-4777
  </name>
  <category>
   Handbags
  </category>
  <size>
   L
  </size>
  <color>
   Зеленый
  </color>
  <material>
   Шерсть
  </material>
  <price>
   214458
  </price>
  <rating>
   2.49
  </rating>
  <reviews>
   353061
  </reviews>
  <exclusive>
   no
  </exclusive>
 </clothing>
 <clothing>
  <id>
   321933538
  </id>
  <name>
   DC Socks Y-8898
  </name>
  <category>
   Socks
  </category>
  <size>
   XXL
  </size>
  <color>
   Фиолетовый
  </color>
  <material>
   Лен
  </material>
  <price>
   423824
  </price>
  <rating>
   2.53
  </rating>
  <reviews>
   949606
  </reviews>
  <new>
   -
  </new>
  <exclusive>
   no
  </exclusive>
  <sporty>
   no
  </sporty>
 </clothing>
 <clothing>
  <id>
   600342118
  </id>
  <name>
   Reebok Handbags T-1333
  </name>
  <category>
   Handbags
  </category>
  <size>
   XL
  </size>
  <color>
   Синий
  </color>
  <material>
   Нейлон
  </material>
  <price>
   299637
  </price>
  <rating>
   2.32
  </rating>
  <reviews>
   205280
  </reviews>
  <new>
   -
  </new>
  <exclusive>
   no
  </exclusive>
  <sporty>
   no
  </sporty>
 </clothing>
 <clothing>
  <id>
   466485534
  </id>
  <name>
   Addidas T-shirt M-1272
  </name>
  <category>
   T-shirt
  </category>
  <size>
   S
  </size>
  <color>
   Синий
  </color>
  <material>
   Шерсть
  </material>
  <price>
   702206
  </price>
  <rating>
   4.49
  </rating>
  <reviews>
   970423
  </reviews>
  <exclusive>
   no
  </exclusive>
  <sporty>
   no
  </sporty>
 </clothing>
 <clothing>
  <id>
   846610929
  </id>
  <name>
   Brooks Hat B-6140
  </name>
  <category>
   Hat
  </category>
  <size>
   XXL
  </size>
  <color>
   Оранжевый
  </color>
  <material>
   Лен
  </material>
  <price>
   381308
  </price>
  <rating>
   4.49
  </rating>
  <reviews>
   733041
  </reviews>
  <new>
   +
  </new>
  <exclusive>
   no
  </exclusive>
  <sporty>
   yes
  </sporty>
 </clothing>
 <clothing>
  <id>
   654941843
  </id>
  <name>
   Addidas Shirt G-6495
  </name>
  <category>
   Shirt
  </category>
  <size>
   S
  </size>
  <color>
   Голубой
  </color>
  <material>
   Нейлон
  </material>
  <price>
   843130
  </price>
  <rating>
   3.19
  </rating>
  <reviews>
   647177
  </reviews>
  <sporty>
   no
  </sporty>
 </clothing>
 <clothing>
  <id>
   669767497
  </id>
  <name>
   PleinSport Skirt B-4599
  </name>
  <category>
   Skirt
  </category>
  <size>
   L
  </size>
  <color>
   Оранжевый
  </color>
  <material>
   Нейлон
  </material>
  <price>
   548976
  </price>
  <rating>
   2.59
  </rating>
  <reviews>
   165437
  </reviews>
  <new>
   -
  </new>
  <exclusive>
   no
  </exclusive>
 </clothing>
 <clothing>
  <id>
   951929405
  </id>
  <name>
   Addidas Shirt P-1964
  </name>
  <category>
   Shirt
  </category>
  <size>
   S
  </size>
  <color>
   Синий
  </color>
  <material>
   Вискоза
  </material>
  <price>
   986798
  </price>
  <rating>
   1.86
  </rating>
  <reviews>
   765223
  </reviews>
  <new>
   +
  </new>
  <exclusive>
   yes
  </exclusive>
  <sporty>
   yes
  </sporty>
 </clothing>
 <clothing>
  <id>
   866022398
  </id>
  <name>
   Ellesse Pants M-9324
  </name>
  <category>
   Pants
  </category>
  <size>
   S
  </size>
  <color>
   Красный
  </color>
  <material>
   Полиэстер
  </material>
  <price>
   927604
  </price>
  <rating>
   1.52
  </rating>
  <reviews>
   863900
  </reviews>
  <sporty>
   no
  </sporty>
 </clothing>
 <clothing>
  <id>
   558086727
  </id>
  <name>
   Lacoste Gloves M-3561
  </name>
  <category>
   Gloves
  </category>
  <size>
   XXL
  </size>
  <color>
   Фиолетовый
  </color>
  <material>
   Кожа
  </material>
  <price>
   225821
  </price>
  <rating>
   3.79
  </rating>
  <reviews>
   341231
  </reviews>
  <new>
   +
  </new>
  <exclusive>
   yes
  </exclusive>
 </clothing>
 <clothing>
  <id>
   474780954
  </id>
  <name>
   Lacoste Hat I-3492
  </name>
  <category>
   Hat
  </category>
  <size>
   XL
  </size>
  <color>
   Синий
  </color>
  <material>
   Полиэстер
  </material>
  <price>
   447351
  </price>
  <rating>
   4.97
  </rating>
  <reviews>
   995098
  </reviews>
  <new>
   +
  </new>
 </clothing>
 <clothing>
  <id>
   573003175
  </id>
  <name>
   Adidas Shirt Q-5690
  </name>
  <category>
   Shirt
  </category>
  <size>
   L
  </size>
  <color>
   Фиолетовый
  </color>
  <material>
   Шелк
  </material>
  <price>
   420456
  </price>
  <rating>
   2.31
  </rating>
  <reviews>
   780882
  </reviews>
  <new>
   +
  </new>
  <exclusive>
   yes
  </exclusive>
  <sporty>
   yes
  </sporty>
 </clothing>
 <clothing>
  <id>
   717697125
  </id>
  <name>
   PleinSport Hat W-1307
  </name>
  <category>
   Hat
  </category>
  <size>
   S
  </size>
  <color>
   Зеленый
  </color>
  <material>
   Кожа
  </material>
  <price>
   875476
  </price>
  <rating>
   3.52
  </rating>
  <reviews>
   586861
  </reviews>
  <new>
   +
  </new>
  <exclusive>
   no
  </exclusive>
 </clothing>
 <clothing>
  <id>
   263833681
  </id>
  <name>
   Asics T-shirt U-7751
  </name>
  <category>
   T-shirt
  </category>
  <size>
   S
  </size>
  <color>
   Красный
  </color>
  <material>
   Вискоза
  </material>
  <price>
   344970
  </price>
  <rating>
   4.84
  </rating>
  <reviews>
   591125
  </reviews>
  <new>
   +
  </new>
  <sporty>
   yes
  </sporty>
 </clothing>
 <clothing>
  <id>
   567382148
  </id>
  <name>
   Addidas Socks J-1750
  </name>
  <category>
   Socks
  </category>
  <size>
   M
  </size>
  <color>
   Красный
  </color>
  <material>
   Полиэстер
  </material>
  <price>
   633275
  </price>
  <rating>
   4.63
  </rating>
  <reviews>
   692645
  </reviews>
  <new>
   +
  </new>
  <exclusive>
   yes
  </exclusive>
  <sporty>
   yes
  </sporty>
 </clothing>
 <clothing>
  <id>
   941795134
  </id>
  <name>
   Ellesse Gloves R-2931
  </name>
  <category>
   Gloves
  </category>
  <size>
   XL
  </size>
  <color>
   Голубой
  </color>
  <material>
   Лен
  </material>
  <price>
   662082
  </price>
  <rating>
   4.83
  </rating>
  <reviews>
   992573
  </reviews>
  <new>
   -
  </new>
 </clothing>
 <clothing>
  <id>
   162947483
  </id>
  <name>
   Brooks Sweater L-5580
  </name>
  <category>
   Sweater
  </category>
  <size>
   XXL
  </size>
  <color>
   Красный
  </color>
  <material>
   Нейлон
  </material>
  <price>
   954424
  </price>
  <rating>
   1.4
  </rating>
  <reviews>
   171637
  </reviews>
  <exclusive>
   no
  </exclusive>
 </clothing>
 <clothing>
  <id>
   367863693
  </id>
  <name>
   Addidas T-shirt G-8274
  </name>
  <category>
   T-shirt
  </category>
  <size>
   S
  </size>
  <color>
   Красный
  </color>
  <material>
   Хлопок
  </material>
  <price>
   105006
  </price>
  <rating>
   3.84
  </rating>
  <reviews>
   141015
  </reviews>
  <sporty>
   no
  </sporty>
 </clothing>
 <clothing>
  <id>
   262871192
  </id>
  <name>
   Converse Blouse C-3577
  </name>
  <category>
   Blouse
  </category>
  <size>
   S
  </size>
  <color>
   Фиолетовый
  </color>
  <material>
   Вискоза
  </material>
  <price>
   635555
  </price>
  <rating>
   3.01
  </rating>
  <reviews>
   125941
  </reviews>
  <new>
   -
  </new>
  <exclusive>
   yes
  </exclusive>
  <sporty>
   no
  </sporty>
 </clothing>
 <clothing>
  <id>
   503846732
  </id>
  <name>
   Fila Pants V-6863
  </name>
  <category>
   Pants
  </category>
  <size>
   XL
  </size>
  <color>
   Фиолетовый
  </color>
  <material>
   Шерсть
  </material>
  <price>
   399952
  </price>
  <rating>
   3.9
  </rating>
  <reviews>
   200792
  </reviews>
 </clothing>
 <clothing>
  <id>
   975421498
  </id>
  <name>
   Reebok Sweater B-2287
  </name>
  <category>
   Sweater
  </category>
  <size>
   XXL
  </size>
  <color>
   Синий
  </color>
  <material>
   Нейлон
  </material>
  <price>
   759972
  </price>
  <rating>
   2.7
  </rating>
  <reviews>
   598681
  </reviews>
  <new>
   +
  </new>
  <sporty>
   yes
  </sporty>
 </clothing>
 <clothing>
  <id>
   605561331
  </id>
  <name>
   Vans Jacket X-2309
  </name>
  <category>
   Jacket
  </category>
  <size>
   S
  </size>
  <color>
   Желтый
  </color>
  <material>
   Шерсть
  </material>
  <price>
   600061
  </price>
  <rating>
   4.0
  </rating>
  <reviews>
   137549
  </reviews>
  <exclusive>
   no
  </exclusive>
  <sporty>
   no
  </sporty>
 </clothing>
 <clothing>
  <id>
   343590886
  </id>
  <name>
   Brooks Jeans G-2529
  </name>
  <category>
   Jeans
  </category>
  <size>
   L
  </size>
  <color>
   Синий
  </color>
  <material>
   Вискоза
  </material>
  <price>
   701830
  </price>
  <rating>
   1.33
  </rating>
  <reviews>
   489922
  </reviews>
 </clothing>
 <clothing>
  <id>
   125640910
  </id>
  <name>
   New Balance T-shirt F-8420
  </name>
  <category>
   T-shirt
  </category>
  <size>
   S
  </size>
  <color>
   Оранжевый
  </color>
  <material>
   Шелк
  </material>
  <price>
   124562
  </price>
  <rating>
   1.45
  </rating>
  <reviews>
   565145
  </reviews>
 </clothing>
 <clothing>
  <id>
   101905336
  </id>
  <name>
   Nike T-shirt P-5122
  </name>
  <category>
   T-shirt
  </category>
  <size>
   XL
  </size>
  <color>
   Желтый
  </color>
  <material>
   Вискоза
  </material>
  <price>
   969846
  </price>
  <rating>
   4.97
  </rating>
  <reviews>
   643911
  </reviews>
 </clothing>
 <clothing>
  <id>
   294317031
  </id>
  <name>
   Nike Dress N-2203
  </name>
  <category>
   Dress
  </category>
  <size>
   XL
  </size>
  <color>
   Желтый
  </color>
  <material>
   Шелк
  </material>
  <price>
   386823
  </price>
  <rating>
   4.8
  </rating>
  <reviews>
   526425
  </reviews>
  <new>
   -
  </new>
 </clothing>
 <clothing>
  <id>
   305284703
  </id>
  <name>
   Reebok Sweater H-1714
  </name>
  <category>
   Sweater
  </category>
  <size>
   S
  </size>
  <color>
   Красный
  </color>
  <material>
   Лен
  </material>
  <price>
   260190
  </price>
  <rating>
   2.23
  </rating>
  <reviews>
   14548
  </reviews>
  <new>
   -
  </new>
  <exclusive>
   no
  </exclusive>
 </clothing>
 <clothing>
  <id>
   493249157
  </id>
  <name>
   Brooks Hat M-6580
  </name>
  <category>
   Hat
  </category>
  <size>
   XL
  </size>
  <color>
   Зеленый
  </color>
  <material>
   Лен
  </material>
  <price>
   240356
  </price>
  <rating>
   3.45
  </rating>
  <reviews>
   233269
  </reviews>
  <new>
   -
  </new>
  <sporty>
   no
  </sporty>
 </clothing>
 <clothing>
  <id>
   589412027
  </id>
  <name>
   Puma Sweater S-1204
  </name>
  <category>
   Sweater
  </category>
  <size>
   S
  </size>
  <color>
   Оранжевый
  </color>
  <material>
   Вискоза
  </material>
  <price>
   837562
  </price>
  <rating>
   3.23
  </rating>
  <reviews>
   549255
  </reviews>
  <exclusive>
   no
  </exclusive>
  <sporty>
   yes
  </sporty>
 </clothing>
 <clothing>
  <id>
   132870539
  </id>
  <name>
   Addidas Shoes T-4176
  </name>
  <category>
   Shoes
  </category>
  <size>
   M
  </size>
  <color>
   Голубой
  </color>
  <material>
   Шелк
  </material>
  <price>
   279520
  </price>
  <rating>
   4.71
  </rating>
  <reviews>
   860280
  </reviews>
  <exclusive>
   yes
  </exclusive>
  <sporty>
   yes
  </sporty>
 </clothing>
</clothing-items>
