<?xml version="1.0" encoding="utf-8"?>
<clothing-items>
 <clothing>
  <id>
   619163938
  </id>
  <name>
   PleinSport Umbrellas E-3341
  </name>
  <category>
   Umbrellas
  </category>
  <size>
   S
  </size>
  <color>
   Красный
  </color>
  <material>
   Шелк
  </material>
  <price>
   198548
  </price>
  <rating>
   1.94
  </rating>
  <reviews>
   781190
  </reviews>
  <exclusive>
   yes
  </exclusive>
  <sporty>
   yes
  </sporty>
 </clothing>
 <clothing>
  <id>
   509811385
  </id>
  <name>
   DC Jeans L-6057
  </name>
  <category>
   Jeans
  </category>
  <size>
   XXL
  </size>
  <color>
   Красный
  </color>
  <material>
   Кожа
  </material>
  <price>
   737553
  </price>
  <rating>
   3.51
  </rating>
  <reviews>
   557649
  </reviews>
  <sporty>
   yes
  </sporty>
 </clothing>
 <clothing>
  <id>
   810496218
  </id>
  <name>
   Vans Umbrellas L-2640
  </name>
  <category>
   Umbrellas
  </category>
  <size>
   XL
  </size>
  <color>
   Голубой
  </color>
  <material>
   Шелк
  </material>
  <price>
   382453
  </price>
  <rating>
   4.6
  </rating>
  <reviews>
   761958
  </reviews>
  <exclusive>
   yes
  </exclusive>
  <sporty>
   yes
  </sporty>
 </clothing>
 <clothing>
  <id>
   385594718
  </id>
  <name>
   Under Armour Jacket M-6912
  </name>
  <category>
   Jacket
  </category>
  <size>
   XL
  </size>
  <color>
   Фиолетовый
  </color>
  <material>
   Вискоза
  </material>
  <price>
   344184
  </price>
  <rating>
   1.74
  </rating>
  <reviews>
   12612
  </reviews>
  <exclusive>
   no
  </exclusive>
 </clothing>
 <clothing>
  <id>
   547665337
  </id>
  <name>
   New Balance Socks U-2665
  </name>
  <category>
   Socks
  </category>
  <size>
   M
  </size>
  <color>
   Синий
  </color>
  <material>
   Хлопок
  </material>
  <price>
   629444
  </price>
  <rating>
   4.9
  </rating>
  <reviews>
   499291
  </reviews>
  <new>
   +
  </new>
  <exclusive>
   yes
  </exclusive>
  <sporty>
   yes
  </sporty>
 </clothing>
 <clothing>
  <id>
   571787903
  </id>
  <name>
   Adidas Dress T-8005
  </name>
  <category>
   Dress
  </category>
  <size>
   S
  </size>
  <color>
   Синий
  </color>
  <material>
   Лен
  </material>
  <price>
   325115
  </price>
  <rating>
   2.6
  </rating>
  <reviews>
   690449
  </reviews>
  <exclusive>
   yes
  </exclusive>
  <sporty>
   no
  </sporty>
 </clothing>
 <clothing>
  <id>
   438055880
  </id>
  <name>
   New Balance Dress T-4751
  </name>
  <category>
   Dress
  </category>
  <size>
   S
  </size>
  <color>
   Фиолетовый
  </color>
  <material>
   Кожа
  </material>
  <price>
   982521
  </price>
  <rating>
   2.32
  </rating>
  <reviews>
   472844
  </reviews>
  <sporty>
   yes
  </sporty>
 </clothing>
 <clothing>
  <id>
   233605570
  </id>
  <name>
   Fila Shoes C-3099
  </name>
  <category>
   Shoes
  </category>
  <size>
   XXL
  </size>
  <color>
   Голубой
  </color>
  <material>
   Шерсть
  </material>
  <price>
   836905
  </price>
  <rating>
   1.64
  </rating>
  <reviews>
   42040
  </reviews>
  <new>
   -
  </new>
 </clothing>
 <clothing>
  <id>
   970213271
  </id>
  <name>
   Adidas Shirt H-4186
  </name>
  <category>
   Shirt
  </category>
  <size>
   XL
  </size>
  <color>
   Желтый
  </color>
  <material>
   Вискоза
  </material>
  <price>
   954703
  </price>
  <rating>
   4.85
  </rating>
  <reviews>
   596003
  </reviews>
  <new>
   +
  </new>
  <exclusive>
   no
  </exclusive>
 </clothing>
 <clothing>
  <id>
   101474771
  </id>
  <name>
   Adidas Shoes F-4939
  </name>
  <category>
   Shoes
  </category>
  <size>
   XL
  </size>
  <color>
   Желтый
  </color>
  <material>
   Хлопок
  </material>
  <price>
   728699
  </price>
  <rating>
   4.63
  </rating>
  <reviews>
   364352
  </reviews>
  <exclusive>
   no
  </exclusive>
 </clothing>
 <clothing>
  <id>
   578591431
  </id>
  <name>
   Nike Jeans T-3063
  </name>
  <category>
   Jeans
  </category>
  <size>
   XXL
  </size>
  <color>
   Синий
  </color>
  <material>
   Кожа
  </material>
  <price>
   710649
  </price>
  <rating>
   2.39
  </rating>
  <reviews>
   621716
  </reviews>
  <new>
   +
  </new>
  <exclusive>
   yes
  </exclusive>
  <sporty>
   no
  </sporty>
 </clothing>
 <clothing>
  <id>
   691631753
  </id>
  <name>
   Vans Hat X-1706
  </name>
  <category>
   Hat
  </category>
  <size>
   L
  </size>
  <color>
   Желтый
  </color>
  <material>
   Хлопок
  </material>
  <price>
   595167
  </price>
  <rating>
   2.45
  </rating>
  <reviews>
   689910
  </reviews>
  <new>
   +
  </new>
  <exclusive>
   no
  </exclusive>
  <sporty>
   yes
  </sporty>
 </clothing>
 <clothing>
  <id>
   819918548
  </id>
  <name>
   Lacoste Sweater O-5066
  </name>
  <category>
   Sweater
  </category>
  <size>
   XXL
  </size>
  <color>
   Оранжевый
  </color>
  <material>
   Вискоза
  </material>
  <price>
   921564
  </price>
  <rating>
   1.56
  </rating>
  <reviews>
   111136
  </reviews>
  <exclusive>
   yes
  </exclusive>
 </clothing>
 <clothing>
  <id>
   784286272
  </id>
  <name>
   Nike Umbrellas E-1879
  </name>
  <category>
   Umbrellas
  </category>
  <size>
   S
  </size>
  <color>
   Желтый
  </color>
  <material>
   Лен
  </material>
  <price>
   386732
  </price>
  <rating>
   4.96
  </rating>
  <reviews>
   306059
  </reviews>
  <new>
   +
  </new>
  <exclusive>
   no
  </exclusive>
  <sporty>
   no
  </sporty>
 </clothing>
 <clothing>
  <id>
   532452575
  </id>
  <name>
   Converse Hat M-5186
  </name>
  <category>
   Hat
  </category>
  <size>
   XL
  </size>
  <color>
   Зеленый
  </color>
  <material>
   Шерсть
  </material>
  <price>
   342247
  </price>
  <rating>
   4.66
  </rating>
  <reviews>
   950954
  </reviews>
  <new>
   -
  </new>
  <sporty>
   yes
  </sporty>
 </clothing>
 <clothing>
  <id>
   418583849
  </id>
  <name>
   Asics Blouse X-8153
  </name>
  <category>
   Blouse
  </category>
  <size>
   XL
  </size>
  <color>
   Желтый
  </color>
  <material>
   Хлопок
  </material>
  <price>
   129432
  </price>
  <rating>
   3.51
  </rating>
  <reviews>
   816491
  </reviews>
  <new>
   -
  </new>
 </clothing>
 <clothing>
  <id>
   420630391
  </id>
  <name>
   Nike Shirt U-6209
  </name>
  <category>
   Shirt
  </category>
  <size>
   L
  </size>
  <color>
   Желтый
  </color>
  <material>
   Нейлон
  </material>
  <price>
   913621
  </price>
  <rating>
   3.78
  </rating>
  <reviews>
   376432
  </reviews>
  <new>
   -
  </new>
  <sporty>
   no
  </sporty>
 </clothing>
 <clothing>
  <id>
   752722087
  </id>
  <name>
   Converse Jeans M-5562
  </name>
  <category>
   Jeans
  </category>
  <size>
   L
  </size>
  <color>
   Синий
  </color>
  <material>
   Лен
  </material>
  <price>
   352542
  </price>
  <rating>
   2.45
  </rating>
  <reviews>
   172969
  </reviews>
  <new>
   -
  </new>
 </clothing>
 <clothing>
  <id>
   562987217
  </id>
  <name>
   Brooks Dress B-7052
  </name>
  <category>
   Dress
  </category>
  <size>
   M
  </size>
  <color>
   Синий
  </color>
  <material>
   Вискоза
  </material>
  <price>
   755759
  </price>
  <rating>
   1.17
  </rating>
  <reviews>
   894465
  </reviews>
  <new>
   -
  </new>
  <exclusive>
   no
  </exclusive>
 </clothing>
 <clothing>
  <id>
   634696898
  </id>
  <name>
   Under Armour Jeans V-6059
  </name>
  <category>
   Jeans
  </category>
  <size>
   M
  </size>
  <color>
   Синий
  </color>
  <material>
   Вискоза
  </material>
  <price>
   258229
  </price>
  <rating>
   4.51
  </rating>
  <reviews>
   938822
  </reviews>
  <exclusive>
   no
  </exclusive>
  <sporty>
   yes
  </sporty>
 </clothing>
 <clothing>
  <id>
   501696175
  </id>
  <name>
   Reebok Umbrellas T-1786
  </name>
  <category>
   Umbrellas
  </category>
  <size>
   XL
  </size>
  <color>
   Оранжевый
  </color>
  <material>
   Нейлон
  </material>
  <price>
   394696
  </price>
  <rating>
   2.96
  </rating>
  <reviews>
   552207
  </reviews>
  <new>
   +
  </new>
  <exclusive>
   no
  </exclusive>
  <sporty>
   yes
  </sporty>
 </clothing>
 <clothing>
  <id>
   683038833
  </id>
  <name>
   Fila Shoes Q-1137
  </name>
  <category>
   Shoes
  </category>
  <size>
   S
  </size>
  <color>
   Красный
  </color>
  <material>
   Шерсть
  </material>
  <price>
   313508
  </price>
  <rating>
   4.28
  </rating>
  <reviews>
   652297
  </reviews>
  <new>
   +
  </new>
  <sporty>
   yes
  </sporty>
 </clothing>
 <clothing>
  <id>
   557569085
  </id>
  <name>
   PleinSport Shirt J-8414
  </name>
  <category>
   Shirt
  </category>
  <size>
   M
  </size>
  <color>
   Оранжевый
  </color>
  <material>
   Лен
  </material>
  <price>
   987605
  </price>
  <rating>
   3.11
  </rating>
  <reviews>
   921922
  </reviews>
  <new>
   +
  </new>
  <exclusive>
   yes
  </exclusive>
 </clothing>
 <clothing>
  <id>
   364585271
  </id>
  <name>
   DC Hat Z-6629
  </name>
  <category>
   Hat
  </category>
  <size>
   S
  </size>
  <color>
   Красный
  </color>
  <material>
   Вискоза
  </material>
  <price>
   999725
  </price>
  <rating>
   1.97
  </rating>
  <reviews>
   489562
  </reviews>
  <new>
   -
  </new>
  <exclusive>
   no
  </exclusive>
  <sporty>
   no
  </sporty>
 </clothing>
 <clothing>
  <id>
   137039553
  </id>
  <name>
   PleinSport Shoes Q-8767
  </name>
  <category>
   Shoes
  </category>
  <size>
   L
  </size>
  <color>
   Зеленый
  </color>
  <material>
   Нейлон
  </material>
  <price>
   643666
  </price>
  <rating>
   1.67
  </rating>
  <reviews>
   706197
  </reviews>
  <new>
   -
  </new>
  <exclusive>
   yes
  </exclusive>
 </clothing>
 <clothing>
  <id>
   833765729
  </id>
  <name>
   Adidas Sweater C-1642
  </name>
  <category>
   Sweater
  </category>
  <size>
   XL
  </size>
  <color>
   Желтый
  </color>
  <material>
   Нейлон
  </material>
  <price>
   811693
  </price>
  <rating>
   1.45
  </rating>
  <reviews>
   192058
  </reviews>
  <exclusive>
   no
  </exclusive>
 </clothing>
</clothing-items>
