<?xml version="1.0" encoding="utf-8"?>
<clothing-items>
 <clothing>
  <id>
   378056495
  </id>
  <name>
   PleinSport Gloves I-3196
  </name>
  <category>
   Gloves
  </category>
  <size>
   M
  </size>
  <color>
   Красный
  </color>
  <material>
   Вискоза
  </material>
  <price>
   302356
  </price>
  <rating>
   4.05
  </rating>
  <reviews>
   508036
  </reviews>
  <exclusive>
   no
  </exclusive>
  <sporty>
   no
  </sporty>
 </clothing>
 <clothing>
  <id>
   514402351
  </id>
  <name>
   Vans Handbags T-4013
  </name>
  <category>
   Handbags
  </category>
  <size>
   XL
  </size>
  <color>
   Фиолетовый
  </color>
  <material>
   Вискоза
  </material>
  <price>
   367595
  </price>
  <rating>
   2.47
  </rating>
  <reviews>
   950087
  </reviews>
  <exclusive>
   no
  </exclusive>
  <sporty>
   no
  </sporty>
 </clothing>
 <clothing>
  <id>
   167815609
  </id>
  <name>
   Converse Blouse H-2010
  </name>
  <category>
   Blouse
  </category>
  <size>
   XXL
  </size>
  <color>
   Желтый
  </color>
  <material>
   Лен
  </material>
  <price>
   401581
  </price>
  <rating>
   3.57
  </rating>
  <reviews>
   827860
  </reviews>
 </clothing>
 <clothing>
  <id>
   912143071
  </id>
  <name>
   Brooks Belts S-9251
  </name>
  <category>
   Belts
  </category>
  <size>
   L
  </size>
  <color>
   Голубой
  </color>
  <material>
   Нейлон
  </material>
  <price>
   976788
  </price>
  <rating>
   1.76
  </rating>
  <reviews>
   234258
  </reviews>
  <new>
   +
  </new>
 </clothing>
 <clothing>
  <id>
   503231870
  </id>
  <name>
   Nike Dress Q-8780
  </name>
  <category>
   Dress
  </category>
  <size>
   XL
  </size>
  <color>
   Зеленый
  </color>
  <material>
   Нейлон
  </material>
  <price>
   389166
  </price>
  <rating>
   4.11
  </rating>
  <reviews>
   183940
  </reviews>
  <new>
   -
  </new>
  <exclusive>
   no
  </exclusive>
 </clothing>
 <clothing>
  <id>
   131072754
  </id>
  <name>
   Under Armour Gloves E-4068
  </name>
  <category>
   Gloves
  </category>
  <size>
   XXL
  </size>
  <color>
   Фиолетовый
  </color>
  <material>
   Нейлон
  </material>
  <price>
   629569
  </price>
  <rating>
   2.33
  </rating>
  <reviews>
   324854
  </reviews>
  <new>
   -
  </new>
  <exclusive>
   no
  </exclusive>
  <sporty>
   yes
  </sporty>
 </clothing>
 <clothing>
  <id>
   842812312
  </id>
  <name>
   PleinSport Jacket V-6811
  </name>
  <category>
   Jacket
  </category>
  <size>
   M
  </size>
  <color>
   Синий
  </color>
  <material>
   Вискоза
  </material>
  <price>
   579585
  </price>
  <rating>
   3.82
  </rating>
  <reviews>
   169311
  </reviews>
  <new>
   -
  </new>
  <exclusive>
   no
  </exclusive>
 </clothing>
 <clothing>
  <id>
   294316762
  </id>
  <name>
   PleinSport Sweater P-8196
  </name>
  <category>
   Sweater
  </category>
  <size>
   S
  </size>
  <color>
   Красный
  </color>
  <material>
   Вискоза
  </material>
  <price>
   724844
  </price>
  <rating>
   2.61
  </rating>
  <reviews>
   230995
  </reviews>
 </clothing>
 <clothing>
  <id>
   915247855
  </id>
  <name>
   Reebok Jacket A-2081
  </name>
  <category>
   Jacket
  </category>
  <size>
   L
  </size>
  <color>
   Голубой
  </color>
  <material>
   Вискоза
  </material>
  <price>
   699235
  </price>
  <rating>
   4.81
  </rating>
  <reviews>
   730937
  </reviews>
  <new>
   +
  </new>
 </clothing>
 <clothing>
  <id>
   238652219
  </id>
  <name>
   Addidas Gloves Z-5297
  </name>
  <category>
   Gloves
  </category>
  <size>
   XL
  </size>
  <color>
   Оранжевый
  </color>
  <material>
   Лен
  </material>
  <price>
   643780
  </price>
  <rating>
   4.08
  </rating>
  <reviews>
   165961
  </reviews>
  <new>
   +
  </new>
  <exclusive>
   yes
  </exclusive>
  <sporty>
   no
  </sporty>
 </clothing>
 <clothing>
  <id>
   446303411
  </id>
  <name>
   DC Jeans O-9054
  </name>
  <category>
   Jeans
  </category>
  <size>
   S
  </size>
  <color>
   Голубой
  </color>
  <material>
   Нейлон
  </material>
  <price>
   495723
  </price>
  <rating>
   3.13
  </rating>
  <reviews>
   604051
  </reviews>
  <exclusive>
   no
  </exclusive>
  <sporty>
   no
  </sporty>
 </clothing>
 <clothing>
  <id>
   367526729
  </id>
  <name>
   Ellesse T-shirt E-3978
  </name>
  <category>
   T-shirt
  </category>
  <size>
   XXL
  </size>
  <color>
   Зеленый
  </color>
  <material>
   Лен
  </material>
  <price>
   227872
  </price>
  <rating>
   3.72
  </rating>
  <reviews>
   17634
  </reviews>
  <sporty>
   yes
  </sporty>
 </clothing>
 <clothing>
  <id>
   287083012
  </id>
  <name>
   Lacoste T-shirt Q-8482
  </name>
  <category>
   T-shirt
  </category>
  <size>
   L
  </size>
  <color>
   Зеленый
  </color>
  <material>
   Полиэстер
  </material>
  <price>
   228051
  </price>
  <rating>
   4.71
  </rating>
  <reviews>
   107383
  </reviews>
  <new>
   +
  </new>
  <sporty>
   yes
  </sporty>
 </clothing>
 <clothing>
  <id>
   743792226
  </id>
  <name>
   Addidas Skirt Q-8232
  </name>
  <category>
   Skirt
  </category>
  <size>
   L
  </size>
  <color>
   Красный
  </color>
  <material>
   Шерсть
  </material>
  <price>
   902919
  </price>
  <rating>
   3.58
  </rating>
  <reviews>
   7000
  </reviews>
  <new>
   -
  </new>
  <exclusive>
   no
  </exclusive>
 </clothing>
 <clothing>
  <id>
   290029588
  </id>
  <name>
   Addidas Shoes X-6624
  </name>
  <category>
   Shoes
  </category>
  <size>
   L
  </size>
  <color>
   Оранжевый
  </color>
  <material>
   Лен
  </material>
  <price>
   219893
  </price>
  <rating>
   3.41
  </rating>
  <reviews>
   716637
  </reviews>
  <new>
   +
  </new>
  <exclusive>
   no
  </exclusive>
  <sporty>
   yes
  </sporty>
 </clothing>
 <clothing>
  <id>
   229308766
  </id>
  <name>
   Addidas Sweater R-4380
  </name>
  <category>
   Sweater
  </category>
  <size>
   XXL
  </size>
  <color>
   Красный
  </color>
  <material>
   Нейлон
  </material>
  <price>
   525779
  </price>
  <rating>
   2.46
  </rating>
  <reviews>
   841889
  </reviews>
  <new>
   -
  </new>
  <exclusive>
   no
  </exclusive>
 </clothing>
 <clothing>
  <id>
   502500022
  </id>
  <name>
   DC Blouse C-3651
  </name>
  <category>
   Blouse
  </category>
  <size>
   M
  </size>
  <color>
   Желтый
  </color>
  <material>
   Хлопок
  </material>
  <price>
   808188
  </price>
  <rating>
   2.76
  </rating>
  <reviews>
   920029
  </reviews>
  <new>
   -
  </new>
  <exclusive>
   no
  </exclusive>
  <sporty>
   yes
  </sporty>
 </clothing>
 <clothing>
  <id>
   994236175
  </id>
  <name>
   Adidas Shirt T-1303
  </name>
  <category>
   Shirt
  </category>
  <size>
   M
  </size>
  <color>
   Желтый
  </color>
  <material>
   Хлопок
  </material>
  <price>
   850561
  </price>
  <rating>
   2.85
  </rating>
  <reviews>
   91336
  </reviews>
  <exclusive>
   yes
  </exclusive>
  <sporty>
   no
  </sporty>
 </clothing>
 <clothing>
  <id>
   598012558
  </id>
  <name>
   Nike Blouse T-9667
  </name>
  <category>
   Blouse
  </category>
  <size>
   XXL
  </size>
  <color>
   Фиолетовый
  </color>
  <material>
   Вискоза
  </material>
  <price>
   977040
  </price>
  <rating>
   4.98
  </rating>
  <reviews>
   352376
  </reviews>
  <exclusive>
   no
  </exclusive>
  <sporty>
   no
  </sporty>
 </clothing>
 <clothing>
  <id>
   951836820
  </id>
  <name>
   Reebok Jeans W-6471
  </name>
  <category>
   Jeans
  </category>
  <size>
   M
  </size>
  <color>
   Синий
  </color>
  <material>
   Нейлон
  </material>
  <price>
   417994
  </price>
  <rating>
   4.95
  </rating>
  <reviews>
   665093
  </reviews>
  <exclusive>
   no
  </exclusive>
  <sporty>
   no
  </sporty>
 </clothing>
 <clothing>
  <id>
   637631885
  </id>
  <name>
   New Balance Dress P-9245
  </name>
  <category>
   Dress
  </category>
  <size>
   L
  </size>
  <color>
   Оранжевый
  </color>
  <material>
   Кожа
  </material>
  <price>
   105766
  </price>
  <rating>
   3.39
  </rating>
  <reviews>
   931334
  </reviews>
  <sporty>
   no
  </sporty>
 </clothing>
</clothing-items>
