<?xml version="1.0" encoding="utf-8"?>
<clothing-items>
 <clothing>
  <id>
   544307903
  </id>
  <name>
   Puma Jeans U-2695
  </name>
  <category>
   Jeans
  </category>
  <size>
   S
  </size>
  <color>
   Фиолетовый
  </color>
  <material>
   Нейлон
  </material>
  <price>
   133344
  </price>
  <rating>
   1.33
  </rating>
  <reviews>
   735921
  </reviews>
  <exclusive>
   yes
  </exclusive>
  <sporty>
   no
  </sporty>
 </clothing>
 <clothing>
  <id>
   363169628
  </id>
  <name>
   DC Skirt P-3683
  </name>
  <category>
   Skirt
  </category>
  <size>
   M
  </size>
  <color>
   Фиолетовый
  </color>
  <material>
   Лен
  </material>
  <price>
   197851
  </price>
  <rating>
   1.27
  </rating>
  <reviews>
   724095
  </reviews>
  <new>
   +
  </new>
  <exclusive>
   no
  </exclusive>
  <sporty>
   yes
  </sporty>
 </clothing>
 <clothing>
  <id>
   243689009
  </id>
  <name>
   Asics Umbrellas Z-4075
  </name>
  <category>
   Umbrellas
  </category>
  <size>
   XL
  </size>
  <color>
   Красный
  </color>
  <material>
   Кожа
  </material>
  <price>
   476859
  </price>
  <rating>
   1.52
  </rating>
  <reviews>
   863118
  </reviews>
  <new>
   +
  </new>
  <exclusive>
   no
  </exclusive>
  <sporty>
   yes
  </sporty>
 </clothing>
 <clothing>
  <id>
   150464561
  </id>
  <name>
   Reebok T-shirt R-5979
  </name>
  <category>
   T-shirt
  </category>
  <size>
   L
  </size>
  <color>
   Голубой
  </color>
  <material>
   Полиэстер
  </material>
  <price>
   689665
  </price>
  <rating>
   2.58
  </rating>
  <reviews>
   760413
  </reviews>
  <new>
   -
  </new>
  <exclusive>
   yes
  </exclusive>
  <sporty>
   no
  </sporty>
 </clothing>
 <clothing>
  <id>
   993173810
  </id>
  <name>
   Addidas Jacket T-6925
  </name>
  <category>
   Jacket
  </category>
  <size>
   XXL
  </size>
  <color>
   Красный
  </color>
  <material>
   Шелк
  </material>
  <price>
   136959
  </price>
  <rating>
   3.67
  </rating>
  <reviews>
   529731
  </reviews>
  <new>
   -
  </new>
  <sporty>
   no
  </sporty>
 </clothing>
 <clothing>
  <id>
   242131818
  </id>
  <name>
   Brooks Jacket X-5808
  </name>
  <category>
   Jacket
  </category>
  <size>
   XXL
  </size>
  <color>
   Синий
  </color>
  <material>
   Хлопок
  </material>
  <price>
   225087
  </price>
  <rating>
   1.78
  </rating>
  <reviews>
   771328
  </reviews>
  <new>
   -
  </new>
  <sporty>
   no
  </sporty>
 </clothing>
 <clothing>
  <id>
   964813485
  </id>
  <name>
   Asics Umbrellas N-7631
  </name>
  <category>
   Umbrellas
  </category>
  <size>
   M
  </size>
  <color>
   Синий
  </color>
  <material>
   Полиэстер
  </material>
  <price>
   579998
  </price>
  <rating>
   4.21
  </rating>
  <reviews>
   554307
  </reviews>
  <new>
   -
  </new>
 </clothing>
 <clothing>
  <id>
   193102482
  </id>
  <name>
   Puma Jeans F-3035
  </name>
  <category>
   Jeans
  </category>
  <size>
   M
  </size>
  <color>
   Желтый
  </color>
  <material>
   Лен
  </material>
  <price>
   286503
  </price>
  <rating>
   3.01
  </rating>
  <reviews>
   647748
  </reviews>
  <exclusive>
   yes
  </exclusive>
 </clothing>
 <clothing>
  <id>
   921862487
  </id>
  <name>
   Under Armour Sweater I-7852
  </name>
  <category>
   Sweater
  </category>
  <size>
   S
  </size>
  <color>
   Голубой
  </color>
  <material>
   Кожа
  </material>
  <price>
   546629
  </price>
  <rating>
   4.17
  </rating>
  <reviews>
   702451
  </reviews>
  <sporty>
   yes
  </sporty>
 </clothing>
 <clothing>
  <id>
   557215612
  </id>
  <name>
   DC Skirt V-8055
  </name>
  <category>
   Skirt
  </category>
  <size>
   XXL
  </size>
  <color>
   Фиолетовый
  </color>
  <material>
   Лен
  </material>
  <price>
   237506
  </price>
  <rating>
   2.42
  </rating>
  <reviews>
   430623
  </reviews>
  <new>
   +
  </new>
  <exclusive>
   no
  </exclusive>
 </clothing>
 <clothing>
  <id>
   532738248
  </id>
  <name>
   Reebok T-shirt N-3244
  </name>
  <category>
   T-shirt
  </category>
  <size>
   M
  </size>
  <color>
   Красный
  </color>
  <material>
   Лен
  </material>
  <price>
   418758
  </price>
  <rating>
   1.67
  </rating>
  <reviews>
   634242
  </reviews>
  <new>
   +
  </new>
  <exclusive>
   yes
  </exclusive>
 </clothing>
 <clothing>
  <id>
   684493638
  </id>
  <name>
   Vans Socks K-4165
  </name>
  <category>
   Socks
  </category>
  <size>
   S
  </size>
  <color>
   Желтый
  </color>
  <material>
   Нейлон
  </material>
  <price>
   222254
  </price>
  <rating>
   3.03
  </rating>
  <reviews>
   183201
  </reviews>
  <exclusive>
   yes
  </exclusive>
  <sporty>
   no
  </sporty>
 </clothing>
 <clothing>
  <id>
   456806014
  </id>
  <name>
   PleinSport Pants R-1667
  </name>
  <category>
   Pants
  </category>
  <size>
   XXL
  </size>
  <color>
   Красный
  </color>
  <material>
   Хлопок
  </material>
  <price>
   963300
  </price>
  <rating>
   1.16
  </rating>
  <reviews>
   224916
  </reviews>
  <new>
   -
  </new>
  <exclusive>
   no
  </exclusive>
  <sporty>
   no
  </sporty>
 </clothing>
 <clothing>
  <id>
   402894602
  </id>
  <name>
   Adidas Umbrellas P-3164
  </name>
  <category>
   Umbrellas
  </category>
  <size>
   L
  </size>
  <color>
   Голубой
  </color>
  <material>
   Лен
  </material>
  <price>
   480610
  </price>
  <rating>
   4.63
  </rating>
  <reviews>
   823952
  </reviews>
 </clothing>
 <clothing>
  <id>
   738576238
  </id>
  <name>
   Reebok Shirt Z-8559
  </name>
  <category>
   Shirt
  </category>
  <size>
   XXL
  </size>
  <color>
   Голубой
  </color>
  <material>
   Хлопок
  </material>
  <price>
   867006
  </price>
  <rating>
   1.34
  </rating>
  <reviews>
   839418
  </reviews>
  <exclusive>
   yes
  </exclusive>
  <sporty>
   no
  </sporty>
 </clothing>
 <clothing>
  <id>
   323539012
  </id>
  <name>
   DC Socks Y-5571
  </name>
  <category>
   Socks
  </category>
  <size>
   XL
  </size>
  <color>
   Оранжевый
  </color>
  <material>
   Вискоза
  </material>
  <price>
   980169
  </price>
  <rating>
   1.23
  </rating>
  <reviews>
   741598
  </reviews>
  <new>
   -
  </new>
  <exclusive>
   yes
  </exclusive>
 </clothing>
 <clothing>
  <id>
   653568451
  </id>
  <name>
   Puma Shoes D-3388
  </name>
  <category>
   Shoes
  </category>
  <size>
   XXL
  </size>
  <color>
   Голубой
  </color>
  <material>
   Вискоза
  </material>
  <price>
   521292
  </price>
  <rating>
   3.94
  </rating>
  <reviews>
   536198
  </reviews>
  <sporty>
   yes
  </sporty>
 </clothing>
 <clothing>
  <id>
   471610522
  </id>
  <name>
   Addidas Jeans U-7842
  </name>
  <category>
   Jeans
  </category>
  <size>
   XL
  </size>
  <color>
   Синий
  </color>
  <material>
   Кожа
  </material>
  <price>
   635031
  </price>
  <rating>
   2.86
  </rating>
  <reviews>
   328308
  </reviews>
  <new>
   +
  </new>
  <sporty>
   no
  </sporty>
 </clothing>
 <clothing>
  <id>
   945022183
  </id>
  <name>
   New Balance Belts I-2891
  </name>
  <category>
   Belts
  </category>
  <size>
   M
  </size>
  <color>
   Зеленый
  </color>
  <material>
   Шелк
  </material>
  <price>
   933443
  </price>
  <rating>
   4.29
  </rating>
  <reviews>
   483551
  </reviews>
  <new>
   +
  </new>
  <exclusive>
   yes
  </exclusive>
  <sporty>
   no
  </sporty>
 </clothing>
 <clothing>
  <id>
   354503193
  </id>
  <name>
   Under Armour Belts V-1451
  </name>
  <category>
   Belts
  </category>
  <size>
   L
  </size>
  <color>
   Голубой
  </color>
  <material>
   Полиэстер
  </material>
  <price>
   493052
  </price>
  <rating>
   4.83
  </rating>
  <reviews>
   817288
  </reviews>
  <new>
   +
  </new>
  <exclusive>
   yes
  </exclusive>
  <sporty>
   yes
  </sporty>
 </clothing>
 <clothing>
  <id>
   454009954
  </id>
  <name>
   Ellesse Jeans B-5137
  </name>
  <category>
   Jeans
  </category>
  <size>
   XXL
  </size>
  <color>
   Синий
  </color>
  <material>
   Вискоза
  </material>
  <price>
   500427
  </price>
  <rating>
   2.13
  </rating>
  <reviews>
   351267
  </reviews>
  <new>
   -
  </new>
  <exclusive>
   yes
  </exclusive>
  <sporty>
   no
  </sporty>
 </clothing>
 <clothing>
  <id>
   830160915
  </id>
  <name>
   Reebok Shoes R-1105
  </name>
  <category>
   Shoes
  </category>
  <size>
   M
  </size>
  <color>
   Зеленый
  </color>
  <material>
   Лен
  </material>
  <price>
   608756
  </price>
  <rating>
   1.37
  </rating>
  <reviews>
   685886
  </reviews>
  <new>
   -
  </new>
  <exclusive>
   no
  </exclusive>
  <sporty>
   no
  </sporty>
 </clothing>
 <clothing>
  <id>
   398784041
  </id>
  <name>
   Addidas Skirt R-4498
  </name>
  <category>
   Skirt
  </category>
  <size>
   XXL
  </size>
  <color>
   Голубой
  </color>
  <material>
   Нейлон
  </material>
  <price>
   834456
  </price>
  <rating>
   2.17
  </rating>
  <reviews>
   222593
  </reviews>
  <new>
   -
  </new>
  <exclusive>
   no
  </exclusive>
 </clothing>
 <clothing>
  <id>
   790269297
  </id>
  <name>
   Asics Belts Y-4514
  </name>
  <category>
   Belts
  </category>
  <size>
   S
  </size>
  <color>
   Красный
  </color>
  <material>
   Лен
  </material>
  <price>
   741838
  </price>
  <rating>
   2.23
  </rating>
  <reviews>
   190879
  </reviews>
  <exclusive>
   yes
  </exclusive>
 </clothing>
 <clothing>
  <id>
   442470008
  </id>
  <name>
   Nike Umbrellas V-3717
  </name>
  <category>
   Umbrellas
  </category>
  <size>
   XXL
  </size>
  <color>
   Красный
  </color>
  <material>
   Хлопок
  </material>
  <price>
   630594
  </price>
  <rating>
   4.82
  </rating>
  <reviews>
   333175
  </reviews>
  <new>
   -
  </new>
  <exclusive>
   yes
  </exclusive>
 </clothing>
 <clothing>
  <id>
   970082024
  </id>
  <name>
   DC Umbrellas C-8934
  </name>
  <category>
   Umbrellas
  </category>
  <size>
   S
  </size>
  <color>
   Красный
  </color>
  <material>
   Шелк
  </material>
  <price>
   657471
  </price>
  <rating>
   1.94
  </rating>
  <reviews>
   520698
  </reviews>
  <new>
   -
  </new>
  <exclusive>
   no
  </exclusive>
  <sporty>
   no
  </sporty>
 </clothing>
</clothing-items>
