<?xml version="1.0" encoding="utf-8"?>
<clothing-items>
 <clothing>
  <id>
   196242558
  </id>
  <name>
   Puma Blouse W-8043
  </name>
  <category>
   Blouse
  </category>
  <size>
   S
  </size>
  <color>
   Красный
  </color>
  <material>
   Нейлон
  </material>
  <price>
   455483
  </price>
  <rating>
   2.12
  </rating>
  <reviews>
   799448
  </reviews>
  <new>
   -
  </new>
  <sporty>
   no
  </sporty>
 </clothing>
 <clothing>
  <id>
   181571981
  </id>
  <name>
   Nike Hat A-9781
  </name>
  <category>
   Hat
  </category>
  <size>
   XL
  </size>
  <color>
   Желтый
  </color>
  <material>
   Полиэстер
  </material>
  <price>
   720172
  </price>
  <rating>
   4.72
  </rating>
  <reviews>
   934325
  </reviews>
  <exclusive>
   no
  </exclusive>
 </clothing>
 <clothing>
  <id>
   190023952
  </id>
  <name>
   DC Jacket W-3290
  </name>
  <category>
   Jacket
  </category>
  <size>
   S
  </size>
  <color>
   Красный
  </color>
  <material>
   Нейлон
  </material>
  <price>
   842453
  </price>
  <rating>
   1.86
  </rating>
  <reviews>
   369218
  </reviews>
  <new>
   +
  </new>
  <sporty>
   no
  </sporty>
 </clothing>
 <clothing>
  <id>
   753168021
  </id>
  <name>
   Fila Shirt J-8490
  </name>
  <category>
   Shirt
  </category>
  <size>
   M
  </size>
  <color>
   Синий
  </color>
  <material>
   Вискоза
  </material>
  <price>
   947586
  </price>
  <rating>
   4.17
  </rating>
  <reviews>
   141617
  </reviews>
  <new>
   -
  </new>
  <exclusive>
   no
  </exclusive>
  <sporty>
   no
  </sporty>
 </clothing>
 <clothing>
  <id>
   342864623
  </id>
  <name>
   Lacoste Umbrellas M-8011
  </name>
  <category>
   Umbrellas
  </category>
  <size>
   M
  </size>
  <color>
   Фиолетовый
  </color>
  <material>
   Нейлон
  </material>
  <price>
   655161
  </price>
  <rating>
   3.63
  </rating>
  <reviews>
   861127
  </reviews>
  <new>
   -
  </new>
  <sporty>
   no
  </sporty>
 </clothing>
 <clothing>
  <id>
   647968752
  </id>
  <name>
   Fila Handbags I-6019
  </name>
  <category>
   Handbags
  </category>
  <size>
   M
  </size>
  <color>
   Синий
  </color>
  <material>
   Кожа
  </material>
  <price>
   261443
  </price>
  <rating>
   1.99
  </rating>
  <reviews>
   208471
  </reviews>
  <sporty>
   no
  </sporty>
 </clothing>
 <clothing>
  <id>
   665625771
  </id>
  <name>
   Reebok Shirt S-8854
  </name>
  <category>
   Shirt
  </category>
  <size>
   M
  </size>
  <color>
   Оранжевый
  </color>
  <material>
   Хлопок
  </material>
  <price>
   854138
  </price>
  <rating>
   2.61
  </rating>
  <reviews>
   421325
  </reviews>
  <exclusive>
   yes
  </exclusive>
 </clothing>
 <clothing>
  <id>
   827267599
  </id>
  <name>
   Vans Skirt A-3813
  </name>
  <category>
   Skirt
  </category>
  <size>
   XXL
  </size>
  <color>
   Желтый
  </color>
  <material>
   Шелк
  </material>
  <price>
   527806
  </price>
  <rating>
   1.24
  </rating>
  <reviews>
   921373
  </reviews>
  <new>
   -
  </new>
 </clothing>
 <clothing>
  <id>
   475999813
  </id>
  <name>
   Asics Umbrellas X-7397
  </name>
  <category>
   Umbrellas
  </category>
  <size>
   S
  </size>
  <color>
   Синий
  </color>
  <material>
   Вискоза
  </material>
  <price>
   874987
  </price>
  <rating>
   1.72
  </rating>
  <reviews>
   459419
  </reviews>
  <new>
   -
  </new>
  <exclusive>
   yes
  </exclusive>
  <sporty>
   no
  </sporty>
 </clothing>
 <clothing>
  <id>
   460646469
  </id>
  <name>
   Adidas Socks T-6782
  </name>
  <category>
   Socks
  </category>
  <size>
   S
  </size>
  <color>
   Фиолетовый
  </color>
  <material>
   Полиэстер
  </material>
  <price>
   747979
  </price>
  <rating>
   4.95
  </rating>
  <reviews>
   499304
  </reviews>
  <sporty>
   no
  </sporty>
 </clothing>
 <clothing>
  <id>
   827083696
  </id>
  <name>
   Converse T-shirt Q-7354
  </name>
  <category>
   T-shirt
  </category>
  <size>
   M
  </size>
  <color>
   Желтый
  </color>
  <material>
   Хлопок
  </material>
  <price>
   957465
  </price>
  <rating>
   1.21
  </rating>
  <reviews>
   911112
  </reviews>
  <new>
   +
  </new>
 </clothing>
 <clothing>
  <id>
   238652872
  </id>
  <name>
   Asics Belts D-2631
  </name>
  <category>
   Belts
  </category>
  <size>
   S
  </size>
  <color>
   Синий
  </color>
  <material>
   Нейлон
  </material>
  <price>
   351760
  </price>
  <rating>
   1.22
  </rating>
  <reviews>
   182143
  </reviews>
  <exclusive>
   no
  </exclusive>
  <sporty>
   yes
  </sporty>
 </clothing>
 <clothing>
  <id>
   852719941
  </id>
  <name>
   Vans Hat Q-8109
  </name>
  <category>
   Hat
  </category>
  <size>
   S
  </size>
  <color>
   Фиолетовый
  </color>
  <material>
   Хлопок
  </material>
  <price>
   115945
  </price>
  <rating>
   4.26
  </rating>
  <reviews>
   910211
  </reviews>
  <exclusive>
   yes
  </exclusive>
  <sporty>
   yes
  </sporty>
 </clothing>
 <clothing>
  <id>
   841891591
  </id>
  <name>
   DC Jacket X-5697
  </name>
  <category>
   Jacket
  </category>
  <size>
   L
  </size>
  <color>
   Синий
  </color>
  <material>
   Нейлон
  </material>
  <price>
   821175
  </price>
  <rating>
   3.73
  </rating>
  <reviews>
   498519
  </reviews>
  <new>
   +
  </new>
  <exclusive>
   no
  </exclusive>
 </clothing>
 <clothing>
  <id>
   638657976
  </id>
  <name>
   Reebok Dress D-4603
  </name>
  <category>
   Dress
  </category>
  <size>
   L
  </size>
  <color>
   Красный
  </color>
  <material>
   Шерсть
  </material>
  <price>
   749406
  </price>
  <rating>
   4.7
  </rating>
  <reviews>
   314553
  </reviews>
  <new>
   +
  </new>
 </clothing>
 <clothing>
  <id>
   420077929
  </id>
  <name>
   Brooks Jeans E-6519
  </name>
  <category>
   Jeans
  </category>
  <size>
   S
  </size>
  <color>
   Оранжевый
  </color>
  <material>
   Шерсть
  </material>
  <price>
   355166
  </price>
  <rating>
   4.96
  </rating>
  <reviews>
   751896
  </reviews>
  <exclusive>
   no
  </exclusive>
 </clothing>
 <clothing>
  <id>
   146425255
  </id>
  <name>
   PleinSport Blouse Z-2449
  </name>
  <category>
   Blouse
  </category>
  <size>
   S
  </size>
  <color>
   Голубой
  </color>
  <material>
   Шерсть
  </material>
  <price>
   176586
  </price>
  <rating>
   1.15
  </rating>
  <reviews>
   855490
  </reviews>
  <new>
   -
  </new>
  <sporty>
   no
  </sporty>
 </clothing>
 <clothing>
  <id>
   730548634
  </id>
  <name>
   Puma Shoes G-9013
  </name>
  <category>
   Shoes
  </category>
  <size>
   S
  </size>
  <color>
   Синий
  </color>
  <material>
   Хлопок
  </material>
  <price>
   526317
  </price>
  <rating>
   1.06
  </rating>
  <reviews>
   29182
  </reviews>
  <new>
   -
  </new>
  <exclusive>
   yes
  </exclusive>
 </clothing>
 <clothing>
  <id>
   133028818
  </id>
  <name>
   Nike Shoes D-6221
  </name>
  <category>
   Shoes
  </category>
  <size>
   M
  </size>
  <color>
   Красный
  </color>
  <material>
   Хлопок
  </material>
  <price>
   415129
  </price>
  <rating>
   3.59
  </rating>
  <reviews>
   486199
  </reviews>
  <new>
   +
  </new>
  <exclusive>
   no
  </exclusive>
 </clothing>
 <clothing>
  <id>
   688390625
  </id>
  <name>
   Adidas Blouse R-8405
  </name>
  <category>
   Blouse
  </category>
  <size>
   XL
  </size>
  <color>
   Желтый
  </color>
  <material>
   Лен
  </material>
  <price>
   960729
  </price>
  <rating>
   1.85
  </rating>
  <reviews>
   394472
  </reviews>
  <new>
   -
  </new>
  <sporty>
   no
  </sporty>
 </clothing>
 <clothing>
  <id>
   684365847
  </id>
  <name>
   Puma Shoes S-3499
  </name>
  <category>
   Shoes
  </category>
  <size>
   XXL
  </size>
  <color>
   Красный
  </color>
  <material>
   Кожа
  </material>
  <price>
   454361
  </price>
  <rating>
   4.66
  </rating>
  <reviews>
   882176
  </reviews>
  <sporty>
   no
  </sporty>
 </clothing>
 <clothing>
  <id>
   313534648
  </id>
  <name>
   PleinSport Hat N-5710
  </name>
  <category>
   Hat
  </category>
  <size>
   XXL
  </size>
  <color>
   Оранжевый
  </color>
  <material>
   Кожа
  </material>
  <price>
   669866
  </price>
  <rating>
   3.74
  </rating>
  <reviews>
   923110
  </reviews>
 </clothing>
 <clothing>
  <id>
   629014037
  </id>
  <name>
   Converse Umbrellas V-7884
  </name>
  <category>
   Umbrellas
  </category>
  <size>
   XXL
  </size>
  <color>
   Голубой
  </color>
  <material>
   Хлопок
  </material>
  <price>
   662245
  </price>
  <rating>
   2.47
  </rating>
  <reviews>
   813789
  </reviews>
  <exclusive>
   yes
  </exclusive>
  <sporty>
   yes
  </sporty>
 </clothing>
 <clothing>
  <id>
   130446623
  </id>
  <name>
   PleinSport Umbrellas L-4202
  </name>
  <category>
   Umbrellas
  </category>
  <size>
   L
  </size>
  <color>
   Красный
  </color>
  <material>
   Нейлон
  </material>
  <price>
   946604
  </price>
  <rating>
   3.96
  </rating>
  <reviews>
   811857
  </reviews>
  <exclusive>
   no
  </exclusive>
 </clothing>
 <clothing>
  <id>
   304757731
  </id>
  <name>
   Addidas Umbrellas Z-8197
  </name>
  <category>
   Umbrellas
  </category>
  <size>
   M
  </size>
  <color>
   Синий
  </color>
  <material>
   Лен
  </material>
  <price>
   259890
  </price>
  <rating>
   1.5
  </rating>
  <reviews>
   672474
  </reviews>
  <new>
   -
  </new>
 </clothing>
 <clothing>
  <id>
   262952712
  </id>
  <name>
   Asics Blouse T-3925
  </name>
  <category>
   Blouse
  </category>
  <size>
   M
  </size>
  <color>
   Желтый
  </color>
  <material>
   Шелк
  </material>
  <price>
   627980
  </price>
  <rating>
   1.69
  </rating>
  <reviews>
   863352
  </reviews>
  <new>
   -
  </new>
 </clothing>
 <clothing>
  <id>
   141679542
  </id>
  <name>
   Under Armour Umbrellas Q-2118
  </name>
  <category>
   Umbrellas
  </category>
  <size>
   XXL
  </size>
  <color>
   Желтый
  </color>
  <material>
   Нейлон
  </material>
  <price>
   156021
  </price>
  <rating>
   2.43
  </rating>
  <reviews>
   560211
  </reviews>
  <new>
   -
  </new>
  <exclusive>
   no
  </exclusive>
 </clothing>
 <clothing>
  <id>
   177718314
  </id>
  <name>
   Puma Hat M-3775
  </name>
  <category>
   Hat
  </category>
  <size>
   XXL
  </size>
  <color>
   Желтый
  </color>
  <material>
   Шерсть
  </material>
  <price>
   220636
  </price>
  <rating>
   2.43
  </rating>
  <reviews>
   935127
  </reviews>
  <exclusive>
   no
  </exclusive>
 </clothing>
 <clothing>
  <id>
   899576566
  </id>
  <name>
   Addidas Jacket J-5285
  </name>
  <category>
   Jacket
  </category>
  <size>
   M
  </size>
  <color>
   Желтый
  </color>
  <material>
   Шерсть
  </material>
  <price>
   564935
  </price>
  <rating>
   4.43
  </rating>
  <reviews>
   826655
  </reviews>
  <new>
   +
  </new>
  <sporty>
   no
  </sporty>
 </clothing>
 <clothing>
  <id>
   406687479
  </id>
  <name>
   Converse Skirt O-7543
  </name>
  <category>
   Skirt
  </category>
  <size>
   XL
  </size>
  <color>
   Фиолетовый
  </color>
  <material>
   Полиэстер
  </material>
  <price>
   929689
  </price>
  <rating>
   1.37
  </rating>
  <reviews>
   345525
  </reviews>
  <new>
   +
  </new>
  <sporty>
   no
  </sporty>
 </clothing>
 <clothing>
  <id>
   880024617
  </id>
  <name>
   PleinSport Skirt C-9120
  </name>
  <category>
   Skirt
  </category>
  <size>
   S
  </size>
  <color>
   Желтый
  </color>
  <material>
   Шерсть
  </material>
  <price>
   192853
  </price>
  <rating>
   2.97
  </rating>
  <reviews>
   873480
  </reviews>
  <exclusive>
   no
  </exclusive>
 </clothing>
 <clothing>
  <id>
   220324721
  </id>
  <name>
   Puma Skirt N-8878
  </name>
  <category>
   Skirt
  </category>
  <size>
   L
  </size>
  <color>
   Синий
  </color>
  <material>
   Хлопок
  </material>
  <price>
   756181
  </price>
  <rating>
   3.39
  </rating>
  <reviews>
   183926
  </reviews>
  <new>
   +
  </new>
  <sporty>
   yes
  </sporty>
 </clothing>
 <clothing>
  <id>
   190115290
  </id>
  <name>
   Brooks Pants H-4477
  </name>
  <category>
   Pants
  </category>
  <size>
   S
  </size>
  <color>
   Фиолетовый
  </color>
  <material>
   Нейлон
  </material>
  <price>
   726304
  </price>
  <rating>
   3.25
  </rating>
  <reviews>
   498608
  </reviews>
  <new>
   -
  </new>
  <exclusive>
   yes
  </exclusive>
  <sporty>
   no
  </sporty>
 </clothing>
 <clothing>
  <id>
   679788108
  </id>
  <name>
   Asics Jeans B-4118
  </name>
  <category>
   Jeans
  </category>
  <size>
   XL
  </size>
  <color>
   Голубой
  </color>
  <material>
   Вискоза
  </material>
  <price>
   557436
  </price>
  <rating>
   3.0
  </rating>
  <reviews>
   580611
  </reviews>
 </clothing>
 <clothing>
  <id>
   262375766
  </id>
  <name>
   Puma Belts Q-8057
  </name>
  <category>
   Belts
  </category>
  <size>
   XL
  </size>
  <color>
   Желтый
  </color>
  <material>
   Шерсть
  </material>
  <price>
   268107
  </price>
  <rating>
   4.81
  </rating>
  <reviews>
   759253
  </reviews>
  <exclusive>
   no
  </exclusive>
 </clothing>
 <clothing>
  <id>
   598654492
  </id>
  <name>
   PleinSport Pants Y-8899
  </name>
  <category>
   Pants
  </category>
  <size>
   M
  </size>
  <color>
   Желтый
  </color>
  <material>
   Вискоза
  </material>
  <price>
   309281
  </price>
  <rating>
   3.44
  </rating>
  <reviews>
   954164
  </reviews>
  <sporty>
   no
  </sporty>
 </clothing>
 <clothing>
  <id>
   125573128
  </id>
  <name>
   Lacoste Socks L-7005
  </name>
  <category>
   Socks
  </category>
  <size>
   S
  </size>
  <color>
   Желтый
  </color>
  <material>
   Шелк
  </material>
  <price>
   701796
  </price>
  <rating>
   1.61
  </rating>
  <reviews>
   852508
  </reviews>
  <new>
   +
  </new>
  <sporty>
   no
  </sporty>
 </clothing>
 <clothing>
  <id>
   865142780
  </id>
  <name>
   Converse Sweater L-1556
  </name>
  <category>
   Sweater
  </category>
  <size>
   L
  </size>
  <color>
   Фиолетовый
  </color>
  <material>
   Полиэстер
  </material>
  <price>
   568193
  </price>
  <rating>
   1.78
  </rating>
  <reviews>
   765557
  </reviews>
  <new>
   -
  </new>
  <exclusive>
   yes
  </exclusive>
 </clothing>
 <clothing>
  <id>
   266843972
  </id>
  <name>
   Puma T-shirt J-9984
  </name>
  <category>
   T-shirt
  </category>
  <size>
   M
  </size>
  <color>
   Фиолетовый
  </color>
  <material>
   Шелк
  </material>
  <price>
   583260
  </price>
  <rating>
   4.23
  </rating>
  <reviews>
   638508
  </reviews>
  <exclusive>
   no
  </exclusive>
 </clothing>
 <clothing>
  <id>
   147708482
  </id>
  <name>
   DC Jeans I-2541
  </name>
  <category>
   Jeans
  </category>
  <size>
   L
  </size>
  <color>
   Фиолетовый
  </color>
  <material>
   Полиэстер
  </material>
  <price>
   826188
  </price>
  <rating>
   3.9
  </rating>
  <reviews>
   724852
  </reviews>
  <new>
   -
  </new>
  <sporty>
   no
  </sporty>
 </clothing>
 <clothing>
  <id>
   877566992
  </id>
  <name>
   Brooks Blouse N-7026
  </name>
  <category>
   Blouse
  </category>
  <size>
   M
  </size>
  <color>
   Синий
  </color>
  <material>
   Шелк
  </material>
  <price>
   107633
  </price>
  <rating>
   1.06
  </rating>
  <reviews>
   870330
  </reviews>
  <new>
   +
  </new>
  <exclusive>
   no
  </exclusive>
 </clothing>
 <clothing>
  <id>
   801686070
  </id>
  <name>
   Vans Skirt G-5035
  </name>
  <category>
   Skirt
  </category>
  <size>
   XXL
  </size>
  <color>
   Желтый
  </color>
  <material>
   Шерсть
  </material>
  <price>
   416431
  </price>
  <rating>
   1.69
  </rating>
  <reviews>
   848657
  </reviews>
  <new>
   +
  </new>
 </clothing>
 <clothing>
  <id>
   416430047
  </id>
  <name>
   Adidas Shoes J-5972
  </name>
  <category>
   Shoes
  </category>
  <size>
   S
  </size>
  <color>
   Оранжевый
  </color>
  <material>
   Полиэстер
  </material>
  <price>
   348227
  </price>
  <rating>
   3.75
  </rating>
  <reviews>
   459315
  </reviews>
  <new>
   +
  </new>
  <exclusive>
   yes
  </exclusive>
 </clothing>
 <clothing>
  <id>
   883335324
  </id>
  <name>
   Brooks Umbrellas J-6307
  </name>
  <category>
   Umbrellas
  </category>
  <size>
   S
  </size>
  <color>
   Синий
  </color>
  <material>
   Полиэстер
  </material>
  <price>
   866992
  </price>
  <rating>
   1.91
  </rating>
  <reviews>
   271780
  </reviews>
  <new>
   -
  </new>
  <exclusive>
   no
  </exclusive>
  <sporty>
   yes
  </sporty>
 </clothing>
 <clothing>
  <id>
   402703975
  </id>
  <name>
   Under Armour Skirt V-4494
  </name>
  <category>
   Skirt
  </category>
  <size>
   L
  </size>
  <color>
   Зеленый
  </color>
  <material>
   Кожа
  </material>
  <price>
   541034
  </price>
  <rating>
   1.25
  </rating>
  <reviews>
   653013
  </reviews>
  <new>
   -
  </new>
  <exclusive>
   no
  </exclusive>
  <sporty>
   yes
  </sporty>
 </clothing>
 <clothing>
  <id>
   781959559
  </id>
  <name>
   Ellesse Hat A-7819
  </name>
  <category>
   Hat
  </category>
  <size>
   L
  </size>
  <color>
   Желтый
  </color>
  <material>
   Нейлон
  </material>
  <price>
   467351
  </price>
  <rating>
   4.93
  </rating>
  <reviews>
   21881
  </reviews>
  <new>
   +
  </new>
  <exclusive>
   yes
  </exclusive>
 </clothing>
</clothing-items>
