<?xml version="1.0" encoding="utf-8"?>
<clothing-items>
 <clothing>
  <id>
   511420402
  </id>
  <name>
   Brooks Sweater F-9056
  </name>
  <category>
   Sweater
  </category>
  <size>
   M
  </size>
  <color>
   Зеленый
  </color>
  <material>
   Шерсть
  </material>
  <price>
   156748
  </price>
  <rating>
   1.23
  </rating>
  <reviews>
   867023
  </reviews>
  <new>
   -
  </new>
  <exclusive>
   no
  </exclusive>
  <sporty>
   yes
  </sporty>
 </clothing>
 <clothing>
  <id>
   469973066
  </id>
  <name>
   Reebok Blouse G-7040
  </name>
  <category>
   Blouse
  </category>
  <size>
   S
  </size>
  <color>
   Синий
  </color>
  <material>
   Лен
  </material>
  <price>
   449325
  </price>
  <rating>
   1.74
  </rating>
  <reviews>
   761856
  </reviews>
 </clothing>
 <clothing>
  <id>
   353342301
  </id>
  <name>
   Brooks Jacket D-3621
  </name>
  <category>
   Jacket
  </category>
  <size>
   M
  </size>
  <color>
   Красный
  </color>
  <material>
   Шерсть
  </material>
  <price>
   103496
  </price>
  <rating>
   3.47
  </rating>
  <reviews>
   431598
  </reviews>
  <sporty>
   yes
  </sporty>
 </clothing>
 <clothing>
  <id>
   887178715
  </id>
  <name>
   Nike Socks I-1619
  </name>
  <category>
   Socks
  </category>
  <size>
   XXL
  </size>
  <color>
   Зеленый
  </color>
  <material>
   Шерсть
  </material>
  <price>
   153197
  </price>
  <rating>
   2.97
  </rating>
  <reviews>
   717607
  </reviews>
  <new>
   -
  </new>
  <exclusive>
   yes
  </exclusive>
 </clothing>
 <clothing>
  <id>
   164785993
  </id>
  <name>
   DC Sweater G-2114
  </name>
  <category>
   Sweater
  </category>
  <size>
   M
  </size>
  <color>
   Синий
  </color>
  <material>
   Хлопок
  </material>
  <price>
   366455
  </price>
  <rating>
   2.0
  </rating>
  <reviews>
   92135
  </reviews>
 </clothing>
 <clothing>
  <id>
   652133190
  </id>
  <name>
   Puma Sweater B-4237
  </name>
  <category>
   Sweater
  </category>
  <size>
   L
  </size>
  <color>
   Красный
  </color>
  <material>
   Кожа
  </material>
  <price>
   310593
  </price>
  <rating>
   4.77
  </rating>
  <reviews>
   296400
  </reviews>
  <sporty>
   no
  </sporty>
 </clothing>
 <clothing>
  <id>
   459887073
  </id>
  <name>
   Asics Blouse A-1817
  </name>
  <category>
   Blouse
  </category>
  <size>
   XL
  </size>
  <color>
   Фиолетовый
  </color>
  <material>
   Хлопок
  </material>
  <price>
   250937
  </price>
  <rating>
   4.89
  </rating>
  <reviews>
   346621
  </reviews>
  <exclusive>
   no
  </exclusive>
  <sporty>
   no
  </sporty>
 </clothing>
 <clothing>
  <id>
   805711567
  </id>
  <name>
   Asics Socks O-8547
  </name>
  <category>
   Socks
  </category>
  <size>
   XXL
  </size>
  <color>
   Фиолетовый
  </color>
  <material>
   Шерсть
  </material>
  <price>
   785857
  </price>
  <rating>
   4.88
  </rating>
  <reviews>
   795971
  </reviews>
  <exclusive>
   yes
  </exclusive>
  <sporty>
   no
  </sporty>
 </clothing>
 <clothing>
  <id>
   503571079
  </id>
  <name>
   Lacoste Shoes P-2264
  </name>
  <category>
   Shoes
  </category>
  <size>
   XL
  </size>
  <color>
   Зеленый
  </color>
  <material>
   Шелк
  </material>
  <price>
   549504
  </price>
  <rating>
   2.09
  </rating>
  <reviews>
   839020
  </reviews>
  <new>
   +
  </new>
  <exclusive>
   no
  </exclusive>
  <sporty>
   no
  </sporty>
 </clothing>
 <clothing>
  <id>
   144173986
  </id>
  <name>
   Lacoste Sweater I-4001
  </name>
  <category>
   Sweater
  </category>
  <size>
   XXL
  </size>
  <color>
   Зеленый
  </color>
  <material>
   Полиэстер
  </material>
  <price>
   594817
  </price>
  <rating>
   1.29
  </rating>
  <reviews>
   949700
  </reviews>
  <new>
   +
  </new>
  <sporty>
   yes
  </sporty>
 </clothing>
 <clothing>
  <id>
   549847353
  </id>
  <name>
   Under Armour Hat T-7002
  </name>
  <category>
   Hat
  </category>
  <size>
   XXL
  </size>
  <color>
   Голубой
  </color>
  <material>
   Полиэстер
  </material>
  <price>
   394817
  </price>
  <rating>
   4.25
  </rating>
  <reviews>
   55058
  </reviews>
  <sporty>
   yes
  </sporty>
 </clothing>
 <clothing>
  <id>
   985293208
  </id>
  <name>
   Puma Shirt W-9194
  </name>
  <category>
   Shirt
  </category>
  <size>
   L
  </size>
  <color>
   Оранжевый
  </color>
  <material>
   Кожа
  </material>
  <price>
   555402
  </price>
  <rating>
   3.99
  </rating>
  <reviews>
   522068
  </reviews>
  <new>
   +
  </new>
  <sporty>
   no
  </sporty>
 </clothing>
 <clothing>
  <id>
   234606090
  </id>
  <name>
   Adidas Umbrellas A-7966
  </name>
  <category>
   Umbrellas
  </category>
  <size>
   M
  </size>
  <color>
   Оранжевый
  </color>
  <material>
   Лен
  </material>
  <price>
   349484
  </price>
  <rating>
   3.19
  </rating>
  <reviews>
   91731
  </reviews>
  <new>
   +
  </new>
  <exclusive>
   yes
  </exclusive>
  <sporty>
   no
  </sporty>
 </clothing>
 <clothing>
  <id>
   718634807
  </id>
  <name>
   Converse Socks N-3858
  </name>
  <category>
   Socks
  </category>
  <size>
   XXL
  </size>
  <color>
   Красный
  </color>
  <material>
   Нейлон
  </material>
  <price>
   339469
  </price>
  <rating>
   3.32
  </rating>
  <reviews>
   472822
  </reviews>
  <sporty>
   no
  </sporty>
 </clothing>
 <clothing>
  <id>
   381793326
  </id>
  <name>
   Asics Shirt A-7427
  </name>
  <category>
   Shirt
  </category>
  <size>
   S
  </size>
  <color>
   Желтый
  </color>
  <material>
   Хлопок
  </material>
  <price>
   824440
  </price>
  <rating>
   4.24
  </rating>
  <reviews>
   2562
  </reviews>
  <exclusive>
   yes
  </exclusive>
 </clothing>
 <clothing>
  <id>
   164307442
  </id>
  <name>
   Asics Gloves P-7913
  </name>
  <category>
   Gloves
  </category>
  <size>
   XXL
  </size>
  <color>
   Желтый
  </color>
  <material>
   Шелк
  </material>
  <price>
   243477
  </price>
  <rating>
   3.27
  </rating>
  <reviews>
   621271
  </reviews>
  <new>
   -
  </new>
  <exclusive>
   no
  </exclusive>
  <sporty>
   no
  </sporty>
 </clothing>
 <clothing>
  <id>
   198289602
  </id>
  <name>
   Under Armour Pants V-3941
  </name>
  <category>
   Pants
  </category>
  <size>
   XL
  </size>
  <color>
   Красный
  </color>
  <material>
   Кожа
  </material>
  <price>
   237628
  </price>
  <rating>
   1.34
  </rating>
  <reviews>
   13939
  </reviews>
  <exclusive>
   yes
  </exclusive>
 </clothing>
 <clothing>
  <id>
   836241942
  </id>
  <name>
   PleinSport Jeans X-8231
  </name>
  <category>
   Jeans
  </category>
  <size>
   XXL
  </size>
  <color>
   Желтый
  </color>
  <material>
   Полиэстер
  </material>
  <price>
   683688
  </price>
  <rating>
   2.71
  </rating>
  <reviews>
   187815
  </reviews>
  <new>
   -
  </new>
  <exclusive>
   no
  </exclusive>
  <sporty>
   yes
  </sporty>
 </clothing>
 <clothing>
  <id>
   542500545
  </id>
  <name>
   Addidas Skirt H-5222
  </name>
  <category>
   Skirt
  </category>
  <size>
   XXL
  </size>
  <color>
   Красный
  </color>
  <material>
   Шелк
  </material>
  <price>
   844235
  </price>
  <rating>
   1.21
  </rating>
  <reviews>
   67318
  </reviews>
  <new>
   +
  </new>
  <exclusive>
   yes
  </exclusive>
 </clothing>
 <clothing>
  <id>
   301502663
  </id>
  <name>
   Asics Belts S-7451
  </name>
  <category>
   Belts
  </category>
  <size>
   S
  </size>
  <color>
   Синий
  </color>
  <material>
   Лен
  </material>
  <price>
   925678
  </price>
  <rating>
   4.58
  </rating>
  <reviews>
   690655
  </reviews>
  <new>
   -
  </new>
 </clothing>
 <clothing>
  <id>
   464707766
  </id>
  <name>
   Converse Skirt S-5184
  </name>
  <category>
   Skirt
  </category>
  <size>
   XXL
  </size>
  <color>
   Оранжевый
  </color>
  <material>
   Вискоза
  </material>
  <price>
   231046
  </price>
  <rating>
   4.12
  </rating>
  <reviews>
   613801
  </reviews>
  <exclusive>
   no
  </exclusive>
  <sporty>
   yes
  </sporty>
 </clothing>
 <clothing>
  <id>
   456756763
  </id>
  <name>
   PleinSport Shirt Y-4506
  </name>
  <category>
   Shirt
  </category>
  <size>
   XXL
  </size>
  <color>
   Синий
  </color>
  <material>
   Шелк
  </material>
  <price>
   258943
  </price>
  <rating>
   4.45
  </rating>
  <reviews>
   999808
  </reviews>
  <new>
   +
  </new>
  <exclusive>
   no
  </exclusive>
  <sporty>
   no
  </sporty>
 </clothing>
 <clothing>
  <id>
   787048890
  </id>
  <name>
   Puma Umbrellas Y-3624
  </name>
  <category>
   Umbrellas
  </category>
  <size>
   XL
  </size>
  <color>
   Красный
  </color>
  <material>
   Вискоза
  </material>
  <price>
   363987
  </price>
  <rating>
   2.26
  </rating>
  <reviews>
   777742
  </reviews>
  <new>
   -
  </new>
  <exclusive>
   no
  </exclusive>
  <sporty>
   yes
  </sporty>
 </clothing>
 <clothing>
  <id>
   388646493
  </id>
  <name>
   Vans Pants A-3749
  </name>
  <category>
   Pants
  </category>
  <size>
   M
  </size>
  <color>
   Зеленый
  </color>
  <material>
   Лен
  </material>
  <price>
   621028
  </price>
  <rating>
   4.55
  </rating>
  <reviews>
   171325
  </reviews>
  <exclusive>
   yes
  </exclusive>
 </clothing>
 <clothing>
  <id>
   795099591
  </id>
  <name>
   Under Armour Jeans Q-1473
  </name>
  <category>
   Jeans
  </category>
  <size>
   XL
  </size>
  <color>
   Зеленый
  </color>
  <material>
   Нейлон
  </material>
  <price>
   398949
  </price>
  <rating>
   3.25
  </rating>
  <reviews>
   689667
  </reviews>
  <exclusive>
   no
  </exclusive>
  <sporty>
   no
  </sporty>
 </clothing>
 <clothing>
  <id>
   945953868
  </id>
  <name>
   Asics Skirt G-7800
  </name>
  <category>
   Skirt
  </category>
  <size>
   S
  </size>
  <color>
   Синий
  </color>
  <material>
   Нейлон
  </material>
  <price>
   745850
  </price>
  <rating>
   1.28
  </rating>
  <reviews>
   576346
  </reviews>
  <new>
   +
  </new>
  <exclusive>
   yes
  </exclusive>
  <sporty>
   yes
  </sporty>
 </clothing>
 <clothing>
  <id>
   856731350
  </id>
  <name>
   New Balance Gloves L-1968
  </name>
  <category>
   Gloves
  </category>
  <size>
   XXL
  </size>
  <color>
   Желтый
  </color>
  <material>
   Полиэстер
  </material>
  <price>
   350386
  </price>
  <rating>
   4.05
  </rating>
  <reviews>
   313779
  </reviews>
  <new>
   +
  </new>
  <exclusive>
   no
  </exclusive>
  <sporty>
   yes
  </sporty>
 </clothing>
 <clothing>
  <id>
   775270502
  </id>
  <name>
   PleinSport Jeans N-9431
  </name>
  <category>
   Jeans
  </category>
  <size>
   XXL
  </size>
  <color>
   Зеленый
  </color>
  <material>
   Шерсть
  </material>
  <price>
   764452
  </price>
  <rating>
   4.1
  </rating>
  <reviews>
   925749
  </reviews>
  <new>
   +
  </new>
  <sporty>
   yes
  </sporty>
 </clothing>
</clothing-items>
