<?xml version="1.0" encoding="utf-8"?>
<clothing-items>
 <clothing>
  <id>
   796589798
  </id>
  <name>
   Fila Blouse C-4351
  </name>
  <category>
   Blouse
  </category>
  <size>
   XL
  </size>
  <color>
   Желтый
  </color>
  <material>
   Полиэстер
  </material>
  <price>
   197066
  </price>
  <rating>
   2.51
  </rating>
  <reviews>
   814030
  </reviews>
  <exclusive>
   yes
  </exclusive>
 </clothing>
 <clothing>
  <id>
   157281294
  </id>
  <name>
   Adidas Umbrellas R-2510
  </name>
  <category>
   Umbrellas
  </category>
  <size>
   M
  </size>
  <color>
   Зеленый
  </color>
  <material>
   Полиэстер
  </material>
  <price>
   999133
  </price>
  <rating>
   3.56
  </rating>
  <reviews>
   250095
  </reviews>
  <exclusive>
   no
  </exclusive>
  <sporty>
   no
  </sporty>
 </clothing>
 <clothing>
  <id>
   283068486
  </id>
  <name>
   DC Jeans X-9124
  </name>
  <category>
   Jeans
  </category>
  <size>
   XXL
  </size>
  <color>
   Зеленый
  </color>
  <material>
   Шелк
  </material>
  <price>
   435873
  </price>
  <rating>
   1.87
  </rating>
  <reviews>
   521607
  </reviews>
  <new>
   -
  </new>
 </clothing>
 <clothing>
  <id>
   379591040
  </id>
  <name>
   Asics Shoes D-5026
  </name>
  <category>
   Shoes
  </category>
  <size>
   S
  </size>
  <color>
   Оранжевый
  </color>
  <material>
   Лен
  </material>
  <price>
   369328
  </price>
  <rating>
   4.39
  </rating>
  <reviews>
   896613
  </reviews>
  <new>
   -
  </new>
  <exclusive>
   yes
  </exclusive>
  <sporty>
   no
  </sporty>
 </clothing>
 <clothing>
  <id>
   337137904
  </id>
  <name>
   DC Shirt L-5312
  </name>
  <category>
   Shirt
  </category>
  <size>
   S
  </size>
  <color>
   Желтый
  </color>
  <material>
   Кожа
  </material>
  <price>
   848797
  </price>
  <rating>
   1.23
  </rating>
  <reviews>
   440830
  </reviews>
  <new>
   -
  </new>
  <exclusive>
   no
  </exclusive>
 </clothing>
 <clothing>
  <id>
   905382365
  </id>
  <name>
   PleinSport Hat T-6505
  </name>
  <category>
   Hat
  </category>
  <size>
   S
  </size>
  <color>
   Фиолетовый
  </color>
  <material>
   Вискоза
  </material>
  <price>
   871226
  </price>
  <rating>
   2.81
  </rating>
  <reviews>
   526374
  </reviews>
  <exclusive>
   yes
  </exclusive>
 </clothing>
 <clothing>
  <id>
   680396023
  </id>
  <name>
   Addidas Skirt Q-3132
  </name>
  <category>
   Skirt
  </category>
  <size>
   XL
  </size>
  <color>
   Голубой
  </color>
  <material>
   Нейлон
  </material>
  <price>
   678465
  </price>
  <rating>
   1.48
  </rating>
  <reviews>
   941648
  </reviews>
  <new>
   -
  </new>
  <sporty>
   no
  </sporty>
 </clothing>
 <clothing>
  <id>
   108384036
  </id>
  <name>
   Under Armour T-shirt K-2847
  </name>
  <category>
   T-shirt
  </category>
  <size>
   L
  </size>
  <color>
   Фиолетовый
  </color>
  <material>
   Нейлон
  </material>
  <price>
   541356
  </price>
  <rating>
   1.48
  </rating>
  <reviews>
   707396
  </reviews>
  <new>
   +
  </new>
  <sporty>
   no
  </sporty>
 </clothing>
 <clothing>
  <id>
   863391895
  </id>
  <name>
   Brooks Dress K-5224
  </name>
  <category>
   Dress
  </category>
  <size>
   XXL
  </size>
  <color>
   Оранжевый
  </color>
  <material>
   Шелк
  </material>
  <price>
   295415
  </price>
  <rating>
   3.15
  </rating>
  <reviews>
   724321
  </reviews>
  <new>
   +
  </new>
  <exclusive>
   yes
  </exclusive>
  <sporty>
   yes
  </sporty>
 </clothing>
 <clothing>
  <id>
   491321094
  </id>
  <name>
   Asics Belts N-4950
  </name>
  <category>
   Belts
  </category>
  <size>
   M
  </size>
  <color>
   Желтый
  </color>
  <material>
   Кожа
  </material>
  <price>
   464520
  </price>
  <rating>
   2.76
  </rating>
  <reviews>
   87711
  </reviews>
  <exclusive>
   yes
  </exclusive>
 </clothing>
 <clothing>
  <id>
   271937561
  </id>
  <name>
   Brooks Gloves C-1328
  </name>
  <category>
   Gloves
  </category>
  <size>
   S
  </size>
  <color>
   Голубой
  </color>
  <material>
   Вискоза
  </material>
  <price>
   648278
  </price>
  <rating>
   1.37
  </rating>
  <reviews>
   575513
  </reviews>
  <new>
   +
  </new>
  <exclusive>
   no
  </exclusive>
  <sporty>
   no
  </sporty>
 </clothing>
 <clothing>
  <id>
   296439383
  </id>
  <name>
   Vans Hat V-2601
  </name>
  <category>
   Hat
  </category>
  <size>
   M
  </size>
  <color>
   Оранжевый
  </color>
  <material>
   Шелк
  </material>
  <price>
   223894
  </price>
  <rating>
   3.49
  </rating>
  <reviews>
   75305
  </reviews>
  <new>
   +
  </new>
  <exclusive>
   no
  </exclusive>
 </clothing>
 <clothing>
  <id>
   633069797
  </id>
  <name>
   DC Shoes I-6588
  </name>
  <category>
   Shoes
  </category>
  <size>
   L
  </size>
  <color>
   Синий
  </color>
  <material>
   Шерсть
  </material>
  <price>
   926661
  </price>
  <rating>
   3.11
  </rating>
  <reviews>
   755604
  </reviews>
  <new>
   -
  </new>
  <exclusive>
   no
  </exclusive>
  <sporty>
   no
  </sporty>
 </clothing>
 <clothing>
  <id>
   596612368
  </id>
  <name>
   Lacoste Skirt U-8964
  </name>
  <category>
   Skirt
  </category>
  <size>
   XXL
  </size>
  <color>
   Голубой
  </color>
  <material>
   Лен
  </material>
  <price>
   714138
  </price>
  <rating>
   2.44
  </rating>
  <reviews>
   249688
  </reviews>
  <new>
   -
  </new>
  <sporty>
   no
  </sporty>
 </clothing>
 <clothing>
  <id>
   549211059
  </id>
  <name>
   Brooks Sweater S-2256
  </name>
  <category>
   Sweater
  </category>
  <size>
   M
  </size>
  <color>
   Оранжевый
  </color>
  <material>
   Полиэстер
  </material>
  <price>
   327564
  </price>
  <rating>
   1.58
  </rating>
  <reviews>
   349041
  </reviews>
  <exclusive>
   no
  </exclusive>
  <sporty>
   no
  </sporty>
 </clothing>
 <clothing>
  <id>
   773044386
  </id>
  <name>
   PleinSport Sweater C-3161
  </name>
  <category>
   Sweater
  </category>
  <size>
   M
  </size>
  <color>
   Красный
  </color>
  <material>
   Лен
  </material>
  <price>
   482011
  </price>
  <rating>
   3.72
  </rating>
  <reviews>
   739784
  </reviews>
  <new>
   -
  </new>
 </clothing>
 <clothing>
  <id>
   636658006
  </id>
  <name>
   Lacoste Skirt E-3536
  </name>
  <category>
   Skirt
  </category>
  <size>
   S
  </size>
  <color>
   Синий
  </color>
  <material>
   Вискоза
  </material>
  <price>
   485084
  </price>
  <rating>
   3.88
  </rating>
  <reviews>
   370144
  </reviews>
  <new>
   -
  </new>
  <exclusive>
   no
  </exclusive>
 </clothing>
 <clothing>
  <id>
   500860060
  </id>
  <name>
   Lacoste Hat O-8471
  </name>
  <category>
   Hat
  </category>
  <size>
   S
  </size>
  <color>
   Оранжевый
  </color>
  <material>
   Шелк
  </material>
  <price>
   152944
  </price>
  <rating>
   1.64
  </rating>
  <reviews>
   972610
  </reviews>
  <sporty>
   yes
  </sporty>
 </clothing>
 <clothing>
  <id>
   947400174
  </id>
  <name>
   Lacoste Blouse A-6077
  </name>
  <category>
   Blouse
  </category>
  <size>
   L
  </size>
  <color>
   Желтый
  </color>
  <material>
   Полиэстер
  </material>
  <price>
   490323
  </price>
  <rating>
   4.73
  </rating>
  <reviews>
   198795
  </reviews>
  <new>
   -
  </new>
  <exclusive>
   no
  </exclusive>
  <sporty>
   no
  </sporty>
 </clothing>
 <clothing>
  <id>
   490747310
  </id>
  <name>
   Ellesse Belts G-6208
  </name>
  <category>
   Belts
  </category>
  <size>
   S
  </size>
  <color>
   Синий
  </color>
  <material>
   Нейлон
  </material>
  <price>
   562002
  </price>
  <rating>
   3.96
  </rating>
  <reviews>
   885324
  </reviews>
  <exclusive>
   no
  </exclusive>
  <sporty>
   no
  </sporty>
 </clothing>
 <clothing>
  <id>
   173349671
  </id>
  <name>
   Converse Shoes F-4890
  </name>
  <category>
   Shoes
  </category>
  <size>
   XXL
  </size>
  <color>
   Голубой
  </color>
  <material>
   Лен
  </material>
  <price>
   363110
  </price>
  <rating>
   2.27
  </rating>
  <reviews>
   731691
  </reviews>
  <new>
   -
  </new>
  <exclusive>
   no
  </exclusive>
 </clothing>
 <clothing>
  <id>
   825221362
  </id>
  <name>
   Adidas Gloves G-3356
  </name>
  <category>
   Gloves
  </category>
  <size>
   XXL
  </size>
  <color>
   Голубой
  </color>
  <material>
   Вискоза
  </material>
  <price>
   403370
  </price>
  <rating>
   2.04
  </rating>
  <reviews>
   144283
  </reviews>
  <new>
   -
  </new>
  <exclusive>
   no
  </exclusive>
  <sporty>
   no
  </sporty>
 </clothing>
 <clothing>
  <id>
   868990609
  </id>
  <name>
   Puma Socks M-4941
  </name>
  <category>
   Socks
  </category>
  <size>
   S
  </size>
  <color>
   Фиолетовый
  </color>
  <material>
   Вискоза
  </material>
  <price>
   804746
  </price>
  <rating>
   3.59
  </rating>
  <reviews>
   270406
  </reviews>
  <new>
   +
  </new>
 </clothing>
 <clothing>
  <id>
   200211152
  </id>
  <name>
   Lacoste Handbags W-3273
  </name>
  <category>
   Handbags
  </category>
  <size>
   L
  </size>
  <color>
   Желтый
  </color>
  <material>
   Нейлон
  </material>
  <price>
   254728
  </price>
  <rating>
   4.64
  </rating>
  <reviews>
   738737
  </reviews>
  <new>
   -
  </new>
 </clothing>
 <clothing>
  <id>
   686914776
  </id>
  <name>
   PleinSport Shoes E-3290
  </name>
  <category>
   Shoes
  </category>
  <size>
   XXL
  </size>
  <color>
   Оранжевый
  </color>
  <material>
   Нейлон
  </material>
  <price>
   815740
  </price>
  <rating>
   3.95
  </rating>
  <reviews>
   459151
  </reviews>
  <new>
   -
  </new>
 </clothing>
 <clothing>
  <id>
   603983365
  </id>
  <name>
   Lacoste Jeans C-4897
  </name>
  <category>
   Jeans
  </category>
  <size>
   XL
  </size>
  <color>
   Фиолетовый
  </color>
  <material>
   Кожа
  </material>
  <price>
   215318
  </price>
  <rating>
   3.47
  </rating>
  <reviews>
   207413
  </reviews>
  <new>
   -
  </new>
  <exclusive>
   no
  </exclusive>
 </clothing>
 <clothing>
  <id>
   709915207
  </id>
  <name>
   Reebok Gloves V-9166
  </name>
  <category>
   Gloves
  </category>
  <size>
   L
  </size>
  <color>
   Зеленый
  </color>
  <material>
   Шерсть
  </material>
  <price>
   483102
  </price>
  <rating>
   2.91
  </rating>
  <reviews>
   981725
  </reviews>
  <new>
   +
  </new>
  <exclusive>
   yes
  </exclusive>
 </clothing>
 <clothing>
  <id>
   154837007
  </id>
  <name>
   Converse Dress H-3951
  </name>
  <category>
   Dress
  </category>
  <size>
   XL
  </size>
  <color>
   Фиолетовый
  </color>
  <material>
   Хлопок
  </material>
  <price>
   369054
  </price>
  <rating>
   3.59
  </rating>
  <reviews>
   381106
  </reviews>
  <new>
   +
  </new>
  <exclusive>
   no
  </exclusive>
  <sporty>
   no
  </sporty>
 </clothing>
 <clothing>
  <id>
   682467512
  </id>
  <name>
   Brooks T-shirt N-3944
  </name>
  <category>
   T-shirt
  </category>
  <size>
   XXL
  </size>
  <color>
   Желтый
  </color>
  <material>
   Нейлон
  </material>
  <price>
   602497
  </price>
  <rating>
   4.72
  </rating>
  <reviews>
   714908
  </reviews>
  <new>
   +
  </new>
 </clothing>
 <clothing>
  <id>
   412198365
  </id>
  <name>
   PleinSport Jacket G-6482
  </name>
  <category>
   Jacket
  </category>
  <size>
   S
  </size>
  <color>
   Синий
  </color>
  <material>
   Полиэстер
  </material>
  <price>
   243069
  </price>
  <rating>
   1.95
  </rating>
  <reviews>
   418837
  </reviews>
  <new>
   -
  </new>
  <exclusive>
   no
  </exclusive>
 </clothing>
 <clothing>
  <id>
   361695695
  </id>
  <name>
   Lacoste Dress I-2441
  </name>
  <category>
   Dress
  </category>
  <size>
   L
  </size>
  <color>
   Желтый
  </color>
  <material>
   Кожа
  </material>
  <price>
   187566
  </price>
  <rating>
   2.88
  </rating>
  <reviews>
   682303
  </reviews>
  <new>
   -
  </new>
  <exclusive>
   yes
  </exclusive>
 </clothing>
 <clothing>
  <id>
   147688344
  </id>
  <name>
   Fila Umbrellas J-4452
  </name>
  <category>
   Umbrellas
  </category>
  <size>
   XXL
  </size>
  <color>
   Оранжевый
  </color>
  <material>
   Шелк
  </material>
  <price>
   616926
  </price>
  <rating>
   4.12
  </rating>
  <reviews>
   741973
  </reviews>
  <new>
   +
  </new>
  <exclusive>
   no
  </exclusive>
 </clothing>
 <clothing>
  <id>
   307841332
  </id>
  <name>
   Brooks Dress C-6264
  </name>
  <category>
   Dress
  </category>
  <size>
   M
  </size>
  <color>
   Желтый
  </color>
  <material>
   Нейлон
  </material>
  <price>
   407702
  </price>
  <rating>
   4.68
  </rating>
  <reviews>
   904397
  </reviews>
  <new>
   +
  </new>
  <sporty>
   no
  </sporty>
 </clothing>
 <clothing>
  <id>
   773571973
  </id>
  <name>
   Ellesse Dress M-1025
  </name>
  <category>
   Dress
  </category>
  <size>
   S
  </size>
  <color>
   Синий
  </color>
  <material>
   Шелк
  </material>
  <price>
   198280
  </price>
  <rating>
   4.44
  </rating>
  <reviews>
   420182
  </reviews>
  <new>
   -
  </new>
  <sporty>
   no
  </sporty>
 </clothing>
 <clothing>
  <id>
   756644279
  </id>
  <name>
   Brooks Gloves Q-6194
  </name>
  <category>
   Gloves
  </category>
  <size>
   L
  </size>
  <color>
   Оранжевый
  </color>
  <material>
   Нейлон
  </material>
  <price>
   649323
  </price>
  <rating>
   2.5
  </rating>
  <reviews>
   563427
  </reviews>
 </clothing>
 <clothing>
  <id>
   251905398
  </id>
  <name>
   Converse Jeans G-5968
  </name>
  <category>
   Jeans
  </category>
  <size>
   XL
  </size>
  <color>
   Фиолетовый
  </color>
  <material>
   Нейлон
  </material>
  <price>
   660801
  </price>
  <rating>
   2.46
  </rating>
  <reviews>
   137148
  </reviews>
  <new>
   +
  </new>
 </clothing>
 <clothing>
  <id>
   293800038
  </id>
  <name>
   Lacoste Gloves F-9552
  </name>
  <category>
   Gloves
  </category>
  <size>
   S
  </size>
  <color>
   Желтый
  </color>
  <material>
   Полиэстер
  </material>
  <price>
   594435
  </price>
  <rating>
   2.78
  </rating>
  <reviews>
   622789
  </reviews>
  <new>
   -
  </new>
  <exclusive>
   yes
  </exclusive>
 </clothing>
 <clothing>
  <id>
   848711570
  </id>
  <name>
   Vans Blouse I-4768
  </name>
  <category>
   Blouse
  </category>
  <size>
   S
  </size>
  <color>
   Фиолетовый
  </color>
  <material>
   Полиэстер
  </material>
  <price>
   741560
  </price>
  <rating>
   3.53
  </rating>
  <reviews>
   707794
  </reviews>
  <new>
   -
  </new>
  <exclusive>
   no
  </exclusive>
  <sporty>
   yes
  </sporty>
 </clothing>
 <clothing>
  <id>
   318951410
  </id>
  <name>
   Adidas Handbags S-4615
  </name>
  <category>
   Handbags
  </category>
  <size>
   XL
  </size>
  <color>
   Фиолетовый
  </color>
  <material>
   Шелк
  </material>
  <price>
   574134
  </price>
  <rating>
   3.01
  </rating>
  <reviews>
   14112
  </reviews>
  <new>
   -
  </new>
 </clothing>
</clothing-items>
