<?xml version="1.0" encoding="utf-8"?>
<clothing-items>
 <clothing>
  <id>
   637105798
  </id>
  <name>
   Asics Hat Y-3939
  </name>
  <category>
   Hat
  </category>
  <size>
   M
  </size>
  <color>
   Желтый
  </color>
  <material>
   Кожа
  </material>
  <price>
   794166
  </price>
  <rating>
   2.23
  </rating>
  <reviews>
   685690
  </reviews>
  <new>
   +
  </new>
  <exclusive>
   no
  </exclusive>
  <sporty>
   no
  </sporty>
 </clothing>
 <clothing>
  <id>
   584976334
  </id>
  <name>
   New Balance Skirt J-1241
  </name>
  <category>
   Skirt
  </category>
  <size>
   M
  </size>
  <color>
   Оранжевый
  </color>
  <material>
   Хлопок
  </material>
  <price>
   185815
  </price>
  <rating>
   1.9
  </rating>
  <reviews>
   753577
  </reviews>
  <sporty>
   yes
  </sporty>
 </clothing>
 <clothing>
  <id>
   441045687
  </id>
  <name>
   New Balance Belts K-7498
  </name>
  <category>
   Belts
  </category>
  <size>
   L
  </size>
  <color>
   Желтый
  </color>
  <material>
   Кожа
  </material>
  <price>
   346565
  </price>
  <rating>
   4.58
  </rating>
  <reviews>
   874260
  </reviews>
  <new>
   -
  </new>
 </clothing>
 <clothing>
  <id>
   410030288
  </id>
  <name>
   New Balance Pants C-3292
  </name>
  <category>
   Pants
  </category>
  <size>
   S
  </size>
  <color>
   Синий
  </color>
  <material>
   Шерсть
  </material>
  <price>
   842749
  </price>
  <rating>
   4.22
  </rating>
  <reviews>
   619833
  </reviews>
  <new>
   -
  </new>
  <exclusive>
   no
  </exclusive>
 </clothing>
 <clothing>
  <id>
   789025086
  </id>
  <name>
   Brooks Shoes I-7232
  </name>
  <category>
   Shoes
  </category>
  <size>
   XXL
  </size>
  <color>
   Желтый
  </color>
  <material>
   Хлопок
  </material>
  <price>
   586765
  </price>
  <rating>
   2.99
  </rating>
  <reviews>
   741755
  </reviews>
  <exclusive>
   no
  </exclusive>
 </clothing>
 <clothing>
  <id>
   191869020
  </id>
  <name>
   DC Pants D-5046
  </name>
  <category>
   Pants
  </category>
  <size>
   S
  </size>
  <color>
   Зеленый
  </color>
  <material>
   Вискоза
  </material>
  <price>
   893255
  </price>
  <rating>
   1.21
  </rating>
  <reviews>
   71492
  </reviews>
  <exclusive>
   no
  </exclusive>
  <sporty>
   yes
  </sporty>
 </clothing>
 <clothing>
  <id>
   359229774
  </id>
  <name>
   Nike Dress X-1989
  </name>
  <category>
   Dress
  </category>
  <size>
   L
  </size>
  <color>
   Оранжевый
  </color>
  <material>
   Нейлон
  </material>
  <price>
   759943
  </price>
  <rating>
   4.69
  </rating>
  <reviews>
   356065
  </reviews>
  <new>
   -
  </new>
  <exclusive>
   yes
  </exclusive>
 </clothing>
 <clothing>
  <id>
   700586955
  </id>
  <name>
   Asics T-shirt R-1007
  </name>
  <category>
   T-shirt
  </category>
  <size>
   L
  </size>
  <color>
   Красный
  </color>
  <material>
   Кожа
  </material>
  <price>
   244412
  </price>
  <rating>
   1.39
  </rating>
  <reviews>
   719536
  </reviews>
  <new>
   +
  </new>
  <sporty>
   yes
  </sporty>
 </clothing>
 <clothing>
  <id>
   392179540
  </id>
  <name>
   New Balance Blouse Q-7181
  </name>
  <category>
   Blouse
  </category>
  <size>
   S
  </size>
  <color>
   Красный
  </color>
  <material>
   Нейлон
  </material>
  <price>
   180558
  </price>
  <rating>
   1.05
  </rating>
  <reviews>
   838957
  </reviews>
  <new>
   -
  </new>
  <exclusive>
   yes
  </exclusive>
  <sporty>
   yes
  </sporty>
 </clothing>
 <clothing>
  <id>
   746686248
  </id>
  <name>
   Lacoste Gloves K-6997
  </name>
  <category>
   Gloves
  </category>
  <size>
   L
  </size>
  <color>
   Синий
  </color>
  <material>
   Полиэстер
  </material>
  <price>
   251439
  </price>
  <rating>
   2.54
  </rating>
  <reviews>
   327524
  </reviews>
  <exclusive>
   yes
  </exclusive>
  <sporty>
   no
  </sporty>
 </clothing>
 <clothing>
  <id>
   980232546
  </id>
  <name>
   DC Shirt W-8465
  </name>
  <category>
   Shirt
  </category>
  <size>
   L
  </size>
  <color>
   Красный
  </color>
  <material>
   Полиэстер
  </material>
  <price>
   673835
  </price>
  <rating>
   3.53
  </rating>
  <reviews>
   527368
  </reviews>
  <new>
   +
  </new>
  <exclusive>
   yes
  </exclusive>
  <sporty>
   no
  </sporty>
 </clothing>
 <clothing>
  <id>
   360448000
  </id>
  <name>
   PleinSport Shoes V-3916
  </name>
  <category>
   Shoes
  </category>
  <size>
   L
  </size>
  <color>
   Оранжевый
  </color>
  <material>
   Вискоза
  </material>
  <price>
   918419
  </price>
  <rating>
   2.11
  </rating>
  <reviews>
   841652
  </reviews>
  <new>
   +
  </new>
 </clothing>
 <clothing>
  <id>
   213611519
  </id>
  <name>
   Under Armour Umbrellas K-8479
  </name>
  <category>
   Umbrellas
  </category>
  <size>
   XXL
  </size>
  <color>
   Голубой
  </color>
  <material>
   Вискоза
  </material>
  <price>
   185747
  </price>
  <rating>
   1.01
  </rating>
  <reviews>
   360774
  </reviews>
  <new>
   +
  </new>
  <exclusive>
   no
  </exclusive>
 </clothing>
 <clothing>
  <id>
   989931982
  </id>
  <name>
   DC Jacket H-6000
  </name>
  <category>
   Jacket
  </category>
  <size>
   S
  </size>
  <color>
   Синий
  </color>
  <material>
   Шерсть
  </material>
  <price>
   230613
  </price>
  <rating>
   2.74
  </rating>
  <reviews>
   384942
  </reviews>
  <new>
   -
  </new>
  <sporty>
   no
  </sporty>
 </clothing>
 <clothing>
  <id>
   183141811
  </id>
  <name>
   Adidas Shirt A-2927
  </name>
  <category>
   Shirt
  </category>
  <size>
   M
  </size>
  <color>
   Желтый
  </color>
  <material>
   Лен
  </material>
  <price>
   427662
  </price>
  <rating>
   2.03
  </rating>
  <reviews>
   549609
  </reviews>
  <new>
   -
  </new>
  <exclusive>
   yes
  </exclusive>
 </clothing>
 <clothing>
  <id>
   480660634
  </id>
  <name>
   Vans Dress C-1297
  </name>
  <category>
   Dress
  </category>
  <size>
   XXL
  </size>
  <color>
   Желтый
  </color>
  <material>
   Кожа
  </material>
  <price>
   153471
  </price>
  <rating>
   4.35
  </rating>
  <reviews>
   219531
  </reviews>
  <exclusive>
   no
  </exclusive>
 </clothing>
 <clothing>
  <id>
   985686203
  </id>
  <name>
   Nike Sweater Q-4847
  </name>
  <category>
   Sweater
  </category>
  <size>
   L
  </size>
  <color>
   Желтый
  </color>
  <material>
   Хлопок
  </material>
  <price>
   693560
  </price>
  <rating>
   1.33
  </rating>
  <reviews>
   916556
  </reviews>
  <new>
   +
  </new>
  <sporty>
   no
  </sporty>
 </clothing>
 <clothing>
  <id>
   854030045
  </id>
  <name>
   New Balance Skirt T-7502
  </name>
  <category>
   Skirt
  </category>
  <size>
   M
  </size>
  <color>
   Зеленый
  </color>
  <material>
   Кожа
  </material>
  <price>
   835843
  </price>
  <rating>
   4.66
  </rating>
  <reviews>
   878367
  </reviews>
  <new>
   -
  </new>
  <exclusive>
   no
  </exclusive>
 </clothing>
 <clothing>
  <id>
   152704845
  </id>
  <name>
   Vans Umbrellas U-4754
  </name>
  <category>
   Umbrellas
  </category>
  <size>
   M
  </size>
  <color>
   Оранжевый
  </color>
  <material>
   Полиэстер
  </material>
  <price>
   100631
  </price>
  <rating>
   2.1
  </rating>
  <reviews>
   891452
  </reviews>
  <new>
   -
  </new>
  <sporty>
   no
  </sporty>
 </clothing>
 <clothing>
  <id>
   928696658
  </id>
  <name>
   Vans Jeans A-4782
  </name>
  <category>
   Jeans
  </category>
  <size>
   M
  </size>
  <color>
   Красный
  </color>
  <material>
   Шелк
  </material>
  <price>
   445440
  </price>
  <rating>
   4.51
  </rating>
  <reviews>
   28809
  </reviews>
  <new>
   -
  </new>
  <exclusive>
   yes
  </exclusive>
 </clothing>
 <clothing>
  <id>
   615298147
  </id>
  <name>
   Asics Shirt U-2363
  </name>
  <category>
   Shirt
  </category>
  <size>
   S
  </size>
  <color>
   Синий
  </color>
  <material>
   Кожа
  </material>
  <price>
   379615
  </price>
  <rating>
   4.06
  </rating>
  <reviews>
   774627
  </reviews>
  <new>
   -
  </new>
  <exclusive>
   no
  </exclusive>
 </clothing>
 <clothing>
  <id>
   788435219
  </id>
  <name>
   Asics Shirt K-6533
  </name>
  <category>
   Shirt
  </category>
  <size>
   XL
  </size>
  <color>
   Зеленый
  </color>
  <material>
   Шелк
  </material>
  <price>
   438081
  </price>
  <rating>
   3.2
  </rating>
  <reviews>
   55443
  </reviews>
 </clothing>
 <clothing>
  <id>
   348118134
  </id>
  <name>
   Under Armour Umbrellas N-3434
  </name>
  <category>
   Umbrellas
  </category>
  <size>
   XL
  </size>
  <color>
   Синий
  </color>
  <material>
   Вискоза
  </material>
  <price>
   333610
  </price>
  <rating>
   1.3
  </rating>
  <reviews>
   842249
  </reviews>
  <new>
   -
  </new>
  <exclusive>
   no
  </exclusive>
  <sporty>
   no
  </sporty>
 </clothing>
 <clothing>
  <id>
   429815368
  </id>
  <name>
   Ellesse Gloves U-6974
  </name>
  <category>
   Gloves
  </category>
  <size>
   XXL
  </size>
  <color>
   Красный
  </color>
  <material>
   Полиэстер
  </material>
  <price>
   657145
  </price>
  <rating>
   4.68
  </rating>
  <reviews>
   809025
  </reviews>
  <new>
   -
  </new>
  <exclusive>
   yes
  </exclusive>
 </clothing>
</clothing-items>
