<?xml version="1.0" encoding="utf-8"?>
<clothing-items>
 <clothing>
  <id>
   775050891
  </id>
  <name>
   Lacoste Jeans E-1953
  </name>
  <category>
   Jeans
  </category>
  <size>
   L
  </size>
  <color>
   Синий
  </color>
  <material>
   Вискоза
  </material>
  <price>
   293542
  </price>
  <rating>
   2.11
  </rating>
  <reviews>
   818362
  </reviews>
  <new>
   -
  </new>
  <sporty>
   yes
  </sporty>
 </clothing>
 <clothing>
  <id>
   217769713
  </id>
  <name>
   Reebok Handbags N-3306
  </name>
  <category>
   Handbags
  </category>
  <size>
   M
  </size>
  <color>
   Фиолетовый
  </color>
  <material>
   Хлопок
  </material>
  <price>
   167077
  </price>
  <rating>
   2.58
  </rating>
  <reviews>
   398932
  </reviews>
  <new>
   +
  </new>
  <exclusive>
   no
  </exclusive>
 </clothing>
 <clothing>
  <id>
   891418904
  </id>
  <name>
   Reebok Socks N-5728
  </name>
  <category>
   Socks
  </category>
  <size>
   M
  </size>
  <color>
   Синий
  </color>
  <material>
   Кожа
  </material>
  <price>
   653478
  </price>
  <rating>
   1.33
  </rating>
  <reviews>
   430904
  </reviews>
  <new>
   -
  </new>
  <exclusive>
   no
  </exclusive>
  <sporty>
   no
  </sporty>
 </clothing>
 <clothing>
  <id>
   503946384
  </id>
  <name>
   Vans Shirt U-5920
  </name>
  <category>
   Shirt
  </category>
  <size>
   XXL
  </size>
  <color>
   Фиолетовый
  </color>
  <material>
   Шерсть
  </material>
  <price>
   529236
  </price>
  <rating>
   1.49
  </rating>
  <reviews>
   128132
  </reviews>
 </clothing>
 <clothing>
  <id>
   383566558
  </id>
  <name>
   Lacoste Shoes L-9787
  </name>
  <category>
   Shoes
  </category>
  <size>
   L
  </size>
  <color>
   Красный
  </color>
  <material>
   Нейлон
  </material>
  <price>
   704783
  </price>
  <rating>
   4.66
  </rating>
  <reviews>
   207286
  </reviews>
  <new>
   +
  </new>
  <exclusive>
   no
  </exclusive>
  <sporty>
   yes
  </sporty>
 </clothing>
 <clothing>
  <id>
   993796728
  </id>
  <name>
   Brooks Jacket T-2500
  </name>
  <category>
   Jacket
  </category>
  <size>
   M
  </size>
  <color>
   Оранжевый
  </color>
  <material>
   Хлопок
  </material>
  <price>
   639346
  </price>
  <rating>
   4.66
  </rating>
  <reviews>
   904088
  </reviews>
  <new>
   -
  </new>
  <exclusive>
   no
  </exclusive>
  <sporty>
   no
  </sporty>
 </clothing>
 <clothing>
  <id>
   742940983
  </id>
  <name>
   Addidas Jeans Y-1699
  </name>
  <category>
   Jeans
  </category>
  <size>
   S
  </size>
  <color>
   Желтый
  </color>
  <material>
   Шерсть
  </material>
  <price>
   505324
  </price>
  <rating>
   1.62
  </rating>
  <reviews>
   191820
  </reviews>
  <new>
   +
  </new>
  <exclusive>
   yes
  </exclusive>
 </clothing>
 <clothing>
  <id>
   219812935
  </id>
  <name>
   Asics Umbrellas C-5006
  </name>
  <category>
   Umbrellas
  </category>
  <size>
   L
  </size>
  <color>
   Фиолетовый
  </color>
  <material>
   Шелк
  </material>
  <price>
   659458
  </price>
  <rating>
   3.1
  </rating>
  <reviews>
   563130
  </reviews>
  <sporty>
   yes
  </sporty>
 </clothing>
 <clothing>
  <id>
   376187067
  </id>
  <name>
   Adidas Sweater M-2564
  </name>
  <category>
   Sweater
  </category>
  <size>
   M
  </size>
  <color>
   Зеленый
  </color>
  <material>
   Нейлон
  </material>
  <price>
   391529
  </price>
  <rating>
   3.86
  </rating>
  <reviews>
   667374
  </reviews>
  <new>
   +
  </new>
  <exclusive>
   yes
  </exclusive>
  <sporty>
   yes
  </sporty>
 </clothing>
 <clothing>
  <id>
   322014193
  </id>
  <name>
   Fila Skirt C-8202
  </name>
  <category>
   Skirt
  </category>
  <size>
   XXL
  </size>
  <color>
   Голубой
  </color>
  <material>
   Шерсть
  </material>
  <price>
   212232
  </price>
  <rating>
   4.1
  </rating>
  <reviews>
   847689
  </reviews>
  <sporty>
   no
  </sporty>
 </clothing>
 <clothing>
  <id>
   584418104
  </id>
  <name>
   Puma Sweater O-5269
  </name>
  <category>
   Sweater
  </category>
  <size>
   M
  </size>
  <color>
   Голубой
  </color>
  <material>
   Вискоза
  </material>
  <price>
   668709
  </price>
  <rating>
   3.16
  </rating>
  <reviews>
   96905
  </reviews>
  <new>
   -
  </new>
  <sporty>
   yes
  </sporty>
 </clothing>
 <clothing>
  <id>
   732712831
  </id>
  <name>
   Fila Dress T-9997
  </name>
  <category>
   Dress
  </category>
  <size>
   S
  </size>
  <color>
   Голубой
  </color>
  <material>
   Кожа
  </material>
  <price>
   922472
  </price>
  <rating>
   3.48
  </rating>
  <reviews>
   941797
  </reviews>
  <new>
   -
  </new>
 </clothing>
 <clothing>
  <id>
   502694591
  </id>
  <name>
   Converse Gloves I-7974
  </name>
  <category>
   Gloves
  </category>
  <size>
   XXL
  </size>
  <color>
   Красный
  </color>
  <material>
   Лен
  </material>
  <price>
   208053
  </price>
  <rating>
   3.1
  </rating>
  <reviews>
   742750
  </reviews>
  <exclusive>
   no
  </exclusive>
  <sporty>
   yes
  </sporty>
 </clothing>
 <clothing>
  <id>
   946792868
  </id>
  <name>
   Vans Hat U-2569
  </name>
  <category>
   Hat
  </category>
  <size>
   XL
  </size>
  <color>
   Красный
  </color>
  <material>
   Хлопок
  </material>
  <price>
   926898
  </price>
  <rating>
   4.48
  </rating>
  <reviews>
   926493
  </reviews>
  <new>
   +
  </new>
  <exclusive>
   yes
  </exclusive>
  <sporty>
   yes
  </sporty>
 </clothing>
 <clothing>
  <id>
   658736087
  </id>
  <name>
   Asics Blouse E-3326
  </name>
  <category>
   Blouse
  </category>
  <size>
   L
  </size>
  <color>
   Желтый
  </color>
  <material>
   Вискоза
  </material>
  <price>
   131987
  </price>
  <rating>
   1.61
  </rating>
  <reviews>
   487142
  </reviews>
 </clothing>
 <clothing>
  <id>
   647326243
  </id>
  <name>
   Vans Handbags J-1848
  </name>
  <category>
   Handbags
  </category>
  <size>
   M
  </size>
  <color>
   Красный
  </color>
  <material>
   Полиэстер
  </material>
  <price>
   601777
  </price>
  <rating>
   4.43
  </rating>
  <reviews>
   307407
  </reviews>
  <new>
   -
  </new>
  <exclusive>
   yes
  </exclusive>
  <sporty>
   yes
  </sporty>
 </clothing>
 <clothing>
  <id>
   308682913
  </id>
  <name>
   Fila Shirt I-2366
  </name>
  <category>
   Shirt
  </category>
  <size>
   XL
  </size>
  <color>
   Желтый
  </color>
  <material>
   Кожа
  </material>
  <price>
   528557
  </price>
  <rating>
   3.41
  </rating>
  <reviews>
   796391
  </reviews>
  <exclusive>
   no
  </exclusive>
  <sporty>
   no
  </sporty>
 </clothing>
 <clothing>
  <id>
   183940266
  </id>
  <name>
   Converse Hat A-3632
  </name>
  <category>
   Hat
  </category>
  <size>
   L
  </size>
  <color>
   Красный
  </color>
  <material>
   Кожа
  </material>
  <price>
   117616
  </price>
  <rating>
   4.05
  </rating>
  <reviews>
   179265
  </reviews>
  <new>
   -
  </new>
  <exclusive>
   yes
  </exclusive>
  <sporty>
   yes
  </sporty>
 </clothing>
 <clothing>
  <id>
   295717798
  </id>
  <name>
   Ellesse Sweater M-7744
  </name>
  <category>
   Sweater
  </category>
  <size>
   L
  </size>
  <color>
   Зеленый
  </color>
  <material>
   Вискоза
  </material>
  <price>
   243981
  </price>
  <rating>
   3.55
  </rating>
  <reviews>
   417337
  </reviews>
  <new>
   -
  </new>
  <exclusive>
   yes
  </exclusive>
  <sporty>
   yes
  </sporty>
 </clothing>
 <clothing>
  <id>
   495202984
  </id>
  <name>
   DC Handbags I-7149
  </name>
  <category>
   Handbags
  </category>
  <size>
   XL
  </size>
  <color>
   Синий
  </color>
  <material>
   Шерсть
  </material>
  <price>
   519017
  </price>
  <rating>
   2.49
  </rating>
  <reviews>
   814870
  </reviews>
  <exclusive>
   yes
  </exclusive>
 </clothing>
 <clothing>
  <id>
   737868462
  </id>
  <name>
   DC Jacket O-7428
  </name>
  <category>
   Jacket
  </category>
  <size>
   L
  </size>
  <color>
   Желтый
  </color>
  <material>
   Кожа
  </material>
  <price>
   535852
  </price>
  <rating>
   4.38
  </rating>
  <reviews>
   827937
  </reviews>
  <exclusive>
   yes
  </exclusive>
  <sporty>
   no
  </sporty>
 </clothing>
 <clothing>
  <id>
   175251523
  </id>
  <name>
   New Balance Blouse V-8200
  </name>
  <category>
   Blouse
  </category>
  <size>
   S
  </size>
  <color>
   Оранжевый
  </color>
  <material>
   Полиэстер
  </material>
  <price>
   770309
  </price>
  <rating>
   4.05
  </rating>
  <reviews>
   618905
  </reviews>
  <new>
   -
  </new>
  <sporty>
   yes
  </sporty>
 </clothing>
 <clothing>
  <id>
   378670940
  </id>
  <name>
   Brooks Hat P-6977
  </name>
  <category>
   Hat
  </category>
  <size>
   S
  </size>
  <color>
   Оранжевый
  </color>
  <material>
   Лен
  </material>
  <price>
   869804
  </price>
  <rating>
   2.34
  </rating>
  <reviews>
   208019
  </reviews>
  <exclusive>
   no
  </exclusive>
  <sporty>
   yes
  </sporty>
 </clothing>
 <clothing>
  <id>
   410645222
  </id>
  <name>
   Reebok Jeans Y-1443
  </name>
  <category>
   Jeans
  </category>
  <size>
   M
  </size>
  <color>
   Красный
  </color>
  <material>
   Полиэстер
  </material>
  <price>
   227282
  </price>
  <rating>
   4.56
  </rating>
  <reviews>
   173743
  </reviews>
  <new>
   -
  </new>
 </clothing>
 <clothing>
  <id>
   403147770
  </id>
  <name>
   Puma Hat X-3396
  </name>
  <category>
   Hat
  </category>
  <size>
   XXL
  </size>
  <color>
   Красный
  </color>
  <material>
   Вискоза
  </material>
  <price>
   210625
  </price>
  <rating>
   2.78
  </rating>
  <reviews>
   596081
  </reviews>
  <new>
   -
  </new>
  <exclusive>
   no
  </exclusive>
  <sporty>
   no
  </sporty>
 </clothing>
 <clothing>
  <id>
   550869945
  </id>
  <name>
   Adidas T-shirt O-3448
  </name>
  <category>
   T-shirt
  </category>
  <size>
   M
  </size>
  <color>
   Красный
  </color>
  <material>
   Шелк
  </material>
  <price>
   771651
  </price>
  <rating>
   2.46
  </rating>
  <reviews>
   705712
  </reviews>
  <exclusive>
   yes
  </exclusive>
  <sporty>
   yes
  </sporty>
 </clothing>
 <clothing>
  <id>
   500806919
  </id>
  <name>
   New Balance Shirt U-9868
  </name>
  <category>
   Shirt
  </category>
  <size>
   XXL
  </size>
  <color>
   Зеленый
  </color>
  <material>
   Шерсть
  </material>
  <price>
   915707
  </price>
  <rating>
   4.1
  </rating>
  <reviews>
   900981
  </reviews>
  <exclusive>
   no
  </exclusive>
  <sporty>
   yes
  </sporty>
 </clothing>
 <clothing>
  <id>
   739971056
  </id>
  <name>
   Adidas Jacket M-5984
  </name>
  <category>
   Jacket
  </category>
  <size>
   L
  </size>
  <color>
   Зеленый
  </color>
  <material>
   Лен
  </material>
  <price>
   585610
  </price>
  <rating>
   4.88
  </rating>
  <reviews>
   753998
  </reviews>
  <new>
   -
  </new>
  <exclusive>
   yes
  </exclusive>
  <sporty>
   no
  </sporty>
 </clothing>
 <clothing>
  <id>
   204299213
  </id>
  <name>
   Nike Shirt K-1135
  </name>
  <category>
   Shirt
  </category>
  <size>
   M
  </size>
  <color>
   Желтый
  </color>
  <material>
   Лен
  </material>
  <price>
   176485
  </price>
  <rating>
   1.26
  </rating>
  <reviews>
   973415
  </reviews>
  <exclusive>
   no
  </exclusive>
 </clothing>
 <clothing>
  <id>
   660796747
  </id>
  <name>
   Fila Jacket C-1497
  </name>
  <category>
   Jacket
  </category>
  <size>
   M
  </size>
  <color>
   Красный
  </color>
  <material>
   Нейлон
  </material>
  <price>
   564738
  </price>
  <rating>
   1.61
  </rating>
  <reviews>
   179111
  </reviews>
 </clothing>
 <clothing>
  <id>
   232255372
  </id>
  <name>
   Adidas T-shirt B-3129
  </name>
  <category>
   T-shirt
  </category>
  <size>
   XL
  </size>
  <color>
   Фиолетовый
  </color>
  <material>
   Лен
  </material>
  <price>
   164172
  </price>
  <rating>
   3.39
  </rating>
  <reviews>
   247963
  </reviews>
  <new>
   +
  </new>
  <exclusive>
   no
  </exclusive>
 </clothing>
 <clothing>
  <id>
   166093034
  </id>
  <name>
   Adidas Blouse X-1450
  </name>
  <category>
   Blouse
  </category>
  <size>
   XXL
  </size>
  <color>
   Красный
  </color>
  <material>
   Полиэстер
  </material>
  <price>
   128634
  </price>
  <rating>
   4.49
  </rating>
  <reviews>
   373780
  </reviews>
  <new>
   +
  </new>
  <exclusive>
   no
  </exclusive>
  <sporty>
   no
  </sporty>
 </clothing>
 <clothing>
  <id>
   628778051
  </id>
  <name>
   Reebok Socks N-5381
  </name>
  <category>
   Socks
  </category>
  <size>
   S
  </size>
  <color>
   Зеленый
  </color>
  <material>
   Шерсть
  </material>
  <price>
   165848
  </price>
  <rating>
   4.15
  </rating>
  <reviews>
   498257
  </reviews>
  <exclusive>
   yes
  </exclusive>
 </clothing>
 <clothing>
  <id>
   701086206
  </id>
  <name>
   Lacoste Socks H-2076
  </name>
  <category>
   Socks
  </category>
  <size>
   S
  </size>
  <color>
   Голубой
  </color>
  <material>
   Кожа
  </material>
  <price>
   551616
  </price>
  <rating>
   1.47
  </rating>
  <reviews>
   683329
  </reviews>
  <new>
   +
  </new>
  <exclusive>
   yes
  </exclusive>
  <sporty>
   no
  </sporty>
 </clothing>
 <clothing>
  <id>
   409109306
  </id>
  <name>
   Adidas Hat Q-3882
  </name>
  <category>
   Hat
  </category>
  <size>
   M
  </size>
  <color>
   Красный
  </color>
  <material>
   Нейлон
  </material>
  <price>
   396749
  </price>
  <rating>
   2.92
  </rating>
  <reviews>
   380141
  </reviews>
  <new>
   -
  </new>
  <exclusive>
   no
  </exclusive>
  <sporty>
   yes
  </sporty>
 </clothing>
 <clothing>
  <id>
   409255639
  </id>
  <name>
   Reebok Shirt X-9138
  </name>
  <category>
   Shirt
  </category>
  <size>
   XL
  </size>
  <color>
   Зеленый
  </color>
  <material>
   Вискоза
  </material>
  <price>
   545742
  </price>
  <rating>
   3.34
  </rating>
  <reviews>
   771010
  </reviews>
  <new>
   +
  </new>
  <exclusive>
   yes
  </exclusive>
 </clothing>
 <clothing>
  <id>
   271607096
  </id>
  <name>
   Reebok Dress G-5784
  </name>
  <category>
   Dress
  </category>
  <size>
   XL
  </size>
  <color>
   Зеленый
  </color>
  <material>
   Шерсть
  </material>
  <price>
   968297
  </price>
  <rating>
   4.42
  </rating>
  <reviews>
   23409
  </reviews>
  <new>
   -
  </new>
  <exclusive>
   yes
  </exclusive>
 </clothing>
 <clothing>
  <id>
   389704767
  </id>
  <name>
   Brooks Shoes N-1356
  </name>
  <category>
   Shoes
  </category>
  <size>
   XL
  </size>
  <color>
   Фиолетовый
  </color>
  <material>
   Шелк
  </material>
  <price>
   358259
  </price>
  <rating>
   4.32
  </rating>
  <reviews>
   254260
  </reviews>
  <new>
   -
  </new>
 </clothing>
 <clothing>
  <id>
   478111186
  </id>
  <name>
   Vans Socks P-5503
  </name>
  <category>
   Socks
  </category>
  <size>
   XL
  </size>
  <color>
   Голубой
  </color>
  <material>
   Лен
  </material>
  <price>
   193786
  </price>
  <rating>
   1.92
  </rating>
  <reviews>
   724851
  </reviews>
  <exclusive>
   yes
  </exclusive>
  <sporty>
   yes
  </sporty>
 </clothing>
 <clothing>
  <id>
   407637205
  </id>
  <name>
   Reebok Shoes U-9337
  </name>
  <category>
   Shoes
  </category>
  <size>
   XL
  </size>
  <color>
   Синий
  </color>
  <material>
   Шелк
  </material>
  <price>
   483961
  </price>
  <rating>
   2.61
  </rating>
  <reviews>
   316669
  </reviews>
  <new>
   -
  </new>
  <exclusive>
   no
  </exclusive>
 </clothing>
 <clothing>
  <id>
   873347434
  </id>
  <name>
   Addidas Shirt V-6252
  </name>
  <category>
   Shirt
  </category>
  <size>
   M
  </size>
  <color>
   Фиолетовый
  </color>
  <material>
   Шерсть
  </material>
  <price>
   944448
  </price>
  <rating>
   2.06
  </rating>
  <reviews>
   291861
  </reviews>
  <exclusive>
   no
  </exclusive>
 </clothing>
 <clothing>
  <id>
   595275151
  </id>
  <name>
   New Balance T-shirt Y-5839
  </name>
  <category>
   T-shirt
  </category>
  <size>
   L
  </size>
  <color>
   Красный
  </color>
  <material>
   Хлопок
  </material>
  <price>
   639180
  </price>
  <rating>
   2.64
  </rating>
  <reviews>
   168462
  </reviews>
 </clothing>
 <clothing>
  <id>
   776710921
  </id>
  <name>
   Addidas Jeans Y-6886
  </name>
  <category>
   Jeans
  </category>
  <size>
   XL
  </size>
  <color>
   Голубой
  </color>
  <material>
   Шелк
  </material>
  <price>
   497998
  </price>
  <rating>
   4.88
  </rating>
  <reviews>
   115451
  </reviews>
  <new>
   -
  </new>
  <exclusive>
   no
  </exclusive>
 </clothing>
 <clothing>
  <id>
   436428640
  </id>
  <name>
   Asics Umbrellas N-2377
  </name>
  <category>
   Umbrellas
  </category>
  <size>
   L
  </size>
  <color>
   Желтый
  </color>
  <material>
   Полиэстер
  </material>
  <price>
   558559
  </price>
  <rating>
   4.31
  </rating>
  <reviews>
   919982
  </reviews>
  <new>
   -
  </new>
  <exclusive>
   yes
  </exclusive>
  <sporty>
   yes
  </sporty>
 </clothing>
 <clothing>
  <id>
   947339244
  </id>
  <name>
   DC Shoes S-1181
  </name>
  <category>
   Shoes
  </category>
  <size>
   XXL
  </size>
  <color>
   Красный
  </color>
  <material>
   Нейлон
  </material>
  <price>
   859877
  </price>
  <rating>
   4.81
  </rating>
  <reviews>
   328214
  </reviews>
  <new>
   -
  </new>
  <exclusive>
   no
  </exclusive>
  <sporty>
   yes
  </sporty>
 </clothing>
 <clothing>
  <id>
   748344795
  </id>
  <name>
   Ellesse Dress H-5000
  </name>
  <category>
   Dress
  </category>
  <size>
   S
  </size>
  <color>
   Зеленый
  </color>
  <material>
   Лен
  </material>
  <price>
   276718
  </price>
  <rating>
   3.13
  </rating>
  <reviews>
   659013
  </reviews>
  <exclusive>
   no
  </exclusive>
  <sporty>
   yes
  </sporty>
 </clothing>
 <clothing>
  <id>
   201054717
  </id>
  <name>
   Ellesse Skirt Q-2573
  </name>
  <category>
   Skirt
  </category>
  <size>
   XXL
  </size>
  <color>
   Голубой
  </color>
  <material>
   Лен
  </material>
  <price>
   183205
  </price>
  <rating>
   3.44
  </rating>
  <reviews>
   411290
  </reviews>
  <new>
   +
  </new>
  <exclusive>
   yes
  </exclusive>
 </clothing>
 <clothing>
  <id>
   474818728
  </id>
  <name>
   Brooks Shoes E-4100
  </name>
  <category>
   Shoes
  </category>
  <size>
   L
  </size>
  <color>
   Оранжевый
  </color>
  <material>
   Кожа
  </material>
  <price>
   791749
  </price>
  <rating>
   2.31
  </rating>
  <reviews>
   137159
  </reviews>
  <exclusive>
   no
  </exclusive>
  <sporty>
   no
  </sporty>
 </clothing>
</clothing-items>
