<?xml version="1.0" encoding="utf-8"?>
<clothing-items>
 <clothing>
  <id>
   491822807
  </id>
  <name>
   Vans Dress K-9340
  </name>
  <category>
   Dress
  </category>
  <size>
   XXL
  </size>
  <color>
   Синий
  </color>
  <material>
   Лен
  </material>
  <price>
   951087
  </price>
  <rating>
   2.52
  </rating>
  <reviews>
   155747
  </reviews>
  <exclusive>
   yes
  </exclusive>
  <sporty>
   yes
  </sporty>
 </clothing>
 <clothing>
  <id>
   750860033
  </id>
  <name>
   Adidas Skirt B-6379
  </name>
  <category>
   Skirt
  </category>
  <size>
   S
  </size>
  <color>
   Голубой
  </color>
  <material>
   Полиэстер
  </material>
  <price>
   416673
  </price>
  <rating>
   4.89
  </rating>
  <reviews>
   933330
  </reviews>
  <new>
   -
  </new>
  <exclusive>
   yes
  </exclusive>
  <sporty>
   no
  </sporty>
 </clothing>
 <clothing>
  <id>
   561279487
  </id>
  <name>
   Addidas Hat E-1502
  </name>
  <category>
   Hat
  </category>
  <size>
   XXL
  </size>
  <color>
   Зеленый
  </color>
  <material>
   Кожа
  </material>
  <price>
   216213
  </price>
  <rating>
   3.16
  </rating>
  <reviews>
   913855
  </reviews>
  <new>
   -
  </new>
 </clothing>
 <clothing>
  <id>
   180440221
  </id>
  <name>
   PleinSport Pants D-6995
  </name>
  <category>
   Pants
  </category>
  <size>
   L
  </size>
  <color>
   Желтый
  </color>
  <material>
   Нейлон
  </material>
  <price>
   526790
  </price>
  <rating>
   3.31
  </rating>
  <reviews>
   105861
  </reviews>
  <exclusive>
   yes
  </exclusive>
 </clothing>
 <clothing>
  <id>
   887866666
  </id>
  <name>
   DC Gloves Y-9043
  </name>
  <category>
   Gloves
  </category>
  <size>
   XXL
  </size>
  <color>
   Зеленый
  </color>
  <material>
   Кожа
  </material>
  <price>
   226427
  </price>
  <rating>
   4.01
  </rating>
  <reviews>
   83868
  </reviews>
 </clothing>
 <clothing>
  <id>
   146677149
  </id>
  <name>
   Ellesse Pants S-3320
  </name>
  <category>
   Pants
  </category>
  <size>
   S
  </size>
  <color>
   Желтый
  </color>
  <material>
   Лен
  </material>
  <price>
   461389
  </price>
  <rating>
   1.97
  </rating>
  <reviews>
   571002
  </reviews>
 </clothing>
 <clothing>
  <id>
   469640201
  </id>
  <name>
   Puma Skirt D-6377
  </name>
  <category>
   Skirt
  </category>
  <size>
   XL
  </size>
  <color>
   Голубой
  </color>
  <material>
   Лен
  </material>
  <price>
   927041
  </price>
  <rating>
   4.38
  </rating>
  <reviews>
   281480
  </reviews>
  <exclusive>
   yes
  </exclusive>
 </clothing>
 <clothing>
  <id>
   225590668
  </id>
  <name>
   Vans Gloves W-1985
  </name>
  <category>
   Gloves
  </category>
  <size>
   L
  </size>
  <color>
   Фиолетовый
  </color>
  <material>
   Кожа
  </material>
  <price>
   383913
  </price>
  <rating>
   1.29
  </rating>
  <reviews>
   623218
  </reviews>
  <new>
   -
  </new>
  <exclusive>
   yes
  </exclusive>
  <sporty>
   no
  </sporty>
 </clothing>
 <clothing>
  <id>
   302557888
  </id>
  <name>
   Reebok Pants G-9159
  </name>
  <category>
   Pants
  </category>
  <size>
   S
  </size>
  <color>
   Фиолетовый
  </color>
  <material>
   Шерсть
  </material>
  <price>
   874784
  </price>
  <rating>
   2.71
  </rating>
  <reviews>
   53559
  </reviews>
  <new>
   +
  </new>
  <sporty>
   yes
  </sporty>
 </clothing>
 <clothing>
  <id>
   894040472
  </id>
  <name>
   Nike Hat K-2874
  </name>
  <category>
   Hat
  </category>
  <size>
   S
  </size>
  <color>
   Желтый
  </color>
  <material>
   Нейлон
  </material>
  <price>
   769766
  </price>
  <rating>
   4.56
  </rating>
  <reviews>
   632500
  </reviews>
  <new>
   +
  </new>
  <sporty>
   no
  </sporty>
 </clothing>
 <clothing>
  <id>
   371493010
  </id>
  <name>
   Brooks T-shirt G-5813
  </name>
  <category>
   T-shirt
  </category>
  <size>
   L
  </size>
  <color>
   Фиолетовый
  </color>
  <material>
   Полиэстер
  </material>
  <price>
   438710
  </price>
  <rating>
   3.4
  </rating>
  <reviews>
   194076
  </reviews>
  <new>
   -
  </new>
  <exclusive>
   no
  </exclusive>
  <sporty>
   no
  </sporty>
 </clothing>
 <clothing>
  <id>
   273093882
  </id>
  <name>
   Lacoste Skirt O-7749
  </name>
  <category>
   Skirt
  </category>
  <size>
   S
  </size>
  <color>
   Фиолетовый
  </color>
  <material>
   Лен
  </material>
  <price>
   175091
  </price>
  <rating>
   3.21
  </rating>
  <reviews>
   139358
  </reviews>
  <new>
   -
  </new>
  <exclusive>
   yes
  </exclusive>
  <sporty>
   no
  </sporty>
 </clothing>
 <clothing>
  <id>
   452270328
  </id>
  <name>
   Fila Handbags U-2754
  </name>
  <category>
   Handbags
  </category>
  <size>
   M
  </size>
  <color>
   Красный
  </color>
  <material>
   Полиэстер
  </material>
  <price>
   920931
  </price>
  <rating>
   2.94
  </rating>
  <reviews>
   631828
  </reviews>
  <new>
   -
  </new>
  <sporty>
   yes
  </sporty>
 </clothing>
 <clothing>
  <id>
   246044460
  </id>
  <name>
   DC Skirt S-1723
  </name>
  <category>
   Skirt
  </category>
  <size>
   XL
  </size>
  <color>
   Синий
  </color>
  <material>
   Шерсть
  </material>
  <price>
   383990
  </price>
  <rating>
   3.69
  </rating>
  <reviews>
   646524
  </reviews>
  <new>
   +
  </new>
  <sporty>
   yes
  </sporty>
 </clothing>
 <clothing>
  <id>
   806310354
  </id>
  <name>
   Adidas Pants U-4663
  </name>
  <category>
   Pants
  </category>
  <size>
   L
  </size>
  <color>
   Желтый
  </color>
  <material>
   Нейлон
  </material>
  <price>
   751556
  </price>
  <rating>
   4.4
  </rating>
  <reviews>
   377590
  </reviews>
  <new>
   -
  </new>
  <exclusive>
   no
  </exclusive>
 </clothing>
 <clothing>
  <id>
   261159169
  </id>
  <name>
   Fila Sweater W-1414
  </name>
  <category>
   Sweater
  </category>
  <size>
   XL
  </size>
  <color>
   Синий
  </color>
  <material>
   Нейлон
  </material>
  <price>
   662057
  </price>
  <rating>
   4.56
  </rating>
  <reviews>
   637283
  </reviews>
  <new>
   -
  </new>
  <sporty>
   no
  </sporty>
 </clothing>
 <clothing>
  <id>
   988568942
  </id>
  <name>
   Converse Dress R-3485
  </name>
  <category>
   Dress
  </category>
  <size>
   XXL
  </size>
  <color>
   Голубой
  </color>
  <material>
   Вискоза
  </material>
  <price>
   870290
  </price>
  <rating>
   2.47
  </rating>
  <reviews>
   991170
  </reviews>
  <new>
   -
  </new>
  <exclusive>
   no
  </exclusive>
  <sporty>
   no
  </sporty>
 </clothing>
 <clothing>
  <id>
   809332460
  </id>
  <name>
   Brooks Gloves Q-3928
  </name>
  <category>
   Gloves
  </category>
  <size>
   XL
  </size>
  <color>
   Желтый
  </color>
  <material>
   Нейлон
  </material>
  <price>
   638623
  </price>
  <rating>
   2.46
  </rating>
  <reviews>
   348773
  </reviews>
  <new>
   -
  </new>
  <exclusive>
   no
  </exclusive>
 </clothing>
 <clothing>
  <id>
   999181745
  </id>
  <name>
   Nike Hat U-5812
  </name>
  <category>
   Hat
  </category>
  <size>
   XXL
  </size>
  <color>
   Оранжевый
  </color>
  <material>
   Лен
  </material>
  <price>
   234392
  </price>
  <rating>
   3.03
  </rating>
  <reviews>
   938349
  </reviews>
  <new>
   -
  </new>
  <exclusive>
   no
  </exclusive>
  <sporty>
   no
  </sporty>
 </clothing>
 <clothing>
  <id>
   592012436
  </id>
  <name>
   Vans Umbrellas H-6130
  </name>
  <category>
   Umbrellas
  </category>
  <size>
   L
  </size>
  <color>
   Фиолетовый
  </color>
  <material>
   Вискоза
  </material>
  <price>
   166118
  </price>
  <rating>
   2.88
  </rating>
  <reviews>
   898493
  </reviews>
  <new>
   -
  </new>
  <exclusive>
   yes
  </exclusive>
  <sporty>
   no
  </sporty>
 </clothing>
 <clothing>
  <id>
   774772838
  </id>
  <name>
   Addidas Blouse F-1645
  </name>
  <category>
   Blouse
  </category>
  <size>
   S
  </size>
  <color>
   Голубой
  </color>
  <material>
   Вискоза
  </material>
  <price>
   431635
  </price>
  <rating>
   3.62
  </rating>
  <reviews>
   795536
  </reviews>
  <new>
   +
  </new>
  <sporty>
   yes
  </sporty>
 </clothing>
 <clothing>
  <id>
   799920422
  </id>
  <name>
   New Balance Handbags A-6195
  </name>
  <category>
   Handbags
  </category>
  <size>
   XXL
  </size>
  <color>
   Оранжевый
  </color>
  <material>
   Лен
  </material>
  <price>
   103438
  </price>
  <rating>
   1.69
  </rating>
  <reviews>
   621199
  </reviews>
  <exclusive>
   yes
  </exclusive>
 </clothing>
</clothing-items>
