<?xml version="1.0" encoding="utf-8"?>
<clothing-items>
 <clothing>
  <id>
   412560752
  </id>
  <name>
   Converse Handbags O-8627
  </name>
  <category>
   Handbags
  </category>
  <size>
   XL
  </size>
  <color>
   Фиолетовый
  </color>
  <material>
   Кожа
  </material>
  <price>
   628410
  </price>
  <rating>
   1.64
  </rating>
  <reviews>
   533016
  </reviews>
  <new>
   -
  </new>
  <exclusive>
   yes
  </exclusive>
  <sporty>
   no
  </sporty>
 </clothing>
 <clothing>
  <id>
   145743105
  </id>
  <name>
   PleinSport Belts A-4778
  </name>
  <category>
   Belts
  </category>
  <size>
   XL
  </size>
  <color>
   Зеленый
  </color>
  <material>
   Полиэстер
  </material>
  <price>
   461595
  </price>
  <rating>
   2.86
  </rating>
  <reviews>
   867778
  </reviews>
  <new>
   -
  </new>
  <sporty>
   yes
  </sporty>
 </clothing>
 <clothing>
  <id>
   869276470
  </id>
  <name>
   Addidas Umbrellas E-4393
  </name>
  <category>
   Umbrellas
  </category>
  <size>
   L
  </size>
  <color>
   Зеленый
  </color>
  <material>
   Нейлон
  </material>
  <price>
   592950
  </price>
  <rating>
   2.07
  </rating>
  <reviews>
   99927
  </reviews>
  <new>
   -
  </new>
  <exclusive>
   yes
  </exclusive>
  <sporty>
   no
  </sporty>
 </clothing>
 <clothing>
  <id>
   225725827
  </id>
  <name>
   Converse Shirt Q-1372
  </name>
  <category>
   Shirt
  </category>
  <size>
   S
  </size>
  <color>
   Зеленый
  </color>
  <material>
   Лен
  </material>
  <price>
   873075
  </price>
  <rating>
   1.86
  </rating>
  <reviews>
   592545
  </reviews>
  <new>
   +
  </new>
  <exclusive>
   no
  </exclusive>
 </clothing>
 <clothing>
  <id>
   817019673
  </id>
  <name>
   Adidas Gloves L-9347
  </name>
  <category>
   Gloves
  </category>
  <size>
   L
  </size>
  <color>
   Зеленый
  </color>
  <material>
   Шерсть
  </material>
  <price>
   897260
  </price>
  <rating>
   3.13
  </rating>
  <reviews>
   332351
  </reviews>
  <exclusive>
   no
  </exclusive>
 </clothing>
 <clothing>
  <id>
   789270499
  </id>
  <name>
   Ellesse Dress Z-9754
  </name>
  <category>
   Dress
  </category>
  <size>
   XL
  </size>
  <color>
   Красный
  </color>
  <material>
   Полиэстер
  </material>
  <price>
   579625
  </price>
  <rating>
   1.04
  </rating>
  <reviews>
   932733
  </reviews>
  <exclusive>
   no
  </exclusive>
  <sporty>
   no
  </sporty>
 </clothing>
 <clothing>
  <id>
   184025714
  </id>
  <name>
   Lacoste Gloves W-2642
  </name>
  <category>
   Gloves
  </category>
  <size>
   M
  </size>
  <color>
   Фиолетовый
  </color>
  <material>
   Кожа
  </material>
  <price>
   266082
  </price>
  <rating>
   4.88
  </rating>
  <reviews>
   361391
  </reviews>
  <new>
   -
  </new>
  <sporty>
   no
  </sporty>
 </clothing>
 <clothing>
  <id>
   687077520
  </id>
  <name>
   Under Armour Blouse A-9450
  </name>
  <category>
   Blouse
  </category>
  <size>
   L
  </size>
  <color>
   Зеленый
  </color>
  <material>
   Шерсть
  </material>
  <price>
   122224
  </price>
  <rating>
   2.17
  </rating>
  <reviews>
   813739
  </reviews>
  <exclusive>
   no
  </exclusive>
  <sporty>
   yes
  </sporty>
 </clothing>
 <clothing>
  <id>
   144495062
  </id>
  <name>
   DC Socks Z-3396
  </name>
  <category>
   Socks
  </category>
  <size>
   S
  </size>
  <color>
   Голубой
  </color>
  <material>
   Кожа
  </material>
  <price>
   364652
  </price>
  <rating>
   1.88
  </rating>
  <reviews>
   512511
  </reviews>
  <new>
   +
  </new>
  <exclusive>
   yes
  </exclusive>
 </clothing>
 <clothing>
  <id>
   460585961
  </id>
  <name>
   Vans Blouse F-6516
  </name>
  <category>
   Blouse
  </category>
  <size>
   M
  </size>
  <color>
   Синий
  </color>
  <material>
   Шелк
  </material>
  <price>
   564868
  </price>
  <rating>
   1.1
  </rating>
  <reviews>
   487737
  </reviews>
  <exclusive>
   no
  </exclusive>
 </clothing>
 <clothing>
  <id>
   635029374
  </id>
  <name>
   New Balance Belts T-7067
  </name>
  <category>
   Belts
  </category>
  <size>
   XL
  </size>
  <color>
   Синий
  </color>
  <material>
   Нейлон
  </material>
  <price>
   175883
  </price>
  <rating>
   4.76
  </rating>
  <reviews>
   91218
  </reviews>
  <exclusive>
   yes
  </exclusive>
  <sporty>
   yes
  </sporty>
 </clothing>
 <clothing>
  <id>
   814450040
  </id>
  <name>
   Lacoste Shoes F-5817
  </name>
  <category>
   Shoes
  </category>
  <size>
   S
  </size>
  <color>
   Зеленый
  </color>
  <material>
   Кожа
  </material>
  <price>
   154340
  </price>
  <rating>
   1.82
  </rating>
  <reviews>
   409970
  </reviews>
  <exclusive>
   yes
  </exclusive>
  <sporty>
   no
  </sporty>
 </clothing>
 <clothing>
  <id>
   828271362
  </id>
  <name>
   Converse T-shirt L-1292
  </name>
  <category>
   T-shirt
  </category>
  <size>
   S
  </size>
  <color>
   Желтый
  </color>
  <material>
   Лен
  </material>
  <price>
   731494
  </price>
  <rating>
   2.91
  </rating>
  <reviews>
   228147
  </reviews>
  <new>
   -
  </new>
  <exclusive>
   no
  </exclusive>
  <sporty>
   yes
  </sporty>
 </clothing>
 <clothing>
  <id>
   434253578
  </id>
  <name>
   Vans T-shirt B-7533
  </name>
  <category>
   T-shirt
  </category>
  <size>
   L
  </size>
  <color>
   Голубой
  </color>
  <material>
   Лен
  </material>
  <price>
   120204
  </price>
  <rating>
   2.66
  </rating>
  <reviews>
   292532
  </reviews>
  <new>
   -
  </new>
  <exclusive>
   yes
  </exclusive>
  <sporty>
   no
  </sporty>
 </clothing>
 <clothing>
  <id>
   484106246
  </id>
  <name>
   Asics Shoes A-2303
  </name>
  <category>
   Shoes
  </category>
  <size>
   XXL
  </size>
  <color>
   Голубой
  </color>
  <material>
   Шелк
  </material>
  <price>
   772603
  </price>
  <rating>
   3.58
  </rating>
  <reviews>
   975458
  </reviews>
  <new>
   -
  </new>
 </clothing>
 <clothing>
  <id>
   227703998
  </id>
  <name>
   PleinSport Shoes D-1213
  </name>
  <category>
   Shoes
  </category>
  <size>
   XXL
  </size>
  <color>
   Фиолетовый
  </color>
  <material>
   Вискоза
  </material>
  <price>
   870264
  </price>
  <rating>
   4.65
  </rating>
  <reviews>
   641803
  </reviews>
  <sporty>
   no
  </sporty>
 </clothing>
 <clothing>
  <id>
   624942561
  </id>
  <name>
   New Balance Socks U-1561
  </name>
  <category>
   Socks
  </category>
  <size>
   XXL
  </size>
  <color>
   Красный
  </color>
  <material>
   Вискоза
  </material>
  <price>
   554417
  </price>
  <rating>
   4.17
  </rating>
  <reviews>
   455971
  </reviews>
  <new>
   -
  </new>
  <sporty>
   yes
  </sporty>
 </clothing>
 <clothing>
  <id>
   416085901
  </id>
  <name>
   Lacoste Shoes G-4667
  </name>
  <category>
   Shoes
  </category>
  <size>
   S
  </size>
  <color>
   Зеленый
  </color>
  <material>
   Полиэстер
  </material>
  <price>
   207429
  </price>
  <rating>
   4.77
  </rating>
  <reviews>
   638268
  </reviews>
  <sporty>
   no
  </sporty>
 </clothing>
 <clothing>
  <id>
   346306993
  </id>
  <name>
   Addidas Blouse C-8836
  </name>
  <category>
   Blouse
  </category>
  <size>
   XL
  </size>
  <color>
   Синий
  </color>
  <material>
   Шерсть
  </material>
  <price>
   910949
  </price>
  <rating>
   4.05
  </rating>
  <reviews>
   717812
  </reviews>
  <exclusive>
   yes
  </exclusive>
  <sporty>
   no
  </sporty>
 </clothing>
 <clothing>
  <id>
   823890553
  </id>
  <name>
   PleinSport Belts M-6193
  </name>
  <category>
   Belts
  </category>
  <size>
   XXL
  </size>
  <color>
   Красный
  </color>
  <material>
   Нейлон
  </material>
  <price>
   727623
  </price>
  <rating>
   3.84
  </rating>
  <reviews>
   656131
  </reviews>
  <exclusive>
   no
  </exclusive>
  <sporty>
   no
  </sporty>
 </clothing>
 <clothing>
  <id>
   180085965
  </id>
  <name>
   Fila Blouse E-2434
  </name>
  <category>
   Blouse
  </category>
  <size>
   XXL
  </size>
  <color>
   Оранжевый
  </color>
  <material>
   Полиэстер
  </material>
  <price>
   658870
  </price>
  <rating>
   4.83
  </rating>
  <reviews>
   271247
  </reviews>
  <new>
   -
  </new>
  <exclusive>
   no
  </exclusive>
 </clothing>
 <clothing>
  <id>
   174147623
  </id>
  <name>
   DC Hat K-8566
  </name>
  <category>
   Hat
  </category>
  <size>
   XXL
  </size>
  <color>
   Желтый
  </color>
  <material>
   Хлопок
  </material>
  <price>
   454694
  </price>
  <rating>
   1.97
  </rating>
  <reviews>
   503428
  </reviews>
  <new>
   -
  </new>
 </clothing>
 <clothing>
  <id>
   763536295
  </id>
  <name>
   Addidas Sweater R-4153
  </name>
  <category>
   Sweater
  </category>
  <size>
   XXL
  </size>
  <color>
   Зеленый
  </color>
  <material>
   Нейлон
  </material>
  <price>
   161701
  </price>
  <rating>
   1.81
  </rating>
  <reviews>
   828236
  </reviews>
  <new>
   +
  </new>
  <exclusive>
   no
  </exclusive>
 </clothing>
 <clothing>
  <id>
   956919985
  </id>
  <name>
   Asics Hat X-1791
  </name>
  <category>
   Hat
  </category>
  <size>
   S
  </size>
  <color>
   Красный
  </color>
  <material>
   Вискоза
  </material>
  <price>
   173815
  </price>
  <rating>
   2.41
  </rating>
  <reviews>
   310351
  </reviews>
  <sporty>
   no
  </sporty>
 </clothing>
 <clothing>
  <id>
   761104495
  </id>
  <name>
   Addidas Hat S-7916
  </name>
  <category>
   Hat
  </category>
  <size>
   L
  </size>
  <color>
   Фиолетовый
  </color>
  <material>
   Шерсть
  </material>
  <price>
   999734
  </price>
  <rating>
   4.3
  </rating>
  <reviews>
   483377
  </reviews>
  <new>
   -
  </new>
 </clothing>
 <clothing>
  <id>
   712013507
  </id>
  <name>
   Reebok Skirt R-2052
  </name>
  <category>
   Skirt
  </category>
  <size>
   L
  </size>
  <color>
   Зеленый
  </color>
  <material>
   Кожа
  </material>
  <price>
   704045
  </price>
  <rating>
   3.12
  </rating>
  <reviews>
   321378
  </reviews>
  <new>
   -
  </new>
  <exclusive>
   yes
  </exclusive>
 </clothing>
 <clothing>
  <id>
   205709526
  </id>
  <name>
   Adidas Skirt W-5179
  </name>
  <category>
   Skirt
  </category>
  <size>
   S
  </size>
  <color>
   Голубой
  </color>
  <material>
   Хлопок
  </material>
  <price>
   208161
  </price>
  <rating>
   3.86
  </rating>
  <reviews>
   413522
  </reviews>
  <new>
   -
  </new>
  <sporty>
   yes
  </sporty>
 </clothing>
 <clothing>
  <id>
   221527005
  </id>
  <name>
   Ellesse Shirt E-5147
  </name>
  <category>
   Shirt
  </category>
  <size>
   XL
  </size>
  <color>
   Красный
  </color>
  <material>
   Вискоза
  </material>
  <price>
   980810
  </price>
  <rating>
   4.4
  </rating>
  <reviews>
   990279
  </reviews>
  <new>
   -
  </new>
  <exclusive>
   no
  </exclusive>
 </clothing>
 <clothing>
  <id>
   705741483
  </id>
  <name>
   Puma Blouse O-2627
  </name>
  <category>
   Blouse
  </category>
  <size>
   XL
  </size>
  <color>
   Желтый
  </color>
  <material>
   Нейлон
  </material>
  <price>
   684147
  </price>
  <rating>
   3.75
  </rating>
  <reviews>
   519481
  </reviews>
  <new>
   +
  </new>
  <exclusive>
   no
  </exclusive>
 </clothing>
 <clothing>
  <id>
   577427144
  </id>
  <name>
   PleinSport Blouse Q-8070
  </name>
  <category>
   Blouse
  </category>
  <size>
   XL
  </size>
  <color>
   Фиолетовый
  </color>
  <material>
   Нейлон
  </material>
  <price>
   649990
  </price>
  <rating>
   4.12
  </rating>
  <reviews>
   942438
  </reviews>
  <new>
   +
  </new>
 </clothing>
 <clothing>
  <id>
   235739858
  </id>
  <name>
   Lacoste Shoes X-8537
  </name>
  <category>
   Shoes
  </category>
  <size>
   M
  </size>
  <color>
   Синий
  </color>
  <material>
   Полиэстер
  </material>
  <price>
   120456
  </price>
  <rating>
   2.97
  </rating>
  <reviews>
   9322
  </reviews>
  <new>
   +
  </new>
  <sporty>
   yes
  </sporty>
 </clothing>
 <clothing>
  <id>
   483260336
  </id>
  <name>
   PleinSport Dress G-5609
  </name>
  <category>
   Dress
  </category>
  <size>
   XXL
  </size>
  <color>
   Синий
  </color>
  <material>
   Шелк
  </material>
  <price>
   837991
  </price>
  <rating>
   3.1
  </rating>
  <reviews>
   891741
  </reviews>
  <new>
   +
  </new>
  <exclusive>
   yes
  </exclusive>
  <sporty>
   yes
  </sporty>
 </clothing>
 <clothing>
  <id>
   945980547
  </id>
  <name>
   Fila Shoes V-9884
  </name>
  <category>
   Shoes
  </category>
  <size>
   L
  </size>
  <color>
   Синий
  </color>
  <material>
   Шерсть
  </material>
  <price>
   471082
  </price>
  <rating>
   2.16
  </rating>
  <reviews>
   816657
  </reviews>
  <new>
   -
  </new>
  <exclusive>
   no
  </exclusive>
 </clothing>
 <clothing>
  <id>
   112155205
  </id>
  <name>
   Addidas T-shirt A-8508
  </name>
  <category>
   T-shirt
  </category>
  <size>
   XL
  </size>
  <color>
   Синий
  </color>
  <material>
   Вискоза
  </material>
  <price>
   915109
  </price>
  <rating>
   3.22
  </rating>
  <reviews>
   426559
  </reviews>
  <new>
   -
  </new>
  <exclusive>
   no
  </exclusive>
  <sporty>
   yes
  </sporty>
 </clothing>
 <clothing>
  <id>
   615641970
  </id>
  <name>
   New Balance Blouse E-9510
  </name>
  <category>
   Blouse
  </category>
  <size>
   S
  </size>
  <color>
   Зеленый
  </color>
  <material>
   Хлопок
  </material>
  <price>
   269884
  </price>
  <rating>
   2.12
  </rating>
  <reviews>
   250811
  </reviews>
  <new>
   -
  </new>
  <exclusive>
   no
  </exclusive>
 </clothing>
</clothing-items>
