<?xml version="1.0" encoding="utf-8"?>
<clothing-items>
 <clothing>
  <id>
   392105676
  </id>
  <name>
   Converse T-shirt Q-1448
  </name>
  <category>
   T-shirt
  </category>
  <size>
   L
  </size>
  <color>
   Зеленый
  </color>
  <material>
   Вискоза
  </material>
  <price>
   482999
  </price>
  <rating>
   4.59
  </rating>
  <reviews>
   699787
  </reviews>
  <new>
   -
  </new>
  <exclusive>
   yes
  </exclusive>
  <sporty>
   no
  </sporty>
 </clothing>
 <clothing>
  <id>
   698734877
  </id>
  <name>
   DC Handbags C-8233
  </name>
  <category>
   Handbags
  </category>
  <size>
   XXL
  </size>
  <color>
   Голубой
  </color>
  <material>
   Хлопок
  </material>
  <price>
   282272
  </price>
  <rating>
   2.91
  </rating>
  <reviews>
   351464
  </reviews>
  <exclusive>
   no
  </exclusive>
 </clothing>
 <clothing>
  <id>
   920747129
  </id>
  <name>
   Ellesse Belts X-7758
  </name>
  <category>
   Belts
  </category>
  <size>
   XXL
  </size>
  <color>
   Зеленый
  </color>
  <material>
   Шелк
  </material>
  <price>
   783964
  </price>
  <rating>
   1.79
  </rating>
  <reviews>
   70122
  </reviews>
  <new>
   +
  </new>
 </clothing>
 <clothing>
  <id>
   254656047
  </id>
  <name>
   Converse T-shirt T-3838
  </name>
  <category>
   T-shirt
  </category>
  <size>
   L
  </size>
  <color>
   Зеленый
  </color>
  <material>
   Полиэстер
  </material>
  <price>
   402198
  </price>
  <rating>
   3.18
  </rating>
  <reviews>
   967525
  </reviews>
  <new>
   +
  </new>
  <exclusive>
   yes
  </exclusive>
  <sporty>
   no
  </sporty>
 </clothing>
 <clothing>
  <id>
   996820776
  </id>
  <name>
   PleinSport Sweater L-1466
  </name>
  <category>
   Sweater
  </category>
  <size>
   XXL
  </size>
  <color>
   Фиолетовый
  </color>
  <material>
   Хлопок
  </material>
  <price>
   627585
  </price>
  <rating>
   3.02
  </rating>
  <reviews>
   143119
  </reviews>
  <sporty>
   no
  </sporty>
 </clothing>
 <clothing>
  <id>
   780592707
  </id>
  <name>
   Lacoste Skirt S-8058
  </name>
  <category>
   Skirt
  </category>
  <size>
   M
  </size>
  <color>
   Оранжевый
  </color>
  <material>
   Хлопок
  </material>
  <price>
   932591
  </price>
  <rating>
   1.75
  </rating>
  <reviews>
   132855
  </reviews>
  <new>
   -
  </new>
  <exclusive>
   no
  </exclusive>
  <sporty>
   yes
  </sporty>
 </clothing>
 <clothing>
  <id>
   329126129
  </id>
  <name>
   Brooks T-shirt G-9453
  </name>
  <category>
   T-shirt
  </category>
  <size>
   S
  </size>
  <color>
   Синий
  </color>
  <material>
   Кожа
  </material>
  <price>
   184989
  </price>
  <rating>
   3.0
  </rating>
  <reviews>
   647073
  </reviews>
  <sporty>
   no
  </sporty>
 </clothing>
 <clothing>
  <id>
   442012865
  </id>
  <name>
   Ellesse Dress C-8377
  </name>
  <category>
   Dress
  </category>
  <size>
   XXL
  </size>
  <color>
   Зеленый
  </color>
  <material>
   Шелк
  </material>
  <price>
   147119
  </price>
  <rating>
   2.0
  </rating>
  <reviews>
   692611
  </reviews>
  <new>
   -
  </new>
  <exclusive>
   no
  </exclusive>
  <sporty>
   no
  </sporty>
 </clothing>
 <clothing>
  <id>
   362302508
  </id>
  <name>
   Nike Skirt T-8405
  </name>
  <category>
   Skirt
  </category>
  <size>
   S
  </size>
  <color>
   Фиолетовый
  </color>
  <material>
   Хлопок
  </material>
  <price>
   325979
  </price>
  <rating>
   3.26
  </rating>
  <reviews>
   774398
  </reviews>
  <new>
   -
  </new>
 </clothing>
 <clothing>
  <id>
   944106629
  </id>
  <name>
   Puma Handbags P-6515
  </name>
  <category>
   Handbags
  </category>
  <size>
   XL
  </size>
  <color>
   Желтый
  </color>
  <material>
   Шелк
  </material>
  <price>
   506908
  </price>
  <rating>
   3.65
  </rating>
  <reviews>
   993021
  </reviews>
  <new>
   -
  </new>
  <exclusive>
   yes
  </exclusive>
 </clothing>
 <clothing>
  <id>
   780394731
  </id>
  <name>
   Puma Pants D-3913
  </name>
  <category>
   Pants
  </category>
  <size>
   L
  </size>
  <color>
   Красный
  </color>
  <material>
   Нейлон
  </material>
  <price>
   205119
  </price>
  <rating>
   3.43
  </rating>
  <reviews>
   802625
  </reviews>
  <new>
   +
  </new>
  <exclusive>
   no
  </exclusive>
  <sporty>
   yes
  </sporty>
 </clothing>
 <clothing>
  <id>
   585487156
  </id>
  <name>
   Converse T-shirt G-3267
  </name>
  <category>
   T-shirt
  </category>
  <size>
   S
  </size>
  <color>
   Фиолетовый
  </color>
  <material>
   Шерсть
  </material>
  <price>
   257563
  </price>
  <rating>
   3.17
  </rating>
  <reviews>
   846888
  </reviews>
  <sporty>
   no
  </sporty>
 </clothing>
 <clothing>
  <id>
   591758748
  </id>
  <name>
   Addidas Umbrellas A-1849
  </name>
  <category>
   Umbrellas
  </category>
  <size>
   XL
  </size>
  <color>
   Синий
  </color>
  <material>
   Лен
  </material>
  <price>
   777159
  </price>
  <rating>
   1.23
  </rating>
  <reviews>
   599732
  </reviews>
  <sporty>
   yes
  </sporty>
 </clothing>
 <clothing>
  <id>
   411172833
  </id>
  <name>
   Converse T-shirt E-7094
  </name>
  <category>
   T-shirt
  </category>
  <size>
   L
  </size>
  <color>
   Фиолетовый
  </color>
  <material>
   Лен
  </material>
  <price>
   609476
  </price>
  <rating>
   4.24
  </rating>
  <reviews>
   700236
  </reviews>
  <new>
   +
  </new>
  <sporty>
   yes
  </sporty>
 </clothing>
 <clothing>
  <id>
   401106743
  </id>
  <name>
   Nike Hat S-2037
  </name>
  <category>
   Hat
  </category>
  <size>
   XXL
  </size>
  <color>
   Голубой
  </color>
  <material>
   Лен
  </material>
  <price>
   693276
  </price>
  <rating>
   4.21
  </rating>
  <reviews>
   207731
  </reviews>
  <new>
   +
  </new>
  <exclusive>
   no
  </exclusive>
  <sporty>
   no
  </sporty>
 </clothing>
 <clothing>
  <id>
   471110943
  </id>
  <name>
   Brooks T-shirt D-6883
  </name>
  <category>
   T-shirt
  </category>
  <size>
   XL
  </size>
  <color>
   Зеленый
  </color>
  <material>
   Нейлон
  </material>
  <price>
   483919
  </price>
  <rating>
   2.28
  </rating>
  <reviews>
   299940
  </reviews>
  <new>
   -
  </new>
  <exclusive>
   no
  </exclusive>
  <sporty>
   no
  </sporty>
 </clothing>
 <clothing>
  <id>
   468807770
  </id>
  <name>
   Lacoste Socks U-2410
  </name>
  <category>
   Socks
  </category>
  <size>
   S
  </size>
  <color>
   Зеленый
  </color>
  <material>
   Хлопок
  </material>
  <price>
   148124
  </price>
  <rating>
   4.72
  </rating>
  <reviews>
   138886
  </reviews>
  <new>
   -
  </new>
  <exclusive>
   yes
  </exclusive>
  <sporty>
   no
  </sporty>
 </clothing>
 <clothing>
  <id>
   468827526
  </id>
  <name>
   New Balance Shoes R-5772
  </name>
  <category>
   Shoes
  </category>
  <size>
   XXL
  </size>
  <color>
   Фиолетовый
  </color>
  <material>
   Полиэстер
  </material>
  <price>
   250515
  </price>
  <rating>
   4.99
  </rating>
  <reviews>
   451814
  </reviews>
  <exclusive>
   yes
  </exclusive>
  <sporty>
   no
  </sporty>
 </clothing>
 <clothing>
  <id>
   500522068
  </id>
  <name>
   New Balance Jacket B-5226
  </name>
  <category>
   Jacket
  </category>
  <size>
   XL
  </size>
  <color>
   Красный
  </color>
  <material>
   Кожа
  </material>
  <price>
   462807
  </price>
  <rating>
   3.79
  </rating>
  <reviews>
   721986
  </reviews>
  <exclusive>
   yes
  </exclusive>
 </clothing>
 <clothing>
  <id>
   716466691
  </id>
  <name>
   Asics T-shirt Q-9996
  </name>
  <category>
   T-shirt
  </category>
  <size>
   XXL
  </size>
  <color>
   Зеленый
  </color>
  <material>
   Вискоза
  </material>
  <price>
   716655
  </price>
  <rating>
   3.55
  </rating>
  <reviews>
   366322
  </reviews>
  <new>
   -
  </new>
  <exclusive>
   no
  </exclusive>
 </clothing>
 <clothing>
  <id>
   365776999
  </id>
  <name>
   Addidas Skirt R-8466
  </name>
  <category>
   Skirt
  </category>
  <size>
   S
  </size>
  <color>
   Фиолетовый
  </color>
  <material>
   Полиэстер
  </material>
  <price>
   944500
  </price>
  <rating>
   1.19
  </rating>
  <reviews>
   168880
  </reviews>
  <new>
   -
  </new>
  <exclusive>
   no
  </exclusive>
  <sporty>
   yes
  </sporty>
 </clothing>
 <clothing>
  <id>
   336890661
  </id>
  <name>
   DC Jeans X-6470
  </name>
  <category>
   Jeans
  </category>
  <size>
   XL
  </size>
  <color>
   Красный
  </color>
  <material>
   Кожа
  </material>
  <price>
   448043
  </price>
  <rating>
   3.05
  </rating>
  <reviews>
   592760
  </reviews>
  <sporty>
   yes
  </sporty>
 </clothing>
 <clothing>
  <id>
   128289539
  </id>
  <name>
   Fila Jeans P-4324
  </name>
  <category>
   Jeans
  </category>
  <size>
   L
  </size>
  <color>
   Желтый
  </color>
  <material>
   Лен
  </material>
  <price>
   663840
  </price>
  <rating>
   4.97
  </rating>
  <reviews>
   856394
  </reviews>
 </clothing>
 <clothing>
  <id>
   511059762
  </id>
  <name>
   Brooks Pants C-2757
  </name>
  <category>
   Pants
  </category>
  <size>
   M
  </size>
  <color>
   Зеленый
  </color>
  <material>
   Шелк
  </material>
  <price>
   566703
  </price>
  <rating>
   3.42
  </rating>
  <reviews>
   945189
  </reviews>
  <new>
   +
  </new>
  <exclusive>
   no
  </exclusive>
  <sporty>
   no
  </sporty>
 </clothing>
 <clothing>
  <id>
   457850798
  </id>
  <name>
   DC Skirt X-1127
  </name>
  <category>
   Skirt
  </category>
  <size>
   XL
  </size>
  <color>
   Синий
  </color>
  <material>
   Шерсть
  </material>
  <price>
   748835
  </price>
  <rating>
   2.52
  </rating>
  <reviews>
   185165
  </reviews>
  <exclusive>
   no
  </exclusive>
  <sporty>
   yes
  </sporty>
 </clothing>
 <clothing>
  <id>
   608913310
  </id>
  <name>
   Reebok Pants F-8228
  </name>
  <category>
   Pants
  </category>
  <size>
   XXL
  </size>
  <color>
   Синий
  </color>
  <material>
   Хлопок
  </material>
  <price>
   957206
  </price>
  <rating>
   3.92
  </rating>
  <reviews>
   276856
  </reviews>
  <new>
   +
  </new>
  <exclusive>
   no
  </exclusive>
  <sporty>
   no
  </sporty>
 </clothing>
 <clothing>
  <id>
   757719420
  </id>
  <name>
   Vans T-shirt C-4290
  </name>
  <category>
   T-shirt
  </category>
  <size>
   XL
  </size>
  <color>
   Голубой
  </color>
  <material>
   Полиэстер
  </material>
  <price>
   521022
  </price>
  <rating>
   2.91
  </rating>
  <reviews>
   616929
  </reviews>
  <exclusive>
   no
  </exclusive>
 </clothing>
 <clothing>
  <id>
   310287057
  </id>
  <name>
   Ellesse Hat N-2580
  </name>
  <category>
   Hat
  </category>
  <size>
   XL
  </size>
  <color>
   Зеленый
  </color>
  <material>
   Вискоза
  </material>
  <price>
   967607
  </price>
  <rating>
   1.28
  </rating>
  <reviews>
   324777
  </reviews>
  <exclusive>
   no
  </exclusive>
  <sporty>
   no
  </sporty>
 </clothing>
 <clothing>
  <id>
   983712967
  </id>
  <name>
   Converse Blouse R-7993
  </name>
  <category>
   Blouse
  </category>
  <size>
   XXL
  </size>
  <color>
   Фиолетовый
  </color>
  <material>
   Шелк
  </material>
  <price>
   880787
  </price>
  <rating>
   4.08
  </rating>
  <reviews>
   7721
  </reviews>
  <new>
   +
  </new>
  <exclusive>
   yes
  </exclusive>
  <sporty>
   yes
  </sporty>
 </clothing>
 <clothing>
  <id>
   183522253
  </id>
  <name>
   Puma Jacket N-8510
  </name>
  <category>
   Jacket
  </category>
  <size>
   L
  </size>
  <color>
   Оранжевый
  </color>
  <material>
   Полиэстер
  </material>
  <price>
   297662
  </price>
  <rating>
   1.39
  </rating>
  <reviews>
   938719
  </reviews>
  <exclusive>
   no
  </exclusive>
 </clothing>
 <clothing>
  <id>
   481465267
  </id>
  <name>
   PleinSport Gloves R-2510
  </name>
  <category>
   Gloves
  </category>
  <size>
   L
  </size>
  <color>
   Красный
  </color>
  <material>
   Шелк
  </material>
  <price>
   174987
  </price>
  <rating>
   4.9
  </rating>
  <reviews>
   973398
  </reviews>
  <new>
   +
  </new>
  <exclusive>
   yes
  </exclusive>
 </clothing>
 <clothing>
  <id>
   901913373
  </id>
  <name>
   Adidas Pants A-4551
  </name>
  <category>
   Pants
  </category>
  <size>
   XL
  </size>
  <color>
   Синий
  </color>
  <material>
   Шелк
  </material>
  <price>
   176467
  </price>
  <rating>
   3.14
  </rating>
  <reviews>
   491823
  </reviews>
  <exclusive>
   no
  </exclusive>
  <sporty>
   yes
  </sporty>
 </clothing>
 <clothing>
  <id>
   313255568
  </id>
  <name>
   Fila Umbrellas Z-7028
  </name>
  <category>
   Umbrellas
  </category>
  <size>
   L
  </size>
  <color>
   Синий
  </color>
  <material>
   Полиэстер
  </material>
  <price>
   409034
  </price>
  <rating>
   1.46
  </rating>
  <reviews>
   118061
  </reviews>
  <new>
   +
  </new>
  <exclusive>
   yes
  </exclusive>
 </clothing>
 <clothing>
  <id>
   654899393
  </id>
  <name>
   Fila Skirt V-5419
  </name>
  <category>
   Skirt
  </category>
  <size>
   S
  </size>
  <color>
   Зеленый
  </color>
  <material>
   Нейлон
  </material>
  <price>
   661730
  </price>
  <rating>
   3.98
  </rating>
  <reviews>
   969385
  </reviews>
  <sporty>
   yes
  </sporty>
 </clothing>
 <clothing>
  <id>
   536321079
  </id>
  <name>
   Brooks Jeans E-2863
  </name>
  <category>
   Jeans
  </category>
  <size>
   S
  </size>
  <color>
   Фиолетовый
  </color>
  <material>
   Нейлон
  </material>
  <price>
   817498
  </price>
  <rating>
   4.02
  </rating>
  <reviews>
   213614
  </reviews>
  <new>
   +
  </new>
  <sporty>
   no
  </sporty>
 </clothing>
</clothing-items>
