<?xml version="1.0" encoding="utf-8"?>
<clothing-items>
 <clothing>
  <id>
   667352916
  </id>
  <name>
   Ellesse T-shirt G-7411
  </name>
  <category>
   T-shirt
  </category>
  <size>
   S
  </size>
  <color>
   Оранжевый
  </color>
  <material>
   Хлопок
  </material>
  <price>
   945865
  </price>
  <rating>
   1.34
  </rating>
  <reviews>
   76596
  </reviews>
  <new>
   -
  </new>
  <exclusive>
   yes
  </exclusive>
  <sporty>
   no
  </sporty>
 </clothing>
 <clothing>
  <id>
   340580721
  </id>
  <name>
   Under Armour Dress T-8885
  </name>
  <category>
   Dress
  </category>
  <size>
   M
  </size>
  <color>
   Фиолетовый
  </color>
  <material>
   Лен
  </material>
  <price>
   457700
  </price>
  <rating>
   1.24
  </rating>
  <reviews>
   225662
  </reviews>
  <new>
   -
  </new>
  <exclusive>
   no
  </exclusive>
 </clothing>
 <clothing>
  <id>
   774524274
  </id>
  <name>
   Lacoste Shirt G-7142
  </name>
  <category>
   Shirt
  </category>
  <size>
   L
  </size>
  <color>
   Фиолетовый
  </color>
  <material>
   Шелк
  </material>
  <price>
   526271
  </price>
  <rating>
   4.64
  </rating>
  <reviews>
   461926
  </reviews>
  <new>
   +
  </new>
  <exclusive>
   no
  </exclusive>
  <sporty>
   yes
  </sporty>
 </clothing>
 <clothing>
  <id>
   623070964
  </id>
  <name>
   Ellesse Jacket W-8009
  </name>
  <category>
   Jacket
  </category>
  <size>
   L
  </size>
  <color>
   Фиолетовый
  </color>
  <material>
   Кожа
  </material>
  <price>
   492828
  </price>
  <rating>
   4.86
  </rating>
  <reviews>
   449261
  </reviews>
  <new>
   -
  </new>
  <sporty>
   no
  </sporty>
 </clothing>
 <clothing>
  <id>
   560992892
  </id>
  <name>
   Converse T-shirt P-4516
  </name>
  <category>
   T-shirt
  </category>
  <size>
   S
  </size>
  <color>
   Красный
  </color>
  <material>
   Нейлон
  </material>
  <price>
   825824
  </price>
  <rating>
   1.81
  </rating>
  <reviews>
   231482
  </reviews>
  <new>
   -
  </new>
  <exclusive>
   no
  </exclusive>
  <sporty>
   yes
  </sporty>
 </clothing>
 <clothing>
  <id>
   913950764
  </id>
  <name>
   Reebok Pants G-3841
  </name>
  <category>
   Pants
  </category>
  <size>
   M
  </size>
  <color>
   Желтый
  </color>
  <material>
   Вискоза
  </material>
  <price>
   823887
  </price>
  <rating>
   2.59
  </rating>
  <reviews>
   910350
  </reviews>
  <exclusive>
   yes
  </exclusive>
  <sporty>
   yes
  </sporty>
 </clothing>
 <clothing>
  <id>
   971590494
  </id>
  <name>
   New Balance Jeans L-4265
  </name>
  <category>
   Jeans
  </category>
  <size>
   S
  </size>
  <color>
   Желтый
  </color>
  <material>
   Шерсть
  </material>
  <price>
   332094
  </price>
  <rating>
   4.31
  </rating>
  <reviews>
   454706
  </reviews>
 </clothing>
 <clothing>
  <id>
   830539925
  </id>
  <name>
   Puma Pants I-8697
  </name>
  <category>
   Pants
  </category>
  <size>
   M
  </size>
  <color>
   Желтый
  </color>
  <material>
   Нейлон
  </material>
  <price>
   920201
  </price>
  <rating>
   4.0
  </rating>
  <reviews>
   640444
  </reviews>
  <new>
   +
  </new>
 </clothing>
 <clothing>
  <id>
   105319860
  </id>
  <name>
   Asics Jeans I-7544
  </name>
  <category>
   Jeans
  </category>
  <size>
   XL
  </size>
  <color>
   Красный
  </color>
  <material>
   Хлопок
  </material>
  <price>
   827374
  </price>
  <rating>
   1.13
  </rating>
  <reviews>
   477023
  </reviews>
  <new>
   +
  </new>
  <exclusive>
   no
  </exclusive>
 </clothing>
 <clothing>
  <id>
   367275772
  </id>
  <name>
   New Balance Belts E-4467
  </name>
  <category>
   Belts
  </category>
  <size>
   L
  </size>
  <color>
   Желтый
  </color>
  <material>
   Кожа
  </material>
  <price>
   463030
  </price>
  <rating>
   1.78
  </rating>
  <reviews>
   632102
  </reviews>
  <exclusive>
   yes
  </exclusive>
 </clothing>
 <clothing>
  <id>
   394565951
  </id>
  <name>
   Puma Skirt L-9957
  </name>
  <category>
   Skirt
  </category>
  <size>
   L
  </size>
  <color>
   Оранжевый
  </color>
  <material>
   Кожа
  </material>
  <price>
   135412
  </price>
  <rating>
   2.96
  </rating>
  <reviews>
   453429
  </reviews>
  <sporty>
   yes
  </sporty>
 </clothing>
 <clothing>
  <id>
   554310900
  </id>
  <name>
   Lacoste Gloves L-2454
  </name>
  <category>
   Gloves
  </category>
  <size>
   XL
  </size>
  <color>
   Зеленый
  </color>
  <material>
   Нейлон
  </material>
  <price>
   926671
  </price>
  <rating>
   2.73
  </rating>
  <reviews>
   591951
  </reviews>
 </clothing>
 <clothing>
  <id>
   528843247
  </id>
  <name>
   Addidas T-shirt T-3396
  </name>
  <category>
   T-shirt
  </category>
  <size>
   XL
  </size>
  <color>
   Голубой
  </color>
  <material>
   Шерсть
  </material>
  <price>
   186848
  </price>
  <rating>
   3.95
  </rating>
  <reviews>
   858043
  </reviews>
  <exclusive>
   no
  </exclusive>
  <sporty>
   yes
  </sporty>
 </clothing>
 <clothing>
  <id>
   151106466
  </id>
  <name>
   Addidas Jeans G-2017
  </name>
  <category>
   Jeans
  </category>
  <size>
   XL
  </size>
  <color>
   Зеленый
  </color>
  <material>
   Нейлон
  </material>
  <price>
   412743
  </price>
  <rating>
   2.76
  </rating>
  <reviews>
   596855
  </reviews>
  <exclusive>
   no
  </exclusive>
  <sporty>
   yes
  </sporty>
 </clothing>
 <clothing>
  <id>
   584474909
  </id>
  <name>
   DC Blouse O-8920
  </name>
  <category>
   Blouse
  </category>
  <size>
   M
  </size>
  <color>
   Голубой
  </color>
  <material>
   Нейлон
  </material>
  <price>
   523769
  </price>
  <rating>
   1.77
  </rating>
  <reviews>
   359018
  </reviews>
  <new>
   +
  </new>
 </clothing>
 <clothing>
  <id>
   901055617
  </id>
  <name>
   Puma Hat Q-5634
  </name>
  <category>
   Hat
  </category>
  <size>
   M
  </size>
  <color>
   Красный
  </color>
  <material>
   Шерсть
  </material>
  <price>
   920596
  </price>
  <rating>
   2.88
  </rating>
  <reviews>
   192484
  </reviews>
  <new>
   -
  </new>
  <exclusive>
   no
  </exclusive>
  <sporty>
   no
  </sporty>
 </clothing>
 <clothing>
  <id>
   426636727
  </id>
  <name>
   New Balance Dress V-9799
  </name>
  <category>
   Dress
  </category>
  <size>
   L
  </size>
  <color>
   Голубой
  </color>
  <material>
   Вискоза
  </material>
  <price>
   406378
  </price>
  <rating>
   2.24
  </rating>
  <reviews>
   573777
  </reviews>
 </clothing>
 <clothing>
  <id>
   111684007
  </id>
  <name>
   Under Armour Jacket P-3946
  </name>
  <category>
   Jacket
  </category>
  <size>
   XL
  </size>
  <color>
   Красный
  </color>
  <material>
   Полиэстер
  </material>
  <price>
   489103
  </price>
  <rating>
   4.08
  </rating>
  <reviews>
   206484
  </reviews>
  <new>
   -
  </new>
  <sporty>
   yes
  </sporty>
 </clothing>
 <clothing>
  <id>
   669912407
  </id>
  <name>
   Vans Shoes E-6853
  </name>
  <category>
   Shoes
  </category>
  <size>
   XXL
  </size>
  <color>
   Зеленый
  </color>
  <material>
   Шерсть
  </material>
  <price>
   518666
  </price>
  <rating>
   1.22
  </rating>
  <reviews>
   318789
  </reviews>
  <new>
   +
  </new>
  <sporty>
   no
  </sporty>
 </clothing>
 <clothing>
  <id>
   978047025
  </id>
  <name>
   Brooks Blouse V-8486
  </name>
  <category>
   Blouse
  </category>
  <size>
   XL
  </size>
  <color>
   Фиолетовый
  </color>
  <material>
   Хлопок
  </material>
  <price>
   799834
  </price>
  <rating>
   1.26
  </rating>
  <reviews>
   698831
  </reviews>
  <exclusive>
   yes
  </exclusive>
  <sporty>
   yes
  </sporty>
 </clothing>
 <clothing>
  <id>
   717593050
  </id>
  <name>
   Reebok Shirt V-4866
  </name>
  <category>
   Shirt
  </category>
  <size>
   XXL
  </size>
  <color>
   Голубой
  </color>
  <material>
   Кожа
  </material>
  <price>
   193861
  </price>
  <rating>
   4.78
  </rating>
  <reviews>
   488861
  </reviews>
  <new>
   +
  </new>
  <exclusive>
   yes
  </exclusive>
  <sporty>
   no
  </sporty>
 </clothing>
 <clothing>
  <id>
   252125029
  </id>
  <name>
   DC Skirt X-6317
  </name>
  <category>
   Skirt
  </category>
  <size>
   L
  </size>
  <color>
   Желтый
  </color>
  <material>
   Шерсть
  </material>
  <price>
   992641
  </price>
  <rating>
   2.6
  </rating>
  <reviews>
   92550
  </reviews>
  <new>
   -
  </new>
  <exclusive>
   no
  </exclusive>
  <sporty>
   no
  </sporty>
 </clothing>
 <clothing>
  <id>
   820126751
  </id>
  <name>
   Under Armour Handbags O-7608
  </name>
  <category>
   Handbags
  </category>
  <size>
   M
  </size>
  <color>
   Синий
  </color>
  <material>
   Хлопок
  </material>
  <price>
   434554
  </price>
  <rating>
   4.63
  </rating>
  <reviews>
   842237
  </reviews>
  <new>
   +
  </new>
  <exclusive>
   no
  </exclusive>
 </clothing>
 <clothing>
  <id>
   496161249
  </id>
  <name>
   Converse Blouse B-2022
  </name>
  <category>
   Blouse
  </category>
  <size>
   XXL
  </size>
  <color>
   Красный
  </color>
  <material>
   Хлопок
  </material>
  <price>
   235691
  </price>
  <rating>
   3.69
  </rating>
  <reviews>
   816653
  </reviews>
  <new>
   +
  </new>
  <exclusive>
   yes
  </exclusive>
  <sporty>
   no
  </sporty>
 </clothing>
 <clothing>
  <id>
   161808632
  </id>
  <name>
   Puma Handbags T-9425
  </name>
  <category>
   Handbags
  </category>
  <size>
   M
  </size>
  <color>
   Зеленый
  </color>
  <material>
   Лен
  </material>
  <price>
   583093
  </price>
  <rating>
   2.45
  </rating>
  <reviews>
   674419
  </reviews>
 </clothing>
 <clothing>
  <id>
   674409099
  </id>
  <name>
   Fila Shoes D-2830
  </name>
  <category>
   Shoes
  </category>
  <size>
   S
  </size>
  <color>
   Фиолетовый
  </color>
  <material>
   Хлопок
  </material>
  <price>
   124208
  </price>
  <rating>
   4.02
  </rating>
  <reviews>
   627085
  </reviews>
  <exclusive>
   no
  </exclusive>
  <sporty>
   no
  </sporty>
 </clothing>
 <clothing>
  <id>
   621677791
  </id>
  <name>
   Converse Jeans R-7428
  </name>
  <category>
   Jeans
  </category>
  <size>
   M
  </size>
  <color>
   Желтый
  </color>
  <material>
   Лен
  </material>
  <price>
   541631
  </price>
  <rating>
   1.14
  </rating>
  <reviews>
   1544
  </reviews>
  <exclusive>
   yes
  </exclusive>
  <sporty>
   yes
  </sporty>
 </clothing>
</clothing-items>
