<?xml version="1.0" encoding="utf-8"?>
<clothing-items>
 <clothing>
  <id>
   661986701
  </id>
  <name>
   PleinSport Skirt H-2776
  </name>
  <category>
   Skirt
  </category>
  <size>
   M
  </size>
  <color>
   Фиолетовый
  </color>
  <material>
   Шерсть
  </material>
  <price>
   142693
  </price>
  <rating>
   4.65
  </rating>
  <reviews>
   117039
  </reviews>
  <exclusive>
   yes
  </exclusive>
 </clothing>
 <clothing>
  <id>
   137984566
  </id>
  <name>
   New Balance Skirt S-8973
  </name>
  <category>
   Skirt
  </category>
  <size>
   M
  </size>
  <color>
   Оранжевый
  </color>
  <material>
   Лен
  </material>
  <price>
   944654
  </price>
  <rating>
   2.81
  </rating>
  <reviews>
   14670
  </reviews>
  <new>
   -
  </new>
  <exclusive>
   no
  </exclusive>
  <sporty>
   yes
  </sporty>
 </clothing>
 <clothing>
  <id>
   447143464
  </id>
  <name>
   Addidas Pants T-4526
  </name>
  <category>
   Pants
  </category>
  <size>
   XXL
  </size>
  <color>
   Желтый
  </color>
  <material>
   Вискоза
  </material>
  <price>
   585094
  </price>
  <rating>
   1.54
  </rating>
  <reviews>
   937062
  </reviews>
  <new>
   +
  </new>
  <exclusive>
   yes
  </exclusive>
  <sporty>
   no
  </sporty>
 </clothing>
 <clothing>
  <id>
   783145816
  </id>
  <name>
   Asics T-shirt L-4876
  </name>
  <category>
   T-shirt
  </category>
  <size>
   S
  </size>
  <color>
   Синий
  </color>
  <material>
   Лен
  </material>
  <price>
   140355
  </price>
  <rating>
   1.35
  </rating>
  <reviews>
   642771
  </reviews>
  <new>
   -
  </new>
  <exclusive>
   no
  </exclusive>
  <sporty>
   yes
  </sporty>
 </clothing>
 <clothing>
  <id>
   589425457
  </id>
  <name>
   Asics Jeans Y-2475
  </name>
  <category>
   Jeans
  </category>
  <size>
   M
  </size>
  <color>
   Голубой
  </color>
  <material>
   Шерсть
  </material>
  <price>
   567835
  </price>
  <rating>
   3.82
  </rating>
  <reviews>
   87004
  </reviews>
  <new>
   +
  </new>
  <exclusive>
   no
  </exclusive>
 </clothing>
 <clothing>
  <id>
   277484821
  </id>
  <name>
   Brooks Umbrellas J-1317
  </name>
  <category>
   Umbrellas
  </category>
  <size>
   S
  </size>
  <color>
   Оранжевый
  </color>
  <material>
   Нейлон
  </material>
  <price>
   500917
  </price>
  <rating>
   3.55
  </rating>
  <reviews>
   68754
  </reviews>
  <new>
   -
  </new>
  <exclusive>
   yes
  </exclusive>
 </clothing>
 <clothing>
  <id>
   570930655
  </id>
  <name>
   Converse Jeans X-2964
  </name>
  <category>
   Jeans
  </category>
  <size>
   M
  </size>
  <color>
   Зеленый
  </color>
  <material>
   Шерсть
  </material>
  <price>
   726375
  </price>
  <rating>
   1.67
  </rating>
  <reviews>
   859807
  </reviews>
 </clothing>
 <clothing>
  <id>
   867471991
  </id>
  <name>
   Fila Dress J-8026
  </name>
  <category>
   Dress
  </category>
  <size>
   M
  </size>
  <color>
   Оранжевый
  </color>
  <material>
   Шерсть
  </material>
  <price>
   377815
  </price>
  <rating>
   1.94
  </rating>
  <reviews>
   518546
  </reviews>
  <new>
   -
  </new>
  <exclusive>
   yes
  </exclusive>
  <sporty>
   no
  </sporty>
 </clothing>
 <clothing>
  <id>
   378025861
  </id>
  <name>
   Addidas Shirt J-3229
  </name>
  <category>
   Shirt
  </category>
  <size>
   XXL
  </size>
  <color>
   Синий
  </color>
  <material>
   Кожа
  </material>
  <price>
   237518
  </price>
  <rating>
   3.96
  </rating>
  <reviews>
   581336
  </reviews>
  <exclusive>
   no
  </exclusive>
 </clothing>
 <clothing>
  <id>
   185247575
  </id>
  <name>
   Reebok Sweater K-8494
  </name>
  <category>
   Sweater
  </category>
  <size>
   XXL
  </size>
  <color>
   Оранжевый
  </color>
  <material>
   Шелк
  </material>
  <price>
   851050
  </price>
  <rating>
   4.23
  </rating>
  <reviews>
   118403
  </reviews>
  <new>
   +
  </new>
  <exclusive>
   yes
  </exclusive>
 </clothing>
 <clothing>
  <id>
   977522585
  </id>
  <name>
   Under Armour Shoes T-3268
  </name>
  <category>
   Shoes
  </category>
  <size>
   XL
  </size>
  <color>
   Зеленый
  </color>
  <material>
   Полиэстер
  </material>
  <price>
   910232
  </price>
  <rating>
   1.86
  </rating>
  <reviews>
   686404
  </reviews>
  <new>
   +
  </new>
  <exclusive>
   no
  </exclusive>
  <sporty>
   no
  </sporty>
 </clothing>
 <clothing>
  <id>
   210978551
  </id>
  <name>
   Brooks Hat Q-7520
  </name>
  <category>
   Hat
  </category>
  <size>
   M
  </size>
  <color>
   Желтый
  </color>
  <material>
   Нейлон
  </material>
  <price>
   495898
  </price>
  <rating>
   2.85
  </rating>
  <reviews>
   756121
  </reviews>
  <exclusive>
   no
  </exclusive>
 </clothing>
 <clothing>
  <id>
   466380384
  </id>
  <name>
   Vans Belts V-1248
  </name>
  <category>
   Belts
  </category>
  <size>
   M
  </size>
  <color>
   Желтый
  </color>
  <material>
   Полиэстер
  </material>
  <price>
   966003
  </price>
  <rating>
   4.61
  </rating>
  <reviews>
   762515
  </reviews>
  <new>
   +
  </new>
  <exclusive>
   no
  </exclusive>
  <sporty>
   yes
  </sporty>
 </clothing>
 <clothing>
  <id>
   591291220
  </id>
  <name>
   Under Armour Skirt R-4458
  </name>
  <category>
   Skirt
  </category>
  <size>
   M
  </size>
  <color>
   Зеленый
  </color>
  <material>
   Хлопок
  </material>
  <price>
   659624
  </price>
  <rating>
   3.36
  </rating>
  <reviews>
   622828
  </reviews>
  <new>
   -
  </new>
 </clothing>
 <clothing>
  <id>
   411441279
  </id>
  <name>
   Nike Jacket A-3295
  </name>
  <category>
   Jacket
  </category>
  <size>
   XL
  </size>
  <color>
   Голубой
  </color>
  <material>
   Шерсть
  </material>
  <price>
   804752
  </price>
  <rating>
   3.24
  </rating>
  <reviews>
   916399
  </reviews>
  <new>
   -
  </new>
  <exclusive>
   yes
  </exclusive>
  <sporty>
   no
  </sporty>
 </clothing>
 <clothing>
  <id>
   744066068
  </id>
  <name>
   Fila Handbags E-7782
  </name>
  <category>
   Handbags
  </category>
  <size>
   XL
  </size>
  <color>
   Красный
  </color>
  <material>
   Нейлон
  </material>
  <price>
   259811
  </price>
  <rating>
   3.47
  </rating>
  <reviews>
   498755
  </reviews>
  <new>
   -
  </new>
  <exclusive>
   no
  </exclusive>
 </clothing>
 <clothing>
  <id>
   750801471
  </id>
  <name>
   Converse Shirt O-5873
  </name>
  <category>
   Shirt
  </category>
  <size>
   M
  </size>
  <color>
   Желтый
  </color>
  <material>
   Хлопок
  </material>
  <price>
   760706
  </price>
  <rating>
   1.02
  </rating>
  <reviews>
   393448
  </reviews>
  <exclusive>
   yes
  </exclusive>
  <sporty>
   no
  </sporty>
 </clothing>
 <clothing>
  <id>
   153723419
  </id>
  <name>
   Ellesse Hat V-1502
  </name>
  <category>
   Hat
  </category>
  <size>
   XXL
  </size>
  <color>
   Синий
  </color>
  <material>
   Кожа
  </material>
  <price>
   570639
  </price>
  <rating>
   1.12
  </rating>
  <reviews>
   714057
  </reviews>
  <new>
   -
  </new>
  <exclusive>
   no
  </exclusive>
  <sporty>
   yes
  </sporty>
 </clothing>
 <clothing>
  <id>
   722239914
  </id>
  <name>
   Adidas Sweater L-1382
  </name>
  <category>
   Sweater
  </category>
  <size>
   L
  </size>
  <color>
   Желтый
  </color>
  <material>
   Лен
  </material>
  <price>
   135328
  </price>
  <rating>
   4.97
  </rating>
  <reviews>
   211193
  </reviews>
  <exclusive>
   no
  </exclusive>
  <sporty>
   yes
  </sporty>
 </clothing>
 <clothing>
  <id>
   717901206
  </id>
  <name>
   Under Armour Shirt E-3734
  </name>
  <category>
   Shirt
  </category>
  <size>
   S
  </size>
  <color>
   Оранжевый
  </color>
  <material>
   Хлопок
  </material>
  <price>
   245474
  </price>
  <rating>
   3.4
  </rating>
  <reviews>
   133128
  </reviews>
  <new>
   +
  </new>
  <sporty>
   no
  </sporty>
 </clothing>
 <clothing>
  <id>
   581528129
  </id>
  <name>
   Addidas Jeans G-7982
  </name>
  <category>
   Jeans
  </category>
  <size>
   XXL
  </size>
  <color>
   Оранжевый
  </color>
  <material>
   Вискоза
  </material>
  <price>
   166915
  </price>
  <rating>
   3.58
  </rating>
  <reviews>
   675831
  </reviews>
  <new>
   +
  </new>
  <sporty>
   yes
  </sporty>
 </clothing>
 <clothing>
  <id>
   737928652
  </id>
  <name>
   Addidas Socks L-4302
  </name>
  <category>
   Socks
  </category>
  <size>
   S
  </size>
  <color>
   Синий
  </color>
  <material>
   Кожа
  </material>
  <price>
   579514
  </price>
  <rating>
   2.31
  </rating>
  <reviews>
   974705
  </reviews>
  <sporty>
   no
  </sporty>
 </clothing>
 <clothing>
  <id>
   987702515
  </id>
  <name>
   Nike Gloves D-4936
  </name>
  <category>
   Gloves
  </category>
  <size>
   M
  </size>
  <color>
   Синий
  </color>
  <material>
   Шелк
  </material>
  <price>
   533375
  </price>
  <rating>
   3.72
  </rating>
  <reviews>
   667106
  </reviews>
  <new>
   -
  </new>
  <exclusive>
   yes
  </exclusive>
 </clothing>
 <clothing>
  <id>
   308002370
  </id>
  <name>
   DC Sweater T-1381
  </name>
  <category>
   Sweater
  </category>
  <size>
   L
  </size>
  <color>
   Синий
  </color>
  <material>
   Полиэстер
  </material>
  <price>
   993722
  </price>
  <rating>
   1.89
  </rating>
  <reviews>
   479614
  </reviews>
  <new>
   -
  </new>
  <exclusive>
   no
  </exclusive>
 </clothing>
 <clothing>
  <id>
   846386541
  </id>
  <name>
   Vans Jeans L-4552
  </name>
  <category>
   Jeans
  </category>
  <size>
   S
  </size>
  <color>
   Зеленый
  </color>
  <material>
   Хлопок
  </material>
  <price>
   691937
  </price>
  <rating>
   3.48
  </rating>
  <reviews>
   44375
  </reviews>
  <exclusive>
   no
  </exclusive>
  <sporty>
   yes
  </sporty>
 </clothing>
 <clothing>
  <id>
   382540260
  </id>
  <name>
   Adidas Sweater M-5003
  </name>
  <category>
   Sweater
  </category>
  <size>
   M
  </size>
  <color>
   Голубой
  </color>
  <material>
   Хлопок
  </material>
  <price>
   890873
  </price>
  <rating>
   4.63
  </rating>
  <reviews>
   194565
  </reviews>
  <exclusive>
   yes
  </exclusive>
  <sporty>
   yes
  </sporty>
 </clothing>
 <clothing>
  <id>
   752363721
  </id>
  <name>
   Nike Umbrellas V-5856
  </name>
  <category>
   Umbrellas
  </category>
  <size>
   L
  </size>
  <color>
   Красный
  </color>
  <material>
   Полиэстер
  </material>
  <price>
   882714
  </price>
  <rating>
   3.81
  </rating>
  <reviews>
   861502
  </reviews>
  <new>
   +
  </new>
  <sporty>
   no
  </sporty>
 </clothing>
 <clothing>
  <id>
   327497802
  </id>
  <name>
   Under Armour Pants P-6891
  </name>
  <category>
   Pants
  </category>
  <size>
   XL
  </size>
  <color>
   Оранжевый
  </color>
  <material>
   Шелк
  </material>
  <price>
   423536
  </price>
  <rating>
   1.57
  </rating>
  <reviews>
   110447
  </reviews>
  <new>
   -
  </new>
 </clothing>
 <clothing>
  <id>
   801360965
  </id>
  <name>
   PleinSport Belts P-3388
  </name>
  <category>
   Belts
  </category>
  <size>
   L
  </size>
  <color>
   Зеленый
  </color>
  <material>
   Шелк
  </material>
  <price>
   731450
  </price>
  <rating>
   4.31
  </rating>
  <reviews>
   676256
  </reviews>
  <new>
   +
  </new>
  <exclusive>
   no
  </exclusive>
  <sporty>
   no
  </sporty>
 </clothing>
 <clothing>
  <id>
   778826609
  </id>
  <name>
   New Balance Shirt I-4305
  </name>
  <category>
   Shirt
  </category>
  <size>
   S
  </size>
  <color>
   Оранжевый
  </color>
  <material>
   Лен
  </material>
  <price>
   772013
  </price>
  <rating>
   3.04
  </rating>
  <reviews>
   776383
  </reviews>
  <new>
   -
  </new>
  <exclusive>
   yes
  </exclusive>
 </clothing>
 <clothing>
  <id>
   571492262
  </id>
  <name>
   Adidas Socks X-7176
  </name>
  <category>
   Socks
  </category>
  <size>
   S
  </size>
  <color>
   Красный
  </color>
  <material>
   Лен
  </material>
  <price>
   791801
  </price>
  <rating>
   1.31
  </rating>
  <reviews>
   214671
  </reviews>
  <new>
   +
  </new>
  <exclusive>
   yes
  </exclusive>
 </clothing>
 <clothing>
  <id>
   901696592
  </id>
  <name>
   Under Armour Jacket T-7856
  </name>
  <category>
   Jacket
  </category>
  <size>
   XXL
  </size>
  <color>
   Желтый
  </color>
  <material>
   Вискоза
  </material>
  <price>
   432756
  </price>
  <rating>
   2.75
  </rating>
  <reviews>
   959463
  </reviews>
  <new>
   +
  </new>
  <sporty>
   no
  </sporty>
 </clothing>
 <clothing>
  <id>
   237847785
  </id>
  <name>
   Addidas Skirt D-6343
  </name>
  <category>
   Skirt
  </category>
  <size>
   XL
  </size>
  <color>
   Зеленый
  </color>
  <material>
   Полиэстер
  </material>
  <price>
   587999
  </price>
  <rating>
   3.2
  </rating>
  <reviews>
   352736
  </reviews>
  <new>
   -
  </new>
  <sporty>
   no
  </sporty>
 </clothing>
 <clothing>
  <id>
   496764732
  </id>
  <name>
   Nike Skirt P-5368
  </name>
  <category>
   Skirt
  </category>
  <size>
   L
  </size>
  <color>
   Зеленый
  </color>
  <material>
   Вискоза
  </material>
  <price>
   570847
  </price>
  <rating>
   2.06
  </rating>
  <reviews>
   459810
  </reviews>
 </clothing>
 <clothing>
  <id>
   765912377
  </id>
  <name>
   Nike Blouse A-8792
  </name>
  <category>
   Blouse
  </category>
  <size>
   M
  </size>
  <color>
   Красный
  </color>
  <material>
   Хлопок
  </material>
  <price>
   770096
  </price>
  <rating>
   1.74
  </rating>
  <reviews>
   976967
  </reviews>
  <exclusive>
   no
  </exclusive>
  <sporty>
   no
  </sporty>
 </clothing>
 <clothing>
  <id>
   751448613
  </id>
  <name>
   Lacoste Pants R-8122
  </name>
  <category>
   Pants
  </category>
  <size>
   XXL
  </size>
  <color>
   Голубой
  </color>
  <material>
   Вискоза
  </material>
  <price>
   972569
  </price>
  <rating>
   3.63
  </rating>
  <reviews>
   307955
  </reviews>
  <sporty>
   no
  </sporty>
 </clothing>
 <clothing>
  <id>
   469109208
  </id>
  <name>
   Vans Dress C-2736
  </name>
  <category>
   Dress
  </category>
  <size>
   XXL
  </size>
  <color>
   Зеленый
  </color>
  <material>
   Шелк
  </material>
  <price>
   456671
  </price>
  <rating>
   1.85
  </rating>
  <reviews>
   101711
  </reviews>
  <new>
   -
  </new>
  <sporty>
   no
  </sporty>
 </clothing>
 <clothing>
  <id>
   845356366
  </id>
  <name>
   New Balance Skirt V-6237
  </name>
  <category>
   Skirt
  </category>
  <size>
   XXL
  </size>
  <color>
   Красный
  </color>
  <material>
   Лен
  </material>
  <price>
   706452
  </price>
  <rating>
   4.6
  </rating>
  <reviews>
   761332
  </reviews>
  <sporty>
   yes
  </sporty>
 </clothing>
 <clothing>
  <id>
   254238865
  </id>
  <name>
   Fila Pants Y-8906
  </name>
  <category>
   Pants
  </category>
  <size>
   S
  </size>
  <color>
   Голубой
  </color>
  <material>
   Лен
  </material>
  <price>
   306415
  </price>
  <rating>
   2.54
  </rating>
  <reviews>
   276097
  </reviews>
  <new>
   +
  </new>
  <exclusive>
   no
  </exclusive>
  <sporty>
   no
  </sporty>
 </clothing>
 <clothing>
  <id>
   614555231
  </id>
  <name>
   Lacoste Hat G-4474
  </name>
  <category>
   Hat
  </category>
  <size>
   M
  </size>
  <color>
   Синий
  </color>
  <material>
   Шелк
  </material>
  <price>
   119182
  </price>
  <rating>
   2.56
  </rating>
  <reviews>
   927772
  </reviews>
  <exclusive>
   yes
  </exclusive>
  <sporty>
   no
  </sporty>
 </clothing>
 <clothing>
  <id>
   202285673
  </id>
  <name>
   Puma Sweater Z-6289
  </name>
  <category>
   Sweater
  </category>
  <size>
   L
  </size>
  <color>
   Синий
  </color>
  <material>
   Нейлон
  </material>
  <price>
   500220
  </price>
  <rating>
   2.59
  </rating>
  <reviews>
   749598
  </reviews>
  <exclusive>
   no
  </exclusive>
  <sporty>
   no
  </sporty>
 </clothing>
 <clothing>
  <id>
   999775623
  </id>
  <name>
   New Balance Jacket E-7860
  </name>
  <category>
   Jacket
  </category>
  <size>
   XL
  </size>
  <color>
   Фиолетовый
  </color>
  <material>
   Полиэстер
  </material>
  <price>
   521152
  </price>
  <rating>
   4.6
  </rating>
  <reviews>
   761726
  </reviews>
  <new>
   -
  </new>
  <sporty>
   yes
  </sporty>
 </clothing>
 <clothing>
  <id>
   984089778
  </id>
  <name>
   Brooks Handbags J-4571
  </name>
  <category>
   Handbags
  </category>
  <size>
   S
  </size>
  <color>
   Синий
  </color>
  <material>
   Полиэстер
  </material>
  <price>
   707913
  </price>
  <rating>
   4.58
  </rating>
  <reviews>
   26257
  </reviews>
  <exclusive>
   no
  </exclusive>
  <sporty>
   no
  </sporty>
 </clothing>
</clothing-items>
