<?xml version="1.0" encoding="utf-8"?>
<clothing-items>
 <clothing>
  <id>
   769614875
  </id>
  <name>
   Adidas Belts J-1941
  </name>
  <category>
   Belts
  </category>
  <size>
   S
  </size>
  <color>
   Голубой
  </color>
  <material>
   Шерсть
  </material>
  <price>
   610147
  </price>
  <rating>
   2.77
  </rating>
  <reviews>
   925974
  </reviews>
  <new>
   -
  </new>
  <exclusive>
   yes
  </exclusive>
  <sporty>
   no
  </sporty>
 </clothing>
 <clothing>
  <id>
   893199044
  </id>
  <name>
   Asics Skirt A-8244
  </name>
  <category>
   Skirt
  </category>
  <size>
   S
  </size>
  <color>
   Желтый
  </color>
  <material>
   Шелк
  </material>
  <price>
   178699
  </price>
  <rating>
   4.93
  </rating>
  <reviews>
   351412
  </reviews>
 </clothing>
 <clothing>
  <id>
   308999241
  </id>
  <name>
   Asics Umbrellas S-4564
  </name>
  <category>
   Umbrellas
  </category>
  <size>
   L
  </size>
  <color>
   Зеленый
  </color>
  <material>
   Лен
  </material>
  <price>
   294050
  </price>
  <rating>
   3.76
  </rating>
  <reviews>
   23442
  </reviews>
  <exclusive>
   yes
  </exclusive>
  <sporty>
   no
  </sporty>
 </clothing>
 <clothing>
  <id>
   153849821
  </id>
  <name>
   Nike Jeans E-9432
  </name>
  <category>
   Jeans
  </category>
  <size>
   L
  </size>
  <color>
   Фиолетовый
  </color>
  <material>
   Шелк
  </material>
  <price>
   971251
  </price>
  <rating>
   2.8
  </rating>
  <reviews>
   710842
  </reviews>
  <new>
   +
  </new>
  <exclusive>
   no
  </exclusive>
  <sporty>
   no
  </sporty>
 </clothing>
 <clothing>
  <id>
   960992445
  </id>
  <name>
   Under Armour Socks V-8937
  </name>
  <category>
   Socks
  </category>
  <size>
   XXL
  </size>
  <color>
   Фиолетовый
  </color>
  <material>
   Хлопок
  </material>
  <price>
   254392
  </price>
  <rating>
   3.26
  </rating>
  <reviews>
   640100
  </reviews>
  <new>
   -
  </new>
  <exclusive>
   yes
  </exclusive>
 </clothing>
 <clothing>
  <id>
   487343453
  </id>
  <name>
   Addidas Socks M-5945
  </name>
  <category>
   Socks
  </category>
  <size>
   XL
  </size>
  <color>
   Красный
  </color>
  <material>
   Нейлон
  </material>
  <price>
   449208
  </price>
  <rating>
   4.27
  </rating>
  <reviews>
   4075
  </reviews>
  <new>
   +
  </new>
  <exclusive>
   no
  </exclusive>
 </clothing>
 <clothing>
  <id>
   693017887
  </id>
  <name>
   Vans Hat G-9724
  </name>
  <category>
   Hat
  </category>
  <size>
   S
  </size>
  <color>
   Оранжевый
  </color>
  <material>
   Кожа
  </material>
  <price>
   650319
  </price>
  <rating>
   3.28
  </rating>
  <reviews>
   732258
  </reviews>
  <exclusive>
   no
  </exclusive>
 </clothing>
 <clothing>
  <id>
   272277067
  </id>
  <name>
   Addidas Sweater H-6832
  </name>
  <category>
   Sweater
  </category>
  <size>
   L
  </size>
  <color>
   Синий
  </color>
  <material>
   Шелк
  </material>
  <price>
   180657
  </price>
  <rating>
   1.43
  </rating>
  <reviews>
   961442
  </reviews>
  <exclusive>
   no
  </exclusive>
  <sporty>
   no
  </sporty>
 </clothing>
 <clothing>
  <id>
   390994646
  </id>
  <name>
   Ellesse Hat Z-3137
  </name>
  <category>
   Hat
  </category>
  <size>
   M
  </size>
  <color>
   Голубой
  </color>
  <material>
   Кожа
  </material>
  <price>
   133516
  </price>
  <rating>
   1.52
  </rating>
  <reviews>
   624028
  </reviews>
  <new>
   -
  </new>
 </clothing>
 <clothing>
  <id>
   521024712
  </id>
  <name>
   Puma Gloves C-3564
  </name>
  <category>
   Gloves
  </category>
  <size>
   M
  </size>
  <color>
   Оранжевый
  </color>
  <material>
   Шерсть
  </material>
  <price>
   689434
  </price>
  <rating>
   1.82
  </rating>
  <reviews>
   28536
  </reviews>
  <new>
   -
  </new>
  <exclusive>
   yes
  </exclusive>
  <sporty>
   yes
  </sporty>
 </clothing>
 <clothing>
  <id>
   293874558
  </id>
  <name>
   Under Armour Skirt G-2294
  </name>
  <category>
   Skirt
  </category>
  <size>
   M
  </size>
  <color>
   Зеленый
  </color>
  <material>
   Шелк
  </material>
  <price>
   928486
  </price>
  <rating>
   2.02
  </rating>
  <reviews>
   949840
  </reviews>
  <new>
   -
  </new>
  <exclusive>
   yes
  </exclusive>
 </clothing>
 <clothing>
  <id>
   928012294
  </id>
  <name>
   Nike Skirt F-6702
  </name>
  <category>
   Skirt
  </category>
  <size>
   XXL
  </size>
  <color>
   Синий
  </color>
  <material>
   Полиэстер
  </material>
  <price>
   320802
  </price>
  <rating>
   2.98
  </rating>
  <reviews>
   580667
  </reviews>
  <new>
   -
  </new>
  <exclusive>
   no
  </exclusive>
 </clothing>
 <clothing>
  <id>
   698672302
  </id>
  <name>
   Fila Handbags A-5121
  </name>
  <category>
   Handbags
  </category>
  <size>
   L
  </size>
  <color>
   Красный
  </color>
  <material>
   Лен
  </material>
  <price>
   134557
  </price>
  <rating>
   1.69
  </rating>
  <reviews>
   816781
  </reviews>
  <sporty>
   no
  </sporty>
 </clothing>
 <clothing>
  <id>
   247810485
  </id>
  <name>
   PleinSport Handbags V-3413
  </name>
  <category>
   Handbags
  </category>
  <size>
   S
  </size>
  <color>
   Синий
  </color>
  <material>
   Лен
  </material>
  <price>
   917970
  </price>
  <rating>
   1.85
  </rating>
  <reviews>
   277568
  </reviews>
  <sporty>
   no
  </sporty>
 </clothing>
 <clothing>
  <id>
   948782753
  </id>
  <name>
   Puma Umbrellas O-4578
  </name>
  <category>
   Umbrellas
  </category>
  <size>
   XL
  </size>
  <color>
   Фиолетовый
  </color>
  <material>
   Нейлон
  </material>
  <price>
   529804
  </price>
  <rating>
   2.87
  </rating>
  <reviews>
   506171
  </reviews>
  <new>
   -
  </new>
  <exclusive>
   no
  </exclusive>
  <sporty>
   yes
  </sporty>
 </clothing>
 <clothing>
  <id>
   715344312
  </id>
  <name>
   Brooks Jeans P-4398
  </name>
  <category>
   Jeans
  </category>
  <size>
   XL
  </size>
  <color>
   Желтый
  </color>
  <material>
   Хлопок
  </material>
  <price>
   588243
  </price>
  <rating>
   3.02
  </rating>
  <reviews>
   233766
  </reviews>
  <new>
   -
  </new>
 </clothing>
 <clothing>
  <id>
   248182736
  </id>
  <name>
   New Balance Socks C-7428
  </name>
  <category>
   Socks
  </category>
  <size>
   M
  </size>
  <color>
   Фиолетовый
  </color>
  <material>
   Лен
  </material>
  <price>
   164689
  </price>
  <rating>
   2.05
  </rating>
  <reviews>
   283563
  </reviews>
  <exclusive>
   yes
  </exclusive>
 </clothing>
 <clothing>
  <id>
   616252155
  </id>
  <name>
   Fila Gloves Q-1328
  </name>
  <category>
   Gloves
  </category>
  <size>
   XXL
  </size>
  <color>
   Синий
  </color>
  <material>
   Лен
  </material>
  <price>
   965629
  </price>
  <rating>
   2.76
  </rating>
  <reviews>
   79792
  </reviews>
  <exclusive>
   no
  </exclusive>
  <sporty>
   no
  </sporty>
 </clothing>
 <clothing>
  <id>
   270944957
  </id>
  <name>
   Fila Jeans X-5835
  </name>
  <category>
   Jeans
  </category>
  <size>
   M
  </size>
  <color>
   Красный
  </color>
  <material>
   Хлопок
  </material>
  <price>
   963860
  </price>
  <rating>
   2.31
  </rating>
  <reviews>
   197093
  </reviews>
  <new>
   -
  </new>
  <exclusive>
   yes
  </exclusive>
  <sporty>
   no
  </sporty>
 </clothing>
 <clothing>
  <id>
   542252210
  </id>
  <name>
   New Balance Sweater M-4124
  </name>
  <category>
   Sweater
  </category>
  <size>
   S
  </size>
  <color>
   Красный
  </color>
  <material>
   Кожа
  </material>
  <price>
   115468
  </price>
  <rating>
   3.29
  </rating>
  <reviews>
   360426
  </reviews>
  <exclusive>
   no
  </exclusive>
 </clothing>
 <clothing>
  <id>
   424083254
  </id>
  <name>
   Puma Shirt X-8377
  </name>
  <category>
   Shirt
  </category>
  <size>
   L
  </size>
  <color>
   Желтый
  </color>
  <material>
   Нейлон
  </material>
  <price>
   371472
  </price>
  <rating>
   4.8
  </rating>
  <reviews>
   335023
  </reviews>
  <new>
   -
  </new>
  <exclusive>
   no
  </exclusive>
 </clothing>
 <clothing>
  <id>
   577993575
  </id>
  <name>
   Adidas Gloves I-5583
  </name>
  <category>
   Gloves
  </category>
  <size>
   L
  </size>
  <color>
   Красный
  </color>
  <material>
   Шерсть
  </material>
  <price>
   552198
  </price>
  <rating>
   2.08
  </rating>
  <reviews>
   520669
  </reviews>
  <new>
   +
  </new>
  <exclusive>
   no
  </exclusive>
  <sporty>
   yes
  </sporty>
 </clothing>
 <clothing>
  <id>
   108233568
  </id>
  <name>
   Brooks T-shirt Q-1415
  </name>
  <category>
   T-shirt
  </category>
  <size>
   S
  </size>
  <color>
   Красный
  </color>
  <material>
   Хлопок
  </material>
  <price>
   531368
  </price>
  <rating>
   4.01
  </rating>
  <reviews>
   456217
  </reviews>
  <new>
   -
  </new>
 </clothing>
 <clothing>
  <id>
   437611098
  </id>
  <name>
   DC Shoes B-9564
  </name>
  <category>
   Shoes
  </category>
  <size>
   S
  </size>
  <color>
   Фиолетовый
  </color>
  <material>
   Шерсть
  </material>
  <price>
   585333
  </price>
  <rating>
   3.36
  </rating>
  <reviews>
   711112
  </reviews>
  <new>
   +
  </new>
 </clothing>
 <clothing>
  <id>
   839503708
  </id>
  <name>
   Brooks Dress V-6421
  </name>
  <category>
   Dress
  </category>
  <size>
   M
  </size>
  <color>
   Красный
  </color>
  <material>
   Вискоза
  </material>
  <price>
   433163
  </price>
  <rating>
   2.47
  </rating>
  <reviews>
   291449
  </reviews>
  <new>
   -
  </new>
  <sporty>
   no
  </sporty>
 </clothing>
 <clothing>
  <id>
   848751000
  </id>
  <name>
   Asics Socks W-7311
  </name>
  <category>
   Socks
  </category>
  <size>
   S
  </size>
  <color>
   Голубой
  </color>
  <material>
   Лен
  </material>
  <price>
   551298
  </price>
  <rating>
   4.14
  </rating>
  <reviews>
   244979
  </reviews>
  <new>
   +
  </new>
  <exclusive>
   no
  </exclusive>
  <sporty>
   no
  </sporty>
 </clothing>
 <clothing>
  <id>
   592028016
  </id>
  <name>
   Addidas Umbrellas Z-5428
  </name>
  <category>
   Umbrellas
  </category>
  <size>
   M
  </size>
  <color>
   Фиолетовый
  </color>
  <material>
   Шелк
  </material>
  <price>
   320247
  </price>
  <rating>
   1.8
  </rating>
  <reviews>
   458692
  </reviews>
  <new>
   -
  </new>
  <sporty>
   no
  </sporty>
 </clothing>
 <clothing>
  <id>
   920968686
  </id>
  <name>
   Under Armour Shoes C-1557
  </name>
  <category>
   Shoes
  </category>
  <size>
   XXL
  </size>
  <color>
   Фиолетовый
  </color>
  <material>
   Лен
  </material>
  <price>
   164619
  </price>
  <rating>
   1.35
  </rating>
  <reviews>
   56364
  </reviews>
  <new>
   -
  </new>
  <sporty>
   yes
  </sporty>
 </clothing>
 <clothing>
  <id>
   554466586
  </id>
  <name>
   Reebok Skirt P-1829
  </name>
  <category>
   Skirt
  </category>
  <size>
   XL
  </size>
  <color>
   Зеленый
  </color>
  <material>
   Нейлон
  </material>
  <price>
   745856
  </price>
  <rating>
   4.35
  </rating>
  <reviews>
   32386
  </reviews>
  <new>
   -
  </new>
  <sporty>
   no
  </sporty>
 </clothing>
 <clothing>
  <id>
   270321216
  </id>
  <name>
   Asics Belts S-7867
  </name>
  <category>
   Belts
  </category>
  <size>
   L
  </size>
  <color>
   Красный
  </color>
  <material>
   Шерсть
  </material>
  <price>
   562070
  </price>
  <rating>
   2.3
  </rating>
  <reviews>
   823825
  </reviews>
  <sporty>
   yes
  </sporty>
 </clothing>
 <clothing>
  <id>
   778404189
  </id>
  <name>
   Vans Gloves I-3862
  </name>
  <category>
   Gloves
  </category>
  <size>
   L
  </size>
  <color>
   Желтый
  </color>
  <material>
   Шерсть
  </material>
  <price>
   886197
  </price>
  <rating>
   2.4
  </rating>
  <reviews>
   976597
  </reviews>
  <new>
   -
  </new>
  <sporty>
   no
  </sporty>
 </clothing>
 <clothing>
  <id>
   838761776
  </id>
  <name>
   New Balance Socks U-2091
  </name>
  <category>
   Socks
  </category>
  <size>
   L
  </size>
  <color>
   Синий
  </color>
  <material>
   Кожа
  </material>
  <price>
   843266
  </price>
  <rating>
   4.17
  </rating>
  <reviews>
   639898
  </reviews>
 </clothing>
 <clothing>
  <id>
   822696533
  </id>
  <name>
   Brooks Blouse K-9041
  </name>
  <category>
   Blouse
  </category>
  <size>
   S
  </size>
  <color>
   Голубой
  </color>
  <material>
   Нейлон
  </material>
  <price>
   574891
  </price>
  <rating>
   3.83
  </rating>
  <reviews>
   214642
  </reviews>
  <new>
   +
  </new>
  <exclusive>
   no
  </exclusive>
 </clothing>
 <clothing>
  <id>
   349047710
  </id>
  <name>
   Puma Shoes R-4913
  </name>
  <category>
   Shoes
  </category>
  <size>
   XXL
  </size>
  <color>
   Фиолетовый
  </color>
  <material>
   Нейлон
  </material>
  <price>
   263003
  </price>
  <rating>
   2.33
  </rating>
  <reviews>
   967960
  </reviews>
  <new>
   +
  </new>
  <sporty>
   yes
  </sporty>
 </clothing>
 <clothing>
  <id>
   481178945
  </id>
  <name>
   Converse Shirt E-1207
  </name>
  <category>
   Shirt
  </category>
  <size>
   XXL
  </size>
  <color>
   Оранжевый
  </color>
  <material>
   Шелк
  </material>
  <price>
   390808
  </price>
  <rating>
   4.22
  </rating>
  <reviews>
   549427
  </reviews>
  <new>
   +
  </new>
  <exclusive>
   no
  </exclusive>
 </clothing>
 <clothing>
  <id>
   603300249
  </id>
  <name>
   PleinSport T-shirt A-4963
  </name>
  <category>
   T-shirt
  </category>
  <size>
   S
  </size>
  <color>
   Синий
  </color>
  <material>
   Шелк
  </material>
  <price>
   586788
  </price>
  <rating>
   4.19
  </rating>
  <reviews>
   223571
  </reviews>
  <new>
   +
  </new>
  <exclusive>
   yes
  </exclusive>
 </clothing>
 <clothing>
  <id>
   208978280
  </id>
  <name>
   Fila Dress W-4272
  </name>
  <category>
   Dress
  </category>
  <size>
   S
  </size>
  <color>
   Голубой
  </color>
  <material>
   Шерсть
  </material>
  <price>
   885771
  </price>
  <rating>
   1.64
  </rating>
  <reviews>
   169138
  </reviews>
  <new>
   -
  </new>
  <exclusive>
   yes
  </exclusive>
  <sporty>
   yes
  </sporty>
 </clothing>
 <clothing>
  <id>
   634445376
  </id>
  <name>
   Fila Gloves I-9680
  </name>
  <category>
   Gloves
  </category>
  <size>
   XXL
  </size>
  <color>
   Желтый
  </color>
  <material>
   Хлопок
  </material>
  <price>
   309975
  </price>
  <rating>
   3.31
  </rating>
  <reviews>
   474173
  </reviews>
  <new>
   -
  </new>
 </clothing>
 <clothing>
  <id>
   737571765
  </id>
  <name>
   DC Belts Q-4688
  </name>
  <category>
   Belts
  </category>
  <size>
   XXL
  </size>
  <color>
   Зеленый
  </color>
  <material>
   Шелк
  </material>
  <price>
   158508
  </price>
  <rating>
   3.24
  </rating>
  <reviews>
   535645
  </reviews>
  <new>
   -
  </new>
  <exclusive>
   no
  </exclusive>
 </clothing>
 <clothing>
  <id>
   493860391
  </id>
  <name>
   Reebok Hat O-4454
  </name>
  <category>
   Hat
  </category>
  <size>
   M
  </size>
  <color>
   Голубой
  </color>
  <material>
   Кожа
  </material>
  <price>
   978310
  </price>
  <rating>
   3.86
  </rating>
  <reviews>
   185034
  </reviews>
  <new>
   -
  </new>
 </clothing>
 <clothing>
  <id>
   112904064
  </id>
  <name>
   Under Armour Sweater V-4847
  </name>
  <category>
   Sweater
  </category>
  <size>
   XXL
  </size>
  <color>
   Оранжевый
  </color>
  <material>
   Кожа
  </material>
  <price>
   801018
  </price>
  <rating>
   2.46
  </rating>
  <reviews>
   181937
  </reviews>
  <new>
   +
  </new>
  <exclusive>
   yes
  </exclusive>
 </clothing>
 <clothing>
  <id>
   245858940
  </id>
  <name>
   Ellesse T-shirt F-3664
  </name>
  <category>
   T-shirt
  </category>
  <size>
   L
  </size>
  <color>
   Голубой
  </color>
  <material>
   Нейлон
  </material>
  <price>
   541360
  </price>
  <rating>
   3.75
  </rating>
  <reviews>
   152750
  </reviews>
  <new>
   -
  </new>
  <sporty>
   no
  </sporty>
 </clothing>
 <clothing>
  <id>
   686562929
  </id>
  <name>
   Vans Jacket Q-4808
  </name>
  <category>
   Jacket
  </category>
  <size>
   XXL
  </size>
  <color>
   Фиолетовый
  </color>
  <material>
   Нейлон
  </material>
  <price>
   241208
  </price>
  <rating>
   3.09
  </rating>
  <reviews>
   150573
  </reviews>
  <new>
   -
  </new>
  <exclusive>
   no
  </exclusive>
 </clothing>
 <clothing>
  <id>
   730485910
  </id>
  <name>
   New Balance T-shirt J-2565
  </name>
  <category>
   T-shirt
  </category>
  <size>
   XL
  </size>
  <color>
   Зеленый
  </color>
  <material>
   Хлопок
  </material>
  <price>
   532680
  </price>
  <rating>
   3.92
  </rating>
  <reviews>
   382387
  </reviews>
  <new>
   +
  </new>
  <sporty>
   yes
  </sporty>
 </clothing>
 <clothing>
  <id>
   161996961
  </id>
  <name>
   Ellesse Belts I-5263
  </name>
  <category>
   Belts
  </category>
  <size>
   M
  </size>
  <color>
   Синий
  </color>
  <material>
   Лен
  </material>
  <price>
   617211
  </price>
  <rating>
   2.64
  </rating>
  <reviews>
   43173
  </reviews>
  <new>
   +
  </new>
  <exclusive>
   no
  </exclusive>
  <sporty>
   no
  </sporty>
 </clothing>
 <clothing>
  <id>
   381880187
  </id>
  <name>
   Asics Pants X-2243
  </name>
  <category>
   Pants
  </category>
  <size>
   XXL
  </size>
  <color>
   Красный
  </color>
  <material>
   Лен
  </material>
  <price>
   470024
  </price>
  <rating>
   2.37
  </rating>
  <reviews>
   752101
  </reviews>
  <new>
   -
  </new>
  <sporty>
   yes
  </sporty>
 </clothing>
 <clothing>
  <id>
   650386671
  </id>
  <name>
   Lacoste Shirt O-5889
  </name>
  <category>
   Shirt
  </category>
  <size>
   XL
  </size>
  <color>
   Оранжевый
  </color>
  <material>
   Хлопок
  </material>
  <price>
   467130
  </price>
  <rating>
   1.23
  </rating>
  <reviews>
   765190
  </reviews>
  <exclusive>
   no
  </exclusive>
  <sporty>
   no
  </sporty>
 </clothing>
</clothing-items>
