<?xml version="1.0" encoding="utf-8"?>
<clothing-items>
 <clothing>
  <id>
   396732967
  </id>
  <name>
   Ellesse Handbags L-2951
  </name>
  <category>
   Handbags
  </category>
  <size>
   XL
  </size>
  <color>
   Желтый
  </color>
  <material>
   Нейлон
  </material>
  <price>
   924347
  </price>
  <rating>
   1.96
  </rating>
  <reviews>
   10880
  </reviews>
  <exclusive>
   yes
  </exclusive>
  <sporty>
   yes
  </sporty>
 </clothing>
 <clothing>
  <id>
   537473187
  </id>
  <name>
   Brooks Umbrellas F-4646
  </name>
  <category>
   Umbrellas
  </category>
  <size>
   XL
  </size>
  <color>
   Фиолетовый
  </color>
  <material>
   Полиэстер
  </material>
  <price>
   222156
  </price>
  <rating>
   1.72
  </rating>
  <reviews>
   4456
  </reviews>
  <new>
   +
  </new>
  <exclusive>
   yes
  </exclusive>
  <sporty>
   no
  </sporty>
 </clothing>
 <clothing>
  <id>
   318707062
  </id>
  <name>
   Ellesse Jacket H-4426
  </name>
  <category>
   Jacket
  </category>
  <size>
   XL
  </size>
  <color>
   Желтый
  </color>
  <material>
   Нейлон
  </material>
  <price>
   504846
  </price>
  <rating>
   1.93
  </rating>
  <reviews>
   325384
  </reviews>
  <new>
   +
  </new>
  <exclusive>
   no
  </exclusive>
 </clothing>
 <clothing>
  <id>
   921175125
  </id>
  <name>
   Addidas Gloves L-8380
  </name>
  <category>
   Gloves
  </category>
  <size>
   S
  </size>
  <color>
   Желтый
  </color>
  <material>
   Лен
  </material>
  <price>
   345238
  </price>
  <rating>
   1.58
  </rating>
  <reviews>
   470214
  </reviews>
  <exclusive>
   no
  </exclusive>
  <sporty>
   no
  </sporty>
 </clothing>
 <clothing>
  <id>
   525388425
  </id>
  <name>
   Under Armour Dress Z-2487
  </name>
  <category>
   Dress
  </category>
  <size>
   S
  </size>
  <color>
   Оранжевый
  </color>
  <material>
   Вискоза
  </material>
  <price>
   494243
  </price>
  <rating>
   3.67
  </rating>
  <reviews>
   634790
  </reviews>
  <new>
   -
  </new>
  <exclusive>
   yes
  </exclusive>
  <sporty>
   yes
  </sporty>
 </clothing>
 <clothing>
  <id>
   401341566
  </id>
  <name>
   PleinSport Jeans X-2685
  </name>
  <category>
   Jeans
  </category>
  <size>
   XL
  </size>
  <color>
   Зеленый
  </color>
  <material>
   Полиэстер
  </material>
  <price>
   106736
  </price>
  <rating>
   2.25
  </rating>
  <reviews>
   272458
  </reviews>
  <new>
   +
  </new>
  <exclusive>
   yes
  </exclusive>
 </clothing>
 <clothing>
  <id>
   370289456
  </id>
  <name>
   Nike Socks I-7482
  </name>
  <category>
   Socks
  </category>
  <size>
   S
  </size>
  <color>
   Красный
  </color>
  <material>
   Кожа
  </material>
  <price>
   408831
  </price>
  <rating>
   1.16
  </rating>
  <reviews>
   138105
  </reviews>
  <new>
   -
  </new>
  <sporty>
   no
  </sporty>
 </clothing>
 <clothing>
  <id>
   120560958
  </id>
  <name>
   DC Gloves K-3502
  </name>
  <category>
   Gloves
  </category>
  <size>
   XXL
  </size>
  <color>
   Фиолетовый
  </color>
  <material>
   Шелк
  </material>
  <price>
   847389
  </price>
  <rating>
   2.42
  </rating>
  <reviews>
   480012
  </reviews>
  <new>
   -
  </new>
  <exclusive>
   yes
  </exclusive>
  <sporty>
   yes
  </sporty>
 </clothing>
 <clothing>
  <id>
   543520591
  </id>
  <name>
   Converse Belts V-3891
  </name>
  <category>
   Belts
  </category>
  <size>
   XXL
  </size>
  <color>
   Фиолетовый
  </color>
  <material>
   Лен
  </material>
  <price>
   305450
  </price>
  <rating>
   4.04
  </rating>
  <reviews>
   482768
  </reviews>
  <exclusive>
   yes
  </exclusive>
  <sporty>
   no
  </sporty>
 </clothing>
 <clothing>
  <id>
   921723182
  </id>
  <name>
   Lacoste Handbags G-7292
  </name>
  <category>
   Handbags
  </category>
  <size>
   L
  </size>
  <color>
   Синий
  </color>
  <material>
   Хлопок
  </material>
  <price>
   984597
  </price>
  <rating>
   3.37
  </rating>
  <reviews>
   299154
  </reviews>
  <new>
   +
  </new>
  <sporty>
   no
  </sporty>
 </clothing>
 <clothing>
  <id>
   335723113
  </id>
  <name>
   Fila Skirt C-6775
  </name>
  <category>
   Skirt
  </category>
  <size>
   XL
  </size>
  <color>
   Оранжевый
  </color>
  <material>
   Хлопок
  </material>
  <price>
   330381
  </price>
  <rating>
   2.69
  </rating>
  <reviews>
   880351
  </reviews>
  <new>
   -
  </new>
 </clothing>
 <clothing>
  <id>
   360407043
  </id>
  <name>
   Lacoste Hat C-9675
  </name>
  <category>
   Hat
  </category>
  <size>
   S
  </size>
  <color>
   Зеленый
  </color>
  <material>
   Вискоза
  </material>
  <price>
   824573
  </price>
  <rating>
   1.47
  </rating>
  <reviews>
   783129
  </reviews>
  <new>
   +
  </new>
  <sporty>
   no
  </sporty>
 </clothing>
 <clothing>
  <id>
   628784802
  </id>
  <name>
   Addidas Shoes W-4731
  </name>
  <category>
   Shoes
  </category>
  <size>
   S
  </size>
  <color>
   Красный
  </color>
  <material>
   Вискоза
  </material>
  <price>
   375309
  </price>
  <rating>
   4.67
  </rating>
  <reviews>
   814126
  </reviews>
  <new>
   +
  </new>
  <exclusive>
   yes
  </exclusive>
  <sporty>
   no
  </sporty>
 </clothing>
 <clothing>
  <id>
   817834040
  </id>
  <name>
   Converse Handbags H-1483
  </name>
  <category>
   Handbags
  </category>
  <size>
   S
  </size>
  <color>
   Зеленый
  </color>
  <material>
   Кожа
  </material>
  <price>
   333250
  </price>
  <rating>
   3.13
  </rating>
  <reviews>
   54761
  </reviews>
  <exclusive>
   no
  </exclusive>
 </clothing>
</clothing-items>
