<?xml version="1.0" encoding="utf-8"?>
<clothing-items>
 <clothing>
  <id>
   351843376
  </id>
  <name>
   Brooks Socks C-7850
  </name>
  <category>
   Socks
  </category>
  <size>
   S
  </size>
  <color>
   Зеленый
  </color>
  <material>
   Вискоза
  </material>
  <price>
   726992
  </price>
  <rating>
   2.36
  </rating>
  <reviews>
   494704
  </reviews>
  <exclusive>
   yes
  </exclusive>
  <sporty>
   no
  </sporty>
 </clothing>
 <clothing>
  <id>
   453189728
  </id>
  <name>
   Converse Blouse Z-7787
  </name>
  <category>
   Blouse
  </category>
  <size>
   XL
  </size>
  <color>
   Фиолетовый
  </color>
  <material>
   Шелк
  </material>
  <price>
   747859
  </price>
  <rating>
   3.8
  </rating>
  <reviews>
   62766
  </reviews>
  <new>
   +
  </new>
  <exclusive>
   yes
  </exclusive>
 </clothing>
 <clothing>
  <id>
   131249772
  </id>
  <name>
   Asics Skirt F-9158
  </name>
  <category>
   Skirt
  </category>
  <size>
   L
  </size>
  <color>
   Голубой
  </color>
  <material>
   Хлопок
  </material>
  <price>
   747307
  </price>
  <rating>
   1.05
  </rating>
  <reviews>
   351498
  </reviews>
  <new>
   +
  </new>
  <sporty>
   no
  </sporty>
 </clothing>
 <clothing>
  <id>
   371283406
  </id>
  <name>
   Brooks Shoes Y-2101
  </name>
  <category>
   Shoes
  </category>
  <size>
   M
  </size>
  <color>
   Красный
  </color>
  <material>
   Полиэстер
  </material>
  <price>
   483116
  </price>
  <rating>
   4.33
  </rating>
  <reviews>
   467836
  </reviews>
  <new>
   -
  </new>
 </clothing>
 <clothing>
  <id>
   457650924
  </id>
  <name>
   Lacoste Dress T-4039
  </name>
  <category>
   Dress
  </category>
  <size>
   M
  </size>
  <color>
   Красный
  </color>
  <material>
   Нейлон
  </material>
  <price>
   392278
  </price>
  <rating>
   1.46
  </rating>
  <reviews>
   566984
  </reviews>
  <new>
   -
  </new>
  <exclusive>
   no
  </exclusive>
  <sporty>
   yes
  </sporty>
 </clothing>
 <clothing>
  <id>
   792840516
  </id>
  <name>
   Vans Blouse S-3435
  </name>
  <category>
   Blouse
  </category>
  <size>
   XL
  </size>
  <color>
   Синий
  </color>
  <material>
   Нейлон
  </material>
  <price>
   430446
  </price>
  <rating>
   2.87
  </rating>
  <reviews>
   331441
  </reviews>
  <new>
   -
  </new>
  <sporty>
   yes
  </sporty>
 </clothing>
 <clothing>
  <id>
   320580954
  </id>
  <name>
   Vans Socks Z-3588
  </name>
  <category>
   Socks
  </category>
  <size>
   S
  </size>
  <color>
   Желтый
  </color>
  <material>
   Шелк
  </material>
  <price>
   539797
  </price>
  <rating>
   3.63
  </rating>
  <reviews>
   597563
  </reviews>
  <new>
   +
  </new>
  <exclusive>
   yes
  </exclusive>
  <sporty>
   yes
  </sporty>
 </clothing>
 <clothing>
  <id>
   424242637
  </id>
  <name>
   Lacoste Socks S-8390
  </name>
  <category>
   Socks
  </category>
  <size>
   XXL
  </size>
  <color>
   Красный
  </color>
  <material>
   Шерсть
  </material>
  <price>
   144431
  </price>
  <rating>
   1.38
  </rating>
  <reviews>
   703520
  </reviews>
  <new>
   +
  </new>
  <sporty>
   yes
  </sporty>
 </clothing>
 <clothing>
  <id>
   530696304
  </id>
  <name>
   Lacoste Pants R-1537
  </name>
  <category>
   Pants
  </category>
  <size>
   L
  </size>
  <color>
   Фиолетовый
  </color>
  <material>
   Полиэстер
  </material>
  <price>
   424615
  </price>
  <rating>
   2.73
  </rating>
  <reviews>
   200321
  </reviews>
  <exclusive>
   yes
  </exclusive>
  <sporty>
   yes
  </sporty>
 </clothing>
 <clothing>
  <id>
   431027984
  </id>
  <name>
   New Balance Dress H-2123
  </name>
  <category>
   Dress
  </category>
  <size>
   L
  </size>
  <color>
   Синий
  </color>
  <material>
   Кожа
  </material>
  <price>
   679272
  </price>
  <rating>
   1.94
  </rating>
  <reviews>
   821547
  </reviews>
 </clothing>
 <clothing>
  <id>
   366925768
  </id>
  <name>
   PleinSport Jacket G-6400
  </name>
  <category>
   Jacket
  </category>
  <size>
   XL
  </size>
  <color>
   Зеленый
  </color>
  <material>
   Шелк
  </material>
  <price>
   346342
  </price>
  <rating>
   2.6
  </rating>
  <reviews>
   103934
  </reviews>
  <new>
   -
  </new>
  <exclusive>
   no
  </exclusive>
  <sporty>
   no
  </sporty>
 </clothing>
 <clothing>
  <id>
   716363724
  </id>
  <name>
   Under Armour Jeans P-2785
  </name>
  <category>
   Jeans
  </category>
  <size>
   XXL
  </size>
  <color>
   Зеленый
  </color>
  <material>
   Кожа
  </material>
  <price>
   372001
  </price>
  <rating>
   4.7
  </rating>
  <reviews>
   776300
  </reviews>
  <sporty>
   yes
  </sporty>
 </clothing>
 <clothing>
  <id>
   134136030
  </id>
  <name>
   Ellesse Gloves C-4189
  </name>
  <category>
   Gloves
  </category>
  <size>
   M
  </size>
  <color>
   Зеленый
  </color>
  <material>
   Хлопок
  </material>
  <price>
   521132
  </price>
  <rating>
   4.05
  </rating>
  <reviews>
   447122
  </reviews>
  <exclusive>
   no
  </exclusive>
  <sporty>
   no
  </sporty>
 </clothing>
 <clothing>
  <id>
   868427799
  </id>
  <name>
   New Balance Shirt Z-9256
  </name>
  <category>
   Shirt
  </category>
  <size>
   XL
  </size>
  <color>
   Желтый
  </color>
  <material>
   Лен
  </material>
  <price>
   647252
  </price>
  <rating>
   4.6
  </rating>
  <reviews>
   793266
  </reviews>
  <new>
   +
  </new>
  <exclusive>
   no
  </exclusive>
  <sporty>
   yes
  </sporty>
 </clothing>
 <clothing>
  <id>
   499254601
  </id>
  <name>
   Fila Umbrellas E-2338
  </name>
  <category>
   Umbrellas
  </category>
  <size>
   XL
  </size>
  <color>
   Синий
  </color>
  <material>
   Лен
  </material>
  <price>
   321598
  </price>
  <rating>
   2.98
  </rating>
  <reviews>
   173447
  </reviews>
  <exclusive>
   no
  </exclusive>
 </clothing>
 <clothing>
  <id>
   231609175
  </id>
  <name>
   Adidas Socks M-4710
  </name>
  <category>
   Socks
  </category>
  <size>
   S
  </size>
  <color>
   Желтый
  </color>
  <material>
   Лен
  </material>
  <price>
   993855
  </price>
  <rating>
   3.32
  </rating>
  <reviews>
   56563
  </reviews>
  <exclusive>
   no
  </exclusive>
 </clothing>
 <clothing>
  <id>
   762163003
  </id>
  <name>
   DC Umbrellas D-2566
  </name>
  <category>
   Umbrellas
  </category>
  <size>
   L
  </size>
  <color>
   Голубой
  </color>
  <material>
   Шелк
  </material>
  <price>
   958072
  </price>
  <rating>
   1.49
  </rating>
  <reviews>
   656241
  </reviews>
  <new>
   -
  </new>
  <exclusive>
   no
  </exclusive>
  <sporty>
   yes
  </sporty>
 </clothing>
 <clothing>
  <id>
   681081180
  </id>
  <name>
   Adidas Pants S-2848
  </name>
  <category>
   Pants
  </category>
  <size>
   XXL
  </size>
  <color>
   Голубой
  </color>
  <material>
   Вискоза
  </material>
  <price>
   449866
  </price>
  <rating>
   3.02
  </rating>
  <reviews>
   361417
  </reviews>
  <exclusive>
   no
  </exclusive>
  <sporty>
   yes
  </sporty>
 </clothing>
 <clothing>
  <id>
   978056177
  </id>
  <name>
   Ellesse Dress F-5151
  </name>
  <category>
   Dress
  </category>
  <size>
   XXL
  </size>
  <color>
   Зеленый
  </color>
  <material>
   Вискоза
  </material>
  <price>
   957105
  </price>
  <rating>
   3.39
  </rating>
  <reviews>
   839523
  </reviews>
  <new>
   -
  </new>
  <exclusive>
   no
  </exclusive>
 </clothing>
 <clothing>
  <id>
   804247241
  </id>
  <name>
   DC Jeans P-6452
  </name>
  <category>
   Jeans
  </category>
  <size>
   XL
  </size>
  <color>
   Оранжевый
  </color>
  <material>
   Полиэстер
  </material>
  <price>
   155646
  </price>
  <rating>
   1.63
  </rating>
  <reviews>
   60691
  </reviews>
  <new>
   -
  </new>
  <sporty>
   no
  </sporty>
 </clothing>
 <clothing>
  <id>
   955391981
  </id>
  <name>
   Addidas Belts T-7374
  </name>
  <category>
   Belts
  </category>
  <size>
   S
  </size>
  <color>
   Фиолетовый
  </color>
  <material>
   Хлопок
  </material>
  <price>
   854426
  </price>
  <rating>
   1.68
  </rating>
  <reviews>
   686521
  </reviews>
  <exclusive>
   yes
  </exclusive>
  <sporty>
   no
  </sporty>
 </clothing>
 <clothing>
  <id>
   904599190
  </id>
  <name>
   Adidas Handbags O-4303
  </name>
  <category>
   Handbags
  </category>
  <size>
   M
  </size>
  <color>
   Желтый
  </color>
  <material>
   Кожа
  </material>
  <price>
   525550
  </price>
  <rating>
   1.98
  </rating>
  <reviews>
   207109
  </reviews>
  <new>
   -
  </new>
  <exclusive>
   no
  </exclusive>
 </clothing>
 <clothing>
  <id>
   379244870
  </id>
  <name>
   DC Skirt P-4811
  </name>
  <category>
   Skirt
  </category>
  <size>
   XXL
  </size>
  <color>
   Желтый
  </color>
  <material>
   Шелк
  </material>
  <price>
   103897
  </price>
  <rating>
   2.76
  </rating>
  <reviews>
   307068
  </reviews>
  <new>
   +
  </new>
  <sporty>
   yes
  </sporty>
 </clothing>
 <clothing>
  <id>
   839153658
  </id>
  <name>
   Brooks Handbags B-7271
  </name>
  <category>
   Handbags
  </category>
  <size>
   M
  </size>
  <color>
   Красный
  </color>
  <material>
   Шелк
  </material>
  <price>
   658114
  </price>
  <rating>
   1.35
  </rating>
  <reviews>
   602946
  </reviews>
  <new>
   -
  </new>
 </clothing>
 <clothing>
  <id>
   649881017
  </id>
  <name>
   Fila Belts R-3345
  </name>
  <category>
   Belts
  </category>
  <size>
   XL
  </size>
  <color>
   Фиолетовый
  </color>
  <material>
   Хлопок
  </material>
  <price>
   679001
  </price>
  <rating>
   1.0
  </rating>
  <reviews>
   39600
  </reviews>
  <new>
   -
  </new>
 </clothing>
 <clothing>
  <id>
   581580986
  </id>
  <name>
   PleinSport Sweater A-7237
  </name>
  <category>
   Sweater
  </category>
  <size>
   L
  </size>
  <color>
   Синий
  </color>
  <material>
   Нейлон
  </material>
  <price>
   222780
  </price>
  <rating>
   4.26
  </rating>
  <reviews>
   726785
  </reviews>
  <exclusive>
   no
  </exclusive>
 </clothing>
</clothing-items>
