<?xml version="1.0" encoding="utf-8"?>
<clothing-items>
 <clothing>
  <id>
   846666253
  </id>
  <name>
   Nike Sweater Q-3752
  </name>
  <category>
   Sweater
  </category>
  <size>
   L
  </size>
  <color>
   Оранжевый
  </color>
  <material>
   Шерсть
  </material>
  <price>
   170926
  </price>
  <rating>
   3.77
  </rating>
  <reviews>
   173805
  </reviews>
  <exclusive>
   yes
  </exclusive>
 </clothing>
 <clothing>
  <id>
   640469471
  </id>
  <name>
   Ellesse Pants G-2124
  </name>
  <category>
   Pants
  </category>
  <size>
   S
  </size>
  <color>
   Желтый
  </color>
  <material>
   Кожа
  </material>
  <price>
   552172
  </price>
  <rating>
   3.91
  </rating>
  <reviews>
   641551
  </reviews>
  <new>
   -
  </new>
  <exclusive>
   no
  </exclusive>
  <sporty>
   no
  </sporty>
 </clothing>
 <clothing>
  <id>
   855419263
  </id>
  <name>
   Addidas T-shirt T-8677
  </name>
  <category>
   T-shirt
  </category>
  <size>
   XL
  </size>
  <color>
   Фиолетовый
  </color>
  <material>
   Лен
  </material>
  <price>
   939660
  </price>
  <rating>
   2.18
  </rating>
  <reviews>
   321900
  </reviews>
  <new>
   -
  </new>
  <exclusive>
   no
  </exclusive>
 </clothing>
 <clothing>
  <id>
   839817256
  </id>
  <name>
   Addidas Skirt F-7630
  </name>
  <category>
   Skirt
  </category>
  <size>
   XXL
  </size>
  <color>
   Голубой
  </color>
  <material>
   Вискоза
  </material>
  <price>
   204955
  </price>
  <rating>
   3.48
  </rating>
  <reviews>
   416909
  </reviews>
  <exclusive>
   no
  </exclusive>
 </clothing>
 <clothing>
  <id>
   816867618
  </id>
  <name>
   Lacoste Sweater A-3449
  </name>
  <category>
   Sweater
  </category>
  <size>
   XXL
  </size>
  <color>
   Желтый
  </color>
  <material>
   Кожа
  </material>
  <price>
   723127
  </price>
  <rating>
   2.91
  </rating>
  <reviews>
   218160
  </reviews>
  <sporty>
   no
  </sporty>
 </clothing>
 <clothing>
  <id>
   490330766
  </id>
  <name>
   Ellesse Skirt D-8441
  </name>
  <category>
   Skirt
  </category>
  <size>
   XL
  </size>
  <color>
   Зеленый
  </color>
  <material>
   Полиэстер
  </material>
  <price>
   454605
  </price>
  <rating>
   1.6
  </rating>
  <reviews>
   363555
  </reviews>
  <exclusive>
   no
  </exclusive>
  <sporty>
   yes
  </sporty>
 </clothing>
 <clothing>
  <id>
   808879009
  </id>
  <name>
   Lacoste Socks I-3980
  </name>
  <category>
   Socks
  </category>
  <size>
   M
  </size>
  <color>
   Красный
  </color>
  <material>
   Шерсть
  </material>
  <price>
   689784
  </price>
  <rating>
   4.19
  </rating>
  <reviews>
   965964
  </reviews>
  <new>
   -
  </new>
  <exclusive>
   no
  </exclusive>
 </clothing>
 <clothing>
  <id>
   107425041
  </id>
  <name>
   Vans Dress X-8519
  </name>
  <category>
   Dress
  </category>
  <size>
   S
  </size>
  <color>
   Синий
  </color>
  <material>
   Шелк
  </material>
  <price>
   778824
  </price>
  <rating>
   1.64
  </rating>
  <reviews>
   970705
  </reviews>
  <exclusive>
   yes
  </exclusive>
  <sporty>
   no
  </sporty>
 </clothing>
 <clothing>
  <id>
   284789602
  </id>
  <name>
   Under Armour T-shirt A-3736
  </name>
  <category>
   T-shirt
  </category>
  <size>
   S
  </size>
  <color>
   Синий
  </color>
  <material>
   Шелк
  </material>
  <price>
   958279
  </price>
  <rating>
   1.34
  </rating>
  <reviews>
   953869
  </reviews>
  <new>
   -
  </new>
  <exclusive>
   no
  </exclusive>
  <sporty>
   no
  </sporty>
 </clothing>
 <clothing>
  <id>
   136967997
  </id>
  <name>
   Brooks Pants K-1809
  </name>
  <category>
   Pants
  </category>
  <size>
   XXL
  </size>
  <color>
   Оранжевый
  </color>
  <material>
   Лен
  </material>
  <price>
   160988
  </price>
  <rating>
   2.83
  </rating>
  <reviews>
   785577
  </reviews>
  <exclusive>
   no
  </exclusive>
 </clothing>
 <clothing>
  <id>
   819949910
  </id>
  <name>
   New Balance T-shirt N-6368
  </name>
  <category>
   T-shirt
  </category>
  <size>
   XL
  </size>
  <color>
   Красный
  </color>
  <material>
   Шелк
  </material>
  <price>
   926964
  </price>
  <rating>
   1.74
  </rating>
  <reviews>
   175178
  </reviews>
  <new>
   -
  </new>
  <exclusive>
   no
  </exclusive>
 </clothing>
 <clothing>
  <id>
   158844080
  </id>
  <name>
   New Balance Hat S-6256
  </name>
  <category>
   Hat
  </category>
  <size>
   XXL
  </size>
  <color>
   Красный
  </color>
  <material>
   Вискоза
  </material>
  <price>
   660951
  </price>
  <rating>
   1.42
  </rating>
  <reviews>
   880775
  </reviews>
  <new>
   -
  </new>
  <exclusive>
   no
  </exclusive>
 </clothing>
 <clothing>
  <id>
   538423289
  </id>
  <name>
   Adidas Shirt L-1538
  </name>
  <category>
   Shirt
  </category>
  <size>
   L
  </size>
  <color>
   Голубой
  </color>
  <material>
   Вискоза
  </material>
  <price>
   498710
  </price>
  <rating>
   4.65
  </rating>
  <reviews>
   542967
  </reviews>
 </clothing>
 <clothing>
  <id>
   195915995
  </id>
  <name>
   Adidas Jeans Y-8954
  </name>
  <category>
   Jeans
  </category>
  <size>
   L
  </size>
  <color>
   Фиолетовый
  </color>
  <material>
   Полиэстер
  </material>
  <price>
   799497
  </price>
  <rating>
   3.05
  </rating>
  <reviews>
   23610
  </reviews>
  <sporty>
   no
  </sporty>
 </clothing>
 <clothing>
  <id>
   556100778
  </id>
  <name>
   Under Armour Umbrellas J-2257
  </name>
  <category>
   Umbrellas
  </category>
  <size>
   S
  </size>
  <color>
   Синий
  </color>
  <material>
   Полиэстер
  </material>
  <price>
   608732
  </price>
  <rating>
   1.98
  </rating>
  <reviews>
   584394
  </reviews>
  <new>
   +
  </new>
  <exclusive>
   no
  </exclusive>
  <sporty>
   no
  </sporty>
 </clothing>
 <clothing>
  <id>
   411698827
  </id>
  <name>
   Addidas Belts Z-6044
  </name>
  <category>
   Belts
  </category>
  <size>
   M
  </size>
  <color>
   Красный
  </color>
  <material>
   Хлопок
  </material>
  <price>
   778577
  </price>
  <rating>
   4.74
  </rating>
  <reviews>
   794273
  </reviews>
  <exclusive>
   no
  </exclusive>
  <sporty>
   no
  </sporty>
 </clothing>
 <clothing>
  <id>
   608167798
  </id>
  <name>
   Asics Gloves D-5799
  </name>
  <category>
   Gloves
  </category>
  <size>
   XXL
  </size>
  <color>
   Фиолетовый
  </color>
  <material>
   Кожа
  </material>
  <price>
   742256
  </price>
  <rating>
   4.9
  </rating>
  <reviews>
   163104
  </reviews>
  <new>
   -
  </new>
  <exclusive>
   yes
  </exclusive>
  <sporty>
   no
  </sporty>
 </clothing>
 <clothing>
  <id>
   819539639
  </id>
  <name>
   Lacoste Belts L-4654
  </name>
  <category>
   Belts
  </category>
  <size>
   S
  </size>
  <color>
   Красный
  </color>
  <material>
   Лен
  </material>
  <price>
   602480
  </price>
  <rating>
   1.01
  </rating>
  <reviews>
   646150
  </reviews>
  <exclusive>
   no
  </exclusive>
 </clothing>
 <clothing>
  <id>
   481687014
  </id>
  <name>
   Adidas Jacket Y-2497
  </name>
  <category>
   Jacket
  </category>
  <size>
   L
  </size>
  <color>
   Синий
  </color>
  <material>
   Шелк
  </material>
  <price>
   362477
  </price>
  <rating>
   3.99
  </rating>
  <reviews>
   259335
  </reviews>
  <exclusive>
   yes
  </exclusive>
 </clothing>
 <clothing>
  <id>
   395319394
  </id>
  <name>
   Ellesse Handbags Z-4356
  </name>
  <category>
   Handbags
  </category>
  <size>
   M
  </size>
  <color>
   Оранжевый
  </color>
  <material>
   Шелк
  </material>
  <price>
   560848
  </price>
  <rating>
   3.92
  </rating>
  <reviews>
   858604
  </reviews>
  <new>
   -
  </new>
  <exclusive>
   yes
  </exclusive>
 </clothing>
 <clothing>
  <id>
   987277124
  </id>
  <name>
   Lacoste Shoes N-2679
  </name>
  <category>
   Shoes
  </category>
  <size>
   XL
  </size>
  <color>
   Оранжевый
  </color>
  <material>
   Шерсть
  </material>
  <price>
   781291
  </price>
  <rating>
   4.95
  </rating>
  <reviews>
   395700
  </reviews>
  <exclusive>
   no
  </exclusive>
  <sporty>
   yes
  </sporty>
 </clothing>
 <clothing>
  <id>
   618102068
  </id>
  <name>
   Vans Jeans P-8016
  </name>
  <category>
   Jeans
  </category>
  <size>
   XXL
  </size>
  <color>
   Зеленый
  </color>
  <material>
   Шерсть
  </material>
  <price>
   144043
  </price>
  <rating>
   3.06
  </rating>
  <reviews>
   649681
  </reviews>
 </clothing>
 <clothing>
  <id>
   286283553
  </id>
  <name>
   Vans Dress G-8460
  </name>
  <category>
   Dress
  </category>
  <size>
   XXL
  </size>
  <color>
   Оранжевый
  </color>
  <material>
   Шерсть
  </material>
  <price>
   654696
  </price>
  <rating>
   2.36
  </rating>
  <reviews>
   710780
  </reviews>
  <new>
   -
  </new>
  <exclusive>
   yes
  </exclusive>
 </clothing>
 <clothing>
  <id>
   896823173
  </id>
  <name>
   Under Armour Shoes Q-3819
  </name>
  <category>
   Shoes
  </category>
  <size>
   XL
  </size>
  <color>
   Зеленый
  </color>
  <material>
   Шерсть
  </material>
  <price>
   507697
  </price>
  <rating>
   2.24
  </rating>
  <reviews>
   21750
  </reviews>
  <exclusive>
   no
  </exclusive>
  <sporty>
   yes
  </sporty>
 </clothing>
 <clothing>
  <id>
   285877450
  </id>
  <name>
   Asics Sweater E-5655
  </name>
  <category>
   Sweater
  </category>
  <size>
   XXL
  </size>
  <color>
   Зеленый
  </color>
  <material>
   Кожа
  </material>
  <price>
   830888
  </price>
  <rating>
   1.05
  </rating>
  <reviews>
   82443
  </reviews>
  <new>
   +
  </new>
  <exclusive>
   no
  </exclusive>
  <sporty>
   no
  </sporty>
 </clothing>
 <clothing>
  <id>
   409896679
  </id>
  <name>
   Nike Hat E-1186
  </name>
  <category>
   Hat
  </category>
  <size>
   L
  </size>
  <color>
   Оранжевый
  </color>
  <material>
   Хлопок
  </material>
  <price>
   461807
  </price>
  <rating>
   2.28
  </rating>
  <reviews>
   377772
  </reviews>
  <new>
   -
  </new>
 </clothing>
 <clothing>
  <id>
   287089518
  </id>
  <name>
   PleinSport Pants K-9308
  </name>
  <category>
   Pants
  </category>
  <size>
   M
  </size>
  <color>
   Синий
  </color>
  <material>
   Нейлон
  </material>
  <price>
   193267
  </price>
  <rating>
   1.35
  </rating>
  <reviews>
   438607
  </reviews>
  <new>
   -
  </new>
  <exclusive>
   yes
  </exclusive>
  <sporty>
   yes
  </sporty>
 </clothing>
 <clothing>
  <id>
   392947319
  </id>
  <name>
   Ellesse Hat I-6876
  </name>
  <category>
   Hat
  </category>
  <size>
   S
  </size>
  <color>
   Синий
  </color>
  <material>
   Шерсть
  </material>
  <price>
   928791
  </price>
  <rating>
   1.83
  </rating>
  <reviews>
   412336
  </reviews>
  <new>
   +
  </new>
  <exclusive>
   yes
  </exclusive>
  <sporty>
   no
  </sporty>
 </clothing>
 <clothing>
  <id>
   139471535
  </id>
  <name>
   Converse Jeans O-9816
  </name>
  <category>
   Jeans
  </category>
  <size>
   XL
  </size>
  <color>
   Желтый
  </color>
  <material>
   Шелк
  </material>
  <price>
   832114
  </price>
  <rating>
   4.58
  </rating>
  <reviews>
   596119
  </reviews>
 </clothing>
 <clothing>
  <id>
   241804836
  </id>
  <name>
   Converse Gloves T-8059
  </name>
  <category>
   Gloves
  </category>
  <size>
   M
  </size>
  <color>
   Зеленый
  </color>
  <material>
   Лен
  </material>
  <price>
   458270
  </price>
  <rating>
   4.52
  </rating>
  <reviews>
   993573
  </reviews>
  <exclusive>
   no
  </exclusive>
 </clothing>
 <clothing>
  <id>
   176928711
  </id>
  <name>
   Under Armour T-shirt U-1110
  </name>
  <category>
   T-shirt
  </category>
  <size>
   S
  </size>
  <color>
   Голубой
  </color>
  <material>
   Шерсть
  </material>
  <price>
   355866
  </price>
  <rating>
   4.94
  </rating>
  <reviews>
   309644
  </reviews>
  <exclusive>
   yes
  </exclusive>
  <sporty>
   yes
  </sporty>
 </clothing>
 <clothing>
  <id>
   874164527
  </id>
  <name>
   Reebok Gloves O-7548
  </name>
  <category>
   Gloves
  </category>
  <size>
   L
  </size>
  <color>
   Зеленый
  </color>
  <material>
   Полиэстер
  </material>
  <price>
   388744
  </price>
  <rating>
   2.63
  </rating>
  <reviews>
   447805
  </reviews>
  <new>
   +
  </new>
  <exclusive>
   yes
  </exclusive>
  <sporty>
   yes
  </sporty>
 </clothing>
 <clothing>
  <id>
   841869166
  </id>
  <name>
   Lacoste Hat D-1976
  </name>
  <category>
   Hat
  </category>
  <size>
   S
  </size>
  <color>
   Голубой
  </color>
  <material>
   Нейлон
  </material>
  <price>
   417411
  </price>
  <rating>
   2.29
  </rating>
  <reviews>
   400751
  </reviews>
  <new>
   +
  </new>
  <exclusive>
   yes
  </exclusive>
 </clothing>
 <clothing>
  <id>
   898867188
  </id>
  <name>
   Asics Blouse F-3533
  </name>
  <category>
   Blouse
  </category>
  <size>
   XXL
  </size>
  <color>
   Фиолетовый
  </color>
  <material>
   Кожа
  </material>
  <price>
   867086
  </price>
  <rating>
   3.01
  </rating>
  <reviews>
   5592
  </reviews>
  <new>
   +
  </new>
 </clothing>
</clothing-items>
