<?xml version="1.0" encoding="utf-8"?>
<clothing-items>
 <clothing>
  <id>
   653176901
  </id>
  <name>
   Adidas Belts G-9087
  </name>
  <category>
   Belts
  </category>
  <size>
   XXL
  </size>
  <color>
   Желтый
  </color>
  <material>
   Вискоза
  </material>
  <price>
   415567
  </price>
  <rating>
   2.42
  </rating>
  <reviews>
   701075
  </reviews>
  <exclusive>
   no
  </exclusive>
  <sporty>
   yes
  </sporty>
 </clothing>
 <clothing>
  <id>
   935127842
  </id>
  <name>
   Adidas Jeans N-3638
  </name>
  <category>
   Jeans
  </category>
  <size>
   S
  </size>
  <color>
   Синий
  </color>
  <material>
   Кожа
  </material>
  <price>
   177436
  </price>
  <rating>
   4.94
  </rating>
  <reviews>
   555395
  </reviews>
  <exclusive>
   no
  </exclusive>
  <sporty>
   yes
  </sporty>
 </clothing>
 <clothing>
  <id>
   510414498
  </id>
  <name>
   Fila Pants Y-1413
  </name>
  <category>
   Pants
  </category>
  <size>
   XL
  </size>
  <color>
   Голубой
  </color>
  <material>
   Кожа
  </material>
  <price>
   419499
  </price>
  <rating>
   4.72
  </rating>
  <reviews>
   136418
  </reviews>
  <new>
   +
  </new>
  <exclusive>
   no
  </exclusive>
  <sporty>
   no
  </sporty>
 </clothing>
 <clothing>
  <id>
   712484509
  </id>
  <name>
   Vans Sweater B-7715
  </name>
  <category>
   Sweater
  </category>
  <size>
   L
  </size>
  <color>
   Желтый
  </color>
  <material>
   Полиэстер
  </material>
  <price>
   421652
  </price>
  <rating>
   3.63
  </rating>
  <reviews>
   623405
  </reviews>
  <new>
   -
  </new>
  <exclusive>
   no
  </exclusive>
  <sporty>
   yes
  </sporty>
 </clothing>
 <clothing>
  <id>
   970297773
  </id>
  <name>
   Converse Umbrellas X-8626
  </name>
  <category>
   Umbrellas
  </category>
  <size>
   XL
  </size>
  <color>
   Синий
  </color>
  <material>
   Нейлон
  </material>
  <price>
   527820
  </price>
  <rating>
   1.4
  </rating>
  <reviews>
   467255
  </reviews>
  <new>
   +
  </new>
  <sporty>
   no
  </sporty>
 </clothing>
 <clothing>
  <id>
   829318660
  </id>
  <name>
   Fila Socks M-2614
  </name>
  <category>
   Socks
  </category>
  <size>
   XL
  </size>
  <color>
   Фиолетовый
  </color>
  <material>
   Хлопок
  </material>
  <price>
   462224
  </price>
  <rating>
   1.82
  </rating>
  <reviews>
   448759
  </reviews>
  <sporty>
   no
  </sporty>
 </clothing>
 <clothing>
  <id>
   527763615
  </id>
  <name>
   Converse Shirt E-6080
  </name>
  <category>
   Shirt
  </category>
  <size>
   L
  </size>
  <color>
   Синий
  </color>
  <material>
   Шерсть
  </material>
  <price>
   938964
  </price>
  <rating>
   3.47
  </rating>
  <reviews>
   257478
  </reviews>
  <new>
   -
  </new>
 </clothing>
 <clothing>
  <id>
   417392670
  </id>
  <name>
   Reebok Handbags P-3987
  </name>
  <category>
   Handbags
  </category>
  <size>
   XXL
  </size>
  <color>
   Синий
  </color>
  <material>
   Лен
  </material>
  <price>
   540033
  </price>
  <rating>
   2.32
  </rating>
  <reviews>
   801212
  </reviews>
 </clothing>
 <clothing>
  <id>
   946552277
  </id>
  <name>
   Lacoste Jacket P-9951
  </name>
  <category>
   Jacket
  </category>
  <size>
   M
  </size>
  <color>
   Фиолетовый
  </color>
  <material>
   Вискоза
  </material>
  <price>
   864608
  </price>
  <rating>
   1.8
  </rating>
  <reviews>
   852134
  </reviews>
  <exclusive>
   yes
  </exclusive>
 </clothing>
 <clothing>
  <id>
   885527137
  </id>
  <name>
   Vans Handbags V-3450
  </name>
  <category>
   Handbags
  </category>
  <size>
   XL
  </size>
  <color>
   Голубой
  </color>
  <material>
   Полиэстер
  </material>
  <price>
   526991
  </price>
  <rating>
   2.08
  </rating>
  <reviews>
   98683
  </reviews>
  <new>
   -
  </new>
 </clothing>
 <clothing>
  <id>
   142823739
  </id>
  <name>
   Brooks Pants S-8136
  </name>
  <category>
   Pants
  </category>
  <size>
   XXL
  </size>
  <color>
   Зеленый
  </color>
  <material>
   Шерсть
  </material>
  <price>
   731413
  </price>
  <rating>
   3.02
  </rating>
  <reviews>
   254229
  </reviews>
  <sporty>
   no
  </sporty>
 </clothing>
 <clothing>
  <id>
   494397034
  </id>
  <name>
   Ellesse Umbrellas Z-2441
  </name>
  <category>
   Umbrellas
  </category>
  <size>
   L
  </size>
  <color>
   Фиолетовый
  </color>
  <material>
   Вискоза
  </material>
  <price>
   443535
  </price>
  <rating>
   2.2
  </rating>
  <reviews>
   988542
  </reviews>
  <new>
   -
  </new>
  <exclusive>
   no
  </exclusive>
 </clothing>
 <clothing>
  <id>
   147708000
  </id>
  <name>
   Reebok Jacket X-9804
  </name>
  <category>
   Jacket
  </category>
  <size>
   S
  </size>
  <color>
   Синий
  </color>
  <material>
   Кожа
  </material>
  <price>
   784062
  </price>
  <rating>
   2.11
  </rating>
  <reviews>
   948958
  </reviews>
  <new>
   -
  </new>
  <sporty>
   no
  </sporty>
 </clothing>
 <clothing>
  <id>
   390184471
  </id>
  <name>
   Brooks Dress B-4720
  </name>
  <category>
   Dress
  </category>
  <size>
   S
  </size>
  <color>
   Красный
  </color>
  <material>
   Полиэстер
  </material>
  <price>
   153134
  </price>
  <rating>
   3.14
  </rating>
  <reviews>
   907686
  </reviews>
  <exclusive>
   no
  </exclusive>
 </clothing>
 <clothing>
  <id>
   414136184
  </id>
  <name>
   Fila T-shirt H-8713
  </name>
  <category>
   T-shirt
  </category>
  <size>
   XL
  </size>
  <color>
   Желтый
  </color>
  <material>
   Хлопок
  </material>
  <price>
   253884
  </price>
  <rating>
   1.29
  </rating>
  <reviews>
   153822
  </reviews>
  <exclusive>
   no
  </exclusive>
  <sporty>
   yes
  </sporty>
 </clothing>
 <clothing>
  <id>
   594012862
  </id>
  <name>
   Fila Handbags X-1777
  </name>
  <category>
   Handbags
  </category>
  <size>
   M
  </size>
  <color>
   Зеленый
  </color>
  <material>
   Хлопок
  </material>
  <price>
   878967
  </price>
  <rating>
   2.44
  </rating>
  <reviews>
   62060
  </reviews>
  <exclusive>
   no
  </exclusive>
  <sporty>
   no
  </sporty>
 </clothing>
 <clothing>
  <id>
   972710895
  </id>
  <name>
   DC Socks Y-4013
  </name>
  <category>
   Socks
  </category>
  <size>
   L
  </size>
  <color>
   Фиолетовый
  </color>
  <material>
   Нейлон
  </material>
  <price>
   446594
  </price>
  <rating>
   4.74
  </rating>
  <reviews>
   669224
  </reviews>
  <new>
   +
  </new>
  <exclusive>
   no
  </exclusive>
  <sporty>
   no
  </sporty>
 </clothing>
 <clothing>
  <id>
   541522902
  </id>
  <name>
   Ellesse Jacket O-8773
  </name>
  <category>
   Jacket
  </category>
  <size>
   M
  </size>
  <color>
   Зеленый
  </color>
  <material>
   Вискоза
  </material>
  <price>
   492714
  </price>
  <rating>
   1.07
  </rating>
  <reviews>
   732920
  </reviews>
  <exclusive>
   no
  </exclusive>
  <sporty>
   no
  </sporty>
 </clothing>
 <clothing>
  <id>
   669423987
  </id>
  <name>
   Addidas Shoes Q-8992
  </name>
  <category>
   Shoes
  </category>
  <size>
   L
  </size>
  <color>
   Желтый
  </color>
  <material>
   Кожа
  </material>
  <price>
   979875
  </price>
  <rating>
   2.84
  </rating>
  <reviews>
   470990
  </reviews>
  <new>
   -
  </new>
  <exclusive>
   no
  </exclusive>
  <sporty>
   yes
  </sporty>
 </clothing>
 <clothing>
  <id>
   927691100
  </id>
  <name>
   PleinSport Shoes Z-5135
  </name>
  <category>
   Shoes
  </category>
  <size>
   XL
  </size>
  <color>
   Оранжевый
  </color>
  <material>
   Лен
  </material>
  <price>
   540618
  </price>
  <rating>
   4.11
  </rating>
  <reviews>
   383527
  </reviews>
  <exclusive>
   yes
  </exclusive>
  <sporty>
   no
  </sporty>
 </clothing>
 <clothing>
  <id>
   320729717
  </id>
  <name>
   Asics Umbrellas P-8959
  </name>
  <category>
   Umbrellas
  </category>
  <size>
   S
  </size>
  <color>
   Оранжевый
  </color>
  <material>
   Вискоза
  </material>
  <price>
   164311
  </price>
  <rating>
   3.19
  </rating>
  <reviews>
   337433
  </reviews>
  <new>
   +
  </new>
  <exclusive>
   no
  </exclusive>
  <sporty>
   yes
  </sporty>
 </clothing>
</clothing-items>
