<?xml version="1.0" encoding="utf-8"?>
<clothing-items>
 <clothing>
  <id>
   578705474
  </id>
  <name>
   Lacoste Dress N-9711
  </name>
  <category>
   Dress
  </category>
  <size>
   XL
  </size>
  <color>
   Синий
  </color>
  <material>
   Кожа
  </material>
  <price>
   457582
  </price>
  <rating>
   1.03
  </rating>
  <reviews>
   365909
  </reviews>
  <new>
   +
  </new>
  <sporty>
   no
  </sporty>
 </clothing>
 <clothing>
  <id>
   429364435
  </id>
  <name>
   Adidas Belts Y-4196
  </name>
  <category>
   Belts
  </category>
  <size>
   L
  </size>
  <color>
   Фиолетовый
  </color>
  <material>
   Шерсть
  </material>
  <price>
   844349
  </price>
  <rating>
   1.79
  </rating>
  <reviews>
   765953
  </reviews>
  <new>
   -
  </new>
 </clothing>
 <clothing>
  <id>
   765396455
  </id>
  <name>
   Fila Jacket Y-5014
  </name>
  <category>
   Jacket
  </category>
  <size>
   XXL
  </size>
  <color>
   Оранжевый
  </color>
  <material>
   Кожа
  </material>
  <price>
   946927
  </price>
  <rating>
   2.12
  </rating>
  <reviews>
   106008
  </reviews>
  <new>
   -
  </new>
  <sporty>
   yes
  </sporty>
 </clothing>
 <clothing>
  <id>
   558313144
  </id>
  <name>
   Fila Shoes O-1615
  </name>
  <category>
   Shoes
  </category>
  <size>
   XL
  </size>
  <color>
   Оранжевый
  </color>
  <material>
   Нейлон
  </material>
  <price>
   972777
  </price>
  <rating>
   3.6
  </rating>
  <reviews>
   568777
  </reviews>
  <new>
   -
  </new>
  <exclusive>
   no
  </exclusive>
  <sporty>
   no
  </sporty>
 </clothing>
 <clothing>
  <id>
   844614036
  </id>
  <name>
   Brooks Blouse V-9715
  </name>
  <category>
   Blouse
  </category>
  <size>
   L
  </size>
  <color>
   Желтый
  </color>
  <material>
   Полиэстер
  </material>
  <price>
   195444
  </price>
  <rating>
   3.83
  </rating>
  <reviews>
   282186
  </reviews>
  <sporty>
   no
  </sporty>
 </clothing>
 <clothing>
  <id>
   964129834
  </id>
  <name>
   Ellesse Dress G-7056
  </name>
  <category>
   Dress
  </category>
  <size>
   M
  </size>
  <color>
   Фиолетовый
  </color>
  <material>
   Вискоза
  </material>
  <price>
   639648
  </price>
  <rating>
   1.49
  </rating>
  <reviews>
   221044
  </reviews>
  <new>
   -
  </new>
  <exclusive>
   yes
  </exclusive>
  <sporty>
   no
  </sporty>
 </clothing>
 <clothing>
  <id>
   222818839
  </id>
  <name>
   Addidas Dress J-8620
  </name>
  <category>
   Dress
  </category>
  <size>
   S
  </size>
  <color>
   Красный
  </color>
  <material>
   Лен
  </material>
  <price>
   988932
  </price>
  <rating>
   3.84
  </rating>
  <reviews>
   684685
  </reviews>
  <new>
   +
  </new>
  <exclusive>
   yes
  </exclusive>
  <sporty>
   yes
  </sporty>
 </clothing>
 <clothing>
  <id>
   686263944
  </id>
  <name>
   Puma Hat B-1784
  </name>
  <category>
   Hat
  </category>
  <size>
   S
  </size>
  <color>
   Голубой
  </color>
  <material>
   Лен
  </material>
  <price>
   366155
  </price>
  <rating>
   1.33
  </rating>
  <reviews>
   533155
  </reviews>
 </clothing>
 <clothing>
  <id>
   221879223
  </id>
  <name>
   Reebok Skirt M-2256
  </name>
  <category>
   Skirt
  </category>
  <size>
   XXL
  </size>
  <color>
   Синий
  </color>
  <material>
   Лен
  </material>
  <price>
   356305
  </price>
  <rating>
   2.39
  </rating>
  <reviews>
   897220
  </reviews>
  <exclusive>
   yes
  </exclusive>
 </clothing>
 <clothing>
  <id>
   120751997
  </id>
  <name>
   Addidas T-shirt U-4033
  </name>
  <category>
   T-shirt
  </category>
  <size>
   S
  </size>
  <color>
   Голубой
  </color>
  <material>
   Хлопок
  </material>
  <price>
   433953
  </price>
  <rating>
   3.91
  </rating>
  <reviews>
   269248
  </reviews>
  <new>
   -
  </new>
  <exclusive>
   no
  </exclusive>
  <sporty>
   no
  </sporty>
 </clothing>
 <clothing>
  <id>
   918821076
  </id>
  <name>
   Ellesse Shirt C-2724
  </name>
  <category>
   Shirt
  </category>
  <size>
   L
  </size>
  <color>
   Красный
  </color>
  <material>
   Вискоза
  </material>
  <price>
   315387
  </price>
  <rating>
   1.59
  </rating>
  <reviews>
   397070
  </reviews>
  <new>
   +
  </new>
  <exclusive>
   yes
  </exclusive>
  <sporty>
   no
  </sporty>
 </clothing>
 <clothing>
  <id>
   745291181
  </id>
  <name>
   Ellesse Socks Z-6860
  </name>
  <category>
   Socks
  </category>
  <size>
   L
  </size>
  <color>
   Зеленый
  </color>
  <material>
   Шелк
  </material>
  <price>
   892232
  </price>
  <rating>
   4.91
  </rating>
  <reviews>
   978450
  </reviews>
  <exclusive>
   no
  </exclusive>
  <sporty>
   no
  </sporty>
 </clothing>
 <clothing>
  <id>
   312720031
  </id>
  <name>
   Converse Hat D-8100
  </name>
  <category>
   Hat
  </category>
  <size>
   XL
  </size>
  <color>
   Желтый
  </color>
  <material>
   Кожа
  </material>
  <price>
   377642
  </price>
  <rating>
   1.72
  </rating>
  <reviews>
   658956
  </reviews>
  <sporty>
   yes
  </sporty>
 </clothing>
 <clothing>
  <id>
   104549862
  </id>
  <name>
   Addidas Dress A-2466
  </name>
  <category>
   Dress
  </category>
  <size>
   XXL
  </size>
  <color>
   Голубой
  </color>
  <material>
   Шелк
  </material>
  <price>
   309110
  </price>
  <rating>
   3.93
  </rating>
  <reviews>
   910953
  </reviews>
  <exclusive>
   no
  </exclusive>
 </clothing>
 <clothing>
  <id>
   325706243
  </id>
  <name>
   Adidas Sweater L-2192
  </name>
  <category>
   Sweater
  </category>
  <size>
   XXL
  </size>
  <color>
   Красный
  </color>
  <material>
   Вискоза
  </material>
  <price>
   135658
  </price>
  <rating>
   1.24
  </rating>
  <reviews>
   484920
  </reviews>
  <sporty>
   yes
  </sporty>
 </clothing>
 <clothing>
  <id>
   903352317
  </id>
  <name>
   Under Armour Socks A-3342
  </name>
  <category>
   Socks
  </category>
  <size>
   S
  </size>
  <color>
   Фиолетовый
  </color>
  <material>
   Шелк
  </material>
  <price>
   507467
  </price>
  <rating>
   3.86
  </rating>
  <reviews>
   681046
  </reviews>
  <new>
   -
  </new>
  <exclusive>
   yes
  </exclusive>
  <sporty>
   no
  </sporty>
 </clothing>
 <clothing>
  <id>
   477988064
  </id>
  <name>
   Adidas Jeans Q-8364
  </name>
  <category>
   Jeans
  </category>
  <size>
   XXL
  </size>
  <color>
   Фиолетовый
  </color>
  <material>
   Полиэстер
  </material>
  <price>
   770716
  </price>
  <rating>
   4.25
  </rating>
  <reviews>
   488961
  </reviews>
  <new>
   -
  </new>
  <sporty>
   yes
  </sporty>
 </clothing>
 <clothing>
  <id>
   309547147
  </id>
  <name>
   Reebok Blouse S-2212
  </name>
  <category>
   Blouse
  </category>
  <size>
   S
  </size>
  <color>
   Оранжевый
  </color>
  <material>
   Вискоза
  </material>
  <price>
   877072
  </price>
  <rating>
   4.66
  </rating>
  <reviews>
   550043
  </reviews>
  <new>
   -
  </new>
 </clothing>
 <clothing>
  <id>
   974908596
  </id>
  <name>
   Adidas Hat R-7862
  </name>
  <category>
   Hat
  </category>
  <size>
   M
  </size>
  <color>
   Фиолетовый
  </color>
  <material>
   Шерсть
  </material>
  <price>
   248012
  </price>
  <rating>
   2.36
  </rating>
  <reviews>
   733219
  </reviews>
  <sporty>
   yes
  </sporty>
 </clothing>
 <clothing>
  <id>
   756400895
  </id>
  <name>
   Lacoste Jacket A-6342
  </name>
  <category>
   Jacket
  </category>
  <size>
   XL
  </size>
  <color>
   Голубой
  </color>
  <material>
   Шелк
  </material>
  <price>
   793335
  </price>
  <rating>
   2.79
  </rating>
  <reviews>
   799308
  </reviews>
  <new>
   +
  </new>
  <sporty>
   yes
  </sporty>
 </clothing>
 <clothing>
  <id>
   957168565
  </id>
  <name>
   Addidas Sweater C-3855
  </name>
  <category>
   Sweater
  </category>
  <size>
   M
  </size>
  <color>
   Зеленый
  </color>
  <material>
   Лен
  </material>
  <price>
   365379
  </price>
  <rating>
   1.83
  </rating>
  <reviews>
   791471
  </reviews>
  <exclusive>
   no
  </exclusive>
  <sporty>
   no
  </sporty>
 </clothing>
 <clothing>
  <id>
   946588805
  </id>
  <name>
   Converse Shoes Z-7450
  </name>
  <category>
   Shoes
  </category>
  <size>
   XL
  </size>
  <color>
   Красный
  </color>
  <material>
   Кожа
  </material>
  <price>
   702977
  </price>
  <rating>
   3.67
  </rating>
  <reviews>
   264805
  </reviews>
  <exclusive>
   no
  </exclusive>
 </clothing>
 <clothing>
  <id>
   244673122
  </id>
  <name>
   Asics T-shirt Y-9846
  </name>
  <category>
   T-shirt
  </category>
  <size>
   L
  </size>
  <color>
   Красный
  </color>
  <material>
   Лен
  </material>
  <price>
   903745
  </price>
  <rating>
   4.02
  </rating>
  <reviews>
   241536
  </reviews>
  <new>
   -
  </new>
 </clothing>
 <clothing>
  <id>
   583868587
  </id>
  <name>
   Lacoste Shoes Y-6883
  </name>
  <category>
   Shoes
  </category>
  <size>
   L
  </size>
  <color>
   Красный
  </color>
  <material>
   Шелк
  </material>
  <price>
   425951
  </price>
  <rating>
   4.44
  </rating>
  <reviews>
   506586
  </reviews>
  <exclusive>
   no
  </exclusive>
 </clothing>
 <clothing>
  <id>
   882263198
  </id>
  <name>
   Converse Hat W-2980
  </name>
  <category>
   Hat
  </category>
  <size>
   L
  </size>
  <color>
   Желтый
  </color>
  <material>
   Вискоза
  </material>
  <price>
   602257
  </price>
  <rating>
   4.81
  </rating>
  <reviews>
   952841
  </reviews>
  <new>
   -
  </new>
  <exclusive>
   no
  </exclusive>
  <sporty>
   no
  </sporty>
 </clothing>
 <clothing>
  <id>
   511387276
  </id>
  <name>
   Nike Jacket C-6304
  </name>
  <category>
   Jacket
  </category>
  <size>
   S
  </size>
  <color>
   Зеленый
  </color>
  <material>
   Кожа
  </material>
  <price>
   603508
  </price>
  <rating>
   1.05
  </rating>
  <reviews>
   807908
  </reviews>
  <new>
   -
  </new>
  <exclusive>
   no
  </exclusive>
  <sporty>
   yes
  </sporty>
 </clothing>
 <clothing>
  <id>
   838236054
  </id>
  <name>
   PleinSport Skirt N-4915
  </name>
  <category>
   Skirt
  </category>
  <size>
   S
  </size>
  <color>
   Синий
  </color>
  <material>
   Хлопок
  </material>
  <price>
   560484
  </price>
  <rating>
   3.79
  </rating>
  <reviews>
   971116
  </reviews>
  <new>
   -
  </new>
  <exclusive>
   yes
  </exclusive>
 </clothing>
 <clothing>
  <id>
   339834468
  </id>
  <name>
   Adidas Hat Z-2757
  </name>
  <category>
   Hat
  </category>
  <size>
   S
  </size>
  <color>
   Голубой
  </color>
  <material>
   Хлопок
  </material>
  <price>
   829796
  </price>
  <rating>
   1.17
  </rating>
  <reviews>
   613151
  </reviews>
  <exclusive>
   no
  </exclusive>
  <sporty>
   yes
  </sporty>
 </clothing>
 <clothing>
  <id>
   569043984
  </id>
  <name>
   Reebok Shoes X-5871
  </name>
  <category>
   Shoes
  </category>
  <size>
   M
  </size>
  <color>
   Фиолетовый
  </color>
  <material>
   Кожа
  </material>
  <price>
   477962
  </price>
  <rating>
   1.2
  </rating>
  <reviews>
   797392
  </reviews>
  <new>
   -
  </new>
  <sporty>
   no
  </sporty>
 </clothing>
 <clothing>
  <id>
   602557582
  </id>
  <name>
   Converse T-shirt R-2800
  </name>
  <category>
   T-shirt
  </category>
  <size>
   S
  </size>
  <color>
   Оранжевый
  </color>
  <material>
   Вискоза
  </material>
  <price>
   692672
  </price>
  <rating>
   3.39
  </rating>
  <reviews>
   324200
  </reviews>
  <new>
   +
  </new>
 </clothing>
 <clothing>
  <id>
   883745485
  </id>
  <name>
   Adidas Dress S-8683
  </name>
  <category>
   Dress
  </category>
  <size>
   XXL
  </size>
  <color>
   Оранжевый
  </color>
  <material>
   Шелк
  </material>
  <price>
   550391
  </price>
  <rating>
   3.34
  </rating>
  <reviews>
   131765
  </reviews>
  <new>
   +
  </new>
  <exclusive>
   yes
  </exclusive>
 </clothing>
 <clothing>
  <id>
   593673669
  </id>
  <name>
   Asics Socks R-3427
  </name>
  <category>
   Socks
  </category>
  <size>
   L
  </size>
  <color>
   Красный
  </color>
  <material>
   Лен
  </material>
  <price>
   597786
  </price>
  <rating>
   1.65
  </rating>
  <reviews>
   901784
  </reviews>
  <new>
   +
  </new>
  <exclusive>
   no
  </exclusive>
  <sporty>
   yes
  </sporty>
 </clothing>
 <clothing>
  <id>
   651944046
  </id>
  <name>
   Brooks Gloves W-1774
  </name>
  <category>
   Gloves
  </category>
  <size>
   S
  </size>
  <color>
   Голубой
  </color>
  <material>
   Кожа
  </material>
  <price>
   609806
  </price>
  <rating>
   3.53
  </rating>
  <reviews>
   900013
  </reviews>
  <new>
   -
  </new>
  <sporty>
   no
  </sporty>
 </clothing>
 <clothing>
  <id>
   953375622
  </id>
  <name>
   Lacoste Hat K-5906
  </name>
  <category>
   Hat
  </category>
  <size>
   XL
  </size>
  <color>
   Синий
  </color>
  <material>
   Кожа
  </material>
  <price>
   357417
  </price>
  <rating>
   1.45
  </rating>
  <reviews>
   968881
  </reviews>
  <exclusive>
   yes
  </exclusive>
  <sporty>
   yes
  </sporty>
 </clothing>
 <clothing>
  <id>
   588131847
  </id>
  <name>
   Asics Shirt R-8315
  </name>
  <category>
   Shirt
  </category>
  <size>
   XL
  </size>
  <color>
   Фиолетовый
  </color>
  <material>
   Кожа
  </material>
  <price>
   874604
  </price>
  <rating>
   2.4
  </rating>
  <reviews>
   30399
  </reviews>
  <new>
   -
  </new>
  <exclusive>
   no
  </exclusive>
 </clothing>
 <clothing>
  <id>
   733063914
  </id>
  <name>
   Reebok Jeans V-8583
  </name>
  <category>
   Jeans
  </category>
  <size>
   M
  </size>
  <color>
   Фиолетовый
  </color>
  <material>
   Шелк
  </material>
  <price>
   347320
  </price>
  <rating>
   3.66
  </rating>
  <reviews>
   169126
  </reviews>
  <exclusive>
   yes
  </exclusive>
 </clothing>
 <clothing>
  <id>
   297712115
  </id>
  <name>
   Puma Handbags N-4822
  </name>
  <category>
   Handbags
  </category>
  <size>
   S
  </size>
  <color>
   Фиолетовый
  </color>
  <material>
   Шелк
  </material>
  <price>
   370103
  </price>
  <rating>
   1.07
  </rating>
  <reviews>
   569403
  </reviews>
 </clothing>
 <clothing>
  <id>
   400353950
  </id>
  <name>
   Ellesse Shoes H-3079
  </name>
  <category>
   Shoes
  </category>
  <size>
   XXL
  </size>
  <color>
   Желтый
  </color>
  <material>
   Полиэстер
  </material>
  <price>
   701719
  </price>
  <rating>
   2.24
  </rating>
  <reviews>
   683738
  </reviews>
  <new>
   +
  </new>
  <exclusive>
   yes
  </exclusive>
 </clothing>
 <clothing>
  <id>
   399445249
  </id>
  <name>
   Puma Jeans D-6788
  </name>
  <category>
   Jeans
  </category>
  <size>
   XXL
  </size>
  <color>
   Желтый
  </color>
  <material>
   Вискоза
  </material>
  <price>
   953523
  </price>
  <rating>
   1.52
  </rating>
  <reviews>
   907607
  </reviews>
  <new>
   -
  </new>
  <exclusive>
   no
  </exclusive>
 </clothing>
 <clothing>
  <id>
   623788607
  </id>
  <name>
   Under Armour Sweater I-7325
  </name>
  <category>
   Sweater
  </category>
  <size>
   XL
  </size>
  <color>
   Синий
  </color>
  <material>
   Полиэстер
  </material>
  <price>
   226489
  </price>
  <rating>
   4.13
  </rating>
  <reviews>
   78412
  </reviews>
  <new>
   +
  </new>
  <exclusive>
   yes
  </exclusive>
 </clothing>
 <clothing>
  <id>
   353259162
  </id>
  <name>
   Under Armour Sweater X-4353
  </name>
  <category>
   Sweater
  </category>
  <size>
   L
  </size>
  <color>
   Красный
  </color>
  <material>
   Лен
  </material>
  <price>
   555816
  </price>
  <rating>
   3.98
  </rating>
  <reviews>
   991562
  </reviews>
  <new>
   +
  </new>
  <exclusive>
   yes
  </exclusive>
  <sporty>
   no
  </sporty>
 </clothing>
 <clothing>
  <id>
   912320725
  </id>
  <name>
   PleinSport Umbrellas I-5203
  </name>
  <category>
   Umbrellas
  </category>
  <size>
   S
  </size>
  <color>
   Голубой
  </color>
  <material>
   Шелк
  </material>
  <price>
   297026
  </price>
  <rating>
   3.64
  </rating>
  <reviews>
   353571
  </reviews>
  <exclusive>
   no
  </exclusive>
 </clothing>
</clothing-items>
