<?xml version="1.0" encoding="utf-8"?>
<clothing-items>
 <clothing>
  <id>
   747261373
  </id>
  <name>
   Asics Handbags M-1011
  </name>
  <category>
   Handbags
  </category>
  <size>
   XXL
  </size>
  <color>
   Синий
  </color>
  <material>
   Вискоза
  </material>
  <price>
   504936
  </price>
  <rating>
   1.09
  </rating>
  <reviews>
   485233
  </reviews>
 </clothing>
 <clothing>
  <id>
   768276585
  </id>
  <name>
   Addidas Blouse Z-5407
  </name>
  <category>
   Blouse
  </category>
  <size>
   M
  </size>
  <color>
   Оранжевый
  </color>
  <material>
   Шелк
  </material>
  <price>
   973669
  </price>
  <rating>
   2.55
  </rating>
  <reviews>
   473518
  </reviews>
  <new>
   +
  </new>
  <exclusive>
   yes
  </exclusive>
  <sporty>
   no
  </sporty>
 </clothing>
 <clothing>
  <id>
   207993532
  </id>
  <name>
   Brooks Shirt Q-5001
  </name>
  <category>
   Shirt
  </category>
  <size>
   XXL
  </size>
  <color>
   Желтый
  </color>
  <material>
   Лен
  </material>
  <price>
   466687
  </price>
  <rating>
   2.84
  </rating>
  <reviews>
   206728
  </reviews>
  <new>
   -
  </new>
  <sporty>
   yes
  </sporty>
 </clothing>
 <clothing>
  <id>
   452993191
  </id>
  <name>
   Ellesse Jeans T-2437
  </name>
  <category>
   Jeans
  </category>
  <size>
   XXL
  </size>
  <color>
   Оранжевый
  </color>
  <material>
   Шелк
  </material>
  <price>
   749547
  </price>
  <rating>
   4.03
  </rating>
  <reviews>
   848218
  </reviews>
  <exclusive>
   no
  </exclusive>
 </clothing>
 <clothing>
  <id>
   602266764
  </id>
  <name>
   Addidas Pants V-5375
  </name>
  <category>
   Pants
  </category>
  <size>
   S
  </size>
  <color>
   Зеленый
  </color>
  <material>
   Шерсть
  </material>
  <price>
   524031
  </price>
  <rating>
   4.39
  </rating>
  <reviews>
   587292
  </reviews>
  <exclusive>
   yes
  </exclusive>
  <sporty>
   no
  </sporty>
 </clothing>
 <clothing>
  <id>
   829024142
  </id>
  <name>
   Addidas Belts X-1644
  </name>
  <category>
   Belts
  </category>
  <size>
   XXL
  </size>
  <color>
   Оранжевый
  </color>
  <material>
   Лен
  </material>
  <price>
   107171
  </price>
  <rating>
   1.22
  </rating>
  <reviews>
   540255
  </reviews>
  <new>
   -
  </new>
  <exclusive>
   no
  </exclusive>
  <sporty>
   yes
  </sporty>
 </clothing>
 <clothing>
  <id>
   835551082
  </id>
  <name>
   Ellesse Dress D-8146
  </name>
  <category>
   Dress
  </category>
  <size>
   M
  </size>
  <color>
   Зеленый
  </color>
  <material>
   Шерсть
  </material>
  <price>
   104016
  </price>
  <rating>
   1.25
  </rating>
  <reviews>
   673050
  </reviews>
  <sporty>
   yes
  </sporty>
 </clothing>
 <clothing>
  <id>
   964061735
  </id>
  <name>
   Addidas Sweater P-2328
  </name>
  <category>
   Sweater
  </category>
  <size>
   XL
  </size>
  <color>
   Желтый
  </color>
  <material>
   Кожа
  </material>
  <price>
   314203
  </price>
  <rating>
   3.9
  </rating>
  <reviews>
   577425
  </reviews>
  <exclusive>
   no
  </exclusive>
  <sporty>
   no
  </sporty>
 </clothing>
 <clothing>
  <id>
   970992503
  </id>
  <name>
   Under Armour Handbags H-2045
  </name>
  <category>
   Handbags
  </category>
  <size>
   M
  </size>
  <color>
   Оранжевый
  </color>
  <material>
   Шелк
  </material>
  <price>
   160384
  </price>
  <rating>
   2.67
  </rating>
  <reviews>
   342885
  </reviews>
  <new>
   +
  </new>
  <exclusive>
   no
  </exclusive>
 </clothing>
 <clothing>
  <id>
   875990833
  </id>
  <name>
   Addidas Shoes O-6250
  </name>
  <category>
   Shoes
  </category>
  <size>
   XXL
  </size>
  <color>
   Фиолетовый
  </color>
  <material>
   Вискоза
  </material>
  <price>
   484603
  </price>
  <rating>
   3.19
  </rating>
  <reviews>
   531261
  </reviews>
  <new>
   +
  </new>
  <exclusive>
   no
  </exclusive>
  <sporty>
   no
  </sporty>
 </clothing>
 <clothing>
  <id>
   649016807
  </id>
  <name>
   Lacoste Belts N-6852
  </name>
  <category>
   Belts
  </category>
  <size>
   S
  </size>
  <color>
   Зеленый
  </color>
  <material>
   Вискоза
  </material>
  <price>
   281297
  </price>
  <rating>
   1.47
  </rating>
  <reviews>
   492311
  </reviews>
  <new>
   -
  </new>
  <exclusive>
   no
  </exclusive>
 </clothing>
 <clothing>
  <id>
   928266958
  </id>
  <name>
   Adidas Umbrellas T-6786
  </name>
  <category>
   Umbrellas
  </category>
  <size>
   XXL
  </size>
  <color>
   Фиолетовый
  </color>
  <material>
   Кожа
  </material>
  <price>
   945014
  </price>
  <rating>
   2.21
  </rating>
  <reviews>
   967954
  </reviews>
  <new>
   -
  </new>
  <exclusive>
   no
  </exclusive>
 </clothing>
 <clothing>
  <id>
   597804027
  </id>
  <name>
   Converse Belts K-7356
  </name>
  <category>
   Belts
  </category>
  <size>
   XXL
  </size>
  <color>
   Красный
  </color>
  <material>
   Хлопок
  </material>
  <price>
   977397
  </price>
  <rating>
   2.3
  </rating>
  <reviews>
   179994
  </reviews>
  <new>
   -
  </new>
  <exclusive>
   no
  </exclusive>
  <sporty>
   yes
  </sporty>
 </clothing>
 <clothing>
  <id>
   665709023
  </id>
  <name>
   Adidas Dress Z-7070
  </name>
  <category>
   Dress
  </category>
  <size>
   XXL
  </size>
  <color>
   Оранжевый
  </color>
  <material>
   Вискоза
  </material>
  <price>
   925501
  </price>
  <rating>
   3.81
  </rating>
  <reviews>
   744231
  </reviews>
  <new>
   +
  </new>
 </clothing>
 <clothing>
  <id>
   469324433
  </id>
  <name>
   Puma Hat Z-5078
  </name>
  <category>
   Hat
  </category>
  <size>
   M
  </size>
  <color>
   Зеленый
  </color>
  <material>
   Лен
  </material>
  <price>
   915364
  </price>
  <rating>
   1.55
  </rating>
  <reviews>
   858696
  </reviews>
  <exclusive>
   yes
  </exclusive>
  <sporty>
   yes
  </sporty>
 </clothing>
 <clothing>
  <id>
   626864426
  </id>
  <name>
   Fila Shoes Q-8339
  </name>
  <category>
   Shoes
  </category>
  <size>
   L
  </size>
  <color>
   Желтый
  </color>
  <material>
   Вискоза
  </material>
  <price>
   564391
  </price>
  <rating>
   1.06
  </rating>
  <reviews>
   723842
  </reviews>
  <new>
   -
  </new>
  <exclusive>
   no
  </exclusive>
  <sporty>
   yes
  </sporty>
 </clothing>
 <clothing>
  <id>
   339344247
  </id>
  <name>
   Adidas Skirt D-6332
  </name>
  <category>
   Skirt
  </category>
  <size>
   L
  </size>
  <color>
   Голубой
  </color>
  <material>
   Полиэстер
  </material>
  <price>
   175463
  </price>
  <rating>
   2.09
  </rating>
  <reviews>
   995200
  </reviews>
  <new>
   +
  </new>
  <exclusive>
   no
  </exclusive>
 </clothing>
 <clothing>
  <id>
   153999622
  </id>
  <name>
   Nike Skirt B-2835
  </name>
  <category>
   Skirt
  </category>
  <size>
   XL
  </size>
  <color>
   Красный
  </color>
  <material>
   Лен
  </material>
  <price>
   471337
  </price>
  <rating>
   4.54
  </rating>
  <reviews>
   652165
  </reviews>
  <new>
   -
  </new>
 </clothing>
 <clothing>
  <id>
   873577674
  </id>
  <name>
   Converse Shirt Z-1948
  </name>
  <category>
   Shirt
  </category>
  <size>
   S
  </size>
  <color>
   Синий
  </color>
  <material>
   Лен
  </material>
  <price>
   864290
  </price>
  <rating>
   4.93
  </rating>
  <reviews>
   575829
  </reviews>
 </clothing>
 <clothing>
  <id>
   442028962
  </id>
  <name>
   PleinSport Gloves B-8954
  </name>
  <category>
   Gloves
  </category>
  <size>
   M
  </size>
  <color>
   Синий
  </color>
  <material>
   Шелк
  </material>
  <price>
   850375
  </price>
  <rating>
   2.66
  </rating>
  <reviews>
   731685
  </reviews>
  <new>
   -
  </new>
  <exclusive>
   no
  </exclusive>
  <sporty>
   no
  </sporty>
 </clothing>
 <clothing>
  <id>
   995709873
  </id>
  <name>
   PleinSport Sweater A-1306
  </name>
  <category>
   Sweater
  </category>
  <size>
   L
  </size>
  <color>
   Фиолетовый
  </color>
  <material>
   Кожа
  </material>
  <price>
   314756
  </price>
  <rating>
   3.14
  </rating>
  <reviews>
   148642
  </reviews>
 </clothing>
 <clothing>
  <id>
   703741958
  </id>
  <name>
   New Balance Jeans F-9459
  </name>
  <category>
   Jeans
  </category>
  <size>
   S
  </size>
  <color>
   Фиолетовый
  </color>
  <material>
   Кожа
  </material>
  <price>
   449328
  </price>
  <rating>
   2.51
  </rating>
  <reviews>
   15697
  </reviews>
  <new>
   +
  </new>
  <sporty>
   no
  </sporty>
 </clothing>
</clothing-items>
