<?xml version="1.0" encoding="utf-8"?>
<clothing-items>
 <clothing>
  <id>
   947921020
  </id>
  <name>
   Puma Blouse H-3411
  </name>
  <category>
   Blouse
  </category>
  <size>
   XL
  </size>
  <color>
   Зеленый
  </color>
  <material>
   Шерсть
  </material>
  <price>
   730561
  </price>
  <rating>
   3.56
  </rating>
  <reviews>
   378820
  </reviews>
  <new>
   -
  </new>
  <exclusive>
   yes
  </exclusive>
  <sporty>
   no
  </sporty>
 </clothing>
 <clothing>
  <id>
   130763291
  </id>
  <name>
   Puma Umbrellas P-7647
  </name>
  <category>
   Umbrellas
  </category>
  <size>
   XXL
  </size>
  <color>
   Голубой
  </color>
  <material>
   Шелк
  </material>
  <price>
   700488
  </price>
  <rating>
   1.63
  </rating>
  <reviews>
   218916
  </reviews>
  <exclusive>
   yes
  </exclusive>
 </clothing>
 <clothing>
  <id>
   414166390
  </id>
  <name>
   Puma Umbrellas G-7746
  </name>
  <category>
   Umbrellas
  </category>
  <size>
   XXL
  </size>
  <color>
   Фиолетовый
  </color>
  <material>
   Хлопок
  </material>
  <price>
   973961
  </price>
  <rating>
   4.71
  </rating>
  <reviews>
   71335
  </reviews>
  <new>
   -
  </new>
  <exclusive>
   no
  </exclusive>
  <sporty>
   no
  </sporty>
 </clothing>
 <clothing>
  <id>
   245752049
  </id>
  <name>
   Nike Handbags U-1163
  </name>
  <category>
   Handbags
  </category>
  <size>
   S
  </size>
  <color>
   Красный
  </color>
  <material>
   Лен
  </material>
  <price>
   159971
  </price>
  <rating>
   4.04
  </rating>
  <reviews>
   540571
  </reviews>
  <new>
   +
  </new>
 </clothing>
 <clothing>
  <id>
   101601738
  </id>
  <name>
   Reebok Sweater Y-6081
  </name>
  <category>
   Sweater
  </category>
  <size>
   M
  </size>
  <color>
   Красный
  </color>
  <material>
   Вискоза
  </material>
  <price>
   425477
  </price>
  <rating>
   4.18
  </rating>
  <reviews>
   271053
  </reviews>
  <exclusive>
   no
  </exclusive>
  <sporty>
   no
  </sporty>
 </clothing>
 <clothing>
  <id>
   729988948
  </id>
  <name>
   Adidas Umbrellas Q-8250
  </name>
  <category>
   Umbrellas
  </category>
  <size>
   M
  </size>
  <color>
   Желтый
  </color>
  <material>
   Шерсть
  </material>
  <price>
   413986
  </price>
  <rating>
   1.48
  </rating>
  <reviews>
   736691
  </reviews>
  <new>
   -
  </new>
  <exclusive>
   yes
  </exclusive>
  <sporty>
   yes
  </sporty>
 </clothing>
 <clothing>
  <id>
   224645157
  </id>
  <name>
   Ellesse Shirt N-8267
  </name>
  <category>
   Shirt
  </category>
  <size>
   L
  </size>
  <color>
   Желтый
  </color>
  <material>
   Шелк
  </material>
  <price>
   103569
  </price>
  <rating>
   3.51
  </rating>
  <reviews>
   62296
  </reviews>
  <sporty>
   yes
  </sporty>
 </clothing>
 <clothing>
  <id>
   923266637
  </id>
  <name>
   PleinSport Socks A-5193
  </name>
  <category>
   Socks
  </category>
  <size>
   XL
  </size>
  <color>
   Голубой
  </color>
  <material>
   Нейлон
  </material>
  <price>
   331867
  </price>
  <rating>
   1.76
  </rating>
  <reviews>
   513258
  </reviews>
  <new>
   -
  </new>
  <exclusive>
   yes
  </exclusive>
  <sporty>
   no
  </sporty>
 </clothing>
 <clothing>
  <id>
   933937515
  </id>
  <name>
   Asics Umbrellas I-1315
  </name>
  <category>
   Umbrellas
  </category>
  <size>
   XL
  </size>
  <color>
   Желтый
  </color>
  <material>
   Полиэстер
  </material>
  <price>
   923881
  </price>
  <rating>
   3.02
  </rating>
  <reviews>
   569847
  </reviews>
  <sporty>
   yes
  </sporty>
 </clothing>
 <clothing>
  <id>
   560357883
  </id>
  <name>
   Vans Jeans L-7250
  </name>
  <category>
   Jeans
  </category>
  <size>
   L
  </size>
  <color>
   Красный
  </color>
  <material>
   Хлопок
  </material>
  <price>
   883294
  </price>
  <rating>
   3.97
  </rating>
  <reviews>
   671767
  </reviews>
  <new>
   +
  </new>
  <exclusive>
   no
  </exclusive>
  <sporty>
   no
  </sporty>
 </clothing>
 <clothing>
  <id>
   102554270
  </id>
  <name>
   Converse Belts U-4120
  </name>
  <category>
   Belts
  </category>
  <size>
   S
  </size>
  <color>
   Желтый
  </color>
  <material>
   Шерсть
  </material>
  <price>
   702951
  </price>
  <rating>
   1.49
  </rating>
  <reviews>
   935876
  </reviews>
 </clothing>
 <clothing>
  <id>
   176071483
  </id>
  <name>
   Converse T-shirt T-2165
  </name>
  <category>
   T-shirt
  </category>
  <size>
   XXL
  </size>
  <color>
   Красный
  </color>
  <material>
   Кожа
  </material>
  <price>
   477098
  </price>
  <rating>
   2.33
  </rating>
  <reviews>
   556530
  </reviews>
  <new>
   -
  </new>
 </clothing>
 <clothing>
  <id>
   444405560
  </id>
  <name>
   DC Skirt O-6091
  </name>
  <category>
   Skirt
  </category>
  <size>
   XXL
  </size>
  <color>
   Голубой
  </color>
  <material>
   Вискоза
  </material>
  <price>
   256555
  </price>
  <rating>
   1.46
  </rating>
  <reviews>
   456632
  </reviews>
  <exclusive>
   no
  </exclusive>
  <sporty>
   yes
  </sporty>
 </clothing>
 <clothing>
  <id>
   806133054
  </id>
  <name>
   Lacoste Hat K-9590
  </name>
  <category>
   Hat
  </category>
  <size>
   XL
  </size>
  <color>
   Голубой
  </color>
  <material>
   Кожа
  </material>
  <price>
   712120
  </price>
  <rating>
   3.57
  </rating>
  <reviews>
   728073
  </reviews>
  <new>
   +
  </new>
  <sporty>
   yes
  </sporty>
 </clothing>
 <clothing>
  <id>
   920178085
  </id>
  <name>
   Lacoste Hat I-3836
  </name>
  <category>
   Hat
  </category>
  <size>
   XXL
  </size>
  <color>
   Синий
  </color>
  <material>
   Вискоза
  </material>
  <price>
   588163
  </price>
  <rating>
   1.06
  </rating>
  <reviews>
   412201
  </reviews>
  <exclusive>
   no
  </exclusive>
 </clothing>
 <clothing>
  <id>
   775386596
  </id>
  <name>
   Asics Pants B-1308
  </name>
  <category>
   Pants
  </category>
  <size>
   XXL
  </size>
  <color>
   Голубой
  </color>
  <material>
   Шелк
  </material>
  <price>
   156367
  </price>
  <rating>
   2.9
  </rating>
  <reviews>
   465296
  </reviews>
  <new>
   +
  </new>
  <sporty>
   no
  </sporty>
 </clothing>
 <clothing>
  <id>
   977522616
  </id>
  <name>
   PleinSport Hat R-4725
  </name>
  <category>
   Hat
  </category>
  <size>
   S
  </size>
  <color>
   Зеленый
  </color>
  <material>
   Вискоза
  </material>
  <price>
   635017
  </price>
  <rating>
   2.99
  </rating>
  <reviews>
   50252
  </reviews>
  <exclusive>
   no
  </exclusive>
  <sporty>
   yes
  </sporty>
 </clothing>
 <clothing>
  <id>
   353613162
  </id>
  <name>
   Ellesse Sweater D-7672
  </name>
  <category>
   Sweater
  </category>
  <size>
   XXL
  </size>
  <color>
   Голубой
  </color>
  <material>
   Шелк
  </material>
  <price>
   118948
  </price>
  <rating>
   1.37
  </rating>
  <reviews>
   883102
  </reviews>
  <new>
   -
  </new>
  <exclusive>
   yes
  </exclusive>
 </clothing>
 <clothing>
  <id>
   603007214
  </id>
  <name>
   DC Belts S-1575
  </name>
  <category>
   Belts
  </category>
  <size>
   XL
  </size>
  <color>
   Оранжевый
  </color>
  <material>
   Кожа
  </material>
  <price>
   759140
  </price>
  <rating>
   2.3
  </rating>
  <reviews>
   341399
  </reviews>
  <new>
   -
  </new>
  <exclusive>
   yes
  </exclusive>
  <sporty>
   no
  </sporty>
 </clothing>
 <clothing>
  <id>
   788216404
  </id>
  <name>
   Addidas Jacket A-5860
  </name>
  <category>
   Jacket
  </category>
  <size>
   M
  </size>
  <color>
   Оранжевый
  </color>
  <material>
   Лен
  </material>
  <price>
   902096
  </price>
  <rating>
   1.83
  </rating>
  <reviews>
   202616
  </reviews>
  <exclusive>
   no
  </exclusive>
 </clothing>
 <clothing>
  <id>
   236486958
  </id>
  <name>
   Adidas T-shirt T-6860
  </name>
  <category>
   T-shirt
  </category>
  <size>
   XXL
  </size>
  <color>
   Зеленый
  </color>
  <material>
   Шерсть
  </material>
  <price>
   169277
  </price>
  <rating>
   2.76
  </rating>
  <reviews>
   280346
  </reviews>
  <exclusive>
   yes
  </exclusive>
  <sporty>
   no
  </sporty>
 </clothing>
 <clothing>
  <id>
   945130848
  </id>
  <name>
   Addidas Jacket S-4448
  </name>
  <category>
   Jacket
  </category>
  <size>
   XL
  </size>
  <color>
   Оранжевый
  </color>
  <material>
   Шелк
  </material>
  <price>
   547920
  </price>
  <rating>
   4.39
  </rating>
  <reviews>
   208756
  </reviews>
  <new>
   +
  </new>
  <exclusive>
   no
  </exclusive>
  <sporty>
   yes
  </sporty>
 </clothing>
 <clothing>
  <id>
   641350222
  </id>
  <name>
   Lacoste Blouse A-9378
  </name>
  <category>
   Blouse
  </category>
  <size>
   S
  </size>
  <color>
   Оранжевый
  </color>
  <material>
   Шерсть
  </material>
  <price>
   114875
  </price>
  <rating>
   4.88
  </rating>
  <reviews>
   83813
  </reviews>
  <new>
   +
  </new>
  <exclusive>
   no
  </exclusive>
  <sporty>
   yes
  </sporty>
 </clothing>
 <clothing>
  <id>
   439934884
  </id>
  <name>
   Addidas T-shirt Y-3986
  </name>
  <category>
   T-shirt
  </category>
  <size>
   XL
  </size>
  <color>
   Желтый
  </color>
  <material>
   Лен
  </material>
  <price>
   992073
  </price>
  <rating>
   1.93
  </rating>
  <reviews>
   480392
  </reviews>
  <sporty>
   no
  </sporty>
 </clothing>
 <clothing>
  <id>
   424930662
  </id>
  <name>
   Lacoste Shoes N-4540
  </name>
  <category>
   Shoes
  </category>
  <size>
   M
  </size>
  <color>
   Красный
  </color>
  <material>
   Шерсть
  </material>
  <price>
   192041
  </price>
  <rating>
   3.88
  </rating>
  <reviews>
   189294
  </reviews>
  <new>
   -
  </new>
  <exclusive>
   no
  </exclusive>
  <sporty>
   no
  </sporty>
 </clothing>
 <clothing>
  <id>
   748301137
  </id>
  <name>
   PleinSport Pants O-8863
  </name>
  <category>
   Pants
  </category>
  <size>
   S
  </size>
  <color>
   Зеленый
  </color>
  <material>
   Шелк
  </material>
  <price>
   938569
  </price>
  <rating>
   3.22
  </rating>
  <reviews>
   44944
  </reviews>
  <new>
   +
  </new>
 </clothing>
 <clothing>
  <id>
   956958161
  </id>
  <name>
   Nike Hat T-5291
  </name>
  <category>
   Hat
  </category>
  <size>
   L
  </size>
  <color>
   Зеленый
  </color>
  <material>
   Кожа
  </material>
  <price>
   211997
  </price>
  <rating>
   1.22
  </rating>
  <reviews>
   74261
  </reviews>
  <new>
   -
  </new>
  <sporty>
   no
  </sporty>
 </clothing>
 <clothing>
  <id>
   426539407
  </id>
  <name>
   Under Armour Blouse A-4210
  </name>
  <category>
   Blouse
  </category>
  <size>
   XXL
  </size>
  <color>
   Зеленый
  </color>
  <material>
   Вискоза
  </material>
  <price>
   975390
  </price>
  <rating>
   3.23
  </rating>
  <reviews>
   575441
  </reviews>
  <new>
   -
  </new>
  <exclusive>
   yes
  </exclusive>
 </clothing>
 <clothing>
  <id>
   943436170
  </id>
  <name>
   PleinSport Shirt L-1049
  </name>
  <category>
   Shirt
  </category>
  <size>
   M
  </size>
  <color>
   Оранжевый
  </color>
  <material>
   Вискоза
  </material>
  <price>
   161888
  </price>
  <rating>
   2.63
  </rating>
  <reviews>
   627874
  </reviews>
  <exclusive>
   no
  </exclusive>
 </clothing>
</clothing-items>
