<?xml version="1.0" encoding="utf-8"?>
<clothing-items>
 <clothing>
  <id>
   492191595
  </id>
  <name>
   Adidas Shirt K-1264
  </name>
  <category>
   Shirt
  </category>
  <size>
   S
  </size>
  <color>
   Синий
  </color>
  <material>
   Нейлон
  </material>
  <price>
   449280
  </price>
  <rating>
   4.65
  </rating>
  <reviews>
   144204
  </reviews>
 </clothing>
 <clothing>
  <id>
   960095366
  </id>
  <name>
   DC Socks Y-7309
  </name>
  <category>
   Socks
  </category>
  <size>
   XL
  </size>
  <color>
   Зеленый
  </color>
  <material>
   Нейлон
  </material>
  <price>
   952505
  </price>
  <rating>
   3.31
  </rating>
  <reviews>
   129380
  </reviews>
  <new>
   +
  </new>
  <sporty>
   no
  </sporty>
 </clothing>
 <clothing>
  <id>
   845798055
  </id>
  <name>
   Under Armour Dress O-5124
  </name>
  <category>
   Dress
  </category>
  <size>
   XXL
  </size>
  <color>
   Оранжевый
  </color>
  <material>
   Хлопок
  </material>
  <price>
   497715
  </price>
  <rating>
   2.07
  </rating>
  <reviews>
   115734
  </reviews>
  <exclusive>
   no
  </exclusive>
 </clothing>
 <clothing>
  <id>
   301108410
  </id>
  <name>
   Brooks T-shirt B-5684
  </name>
  <category>
   T-shirt
  </category>
  <size>
   M
  </size>
  <color>
   Зеленый
  </color>
  <material>
   Нейлон
  </material>
  <price>
   575348
  </price>
  <rating>
   3.97
  </rating>
  <reviews>
   425279
  </reviews>
  <new>
   -
  </new>
  <sporty>
   yes
  </sporty>
 </clothing>
 <clothing>
  <id>
   232247909
  </id>
  <name>
   Asics Belts P-2889
  </name>
  <category>
   Belts
  </category>
  <size>
   M
  </size>
  <color>
   Желтый
  </color>
  <material>
   Вискоза
  </material>
  <price>
   274018
  </price>
  <rating>
   2.64
  </rating>
  <reviews>
   297452
  </reviews>
  <new>
   +
  </new>
  <sporty>
   no
  </sporty>
 </clothing>
 <clothing>
  <id>
   169911842
  </id>
  <name>
   DC Socks J-4266
  </name>
  <category>
   Socks
  </category>
  <size>
   XXL
  </size>
  <color>
   Фиолетовый
  </color>
  <material>
   Полиэстер
  </material>
  <price>
   948109
  </price>
  <rating>
   1.68
  </rating>
  <reviews>
   679976
  </reviews>
  <exclusive>
   yes
  </exclusive>
 </clothing>
 <clothing>
  <id>
   963321826
  </id>
  <name>
   Fila Belts L-3877
  </name>
  <category>
   Belts
  </category>
  <size>
   L
  </size>
  <color>
   Фиолетовый
  </color>
  <material>
   Шелк
  </material>
  <price>
   823540
  </price>
  <rating>
   1.72
  </rating>
  <reviews>
   648143
  </reviews>
  <new>
   -
  </new>
  <sporty>
   no
  </sporty>
 </clothing>
 <clothing>
  <id>
   128089677
  </id>
  <name>
   Asics Pants D-1633
  </name>
  <category>
   Pants
  </category>
  <size>
   XL
  </size>
  <color>
   Голубой
  </color>
  <material>
   Лен
  </material>
  <price>
   165704
  </price>
  <rating>
   4.91
  </rating>
  <reviews>
   634616
  </reviews>
  <exclusive>
   no
  </exclusive>
  <sporty>
   no
  </sporty>
 </clothing>
 <clothing>
  <id>
   614341840
  </id>
  <name>
   PleinSport Skirt Y-7429
  </name>
  <category>
   Skirt
  </category>
  <size>
   L
  </size>
  <color>
   Оранжевый
  </color>
  <material>
   Нейлон
  </material>
  <price>
   176325
  </price>
  <rating>
   2.17
  </rating>
  <reviews>
   313316
  </reviews>
  <new>
   -
  </new>
  <sporty>
   yes
  </sporty>
 </clothing>
 <clothing>
  <id>
   244236609
  </id>
  <name>
   Adidas Socks G-3733
  </name>
  <category>
   Socks
  </category>
  <size>
   M
  </size>
  <color>
   Желтый
  </color>
  <material>
   Шерсть
  </material>
  <price>
   554576
  </price>
  <rating>
   2.31
  </rating>
  <reviews>
   139281
  </reviews>
  <exclusive>
   no
  </exclusive>
  <sporty>
   no
  </sporty>
 </clothing>
 <clothing>
  <id>
   609687592
  </id>
  <name>
   DC Pants Y-6156
  </name>
  <category>
   Pants
  </category>
  <size>
   S
  </size>
  <color>
   Красный
  </color>
  <material>
   Вискоза
  </material>
  <price>
   979782
  </price>
  <rating>
   1.31
  </rating>
  <reviews>
   569986
  </reviews>
  <new>
   -
  </new>
  <exclusive>
   yes
  </exclusive>
  <sporty>
   no
  </sporty>
 </clothing>
 <clothing>
  <id>
   465414900
  </id>
  <name>
   Nike T-shirt L-7514
  </name>
  <category>
   T-shirt
  </category>
  <size>
   XL
  </size>
  <color>
   Зеленый
  </color>
  <material>
   Полиэстер
  </material>
  <price>
   382557
  </price>
  <rating>
   2.9
  </rating>
  <reviews>
   851502
  </reviews>
  <new>
   -
  </new>
  <exclusive>
   yes
  </exclusive>
 </clothing>
 <clothing>
  <id>
   831819316
  </id>
  <name>
   Nike Hat U-8372
  </name>
  <category>
   Hat
  </category>
  <size>
   L
  </size>
  <color>
   Синий
  </color>
  <material>
   Шерсть
  </material>
  <price>
   411431
  </price>
  <rating>
   3.18
  </rating>
  <reviews>
   111625
  </reviews>
  <new>
   +
  </new>
  <sporty>
   no
  </sporty>
 </clothing>
</clothing-items>
