<?xml version="1.0" encoding="utf-8"?>
<clothing-items>
 <clothing>
  <id>
   643826826
  </id>
  <name>
   Asics Pants V-6205
  </name>
  <category>
   Pants
  </category>
  <size>
   L
  </size>
  <color>
   Желтый
  </color>
  <material>
   Лен
  </material>
  <price>
   964405
  </price>
  <rating>
   3.08
  </rating>
  <reviews>
   403654
  </reviews>
  <new>
   +
  </new>
  <exclusive>
   no
  </exclusive>
 </clothing>
 <clothing>
  <id>
   884757128
  </id>
  <name>
   Fila Umbrellas Q-5440
  </name>
  <category>
   Umbrellas
  </category>
  <size>
   L
  </size>
  <color>
   Красный
  </color>
  <material>
   Нейлон
  </material>
  <price>
   801616
  </price>
  <rating>
   3.75
  </rating>
  <reviews>
   700420
  </reviews>
  <new>
   +
  </new>
  <sporty>
   no
  </sporty>
 </clothing>
 <clothing>
  <id>
   276587261
  </id>
  <name>
   Addidas Socks H-2565
  </name>
  <category>
   Socks
  </category>
  <size>
   L
  </size>
  <color>
   Желтый
  </color>
  <material>
   Лен
  </material>
  <price>
   137286
  </price>
  <rating>
   4.79
  </rating>
  <reviews>
   139905
  </reviews>
  <exclusive>
   yes
  </exclusive>
 </clothing>
 <clothing>
  <id>
   195767750
  </id>
  <name>
   DC Belts S-3821
  </name>
  <category>
   Belts
  </category>
  <size>
   XXL
  </size>
  <color>
   Синий
  </color>
  <material>
   Хлопок
  </material>
  <price>
   259709
  </price>
  <rating>
   1.63
  </rating>
  <reviews>
   877191
  </reviews>
  <new>
   -
  </new>
  <exclusive>
   no
  </exclusive>
 </clothing>
 <clothing>
  <id>
   769868634
  </id>
  <name>
   Converse Dress L-2132
  </name>
  <category>
   Dress
  </category>
  <size>
   XXL
  </size>
  <color>
   Зеленый
  </color>
  <material>
   Хлопок
  </material>
  <price>
   782279
  </price>
  <rating>
   4.1
  </rating>
  <reviews>
   664412
  </reviews>
  <new>
   +
  </new>
 </clothing>
 <clothing>
  <id>
   661563765
  </id>
  <name>
   Puma Jeans F-9228
  </name>
  <category>
   Jeans
  </category>
  <size>
   M
  </size>
  <color>
   Красный
  </color>
  <material>
   Вискоза
  </material>
  <price>
   576768
  </price>
  <rating>
   2.15
  </rating>
  <reviews>
   990033
  </reviews>
  <exclusive>
   no
  </exclusive>
 </clothing>
 <clothing>
  <id>
   343656874
  </id>
  <name>
   Vans Shirt P-6071
  </name>
  <category>
   Shirt
  </category>
  <size>
   XXL
  </size>
  <color>
   Желтый
  </color>
  <material>
   Кожа
  </material>
  <price>
   234441
  </price>
  <rating>
   3.68
  </rating>
  <reviews>
   824469
  </reviews>
  <sporty>
   no
  </sporty>
 </clothing>
 <clothing>
  <id>
   787943454
  </id>
  <name>
   Ellesse Skirt V-9600
  </name>
  <category>
   Skirt
  </category>
  <size>
   XXL
  </size>
  <color>
   Голубой
  </color>
  <material>
   Нейлон
  </material>
  <price>
   395905
  </price>
  <rating>
   3.6
  </rating>
  <reviews>
   333269
  </reviews>
  <exclusive>
   no
  </exclusive>
  <sporty>
   no
  </sporty>
 </clothing>
 <clothing>
  <id>
   594175765
  </id>
  <name>
   Asics Umbrellas C-2598
  </name>
  <category>
   Umbrellas
  </category>
  <size>
   XXL
  </size>
  <color>
   Голубой
  </color>
  <material>
   Кожа
  </material>
  <price>
   341419
  </price>
  <rating>
   4.45
  </rating>
  <reviews>
   195473
  </reviews>
  <sporty>
   no
  </sporty>
 </clothing>
 <clothing>
  <id>
   930304287
  </id>
  <name>
   Converse Handbags B-1639
  </name>
  <category>
   Handbags
  </category>
  <size>
   L
  </size>
  <color>
   Зеленый
  </color>
  <material>
   Вискоза
  </material>
  <price>
   139474
  </price>
  <rating>
   4.68
  </rating>
  <reviews>
   691836
  </reviews>
  <new>
   -
  </new>
  <sporty>
   no
  </sporty>
 </clothing>
 <clothing>
  <id>
   394151859
  </id>
  <name>
   Fila Belts O-2948
  </name>
  <category>
   Belts
  </category>
  <size>
   XL
  </size>
  <color>
   Оранжевый
  </color>
  <material>
   Вискоза
  </material>
  <price>
   360020
  </price>
  <rating>
   3.8
  </rating>
  <reviews>
   369083
  </reviews>
  <new>
   -
  </new>
  <sporty>
   yes
  </sporty>
 </clothing>
 <clothing>
  <id>
   500643997
  </id>
  <name>
   Puma Pants D-9000
  </name>
  <category>
   Pants
  </category>
  <size>
   S
  </size>
  <color>
   Синий
  </color>
  <material>
   Шерсть
  </material>
  <price>
   387209
  </price>
  <rating>
   1.55
  </rating>
  <reviews>
   682587
  </reviews>
  <exclusive>
   yes
  </exclusive>
 </clothing>
 <clothing>
  <id>
   613855772
  </id>
  <name>
   Asics Sweater C-8090
  </name>
  <category>
   Sweater
  </category>
  <size>
   S
  </size>
  <color>
   Красный
  </color>
  <material>
   Хлопок
  </material>
  <price>
   996148
  </price>
  <rating>
   4.04
  </rating>
  <reviews>
   926297
  </reviews>
  <exclusive>
   yes
  </exclusive>
  <sporty>
   no
  </sporty>
 </clothing>
 <clothing>
  <id>
   238287596
  </id>
  <name>
   Brooks Pants X-8366
  </name>
  <category>
   Pants
  </category>
  <size>
   XXL
  </size>
  <color>
   Фиолетовый
  </color>
  <material>
   Кожа
  </material>
  <price>
   445251
  </price>
  <rating>
   4.45
  </rating>
  <reviews>
   969811
  </reviews>
  <new>
   +
  </new>
  <exclusive>
   no
  </exclusive>
 </clothing>
 <clothing>
  <id>
   413838138
  </id>
  <name>
   DC Shirt U-9487
  </name>
  <category>
   Shirt
  </category>
  <size>
   L
  </size>
  <color>
   Оранжевый
  </color>
  <material>
   Полиэстер
  </material>
  <price>
   558084
  </price>
  <rating>
   3.62
  </rating>
  <reviews>
   194352
  </reviews>
  <new>
   -
  </new>
  <exclusive>
   no
  </exclusive>
 </clothing>
 <clothing>
  <id>
   908090241
  </id>
  <name>
   Reebok Sweater B-3384
  </name>
  <category>
   Sweater
  </category>
  <size>
   XL
  </size>
  <color>
   Оранжевый
  </color>
  <material>
   Кожа
  </material>
  <price>
   510614
  </price>
  <rating>
   1.61
  </rating>
  <reviews>
   821657
  </reviews>
  <new>
   +
  </new>
  <exclusive>
   yes
  </exclusive>
 </clothing>
 <clothing>
  <id>
   612482219
  </id>
  <name>
   Ellesse Blouse G-2628
  </name>
  <category>
   Blouse
  </category>
  <size>
   XL
  </size>
  <color>
   Фиолетовый
  </color>
  <material>
   Кожа
  </material>
  <price>
   324903
  </price>
  <rating>
   3.58
  </rating>
  <reviews>
   247166
  </reviews>
  <new>
   -
  </new>
  <exclusive>
   no
  </exclusive>
  <sporty>
   no
  </sporty>
 </clothing>
 <clothing>
  <id>
   331314812
  </id>
  <name>
   Nike Jacket P-4527
  </name>
  <category>
   Jacket
  </category>
  <size>
   M
  </size>
  <color>
   Оранжевый
  </color>
  <material>
   Вискоза
  </material>
  <price>
   128753
  </price>
  <rating>
   2.9
  </rating>
  <reviews>
   814360
  </reviews>
  <exclusive>
   yes
  </exclusive>
  <sporty>
   yes
  </sporty>
 </clothing>
</clothing-items>
