<?xml version="1.0" encoding="utf-8"?>
<clothing-items>
 <clothing>
  <id>
   692512735
  </id>
  <name>
   Adidas Gloves S-1319
  </name>
  <category>
   Gloves
  </category>
  <size>
   XXL
  </size>
  <color>
   Красный
  </color>
  <material>
   Шерсть
  </material>
  <price>
   549800
  </price>
  <rating>
   3.98
  </rating>
  <reviews>
   800633
  </reviews>
 </clothing>
 <clothing>
  <id>
   114015022
  </id>
  <name>
   PleinSport Hat M-7754
  </name>
  <category>
   Hat
  </category>
  <size>
   XL
  </size>
  <color>
   Синий
  </color>
  <material>
   Шелк
  </material>
  <price>
   666101
  </price>
  <rating>
   1.09
  </rating>
  <reviews>
   395664
  </reviews>
  <exclusive>
   yes
  </exclusive>
 </clothing>
 <clothing>
  <id>
   851342567
  </id>
  <name>
   Adidas Jeans X-2217
  </name>
  <category>
   Jeans
  </category>
  <size>
   M
  </size>
  <color>
   Оранжевый
  </color>
  <material>
   Полиэстер
  </material>
  <price>
   416097
  </price>
  <rating>
   4.77
  </rating>
  <reviews>
   200766
  </reviews>
  <new>
   -
  </new>
  <exclusive>
   no
  </exclusive>
 </clothing>
 <clothing>
  <id>
   773276106
  </id>
  <name>
   Ellesse Handbags C-1378
  </name>
  <category>
   Handbags
  </category>
  <size>
   M
  </size>
  <color>
   Красный
  </color>
  <material>
   Лен
  </material>
  <price>
   852251
  </price>
  <rating>
   3.79
  </rating>
  <reviews>
   409522
  </reviews>
  <exclusive>
   no
  </exclusive>
  <sporty>
   no
  </sporty>
 </clothing>
 <clothing>
  <id>
   428830168
  </id>
  <name>
   Brooks Dress I-1291
  </name>
  <category>
   Dress
  </category>
  <size>
   S
  </size>
  <color>
   Зеленый
  </color>
  <material>
   Кожа
  </material>
  <price>
   862393
  </price>
  <rating>
   4.8
  </rating>
  <reviews>
   500648
  </reviews>
  <new>
   -
  </new>
  <exclusive>
   yes
  </exclusive>
  <sporty>
   no
  </sporty>
 </clothing>
 <clothing>
  <id>
   120003731
  </id>
  <name>
   Reebok Dress E-9439
  </name>
  <category>
   Dress
  </category>
  <size>
   M
  </size>
  <color>
   Зеленый
  </color>
  <material>
   Вискоза
  </material>
  <price>
   735735
  </price>
  <rating>
   1.05
  </rating>
  <reviews>
   123567
  </reviews>
  <new>
   -
  </new>
  <exclusive>
   no
  </exclusive>
 </clothing>
 <clothing>
  <id>
   516019311
  </id>
  <name>
   New Balance Belts O-9483
  </name>
  <category>
   Belts
  </category>
  <size>
   M
  </size>
  <color>
   Синий
  </color>
  <material>
   Кожа
  </material>
  <price>
   576720
  </price>
  <rating>
   1.55
  </rating>
  <reviews>
   476782
  </reviews>
  <new>
   -
  </new>
  <exclusive>
   yes
  </exclusive>
 </clothing>
 <clothing>
  <id>
   539971825
  </id>
  <name>
   DC Umbrellas C-6107
  </name>
  <category>
   Umbrellas
  </category>
  <size>
   XXL
  </size>
  <color>
   Синий
  </color>
  <material>
   Шерсть
  </material>
  <price>
   681116
  </price>
  <rating>
   4.15
  </rating>
  <reviews>
   335752
  </reviews>
  <new>
   -
  </new>
  <exclusive>
   no
  </exclusive>
  <sporty>
   yes
  </sporty>
 </clothing>
 <clothing>
  <id>
   536422994
  </id>
  <name>
   PleinSport Socks O-1900
  </name>
  <category>
   Socks
  </category>
  <size>
   M
  </size>
  <color>
   Синий
  </color>
  <material>
   Шелк
  </material>
  <price>
   529666
  </price>
  <rating>
   2.35
  </rating>
  <reviews>
   84469
  </reviews>
  <new>
   +
  </new>
  <exclusive>
   no
  </exclusive>
  <sporty>
   no
  </sporty>
 </clothing>
 <clothing>
  <id>
   956243682
  </id>
  <name>
   Under Armour Pants X-9647
  </name>
  <category>
   Pants
  </category>
  <size>
   L
  </size>
  <color>
   Синий
  </color>
  <material>
   Вискоза
  </material>
  <price>
   873823
  </price>
  <rating>
   1.78
  </rating>
  <reviews>
   380656
  </reviews>
  <exclusive>
   no
  </exclusive>
 </clothing>
 <clothing>
  <id>
   321249651
  </id>
  <name>
   Under Armour Socks J-1318
  </name>
  <category>
   Socks
  </category>
  <size>
   XXL
  </size>
  <color>
   Фиолетовый
  </color>
  <material>
   Нейлон
  </material>
  <price>
   174734
  </price>
  <rating>
   3.01
  </rating>
  <reviews>
   265737
  </reviews>
  <new>
   -
  </new>
  <exclusive>
   no
  </exclusive>
 </clothing>
 <clothing>
  <id>
   343727547
  </id>
  <name>
   Reebok Shoes B-3459
  </name>
  <category>
   Shoes
  </category>
  <size>
   S
  </size>
  <color>
   Желтый
  </color>
  <material>
   Лен
  </material>
  <price>
   699178
  </price>
  <rating>
   1.12
  </rating>
  <reviews>
   800898
  </reviews>
  <new>
   +
  </new>
 </clothing>
 <clothing>
  <id>
   637974415
  </id>
  <name>
   Reebok Sweater Z-7007
  </name>
  <category>
   Sweater
  </category>
  <size>
   XL
  </size>
  <color>
   Голубой
  </color>
  <material>
   Шелк
  </material>
  <price>
   406695
  </price>
  <rating>
   3.88
  </rating>
  <reviews>
   678951
  </reviews>
  <new>
   -
  </new>
  <exclusive>
   no
  </exclusive>
  <sporty>
   yes
  </sporty>
 </clothing>
 <clothing>
  <id>
   487189572
  </id>
  <name>
   Under Armour Jeans Y-9818
  </name>
  <category>
   Jeans
  </category>
  <size>
   L
  </size>
  <color>
   Синий
  </color>
  <material>
   Полиэстер
  </material>
  <price>
   395368
  </price>
  <rating>
   2.44
  </rating>
  <reviews>
   653964
  </reviews>
  <exclusive>
   no
  </exclusive>
  <sporty>
   yes
  </sporty>
 </clothing>
 <clothing>
  <id>
   434833440
  </id>
  <name>
   Reebok Skirt K-1806
  </name>
  <category>
   Skirt
  </category>
  <size>
   L
  </size>
  <color>
   Фиолетовый
  </color>
  <material>
   Нейлон
  </material>
  <price>
   458084
  </price>
  <rating>
   3.71
  </rating>
  <reviews>
   484926
  </reviews>
  <new>
   -
  </new>
 </clothing>
 <clothing>
  <id>
   660498994
  </id>
  <name>
   Adidas Shirt E-1892
  </name>
  <category>
   Shirt
  </category>
  <size>
   XL
  </size>
  <color>
   Фиолетовый
  </color>
  <material>
   Шерсть
  </material>
  <price>
   264060
  </price>
  <rating>
   3.18
  </rating>
  <reviews>
   780165
  </reviews>
  <new>
   -
  </new>
 </clothing>
 <clothing>
  <id>
   594008485
  </id>
  <name>
   Ellesse Dress W-9770
  </name>
  <category>
   Dress
  </category>
  <size>
   L
  </size>
  <color>
   Оранжевый
  </color>
  <material>
   Кожа
  </material>
  <price>
   705080
  </price>
  <rating>
   3.87
  </rating>
  <reviews>
   593588
  </reviews>
  <new>
   +
  </new>
 </clothing>
 <clothing>
  <id>
   594350186
  </id>
  <name>
   Puma Sweater D-3705
  </name>
  <category>
   Sweater
  </category>
  <size>
   S
  </size>
  <color>
   Синий
  </color>
  <material>
   Лен
  </material>
  <price>
   629504
  </price>
  <rating>
   4.45
  </rating>
  <reviews>
   567808
  </reviews>
 </clothing>
 <clothing>
  <id>
   546145653
  </id>
  <name>
   Reebok Blouse H-5536
  </name>
  <category>
   Blouse
  </category>
  <size>
   S
  </size>
  <color>
   Оранжевый
  </color>
  <material>
   Шелк
  </material>
  <price>
   285670
  </price>
  <rating>
   2.72
  </rating>
  <reviews>
   660361
  </reviews>
 </clothing>
 <clothing>
  <id>
   331459181
  </id>
  <name>
   Reebok Hat X-5863
  </name>
  <category>
   Hat
  </category>
  <size>
   M
  </size>
  <color>
   Красный
  </color>
  <material>
   Вискоза
  </material>
  <price>
   784034
  </price>
  <rating>
   2.59
  </rating>
  <reviews>
   844803
  </reviews>
  <new>
   -
  </new>
  <exclusive>
   yes
  </exclusive>
 </clothing>
 <clothing>
  <id>
   740057578
  </id>
  <name>
   Fila Blouse N-9382
  </name>
  <category>
   Blouse
  </category>
  <size>
   L
  </size>
  <color>
   Голубой
  </color>
  <material>
   Кожа
  </material>
  <price>
   867398
  </price>
  <rating>
   4.07
  </rating>
  <reviews>
   223530
  </reviews>
  <new>
   -
  </new>
  <exclusive>
   no
  </exclusive>
  <sporty>
   yes
  </sporty>
 </clothing>
 <clothing>
  <id>
   177743957
  </id>
  <name>
   Asics Belts S-6869
  </name>
  <category>
   Belts
  </category>
  <size>
   M
  </size>
  <color>
   Фиолетовый
  </color>
  <material>
   Нейлон
  </material>
  <price>
   360182
  </price>
  <rating>
   2.14
  </rating>
  <reviews>
   163280
  </reviews>
  <sporty>
   no
  </sporty>
 </clothing>
 <clothing>
  <id>
   734228061
  </id>
  <name>
   Brooks Shoes G-7648
  </name>
  <category>
   Shoes
  </category>
  <size>
   XL
  </size>
  <color>
   Зеленый
  </color>
  <material>
   Шерсть
  </material>
  <price>
   347549
  </price>
  <rating>
   2.19
  </rating>
  <reviews>
   6815
  </reviews>
  <new>
   -
  </new>
  <exclusive>
   no
  </exclusive>
  <sporty>
   yes
  </sporty>
 </clothing>
 <clothing>
  <id>
   254644934
  </id>
  <name>
   Puma Blouse M-9736
  </name>
  <category>
   Blouse
  </category>
  <size>
   S
  </size>
  <color>
   Желтый
  </color>
  <material>
   Шерсть
  </material>
  <price>
   998672
  </price>
  <rating>
   4.12
  </rating>
  <reviews>
   664404
  </reviews>
  <new>
   +
  </new>
  <sporty>
   no
  </sporty>
 </clothing>
 <clothing>
  <id>
   493602567
  </id>
  <name>
   Brooks Jacket P-4497
  </name>
  <category>
   Jacket
  </category>
  <size>
   XXL
  </size>
  <color>
   Оранжевый
  </color>
  <material>
   Полиэстер
  </material>
  <price>
   211769
  </price>
  <rating>
   2.47
  </rating>
  <reviews>
   228272
  </reviews>
  <new>
   -
  </new>
  <exclusive>
   yes
  </exclusive>
  <sporty>
   yes
  </sporty>
 </clothing>
 <clothing>
  <id>
   663723791
  </id>
  <name>
   Fila Shirt M-4743
  </name>
  <category>
   Shirt
  </category>
  <size>
   L
  </size>
  <color>
   Оранжевый
  </color>
  <material>
   Нейлон
  </material>
  <price>
   634609
  </price>
  <rating>
   4.7
  </rating>
  <reviews>
   484418
  </reviews>
  <new>
   -
  </new>
  <exclusive>
   yes
  </exclusive>
  <sporty>
   no
  </sporty>
 </clothing>
 <clothing>
  <id>
   357736491
  </id>
  <name>
   Asics Sweater A-3790
  </name>
  <category>
   Sweater
  </category>
  <size>
   XXL
  </size>
  <color>
   Желтый
  </color>
  <material>
   Хлопок
  </material>
  <price>
   670338
  </price>
  <rating>
   2.19
  </rating>
  <reviews>
   323589
  </reviews>
  <exclusive>
   no
  </exclusive>
 </clothing>
 <clothing>
  <id>
   829972657
  </id>
  <name>
   Under Armour Hat D-5033
  </name>
  <category>
   Hat
  </category>
  <size>
   S
  </size>
  <color>
   Оранжевый
  </color>
  <material>
   Хлопок
  </material>
  <price>
   512622
  </price>
  <rating>
   2.44
  </rating>
  <reviews>
   499798
  </reviews>
  <new>
   +
  </new>
  <sporty>
   no
  </sporty>
 </clothing>
 <clothing>
  <id>
   639447446
  </id>
  <name>
   Addidas Handbags K-5165
  </name>
  <category>
   Handbags
  </category>
  <size>
   XL
  </size>
  <color>
   Красный
  </color>
  <material>
   Кожа
  </material>
  <price>
   592873
  </price>
  <rating>
   2.78
  </rating>
  <reviews>
   906243
  </reviews>
  <exclusive>
   no
  </exclusive>
  <sporty>
   yes
  </sporty>
 </clothing>
 <clothing>
  <id>
   492347645
  </id>
  <name>
   Asics T-shirt U-2546
  </name>
  <category>
   T-shirt
  </category>
  <size>
   L
  </size>
  <color>
   Красный
  </color>
  <material>
   Лен
  </material>
  <price>
   511352
  </price>
  <rating>
   1.72
  </rating>
  <reviews>
   810220
  </reviews>
  <new>
   -
  </new>
 </clothing>
 <clothing>
  <id>
   792811241
  </id>
  <name>
   Under Armour Blouse V-1398
  </name>
  <category>
   Blouse
  </category>
  <size>
   S
  </size>
  <color>
   Зеленый
  </color>
  <material>
   Кожа
  </material>
  <price>
   723796
  </price>
  <rating>
   3.9
  </rating>
  <reviews>
   795835
  </reviews>
  <new>
   +
  </new>
  <sporty>
   yes
  </sporty>
 </clothing>
 <clothing>
  <id>
   975138935
  </id>
  <name>
   Reebok Shirt C-1464
  </name>
  <category>
   Shirt
  </category>
  <size>
   XXL
  </size>
  <color>
   Красный
  </color>
  <material>
   Нейлон
  </material>
  <price>
   612704
  </price>
  <rating>
   3.38
  </rating>
  <reviews>
   105104
  </reviews>
  <sporty>
   no
  </sporty>
 </clothing>
 <clothing>
  <id>
   523654842
  </id>
  <name>
   Ellesse Dress P-1410
  </name>
  <category>
   Dress
  </category>
  <size>
   XL
  </size>
  <color>
   Фиолетовый
  </color>
  <material>
   Хлопок
  </material>
  <price>
   799062
  </price>
  <rating>
   1.27
  </rating>
  <reviews>
   404550
  </reviews>
  <exclusive>
   no
  </exclusive>
 </clothing>
 <clothing>
  <id>
   490376754
  </id>
  <name>
   Under Armour Gloves C-3481
  </name>
  <category>
   Gloves
  </category>
  <size>
   XXL
  </size>
  <color>
   Голубой
  </color>
  <material>
   Хлопок
  </material>
  <price>
   498686
  </price>
  <rating>
   1.32
  </rating>
  <reviews>
   715596
  </reviews>
  <new>
   -
  </new>
 </clothing>
 <clothing>
  <id>
   872774710
  </id>
  <name>
   Lacoste Jacket G-3274
  </name>
  <category>
   Jacket
  </category>
  <size>
   XL
  </size>
  <color>
   Фиолетовый
  </color>
  <material>
   Хлопок
  </material>
  <price>
   932034
  </price>
  <rating>
   3.08
  </rating>
  <reviews>
   159488
  </reviews>
  <new>
   +
  </new>
  <exclusive>
   no
  </exclusive>
 </clothing>
</clothing-items>
