<?xml version="1.0" encoding="utf-8"?>
<clothing-items>
 <clothing>
  <id>
   789301021
  </id>
  <name>
   Nike Jacket L-1864
  </name>
  <category>
   Jacket
  </category>
  <size>
   M
  </size>
  <color>
   Голубой
  </color>
  <material>
   Нейлон
  </material>
  <price>
   430419
  </price>
  <rating>
   1.87
  </rating>
  <reviews>
   421443
  </reviews>
  <new>
   +
  </new>
 </clothing>
 <clothing>
  <id>
   897899915
  </id>
  <name>
   Adidas Umbrellas W-9142
  </name>
  <category>
   Umbrellas
  </category>
  <size>
   XL
  </size>
  <color>
   Оранжевый
  </color>
  <material>
   Шерсть
  </material>
  <price>
   378667
  </price>
  <rating>
   4.32
  </rating>
  <reviews>
   988612
  </reviews>
  <new>
   -
  </new>
  <exclusive>
   no
  </exclusive>
  <sporty>
   yes
  </sporty>
 </clothing>
 <clothing>
  <id>
   197233779
  </id>
  <name>
   Vans Dress D-3696
  </name>
  <category>
   Dress
  </category>
  <size>
   S
  </size>
  <color>
   Синий
  </color>
  <material>
   Шелк
  </material>
  <price>
   796882
  </price>
  <rating>
   4.25
  </rating>
  <reviews>
   557567
  </reviews>
  <exclusive>
   yes
  </exclusive>
  <sporty>
   yes
  </sporty>
 </clothing>
 <clothing>
  <id>
   969829380
  </id>
  <name>
   Asics Hat F-5582
  </name>
  <category>
   Hat
  </category>
  <size>
   M
  </size>
  <color>
   Зеленый
  </color>
  <material>
   Шелк
  </material>
  <price>
   177491
  </price>
  <rating>
   3.32
  </rating>
  <reviews>
   604219
  </reviews>
  <new>
   -
  </new>
 </clothing>
 <clothing>
  <id>
   713125413
  </id>
  <name>
   Ellesse Hat W-1800
  </name>
  <category>
   Hat
  </category>
  <size>
   S
  </size>
  <color>
   Голубой
  </color>
  <material>
   Нейлон
  </material>
  <price>
   954145
  </price>
  <rating>
   1.24
  </rating>
  <reviews>
   903298
  </reviews>
  <sporty>
   yes
  </sporty>
 </clothing>
 <clothing>
  <id>
   165074037
  </id>
  <name>
   Lacoste Jeans X-7818
  </name>
  <category>
   Jeans
  </category>
  <size>
   XXL
  </size>
  <color>
   Красный
  </color>
  <material>
   Вискоза
  </material>
  <price>
   715880
  </price>
  <rating>
   3.71
  </rating>
  <reviews>
   200766
  </reviews>
  <exclusive>
   yes
  </exclusive>
 </clothing>
 <clothing>
  <id>
   828722908
  </id>
  <name>
   Under Armour Blouse T-5579
  </name>
  <category>
   Blouse
  </category>
  <size>
   S
  </size>
  <color>
   Голубой
  </color>
  <material>
   Лен
  </material>
  <price>
   643722
  </price>
  <rating>
   1.79
  </rating>
  <reviews>
   235474
  </reviews>
  <exclusive>
   yes
  </exclusive>
 </clothing>
 <clothing>
  <id>
   450226531
  </id>
  <name>
   Nike T-shirt X-3128
  </name>
  <category>
   T-shirt
  </category>
  <size>
   XXL
  </size>
  <color>
   Зеленый
  </color>
  <material>
   Вискоза
  </material>
  <price>
   380369
  </price>
  <rating>
   4.37
  </rating>
  <reviews>
   448702
  </reviews>
  <sporty>
   no
  </sporty>
 </clothing>
 <clothing>
  <id>
   590801414
  </id>
  <name>
   Under Armour Blouse Q-5731
  </name>
  <category>
   Blouse
  </category>
  <size>
   L
  </size>
  <color>
   Фиолетовый
  </color>
  <material>
   Кожа
  </material>
  <price>
   887949
  </price>
  <rating>
   2.92
  </rating>
  <reviews>
   973849
  </reviews>
  <new>
   +
  </new>
  <sporty>
   no
  </sporty>
 </clothing>
 <clothing>
  <id>
   330769932
  </id>
  <name>
   Addidas Jacket J-1338
  </name>
  <category>
   Jacket
  </category>
  <size>
   L
  </size>
  <color>
   Синий
  </color>
  <material>
   Лен
  </material>
  <price>
   202132
  </price>
  <rating>
   1.41
  </rating>
  <reviews>
   961295
  </reviews>
  <new>
   -
  </new>
  <exclusive>
   yes
  </exclusive>
  <sporty>
   no
  </sporty>
 </clothing>
 <clothing>
  <id>
   219090197
  </id>
  <name>
   Converse Jacket A-6793
  </name>
  <category>
   Jacket
  </category>
  <size>
   XXL
  </size>
  <color>
   Зеленый
  </color>
  <material>
   Полиэстер
  </material>
  <price>
   579778
  </price>
  <rating>
   3.78
  </rating>
  <reviews>
   678721
  </reviews>
 </clothing>
 <clothing>
  <id>
   814307255
  </id>
  <name>
   Under Armour Sweater O-7394
  </name>
  <category>
   Sweater
  </category>
  <size>
   XXL
  </size>
  <color>
   Зеленый
  </color>
  <material>
   Шерсть
  </material>
  <price>
   817240
  </price>
  <rating>
   2.86
  </rating>
  <reviews>
   393042
  </reviews>
  <new>
   -
  </new>
  <sporty>
   no
  </sporty>
 </clothing>
 <clothing>
  <id>
   185633368
  </id>
  <name>
   DC Hat T-6754
  </name>
  <category>
   Hat
  </category>
  <size>
   XXL
  </size>
  <color>
   Зеленый
  </color>
  <material>
   Хлопок
  </material>
  <price>
   218789
  </price>
  <rating>
   4.34
  </rating>
  <reviews>
   993368
  </reviews>
  <new>
   +
  </new>
  <exclusive>
   no
  </exclusive>
 </clothing>
 <clothing>
  <id>
   660717697
  </id>
  <name>
   Adidas Shoes X-4174
  </name>
  <category>
   Shoes
  </category>
  <size>
   S
  </size>
  <color>
   Желтый
  </color>
  <material>
   Нейлон
  </material>
  <price>
   216502
  </price>
  <rating>
   3.54
  </rating>
  <reviews>
   380104
  </reviews>
  <new>
   -
  </new>
  <exclusive>
   no
  </exclusive>
  <sporty>
   no
  </sporty>
 </clothing>
 <clothing>
  <id>
   267426162
  </id>
  <name>
   Nike Handbags H-5250
  </name>
  <category>
   Handbags
  </category>
  <size>
   XXL
  </size>
  <color>
   Красный
  </color>
  <material>
   Хлопок
  </material>
  <price>
   575378
  </price>
  <rating>
   4.91
  </rating>
  <reviews>
   883777
  </reviews>
  <new>
   -
  </new>
 </clothing>
 <clothing>
  <id>
   959459799
  </id>
  <name>
   Asics Socks Z-3197
  </name>
  <category>
   Socks
  </category>
  <size>
   XXL
  </size>
  <color>
   Оранжевый
  </color>
  <material>
   Хлопок
  </material>
  <price>
   418898
  </price>
  <rating>
   1.32
  </rating>
  <reviews>
   907294
  </reviews>
  <new>
   -
  </new>
  <exclusive>
   no
  </exclusive>
  <sporty>
   no
  </sporty>
 </clothing>
 <clothing>
  <id>
   155433394
  </id>
  <name>
   Under Armour Shoes J-4994
  </name>
  <category>
   Shoes
  </category>
  <size>
   S
  </size>
  <color>
   Фиолетовый
  </color>
  <material>
   Хлопок
  </material>
  <price>
   658499
  </price>
  <rating>
   4.74
  </rating>
  <reviews>
   939293
  </reviews>
  <new>
   -
  </new>
  <exclusive>
   yes
  </exclusive>
  <sporty>
   no
  </sporty>
 </clothing>
 <clothing>
  <id>
   239524454
  </id>
  <name>
   Brooks Gloves U-6249
  </name>
  <category>
   Gloves
  </category>
  <size>
   XXL
  </size>
  <color>
   Зеленый
  </color>
  <material>
   Нейлон
  </material>
  <price>
   469345
  </price>
  <rating>
   3.12
  </rating>
  <reviews>
   671070
  </reviews>
  <new>
   +
  </new>
 </clothing>
 <clothing>
  <id>
   921605636
  </id>
  <name>
   Brooks Jacket R-5066
  </name>
  <category>
   Jacket
  </category>
  <size>
   M
  </size>
  <color>
   Желтый
  </color>
  <material>
   Шелк
  </material>
  <price>
   137025
  </price>
  <rating>
   3.84
  </rating>
  <reviews>
   372370
  </reviews>
  <exclusive>
   no
  </exclusive>
 </clothing>
 <clothing>
  <id>
   372033066
  </id>
  <name>
   Ellesse Skirt M-4701
  </name>
  <category>
   Skirt
  </category>
  <size>
   S
  </size>
  <color>
   Красный
  </color>
  <material>
   Вискоза
  </material>
  <price>
   528385
  </price>
  <rating>
   2.38
  </rating>
  <reviews>
   428938
  </reviews>
  <new>
   +
  </new>
  <sporty>
   no
  </sporty>
 </clothing>
 <clothing>
  <id>
   772054019
  </id>
  <name>
   PleinSport Dress E-6354
  </name>
  <category>
   Dress
  </category>
  <size>
   M
  </size>
  <color>
   Зеленый
  </color>
  <material>
   Вискоза
  </material>
  <price>
   729260
  </price>
  <rating>
   1.09
  </rating>
  <reviews>
   483535
  </reviews>
  <new>
   -
  </new>
  <sporty>
   no
  </sporty>
 </clothing>
 <clothing>
  <id>
   437535678
  </id>
  <name>
   New Balance Socks H-9397
  </name>
  <category>
   Socks
  </category>
  <size>
   L
  </size>
  <color>
   Фиолетовый
  </color>
  <material>
   Шелк
  </material>
  <price>
   153337
  </price>
  <rating>
   2.82
  </rating>
  <reviews>
   295336
  </reviews>
  <new>
   -
  </new>
  <exclusive>
   yes
  </exclusive>
 </clothing>
 <clothing>
  <id>
   137062082
  </id>
  <name>
   Fila Belts C-5080
  </name>
  <category>
   Belts
  </category>
  <size>
   XL
  </size>
  <color>
   Синий
  </color>
  <material>
   Полиэстер
  </material>
  <price>
   103259
  </price>
  <rating>
   4.56
  </rating>
  <reviews>
   110416
  </reviews>
  <new>
   -
  </new>
 </clothing>
 <clothing>
  <id>
   617460619
  </id>
  <name>
   PleinSport Belts T-5124
  </name>
  <category>
   Belts
  </category>
  <size>
   XL
  </size>
  <color>
   Фиолетовый
  </color>
  <material>
   Нейлон
  </material>
  <price>
   147605
  </price>
  <rating>
   2.64
  </rating>
  <reviews>
   671198
  </reviews>
  <exclusive>
   yes
  </exclusive>
  <sporty>
   no
  </sporty>
 </clothing>
 <clothing>
  <id>
   554627822
  </id>
  <name>
   Lacoste Umbrellas C-7790
  </name>
  <category>
   Umbrellas
  </category>
  <size>
   XL
  </size>
  <color>
   Красный
  </color>
  <material>
   Полиэстер
  </material>
  <price>
   473447
  </price>
  <rating>
   2.04
  </rating>
  <reviews>
   654801
  </reviews>
  <exclusive>
   no
  </exclusive>
 </clothing>
 <clothing>
  <id>
   781190001
  </id>
  <name>
   Under Armour Pants X-6746
  </name>
  <category>
   Pants
  </category>
  <size>
   S
  </size>
  <color>
   Желтый
  </color>
  <material>
   Кожа
  </material>
  <price>
   105402
  </price>
  <rating>
   2.35
  </rating>
  <reviews>
   609708
  </reviews>
  <new>
   -
  </new>
  <exclusive>
   yes
  </exclusive>
 </clothing>
 <clothing>
  <id>
   233872367
  </id>
  <name>
   Converse Sweater N-5700
  </name>
  <category>
   Sweater
  </category>
  <size>
   S
  </size>
  <color>
   Оранжевый
  </color>
  <material>
   Вискоза
  </material>
  <price>
   151436
  </price>
  <rating>
   3.82
  </rating>
  <reviews>
   24897
  </reviews>
  <new>
   -
  </new>
  <sporty>
   yes
  </sporty>
 </clothing>
 <clothing>
  <id>
   686500514
  </id>
  <name>
   Fila Belts Z-1684
  </name>
  <category>
   Belts
  </category>
  <size>
   XXL
  </size>
  <color>
   Желтый
  </color>
  <material>
   Полиэстер
  </material>
  <price>
   738878
  </price>
  <rating>
   3.75
  </rating>
  <reviews>
   210470
  </reviews>
  <new>
   +
  </new>
  <sporty>
   no
  </sporty>
 </clothing>
 <clothing>
  <id>
   630815492
  </id>
  <name>
   Adidas Gloves K-1115
  </name>
  <category>
   Gloves
  </category>
  <size>
   M
  </size>
  <color>
   Желтый
  </color>
  <material>
   Нейлон
  </material>
  <price>
   854593
  </price>
  <rating>
   3.54
  </rating>
  <reviews>
   80095
  </reviews>
  <new>
   -
  </new>
  <exclusive>
   no
  </exclusive>
 </clothing>
 <clothing>
  <id>
   173220923
  </id>
  <name>
   Converse T-shirt K-2483
  </name>
  <category>
   T-shirt
  </category>
  <size>
   XXL
  </size>
  <color>
   Синий
  </color>
  <material>
   Полиэстер
  </material>
  <price>
   813593
  </price>
  <rating>
   3.64
  </rating>
  <reviews>
   624732
  </reviews>
  <new>
   -
  </new>
  <sporty>
   no
  </sporty>
 </clothing>
 <clothing>
  <id>
   146928935
  </id>
  <name>
   Addidas Belts R-4199
  </name>
  <category>
   Belts
  </category>
  <size>
   S
  </size>
  <color>
   Голубой
  </color>
  <material>
   Кожа
  </material>
  <price>
   429222
  </price>
  <rating>
   4.29
  </rating>
  <reviews>
   751488
  </reviews>
  <new>
   +
  </new>
  <sporty>
   yes
  </sporty>
 </clothing>
 <clothing>
  <id>
   510811970
  </id>
  <name>
   Addidas Blouse Z-5182
  </name>
  <category>
   Blouse
  </category>
  <size>
   M
  </size>
  <color>
   Фиолетовый
  </color>
  <material>
   Кожа
  </material>
  <price>
   691386
  </price>
  <rating>
   1.27
  </rating>
  <reviews>
   21038
  </reviews>
  <exclusive>
   yes
  </exclusive>
 </clothing>
 <clothing>
  <id>
   441726301
  </id>
  <name>
   Reebok Hat Y-7628
  </name>
  <category>
   Hat
  </category>
  <size>
   L
  </size>
  <color>
   Синий
  </color>
  <material>
   Шерсть
  </material>
  <price>
   911855
  </price>
  <rating>
   4.5
  </rating>
  <reviews>
   729830
  </reviews>
  <new>
   -
  </new>
  <sporty>
   no
  </sporty>
 </clothing>
 <clothing>
  <id>
   869982864
  </id>
  <name>
   Addidas Handbags A-5292
  </name>
  <category>
   Handbags
  </category>
  <size>
   L
  </size>
  <color>
   Синий
  </color>
  <material>
   Вискоза
  </material>
  <price>
   167087
  </price>
  <rating>
   3.02
  </rating>
  <reviews>
   642601
  </reviews>
  <sporty>
   no
  </sporty>
 </clothing>
 <clothing>
  <id>
   272160251
  </id>
  <name>
   Ellesse Shoes T-5700
  </name>
  <category>
   Shoes
  </category>
  <size>
   L
  </size>
  <color>
   Синий
  </color>
  <material>
   Лен
  </material>
  <price>
   119025
  </price>
  <rating>
   2.02
  </rating>
  <reviews>
   26946
  </reviews>
  <exclusive>
   yes
  </exclusive>
  <sporty>
   yes
  </sporty>
 </clothing>
 <clothing>
  <id>
   464041372
  </id>
  <name>
   Puma Shirt O-1477
  </name>
  <category>
   Shirt
  </category>
  <size>
   XXL
  </size>
  <color>
   Зеленый
  </color>
  <material>
   Кожа
  </material>
  <price>
   672835
  </price>
  <rating>
   3.48
  </rating>
  <reviews>
   888246
  </reviews>
  <exclusive>
   yes
  </exclusive>
 </clothing>
 <clothing>
  <id>
   783482077
  </id>
  <name>
   Brooks Sweater L-3294
  </name>
  <category>
   Sweater
  </category>
  <size>
   L
  </size>
  <color>
   Зеленый
  </color>
  <material>
   Шелк
  </material>
  <price>
   226120
  </price>
  <rating>
   3.65
  </rating>
  <reviews>
   747026
  </reviews>
 </clothing>
 <clothing>
  <id>
   740641481
  </id>
  <name>
   Reebok Belts J-6107
  </name>
  <category>
   Belts
  </category>
  <size>
   M
  </size>
  <color>
   Оранжевый
  </color>
  <material>
   Хлопок
  </material>
  <price>
   752276
  </price>
  <rating>
   2.68
  </rating>
  <reviews>
   491322
  </reviews>
  <new>
   -
  </new>
  <exclusive>
   no
  </exclusive>
 </clothing>
 <clothing>
  <id>
   877119457
  </id>
  <name>
   Adidas Dress I-1587
  </name>
  <category>
   Dress
  </category>
  <size>
   XXL
  </size>
  <color>
   Синий
  </color>
  <material>
   Полиэстер
  </material>
  <price>
   607164
  </price>
  <rating>
   4.34
  </rating>
  <reviews>
   599214
  </reviews>
  <sporty>
   yes
  </sporty>
 </clothing>
 <clothing>
  <id>
   521191692
  </id>
  <name>
   Under Armour Blouse P-1239
  </name>
  <category>
   Blouse
  </category>
  <size>
   XL
  </size>
  <color>
   Голубой
  </color>
  <material>
   Нейлон
  </material>
  <price>
   832353
  </price>
  <rating>
   4.53
  </rating>
  <reviews>
   6579
  </reviews>
 </clothing>
 <clothing>
  <id>
   661800398
  </id>
  <name>
   Brooks Belts J-4741
  </name>
  <category>
   Belts
  </category>
  <size>
   XL
  </size>
  <color>
   Зеленый
  </color>
  <material>
   Хлопок
  </material>
  <price>
   952386
  </price>
  <rating>
   1.32
  </rating>
  <reviews>
   589694
  </reviews>
  <new>
   -
  </new>
  <sporty>
   no
  </sporty>
 </clothing>
 <clothing>
  <id>
   285028003
  </id>
  <name>
   Lacoste Pants G-8273
  </name>
  <category>
   Pants
  </category>
  <size>
   XL
  </size>
  <color>
   Зеленый
  </color>
  <material>
   Кожа
  </material>
  <price>
   919890
  </price>
  <rating>
   4.75
  </rating>
  <reviews>
   397370
  </reviews>
  <new>
   -
  </new>
  <exclusive>
   yes
  </exclusive>
  <sporty>
   yes
  </sporty>
 </clothing>
 <clothing>
  <id>
   949252855
  </id>
  <name>
   Addidas Jacket Q-2398
  </name>
  <category>
   Jacket
  </category>
  <size>
   XXL
  </size>
  <color>
   Синий
  </color>
  <material>
   Шелк
  </material>
  <price>
   703982
  </price>
  <rating>
   2.5
  </rating>
  <reviews>
   147298
  </reviews>
  <new>
   -
  </new>
  <exclusive>
   yes
  </exclusive>
  <sporty>
   no
  </sporty>
 </clothing>
 <clothing>
  <id>
   531770853
  </id>
  <name>
   Asics Jacket P-2318
  </name>
  <category>
   Jacket
  </category>
  <size>
   M
  </size>
  <color>
   Синий
  </color>
  <material>
   Лен
  </material>
  <price>
   882753
  </price>
  <rating>
   4.75
  </rating>
  <reviews>
   693575
  </reviews>
  <new>
   +
  </new>
 </clothing>
</clothing-items>
