<?xml version="1.0" encoding="utf-8"?>
<clothing-items>
 <clothing>
  <id>
   324330195
  </id>
  <name>
   Vans Pants G-5590
  </name>
  <category>
   Pants
  </category>
  <size>
   XL
  </size>
  <color>
   Оранжевый
  </color>
  <material>
   Вискоза
  </material>
  <price>
   446369
  </price>
  <rating>
   3.9
  </rating>
  <reviews>
   663384
  </reviews>
  <new>
   -
  </new>
 </clothing>
 <clothing>
  <id>
   883001742
  </id>
  <name>
   Fila Blouse F-7137
  </name>
  <category>
   Blouse
  </category>
  <size>
   L
  </size>
  <color>
   Голубой
  </color>
  <material>
   Шерсть
  </material>
  <price>
   601785
  </price>
  <rating>
   3.17
  </rating>
  <reviews>
   445003
  </reviews>
  <sporty>
   yes
  </sporty>
 </clothing>
 <clothing>
  <id>
   587015452
  </id>
  <name>
   Adidas Jeans K-1153
  </name>
  <category>
   Jeans
  </category>
  <size>
   XL
  </size>
  <color>
   Фиолетовый
  </color>
  <material>
   Шелк
  </material>
  <price>
   993012
  </price>
  <rating>
   4.12
  </rating>
  <reviews>
   347013
  </reviews>
  <exclusive>
   yes
  </exclusive>
 </clothing>
 <clothing>
  <id>
   146803084
  </id>
  <name>
   Reebok Dress N-9955
  </name>
  <category>
   Dress
  </category>
  <size>
   XXL
  </size>
  <color>
   Оранжевый
  </color>
  <material>
   Кожа
  </material>
  <price>
   811647
  </price>
  <rating>
   4.39
  </rating>
  <reviews>
   364457
  </reviews>
  <exclusive>
   no
  </exclusive>
 </clothing>
 <clothing>
  <id>
   235675545
  </id>
  <name>
   Fila Skirt F-9047
  </name>
  <category>
   Skirt
  </category>
  <size>
   S
  </size>
  <color>
   Зеленый
  </color>
  <material>
   Лен
  </material>
  <price>
   651963
  </price>
  <rating>
   3.15
  </rating>
  <reviews>
   522953
  </reviews>
  <new>
   +
  </new>
  <exclusive>
   yes
  </exclusive>
 </clothing>
 <clothing>
  <id>
   430464661
  </id>
  <name>
   Under Armour Jacket U-3302
  </name>
  <category>
   Jacket
  </category>
  <size>
   L
  </size>
  <color>
   Фиолетовый
  </color>
  <material>
   Кожа
  </material>
  <price>
   965373
  </price>
  <rating>
   4.28
  </rating>
  <reviews>
   329304
  </reviews>
  <new>
   -
  </new>
  <exclusive>
   no
  </exclusive>
  <sporty>
   yes
  </sporty>
 </clothing>
 <clothing>
  <id>
   644721813
  </id>
  <name>
   Vans Jeans L-1077
  </name>
  <category>
   Jeans
  </category>
  <size>
   XXL
  </size>
  <color>
   Синий
  </color>
  <material>
   Шелк
  </material>
  <price>
   473165
  </price>
  <rating>
   4.69
  </rating>
  <reviews>
   175653
  </reviews>
  <new>
   -
  </new>
  <exclusive>
   no
  </exclusive>
  <sporty>
   no
  </sporty>
 </clothing>
 <clothing>
  <id>
   993322859
  </id>
  <name>
   DC Jacket H-4578
  </name>
  <category>
   Jacket
  </category>
  <size>
   M
  </size>
  <color>
   Фиолетовый
  </color>
  <material>
   Лен
  </material>
  <price>
   218032
  </price>
  <rating>
   2.82
  </rating>
  <reviews>
   382017
  </reviews>
  <new>
   -
  </new>
  <exclusive>
   no
  </exclusive>
  <sporty>
   yes
  </sporty>
 </clothing>
 <clothing>
  <id>
   389244519
  </id>
  <name>
   Under Armour Blouse Z-5897
  </name>
  <category>
   Blouse
  </category>
  <size>
   XXL
  </size>
  <color>
   Оранжевый
  </color>
  <material>
   Хлопок
  </material>
  <price>
   514537
  </price>
  <rating>
   1.74
  </rating>
  <reviews>
   178911
  </reviews>
  <new>
   -
  </new>
  <exclusive>
   yes
  </exclusive>
 </clothing>
 <clothing>
  <id>
   598193841
  </id>
  <name>
   Vans Handbags E-6506
  </name>
  <category>
   Handbags
  </category>
  <size>
   XL
  </size>
  <color>
   Зеленый
  </color>
  <material>
   Лен
  </material>
  <price>
   405574
  </price>
  <rating>
   1.6
  </rating>
  <reviews>
   547287
  </reviews>
  <exclusive>
   no
  </exclusive>
  <sporty>
   no
  </sporty>
 </clothing>
 <clothing>
  <id>
   882977271
  </id>
  <name>
   DC Blouse O-7081
  </name>
  <category>
   Blouse
  </category>
  <size>
   M
  </size>
  <color>
   Синий
  </color>
  <material>
   Полиэстер
  </material>
  <price>
   816570
  </price>
  <rating>
   1.24
  </rating>
  <reviews>
   29045
  </reviews>
  <new>
   -
  </new>
 </clothing>
 <clothing>
  <id>
   999853117
  </id>
  <name>
   PleinSport Pants U-2489
  </name>
  <category>
   Pants
  </category>
  <size>
   L
  </size>
  <color>
   Оранжевый
  </color>
  <material>
   Хлопок
  </material>
  <price>
   781204
  </price>
  <rating>
   3.45
  </rating>
  <reviews>
   940827
  </reviews>
  <new>
   +
  </new>
  <exclusive>
   no
  </exclusive>
 </clothing>
 <clothing>
  <id>
   720583969
  </id>
  <name>
   Converse Belts E-4960
  </name>
  <category>
   Belts
  </category>
  <size>
   S
  </size>
  <color>
   Синий
  </color>
  <material>
   Нейлон
  </material>
  <price>
   181444
  </price>
  <rating>
   4.69
  </rating>
  <reviews>
   440067
  </reviews>
  <new>
   -
  </new>
 </clothing>
 <clothing>
  <id>
   844402431
  </id>
  <name>
   Asics Skirt I-5343
  </name>
  <category>
   Skirt
  </category>
  <size>
   XXL
  </size>
  <color>
   Фиолетовый
  </color>
  <material>
   Лен
  </material>
  <price>
   780193
  </price>
  <rating>
   4.88
  </rating>
  <reviews>
   797643
  </reviews>
  <exclusive>
   yes
  </exclusive>
  <sporty>
   no
  </sporty>
 </clothing>
 <clothing>
  <id>
   109756505
  </id>
  <name>
   New Balance Shoes P-8556
  </name>
  <category>
   Shoes
  </category>
  <size>
   L
  </size>
  <color>
   Красный
  </color>
  <material>
   Хлопок
  </material>
  <price>
   207775
  </price>
  <rating>
   3.95
  </rating>
  <reviews>
   11697
  </reviews>
  <new>
   -
  </new>
  <exclusive>
   no
  </exclusive>
  <sporty>
   no
  </sporty>
 </clothing>
 <clothing>
  <id>
   625245604
  </id>
  <name>
   Ellesse Jacket D-5113
  </name>
  <category>
   Jacket
  </category>
  <size>
   S
  </size>
  <color>
   Зеленый
  </color>
  <material>
   Шерсть
  </material>
  <price>
   174601
  </price>
  <rating>
   4.76
  </rating>
  <reviews>
   301673
  </reviews>
  <new>
   +
  </new>
  <exclusive>
   yes
  </exclusive>
 </clothing>
 <clothing>
  <id>
   735150465
  </id>
  <name>
   Addidas Handbags I-2952
  </name>
  <category>
   Handbags
  </category>
  <size>
   XXL
  </size>
  <color>
   Зеленый
  </color>
  <material>
   Шерсть
  </material>
  <price>
   741118
  </price>
  <rating>
   3.8
  </rating>
  <reviews>
   624609
  </reviews>
  <new>
   -
  </new>
  <sporty>
   no
  </sporty>
 </clothing>
 <clothing>
  <id>
   580585996
  </id>
  <name>
   Brooks Socks T-4895
  </name>
  <category>
   Socks
  </category>
  <size>
   M
  </size>
  <color>
   Красный
  </color>
  <material>
   Шелк
  </material>
  <price>
   898700
  </price>
  <rating>
   1.27
  </rating>
  <reviews>
   816749
  </reviews>
  <new>
   +
  </new>
  <exclusive>
   yes
  </exclusive>
 </clothing>
 <clothing>
  <id>
   620313568
  </id>
  <name>
   Reebok Sweater Z-5707
  </name>
  <category>
   Sweater
  </category>
  <size>
   L
  </size>
  <color>
   Фиолетовый
  </color>
  <material>
   Хлопок
  </material>
  <price>
   257644
  </price>
  <rating>
   1.13
  </rating>
  <reviews>
   629454
  </reviews>
  <new>
   -
  </new>
  <exclusive>
   yes
  </exclusive>
 </clothing>
 <clothing>
  <id>
   339192286
  </id>
  <name>
   Fila Skirt R-6549
  </name>
  <category>
   Skirt
  </category>
  <size>
   S
  </size>
  <color>
   Синий
  </color>
  <material>
   Шерсть
  </material>
  <price>
   714362
  </price>
  <rating>
   1.63
  </rating>
  <reviews>
   988807
  </reviews>
  <sporty>
   yes
  </sporty>
 </clothing>
 <clothing>
  <id>
   458292188
  </id>
  <name>
   Nike Jacket C-5377
  </name>
  <category>
   Jacket
  </category>
  <size>
   L
  </size>
  <color>
   Фиолетовый
  </color>
  <material>
   Нейлон
  </material>
  <price>
   656003
  </price>
  <rating>
   3.62
  </rating>
  <reviews>
   486806
  </reviews>
  <new>
   +
  </new>
  <exclusive>
   no
  </exclusive>
 </clothing>
 <clothing>
  <id>
   165070041
  </id>
  <name>
   Brooks Umbrellas L-5948
  </name>
  <category>
   Umbrellas
  </category>
  <size>
   S
  </size>
  <color>
   Голубой
  </color>
  <material>
   Шерсть
  </material>
  <price>
   605915
  </price>
  <rating>
   2.6
  </rating>
  <reviews>
   552567
  </reviews>
  <exclusive>
   no
  </exclusive>
  <sporty>
   yes
  </sporty>
 </clothing>
 <clothing>
  <id>
   199884835
  </id>
  <name>
   Vans Belts C-6773
  </name>
  <category>
   Belts
  </category>
  <size>
   M
  </size>
  <color>
   Желтый
  </color>
  <material>
   Вискоза
  </material>
  <price>
   994359
  </price>
  <rating>
   3.85
  </rating>
  <reviews>
   482383
  </reviews>
  <new>
   +
  </new>
  <exclusive>
   yes
  </exclusive>
  <sporty>
   yes
  </sporty>
 </clothing>
 <clothing>
  <id>
   503339374
  </id>
  <name>
   Vans Skirt G-3761
  </name>
  <category>
   Skirt
  </category>
  <size>
   L
  </size>
  <color>
   Красный
  </color>
  <material>
   Вискоза
  </material>
  <price>
   469566
  </price>
  <rating>
   4.73
  </rating>
  <reviews>
   265723
  </reviews>
  <exclusive>
   no
  </exclusive>
  <sporty>
   no
  </sporty>
 </clothing>
 <clothing>
  <id>
   190774616
  </id>
  <name>
   Lacoste Skirt G-9337
  </name>
  <category>
   Skirt
  </category>
  <size>
   XXL
  </size>
  <color>
   Зеленый
  </color>
  <material>
   Хлопок
  </material>
  <price>
   241999
  </price>
  <rating>
   2.51
  </rating>
  <reviews>
   889682
  </reviews>
  <new>
   +
  </new>
  <exclusive>
   yes
  </exclusive>
  <sporty>
   yes
  </sporty>
 </clothing>
 <clothing>
  <id>
   683824953
  </id>
  <name>
   Ellesse Jacket D-8588
  </name>
  <category>
   Jacket
  </category>
  <size>
   L
  </size>
  <color>
   Оранжевый
  </color>
  <material>
   Лен
  </material>
  <price>
   925986
  </price>
  <rating>
   4.91
  </rating>
  <reviews>
   159472
  </reviews>
  <new>
   +
  </new>
 </clothing>
 <clothing>
  <id>
   222410594
  </id>
  <name>
   Ellesse Belts I-6725
  </name>
  <category>
   Belts
  </category>
  <size>
   XXL
  </size>
  <color>
   Голубой
  </color>
  <material>
   Вискоза
  </material>
  <price>
   298824
  </price>
  <rating>
   4.42
  </rating>
  <reviews>
   286457
  </reviews>
  <exclusive>
   no
  </exclusive>
  <sporty>
   yes
  </sporty>
 </clothing>
 <clothing>
  <id>
   787495315
  </id>
  <name>
   Fila T-shirt P-9260
  </name>
  <category>
   T-shirt
  </category>
  <size>
   XXL
  </size>
  <color>
   Фиолетовый
  </color>
  <material>
   Полиэстер
  </material>
  <price>
   724300
  </price>
  <rating>
   2.12
  </rating>
  <reviews>
   584893
  </reviews>
  <new>
   -
  </new>
  <exclusive>
   yes
  </exclusive>
  <sporty>
   no
  </sporty>
 </clothing>
 <clothing>
  <id>
   150465287
  </id>
  <name>
   Vans Shoes A-7385
  </name>
  <category>
   Shoes
  </category>
  <size>
   M
  </size>
  <color>
   Синий
  </color>
  <material>
   Лен
  </material>
  <price>
   122865
  </price>
  <rating>
   1.77
  </rating>
  <reviews>
   474966
  </reviews>
  <new>
   +
  </new>
  <exclusive>
   no
  </exclusive>
 </clothing>
 <clothing>
  <id>
   114675161
  </id>
  <name>
   PleinSport Skirt Z-1518
  </name>
  <category>
   Skirt
  </category>
  <size>
   XL
  </size>
  <color>
   Зеленый
  </color>
  <material>
   Шелк
  </material>
  <price>
   317310
  </price>
  <rating>
   1.71
  </rating>
  <reviews>
   524697
  </reviews>
  <sporty>
   yes
  </sporty>
 </clothing>
 <clothing>
  <id>
   927583966
  </id>
  <name>
   Reebok Umbrellas W-5573
  </name>
  <category>
   Umbrellas
  </category>
  <size>
   S
  </size>
  <color>
   Фиолетовый
  </color>
  <material>
   Шерсть
  </material>
  <price>
   636722
  </price>
  <rating>
   4.52
  </rating>
  <reviews>
   26406
  </reviews>
  <exclusive>
   yes
  </exclusive>
  <sporty>
   no
  </sporty>
 </clothing>
 <clothing>
  <id>
   151536087
  </id>
  <name>
   PleinSport Jacket V-2487
  </name>
  <category>
   Jacket
  </category>
  <size>
   XL
  </size>
  <color>
   Красный
  </color>
  <material>
   Лен
  </material>
  <price>
   753189
  </price>
  <rating>
   1.55
  </rating>
  <reviews>
   262685
  </reviews>
  <new>
   -
  </new>
 </clothing>
 <clothing>
  <id>
   640797033
  </id>
  <name>
   Asics Shirt P-2206
  </name>
  <category>
   Shirt
  </category>
  <size>
   L
  </size>
  <color>
   Оранжевый
  </color>
  <material>
   Полиэстер
  </material>
  <price>
   311988
  </price>
  <rating>
   3.43
  </rating>
  <reviews>
   387354
  </reviews>
  <exclusive>
   no
  </exclusive>
 </clothing>
 <clothing>
  <id>
   445898007
  </id>
  <name>
   Fila Umbrellas I-4812
  </name>
  <category>
   Umbrellas
  </category>
  <size>
   XXL
  </size>
  <color>
   Синий
  </color>
  <material>
   Шерсть
  </material>
  <price>
   855305
  </price>
  <rating>
   4.0
  </rating>
  <reviews>
   414733
  </reviews>
  <new>
   -
  </new>
  <sporty>
   no
  </sporty>
 </clothing>
 <clothing>
  <id>
   584752187
  </id>
  <name>
   Lacoste T-shirt G-6785
  </name>
  <category>
   T-shirt
  </category>
  <size>
   M
  </size>
  <color>
   Оранжевый
  </color>
  <material>
   Кожа
  </material>
  <price>
   447125
  </price>
  <rating>
   4.15
  </rating>
  <reviews>
   293259
  </reviews>
  <exclusive>
   yes
  </exclusive>
 </clothing>
 <clothing>
  <id>
   624293027
  </id>
  <name>
   Brooks Skirt H-8259
  </name>
  <category>
   Skirt
  </category>
  <size>
   XXL
  </size>
  <color>
   Фиолетовый
  </color>
  <material>
   Шерсть
  </material>
  <price>
   794727
  </price>
  <rating>
   1.62
  </rating>
  <reviews>
   913377
  </reviews>
  <new>
   +
  </new>
  <exclusive>
   yes
  </exclusive>
  <sporty>
   no
  </sporty>
 </clothing>
 <clothing>
  <id>
   527446734
  </id>
  <name>
   Fila Jeans P-7200
  </name>
  <category>
   Jeans
  </category>
  <size>
   M
  </size>
  <color>
   Желтый
  </color>
  <material>
   Нейлон
  </material>
  <price>
   433565
  </price>
  <rating>
   4.25
  </rating>
  <reviews>
   810287
  </reviews>
  <exclusive>
   yes
  </exclusive>
 </clothing>
 <clothing>
  <id>
   352982881
  </id>
  <name>
   Asics Socks H-8439
  </name>
  <category>
   Socks
  </category>
  <size>
   XL
  </size>
  <color>
   Фиолетовый
  </color>
  <material>
   Нейлон
  </material>
  <price>
   688495
  </price>
  <rating>
   4.6
  </rating>
  <reviews>
   174421
  </reviews>
  <new>
   -
  </new>
  <sporty>
   no
  </sporty>
 </clothing>
 <clothing>
  <id>
   857334035
  </id>
  <name>
   New Balance Blouse U-7480
  </name>
  <category>
   Blouse
  </category>
  <size>
   S
  </size>
  <color>
   Фиолетовый
  </color>
  <material>
   Шелк
  </material>
  <price>
   167015
  </price>
  <rating>
   3.01
  </rating>
  <reviews>
   985529
  </reviews>
  <new>
   +
  </new>
  <exclusive>
   yes
  </exclusive>
 </clothing>
 <clothing>
  <id>
   477140321
  </id>
  <name>
   Asics Socks R-6181
  </name>
  <category>
   Socks
  </category>
  <size>
   XL
  </size>
  <color>
   Красный
  </color>
  <material>
   Хлопок
  </material>
  <price>
   954778
  </price>
  <rating>
   1.49
  </rating>
  <reviews>
   910256
  </reviews>
  <new>
   -
  </new>
  <exclusive>
   yes
  </exclusive>
  <sporty>
   no
  </sporty>
 </clothing>
 <clothing>
  <id>
   218532104
  </id>
  <name>
   Reebok Blouse R-8372
  </name>
  <category>
   Blouse
  </category>
  <size>
   XXL
  </size>
  <color>
   Желтый
  </color>
  <material>
   Хлопок
  </material>
  <price>
   874402
  </price>
  <rating>
   3.92
  </rating>
  <reviews>
   980784
  </reviews>
  <sporty>
   yes
  </sporty>
 </clothing>
 <clothing>
  <id>
   440460948
  </id>
  <name>
   Lacoste Dress Q-1029
  </name>
  <category>
   Dress
  </category>
  <size>
   XL
  </size>
  <color>
   Красный
  </color>
  <material>
   Нейлон
  </material>
  <price>
   923533
  </price>
  <rating>
   1.55
  </rating>
  <reviews>
   80428
  </reviews>
  <new>
   +
  </new>
  <sporty>
   yes
  </sporty>
 </clothing>
 <clothing>
  <id>
   769578866
  </id>
  <name>
   Nike Skirt Z-6872
  </name>
  <category>
   Skirt
  </category>
  <size>
   M
  </size>
  <color>
   Фиолетовый
  </color>
  <material>
   Шерсть
  </material>
  <price>
   850080
  </price>
  <rating>
   2.35
  </rating>
  <reviews>
   52161
  </reviews>
  <new>
   +
  </new>
  <sporty>
   no
  </sporty>
 </clothing>
 <clothing>
  <id>
   214518705
  </id>
  <name>
   Vans Hat D-1842
  </name>
  <category>
   Hat
  </category>
  <size>
   XL
  </size>
  <color>
   Синий
  </color>
  <material>
   Вискоза
  </material>
  <price>
   246872
  </price>
  <rating>
   4.78
  </rating>
  <reviews>
   638515
  </reviews>
  <exclusive>
   no
  </exclusive>
 </clothing>
 <clothing>
  <id>
   822202367
  </id>
  <name>
   PleinSport Jeans W-8238
  </name>
  <category>
   Jeans
  </category>
  <size>
   M
  </size>
  <color>
   Синий
  </color>
  <material>
   Шелк
  </material>
  <price>
   529530
  </price>
  <rating>
   1.09
  </rating>
  <reviews>
   418256
  </reviews>
  <new>
   -
  </new>
  <exclusive>
   no
  </exclusive>
 </clothing>
 <clothing>
  <id>
   396058068
  </id>
  <name>
   Addidas Umbrellas B-7905
  </name>
  <category>
   Umbrellas
  </category>
  <size>
   L
  </size>
  <color>
   Оранжевый
  </color>
  <material>
   Хлопок
  </material>
  <price>
   214910
  </price>
  <rating>
   2.06
  </rating>
  <reviews>
   279959
  </reviews>
  <new>
   -
  </new>
 </clothing>
 <clothing>
  <id>
   425496204
  </id>
  <name>
   Addidas T-shirt O-5658
  </name>
  <category>
   T-shirt
  </category>
  <size>
   S
  </size>
  <color>
   Оранжевый
  </color>
  <material>
   Хлопок
  </material>
  <price>
   288046
  </price>
  <rating>
   2.54
  </rating>
  <reviews>
   161500
  </reviews>
  <exclusive>
   no
  </exclusive>
  <sporty>
   no
  </sporty>
 </clothing>
 <clothing>
  <id>
   167862104
  </id>
  <name>
   Nike Blouse B-8435
  </name>
  <category>
   Blouse
  </category>
  <size>
   M
  </size>
  <color>
   Оранжевый
  </color>
  <material>
   Вискоза
  </material>
  <price>
   969402
  </price>
  <rating>
   3.07
  </rating>
  <reviews>
   583195
  </reviews>
  <new>
   -
  </new>
  <sporty>
   no
  </sporty>
 </clothing>
 <clothing>
  <id>
   793287837
  </id>
  <name>
   Under Armour Shirt U-9641
  </name>
  <category>
   Shirt
  </category>
  <size>
   M
  </size>
  <color>
   Красный
  </color>
  <material>
   Хлопок
  </material>
  <price>
   729698
  </price>
  <rating>
   4.41
  </rating>
  <reviews>
   769711
  </reviews>
  <sporty>
   yes
  </sporty>
 </clothing>
 <clothing>
  <id>
   459185867
  </id>
  <name>
   DC Shirt Q-8818
  </name>
  <category>
   Shirt
  </category>
  <size>
   M
  </size>
  <color>
   Красный
  </color>
  <material>
   Шелк
  </material>
  <price>
   119643
  </price>
  <rating>
   1.97
  </rating>
  <reviews>
   862092
  </reviews>
  <new>
   -
  </new>
 </clothing>
</clothing-items>
