<?xml version="1.0" encoding="utf-8"?>
<clothing-items>
 <clothing>
  <id>
   660149260
  </id>
  <name>
   Adidas Jacket I-2092
  </name>
  <category>
   Jacket
  </category>
  <size>
   L
  </size>
  <color>
   Оранжевый
  </color>
  <material>
   Нейлон
  </material>
  <price>
   454671
  </price>
  <rating>
   4.7
  </rating>
  <reviews>
   980264
  </reviews>
  <new>
   +
  </new>
  <exclusive>
   no
  </exclusive>
  <sporty>
   no
  </sporty>
 </clothing>
 <clothing>
  <id>
   864763215
  </id>
  <name>
   Lacoste Handbags Y-5968
  </name>
  <category>
   Handbags
  </category>
  <size>
   XL
  </size>
  <color>
   Оранжевый
  </color>
  <material>
   Кожа
  </material>
  <price>
   580321
  </price>
  <rating>
   1.73
  </rating>
  <reviews>
   629462
  </reviews>
  <new>
   +
  </new>
  <exclusive>
   yes
  </exclusive>
  <sporty>
   yes
  </sporty>
 </clothing>
 <clothing>
  <id>
   761208979
  </id>
  <name>
   DC Gloves K-2504
  </name>
  <category>
   Gloves
  </category>
  <size>
   XL
  </size>
  <color>
   Голубой
  </color>
  <material>
   Шерсть
  </material>
  <price>
   746223
  </price>
  <rating>
   4.18
  </rating>
  <reviews>
   605559
  </reviews>
  <exclusive>
   no
  </exclusive>
 </clothing>
 <clothing>
  <id>
   831346751
  </id>
  <name>
   Asics Gloves M-2322
  </name>
  <category>
   Gloves
  </category>
  <size>
   M
  </size>
  <color>
   Красный
  </color>
  <material>
   Вискоза
  </material>
  <price>
   278481
  </price>
  <rating>
   1.38
  </rating>
  <reviews>
   681978
  </reviews>
  <sporty>
   yes
  </sporty>
 </clothing>
 <clothing>
  <id>
   520680176
  </id>
  <name>
   Asics Hat R-3808
  </name>
  <category>
   Hat
  </category>
  <size>
   S
  </size>
  <color>
   Оранжевый
  </color>
  <material>
   Нейлон
  </material>
  <price>
   595519
  </price>
  <rating>
   1.35
  </rating>
  <reviews>
   766671
  </reviews>
  <new>
   +
  </new>
  <sporty>
   yes
  </sporty>
 </clothing>
 <clothing>
  <id>
   884113526
  </id>
  <name>
   Adidas Blouse L-5004
  </name>
  <category>
   Blouse
  </category>
  <size>
   L
  </size>
  <color>
   Синий
  </color>
  <material>
   Шерсть
  </material>
  <price>
   226743
  </price>
  <rating>
   4.81
  </rating>
  <reviews>
   89626
  </reviews>
  <new>
   +
  </new>
  <exclusive>
   no
  </exclusive>
 </clothing>
 <clothing>
  <id>
   895252055
  </id>
  <name>
   Reebok Belts A-1890
  </name>
  <category>
   Belts
  </category>
  <size>
   M
  </size>
  <color>
   Желтый
  </color>
  <material>
   Вискоза
  </material>
  <price>
   621004
  </price>
  <rating>
   3.21
  </rating>
  <reviews>
   399964
  </reviews>
  <exclusive>
   no
  </exclusive>
 </clothing>
 <clothing>
  <id>
   466580037
  </id>
  <name>
   Reebok Socks V-8738
  </name>
  <category>
   Socks
  </category>
  <size>
   XL
  </size>
  <color>
   Желтый
  </color>
  <material>
   Нейлон
  </material>
  <price>
   546772
  </price>
  <rating>
   2.5
  </rating>
  <reviews>
   482802
  </reviews>
 </clothing>
 <clothing>
  <id>
   378309407
  </id>
  <name>
   Fila Jacket E-7847
  </name>
  <category>
   Jacket
  </category>
  <size>
   L
  </size>
  <color>
   Желтый
  </color>
  <material>
   Лен
  </material>
  <price>
   827737
  </price>
  <rating>
   2.47
  </rating>
  <reviews>
   416022
  </reviews>
  <new>
   +
  </new>
  <exclusive>
   no
  </exclusive>
 </clothing>
 <clothing>
  <id>
   383707071
  </id>
  <name>
   New Balance Socks X-6387
  </name>
  <category>
   Socks
  </category>
  <size>
   S
  </size>
  <color>
   Зеленый
  </color>
  <material>
   Полиэстер
  </material>
  <price>
   518393
  </price>
  <rating>
   1.9
  </rating>
  <reviews>
   960078
  </reviews>
  <new>
   -
  </new>
 </clothing>
 <clothing>
  <id>
   556399111
  </id>
  <name>
   Lacoste Socks B-3451
  </name>
  <category>
   Socks
  </category>
  <size>
   L
  </size>
  <color>
   Голубой
  </color>
  <material>
   Полиэстер
  </material>
  <price>
   966650
  </price>
  <rating>
   1.02
  </rating>
  <reviews>
   628199
  </reviews>
  <new>
   -
  </new>
  <sporty>
   yes
  </sporty>
 </clothing>
 <clothing>
  <id>
   814025887
  </id>
  <name>
   Lacoste Sweater A-4149
  </name>
  <category>
   Sweater
  </category>
  <size>
   L
  </size>
  <color>
   Голубой
  </color>
  <material>
   Шерсть
  </material>
  <price>
   251890
  </price>
  <rating>
   1.94
  </rating>
  <reviews>
   477770
  </reviews>
  <exclusive>
   yes
  </exclusive>
 </clothing>
 <clothing>
  <id>
   638580693
  </id>
  <name>
   Puma Dress T-5518
  </name>
  <category>
   Dress
  </category>
  <size>
   XXL
  </size>
  <color>
   Голубой
  </color>
  <material>
   Нейлон
  </material>
  <price>
   955048
  </price>
  <rating>
   4.17
  </rating>
  <reviews>
   918883
  </reviews>
  <new>
   +
  </new>
 </clothing>
 <clothing>
  <id>
   868774564
  </id>
  <name>
   Puma Gloves W-5539
  </name>
  <category>
   Gloves
  </category>
  <size>
   XXL
  </size>
  <color>
   Фиолетовый
  </color>
  <material>
   Хлопок
  </material>
  <price>
   674266
  </price>
  <rating>
   1.15
  </rating>
  <reviews>
   135763
  </reviews>
  <sporty>
   no
  </sporty>
 </clothing>
 <clothing>
  <id>
   624765327
  </id>
  <name>
   Adidas Jacket C-1226
  </name>
  <category>
   Jacket
  </category>
  <size>
   M
  </size>
  <color>
   Синий
  </color>
  <material>
   Полиэстер
  </material>
  <price>
   971070
  </price>
  <rating>
   4.89
  </rating>
  <reviews>
   403582
  </reviews>
 </clothing>
 <clothing>
  <id>
   565786069
  </id>
  <name>
   Nike Gloves J-8214
  </name>
  <category>
   Gloves
  </category>
  <size>
   M
  </size>
  <color>
   Голубой
  </color>
  <material>
   Лен
  </material>
  <price>
   641288
  </price>
  <rating>
   4.7
  </rating>
  <reviews>
   460569
  </reviews>
 </clothing>
 <clothing>
  <id>
   587084014
  </id>
  <name>
   Ellesse Dress N-1878
  </name>
  <category>
   Dress
  </category>
  <size>
   XXL
  </size>
  <color>
   Зеленый
  </color>
  <material>
   Хлопок
  </material>
  <price>
   676446
  </price>
  <rating>
   1.53
  </rating>
  <reviews>
   291258
  </reviews>
  <exclusive>
   yes
  </exclusive>
  <sporty>
   no
  </sporty>
 </clothing>
 <clothing>
  <id>
   706435881
  </id>
  <name>
   Addidas Gloves F-7355
  </name>
  <category>
   Gloves
  </category>
  <size>
   M
  </size>
  <color>
   Желтый
  </color>
  <material>
   Шерсть
  </material>
  <price>
   258652
  </price>
  <rating>
   1.53
  </rating>
  <reviews>
   659981
  </reviews>
  <exclusive>
   no
  </exclusive>
 </clothing>
</clothing-items>
