<?xml version="1.0" encoding="utf-8"?>
<clothing-items>
 <clothing>
  <id>
   268762407
  </id>
  <name>
   PleinSport Gloves O-9366
  </name>
  <category>
   Gloves
  </category>
  <size>
   XXL
  </size>
  <color>
   Красный
  </color>
  <material>
   Нейлон
  </material>
  <price>
   699034
  </price>
  <rating>
   2.68
  </rating>
  <reviews>
   970466
  </reviews>
  <exclusive>
   no
  </exclusive>
  <sporty>
   no
  </sporty>
 </clothing>
 <clothing>
  <id>
   733320904
  </id>
  <name>
   Addidas Shoes A-7861
  </name>
  <category>
   Shoes
  </category>
  <size>
   L
  </size>
  <color>
   Голубой
  </color>
  <material>
   Полиэстер
  </material>
  <price>
   138069
  </price>
  <rating>
   4.13
  </rating>
  <reviews>
   8363
  </reviews>
 </clothing>
 <clothing>
  <id>
   173184265
  </id>
  <name>
   Ellesse T-shirt A-9331
  </name>
  <category>
   T-shirt
  </category>
  <size>
   M
  </size>
  <color>
   Оранжевый
  </color>
  <material>
   Лен
  </material>
  <price>
   282614
  </price>
  <rating>
   3.04
  </rating>
  <reviews>
   230725
  </reviews>
  <sporty>
   no
  </sporty>
 </clothing>
 <clothing>
  <id>
   240965688
  </id>
  <name>
   PleinSport Shirt C-3526
  </name>
  <category>
   Shirt
  </category>
  <size>
   S
  </size>
  <color>
   Голубой
  </color>
  <material>
   Шерсть
  </material>
  <price>
   571747
  </price>
  <rating>
   1.98
  </rating>
  <reviews>
   683165
  </reviews>
  <new>
   +
  </new>
  <exclusive>
   yes
  </exclusive>
 </clothing>
 <clothing>
  <id>
   982749361
  </id>
  <name>
   Fila Sweater T-1387
  </name>
  <category>
   Sweater
  </category>
  <size>
   XL
  </size>
  <color>
   Желтый
  </color>
  <material>
   Шерсть
  </material>
  <price>
   688411
  </price>
  <rating>
   3.11
  </rating>
  <reviews>
   126554
  </reviews>
  <new>
   +
  </new>
  <exclusive>
   yes
  </exclusive>
 </clothing>
 <clothing>
  <id>
   422408279
  </id>
  <name>
   Addidas Jeans I-7882
  </name>
  <category>
   Jeans
  </category>
  <size>
   L
  </size>
  <color>
   Желтый
  </color>
  <material>
   Нейлон
  </material>
  <price>
   390686
  </price>
  <rating>
   4.5
  </rating>
  <reviews>
   1255
  </reviews>
  <new>
   -
  </new>
 </clothing>
 <clothing>
  <id>
   720017601
  </id>
  <name>
   Addidas Jeans K-5045
  </name>
  <category>
   Jeans
  </category>
  <size>
   L
  </size>
  <color>
   Синий
  </color>
  <material>
   Хлопок
  </material>
  <price>
   248583
  </price>
  <rating>
   1.03
  </rating>
  <reviews>
   605225
  </reviews>
  <exclusive>
   no
  </exclusive>
  <sporty>
   yes
  </sporty>
 </clothing>
 <clothing>
  <id>
   457675100
  </id>
  <name>
   Converse Umbrellas I-7200
  </name>
  <category>
   Umbrellas
  </category>
  <size>
   L
  </size>
  <color>
   Зеленый
  </color>
  <material>
   Шерсть
  </material>
  <price>
   465249
  </price>
  <rating>
   3.47
  </rating>
  <reviews>
   508271
  </reviews>
  <new>
   -
  </new>
  <exclusive>
   no
  </exclusive>
 </clothing>
 <clothing>
  <id>
   713492380
  </id>
  <name>
   Brooks Handbags V-7125
  </name>
  <category>
   Handbags
  </category>
  <size>
   XL
  </size>
  <color>
   Голубой
  </color>
  <material>
   Вискоза
  </material>
  <price>
   962624
  </price>
  <rating>
   3.49
  </rating>
  <reviews>
   539787
  </reviews>
  <exclusive>
   yes
  </exclusive>
  <sporty>
   yes
  </sporty>
 </clothing>
 <clothing>
  <id>
   551620876
  </id>
  <name>
   Fila Socks H-4991
  </name>
  <category>
   Socks
  </category>
  <size>
   S
  </size>
  <color>
   Зеленый
  </color>
  <material>
   Лен
  </material>
  <price>
   439991
  </price>
  <rating>
   3.07
  </rating>
  <reviews>
   298578
  </reviews>
  <exclusive>
   no
  </exclusive>
 </clothing>
 <clothing>
  <id>
   846630175
  </id>
  <name>
   Fila Socks L-2142
  </name>
  <category>
   Socks
  </category>
  <size>
   L
  </size>
  <color>
   Голубой
  </color>
  <material>
   Шелк
  </material>
  <price>
   427931
  </price>
  <rating>
   4.44
  </rating>
  <reviews>
   1387
  </reviews>
  <new>
   -
  </new>
  <sporty>
   yes
  </sporty>
 </clothing>
 <clothing>
  <id>
   868036446
  </id>
  <name>
   Ellesse Jacket P-6012
  </name>
  <category>
   Jacket
  </category>
  <size>
   L
  </size>
  <color>
   Синий
  </color>
  <material>
   Лен
  </material>
  <price>
   141546
  </price>
  <rating>
   2.96
  </rating>
  <reviews>
   269944
  </reviews>
  <new>
   +
  </new>
  <exclusive>
   yes
  </exclusive>
 </clothing>
 <clothing>
  <id>
   533196460
  </id>
  <name>
   Nike Belts Y-5255
  </name>
  <category>
   Belts
  </category>
  <size>
   M
  </size>
  <color>
   Желтый
  </color>
  <material>
   Нейлон
  </material>
  <price>
   444211
  </price>
  <rating>
   4.98
  </rating>
  <reviews>
   178733
  </reviews>
  <new>
   -
  </new>
  <exclusive>
   yes
  </exclusive>
  <sporty>
   yes
  </sporty>
 </clothing>
 <clothing>
  <id>
   458102405
  </id>
  <name>
   New Balance Dress U-9466
  </name>
  <category>
   Dress
  </category>
  <size>
   XXL
  </size>
  <color>
   Синий
  </color>
  <material>
   Нейлон
  </material>
  <price>
   865351
  </price>
  <rating>
   4.46
  </rating>
  <reviews>
   445749
  </reviews>
  <new>
   +
  </new>
  <exclusive>
   no
  </exclusive>
  <sporty>
   yes
  </sporty>
 </clothing>
 <clothing>
  <id>
   202763145
  </id>
  <name>
   PleinSport Handbags F-1938
  </name>
  <category>
   Handbags
  </category>
  <size>
   XXL
  </size>
  <color>
   Желтый
  </color>
  <material>
   Шерсть
  </material>
  <price>
   467854
  </price>
  <rating>
   2.6
  </rating>
  <reviews>
   637324
  </reviews>
  <new>
   +
  </new>
  <exclusive>
   no
  </exclusive>
 </clothing>
 <clothing>
  <id>
   496051844
  </id>
  <name>
   Reebok Shoes V-1749
  </name>
  <category>
   Shoes
  </category>
  <size>
   XXL
  </size>
  <color>
   Фиолетовый
  </color>
  <material>
   Нейлон
  </material>
  <price>
   254463
  </price>
  <rating>
   1.12
  </rating>
  <reviews>
   661569
  </reviews>
  <new>
   +
  </new>
  <exclusive>
   yes
  </exclusive>
  <sporty>
   no
  </sporty>
 </clothing>
 <clothing>
  <id>
   720213187
  </id>
  <name>
   Puma Belts T-1174
  </name>
  <category>
   Belts
  </category>
  <size>
   S
  </size>
  <color>
   Фиолетовый
  </color>
  <material>
   Шерсть
  </material>
  <price>
   502727
  </price>
  <rating>
   2.57
  </rating>
  <reviews>
   337589
  </reviews>
  <new>
   +
  </new>
 </clothing>
 <clothing>
  <id>
   666796965
  </id>
  <name>
   PleinSport T-shirt V-1670
  </name>
  <category>
   T-shirt
  </category>
  <size>
   XXL
  </size>
  <color>
   Голубой
  </color>
  <material>
   Шерсть
  </material>
  <price>
   427228
  </price>
  <rating>
   1.9
  </rating>
  <reviews>
   852188
  </reviews>
  <new>
   -
  </new>
  <exclusive>
   no
  </exclusive>
 </clothing>
 <clothing>
  <id>
   103092905
  </id>
  <name>
   Under Armour Pants T-9970
  </name>
  <category>
   Pants
  </category>
  <size>
   L
  </size>
  <color>
   Оранжевый
  </color>
  <material>
   Кожа
  </material>
  <price>
   710236
  </price>
  <rating>
   3.44
  </rating>
  <reviews>
   441069
  </reviews>
  <sporty>
   no
  </sporty>
 </clothing>
 <clothing>
  <id>
   685501892
  </id>
  <name>
   Lacoste Hat L-1318
  </name>
  <category>
   Hat
  </category>
  <size>
   M
  </size>
  <color>
   Синий
  </color>
  <material>
   Нейлон
  </material>
  <price>
   896373
  </price>
  <rating>
   2.78
  </rating>
  <reviews>
   108996
  </reviews>
 </clothing>
 <clothing>
  <id>
   190830096
  </id>
  <name>
   Asics Socks Y-5408
  </name>
  <category>
   Socks
  </category>
  <size>
   S
  </size>
  <color>
   Голубой
  </color>
  <material>
   Шелк
  </material>
  <price>
   148788
  </price>
  <rating>
   4.02
  </rating>
  <reviews>
   817716
  </reviews>
  <new>
   -
  </new>
  <sporty>
   no
  </sporty>
 </clothing>
 <clothing>
  <id>
   270289994
  </id>
  <name>
   Addidas Belts Z-9574
  </name>
  <category>
   Belts
  </category>
  <size>
   XL
  </size>
  <color>
   Фиолетовый
  </color>
  <material>
   Полиэстер
  </material>
  <price>
   867993
  </price>
  <rating>
   2.01
  </rating>
  <reviews>
   10227
  </reviews>
  <new>
   -
  </new>
  <sporty>
   no
  </sporty>
 </clothing>
 <clothing>
  <id>
   764985483
  </id>
  <name>
   Vans Gloves C-7072
  </name>
  <category>
   Gloves
  </category>
  <size>
   S
  </size>
  <color>
   Красный
  </color>
  <material>
   Кожа
  </material>
  <price>
   729573
  </price>
  <rating>
   1.98
  </rating>
  <reviews>
   49001
  </reviews>
  <new>
   +
  </new>
  <exclusive>
   no
  </exclusive>
 </clothing>
 <clothing>
  <id>
   786699192
  </id>
  <name>
   Lacoste Hat B-1802
  </name>
  <category>
   Hat
  </category>
  <size>
   XL
  </size>
  <color>
   Желтый
  </color>
  <material>
   Лен
  </material>
  <price>
   179105
  </price>
  <rating>
   3.6
  </rating>
  <reviews>
   872090
  </reviews>
  <new>
   +
  </new>
  <exclusive>
   yes
  </exclusive>
  <sporty>
   no
  </sporty>
 </clothing>
</clothing-items>
