<?xml version="1.0" encoding="utf-8"?>
<clothing-items>
 <clothing>
  <id>
   651395024
  </id>
  <name>
   Vans Jeans Q-1844
  </name>
  <category>
   Jeans
  </category>
  <size>
   L
  </size>
  <color>
   Оранжевый
  </color>
  <material>
   Шелк
  </material>
  <price>
   792227
  </price>
  <rating>
   4.11
  </rating>
  <reviews>
   902667
  </reviews>
  <new>
   -
  </new>
  <sporty>
   yes
  </sporty>
 </clothing>
 <clothing>
  <id>
   303330926
  </id>
  <name>
   Nike Belts D-9622
  </name>
  <category>
   Belts
  </category>
  <size>
   L
  </size>
  <color>
   Оранжевый
  </color>
  <material>
   Шелк
  </material>
  <price>
   316162
  </price>
  <rating>
   1.15
  </rating>
  <reviews>
   64124
  </reviews>
  <new>
   +
  </new>
  <sporty>
   yes
  </sporty>
 </clothing>
 <clothing>
  <id>
   558688294
  </id>
  <name>
   Puma Dress W-4617
  </name>
  <category>
   Dress
  </category>
  <size>
   M
  </size>
  <color>
   Зеленый
  </color>
  <material>
   Кожа
  </material>
  <price>
   206714
  </price>
  <rating>
   2.06
  </rating>
  <reviews>
   502112
  </reviews>
  <exclusive>
   yes
  </exclusive>
  <sporty>
   no
  </sporty>
 </clothing>
 <clothing>
  <id>
   991721916
  </id>
  <name>
   Lacoste Hat C-1812
  </name>
  <category>
   Hat
  </category>
  <size>
   XL
  </size>
  <color>
   Желтый
  </color>
  <material>
   Полиэстер
  </material>
  <price>
   905941
  </price>
  <rating>
   1.26
  </rating>
  <reviews>
   466076
  </reviews>
  <new>
   +
  </new>
  <exclusive>
   no
  </exclusive>
 </clothing>
 <clothing>
  <id>
   240771915
  </id>
  <name>
   Under Armour Socks N-7148
  </name>
  <category>
   Socks
  </category>
  <size>
   XL
  </size>
  <color>
   Красный
  </color>
  <material>
   Шелк
  </material>
  <price>
   868111
  </price>
  <rating>
   3.52
  </rating>
  <reviews>
   957647
  </reviews>
  <new>
   -
  </new>
  <sporty>
   yes
  </sporty>
 </clothing>
 <clothing>
  <id>
   518498405
  </id>
  <name>
   Reebok Hat O-4095
  </name>
  <category>
   Hat
  </category>
  <size>
   XL
  </size>
  <color>
   Красный
  </color>
  <material>
   Кожа
  </material>
  <price>
   458478
  </price>
  <rating>
   4.99
  </rating>
  <reviews>
   99087
  </reviews>
  <exclusive>
   yes
  </exclusive>
  <sporty>
   yes
  </sporty>
 </clothing>
 <clothing>
  <id>
   219303915
  </id>
  <name>
   Fila Dress Z-8896
  </name>
  <category>
   Dress
  </category>
  <size>
   S
  </size>
  <color>
   Оранжевый
  </color>
  <material>
   Лен
  </material>
  <price>
   387966
  </price>
  <rating>
   1.34
  </rating>
  <reviews>
   584122
  </reviews>
  <new>
   +
  </new>
  <exclusive>
   no
  </exclusive>
 </clothing>
 <clothing>
  <id>
   917632435
  </id>
  <name>
   Ellesse Socks B-4762
  </name>
  <category>
   Socks
  </category>
  <size>
   XXL
  </size>
  <color>
   Голубой
  </color>
  <material>
   Полиэстер
  </material>
  <price>
   645738
  </price>
  <rating>
   4.72
  </rating>
  <reviews>
   347581
  </reviews>
  <new>
   +
  </new>
  <sporty>
   no
  </sporty>
 </clothing>
 <clothing>
  <id>
   324518285
  </id>
  <name>
   Asics Jacket L-6951
  </name>
  <category>
   Jacket
  </category>
  <size>
   XL
  </size>
  <color>
   Желтый
  </color>
  <material>
   Лен
  </material>
  <price>
   371009
  </price>
  <rating>
   3.65
  </rating>
  <reviews>
   619604
  </reviews>
  <new>
   -
  </new>
  <exclusive>
   yes
  </exclusive>
 </clothing>
 <clothing>
  <id>
   976610920
  </id>
  <name>
   DC Skirt I-1691
  </name>
  <category>
   Skirt
  </category>
  <size>
   XXL
  </size>
  <color>
   Красный
  </color>
  <material>
   Шелк
  </material>
  <price>
   640599
  </price>
  <rating>
   3.41
  </rating>
  <reviews>
   774352
  </reviews>
  <exclusive>
   no
  </exclusive>
  <sporty>
   no
  </sporty>
 </clothing>
 <clothing>
  <id>
   901551151
  </id>
  <name>
   Asics Shoes N-7803
  </name>
  <category>
   Shoes
  </category>
  <size>
   S
  </size>
  <color>
   Фиолетовый
  </color>
  <material>
   Вискоза
  </material>
  <price>
   811796
  </price>
  <rating>
   2.57
  </rating>
  <reviews>
   894175
  </reviews>
  <exclusive>
   no
  </exclusive>
  <sporty>
   no
  </sporty>
 </clothing>
 <clothing>
  <id>
   196315347
  </id>
  <name>
   Nike Shirt W-8691
  </name>
  <category>
   Shirt
  </category>
  <size>
   S
  </size>
  <color>
   Синий
  </color>
  <material>
   Кожа
  </material>
  <price>
   920082
  </price>
  <rating>
   3.52
  </rating>
  <reviews>
   35011
  </reviews>
  <sporty>
   no
  </sporty>
 </clothing>
 <clothing>
  <id>
   473583383
  </id>
  <name>
   Addidas T-shirt S-8524
  </name>
  <category>
   T-shirt
  </category>
  <size>
   XL
  </size>
  <color>
   Голубой
  </color>
  <material>
   Шерсть
  </material>
  <price>
   729296
  </price>
  <rating>
   4.29
  </rating>
  <reviews>
   966499
  </reviews>
  <sporty>
   no
  </sporty>
 </clothing>
 <clothing>
  <id>
   106924001
  </id>
  <name>
   Lacoste Belts N-4856
  </name>
  <category>
   Belts
  </category>
  <size>
   M
  </size>
  <color>
   Оранжевый
  </color>
  <material>
   Хлопок
  </material>
  <price>
   483148
  </price>
  <rating>
   2.54
  </rating>
  <reviews>
   873287
  </reviews>
  <new>
   -
  </new>
  <exclusive>
   no
  </exclusive>
  <sporty>
   yes
  </sporty>
 </clothing>
 <clothing>
  <id>
   826252666
  </id>
  <name>
   DC Dress Y-1600
  </name>
  <category>
   Dress
  </category>
  <size>
   M
  </size>
  <color>
   Красный
  </color>
  <material>
   Кожа
  </material>
  <price>
   194396
  </price>
  <rating>
   4.29
  </rating>
  <reviews>
   262851
  </reviews>
  <new>
   +
  </new>
  <exclusive>
   no
  </exclusive>
 </clothing>
 <clothing>
  <id>
   675660143
  </id>
  <name>
   Fila Jeans W-5503
  </name>
  <category>
   Jeans
  </category>
  <size>
   XXL
  </size>
  <color>
   Оранжевый
  </color>
  <material>
   Полиэстер
  </material>
  <price>
   446052
  </price>
  <rating>
   2.8
  </rating>
  <reviews>
   224852
  </reviews>
  <exclusive>
   yes
  </exclusive>
 </clothing>
 <clothing>
  <id>
   932156279
  </id>
  <name>
   New Balance Hat Q-3987
  </name>
  <category>
   Hat
  </category>
  <size>
   M
  </size>
  <color>
   Желтый
  </color>
  <material>
   Полиэстер
  </material>
  <price>
   850507
  </price>
  <rating>
   2.31
  </rating>
  <reviews>
   705710
  </reviews>
  <sporty>
   yes
  </sporty>
 </clothing>
 <clothing>
  <id>
   344995300
  </id>
  <name>
   Puma Skirt C-6264
  </name>
  <category>
   Skirt
  </category>
  <size>
   L
  </size>
  <color>
   Желтый
  </color>
  <material>
   Шелк
  </material>
  <price>
   444198
  </price>
  <rating>
   1.51
  </rating>
  <reviews>
   620161
  </reviews>
  <exclusive>
   no
  </exclusive>
 </clothing>
 <clothing>
  <id>
   191216948
  </id>
  <name>
   Brooks Skirt G-3011
  </name>
  <category>
   Skirt
  </category>
  <size>
   XXL
  </size>
  <color>
   Фиолетовый
  </color>
  <material>
   Хлопок
  </material>
  <price>
   797185
  </price>
  <rating>
   2.1
  </rating>
  <reviews>
   365601
  </reviews>
  <exclusive>
   no
  </exclusive>
 </clothing>
 <clothing>
  <id>
   643000463
  </id>
  <name>
   Vans Jacket P-2691
  </name>
  <category>
   Jacket
  </category>
  <size>
   XL
  </size>
  <color>
   Зеленый
  </color>
  <material>
   Лен
  </material>
  <price>
   789468
  </price>
  <rating>
   2.22
  </rating>
  <reviews>
   742223
  </reviews>
  <new>
   -
  </new>
 </clothing>
 <clothing>
  <id>
   766470998
  </id>
  <name>
   Reebok Hat D-9138
  </name>
  <category>
   Hat
  </category>
  <size>
   XL
  </size>
  <color>
   Фиолетовый
  </color>
  <material>
   Лен
  </material>
  <price>
   429187
  </price>
  <rating>
   4.09
  </rating>
  <reviews>
   400440
  </reviews>
  <new>
   +
  </new>
  <exclusive>
   no
  </exclusive>
  <sporty>
   no
  </sporty>
 </clothing>
 <clothing>
  <id>
   854704768
  </id>
  <name>
   Adidas Belts W-7343
  </name>
  <category>
   Belts
  </category>
  <size>
   XXL
  </size>
  <color>
   Оранжевый
  </color>
  <material>
   Шелк
  </material>
  <price>
   285513
  </price>
  <rating>
   3.12
  </rating>
  <reviews>
   100810
  </reviews>
  <new>
   -
  </new>
 </clothing>
 <clothing>
  <id>
   363187903
  </id>
  <name>
   Converse Socks P-7295
  </name>
  <category>
   Socks
  </category>
  <size>
   M
  </size>
  <color>
   Желтый
  </color>
  <material>
   Шерсть
  </material>
  <price>
   396733
  </price>
  <rating>
   3.91
  </rating>
  <reviews>
   473809
  </reviews>
  <new>
   +
  </new>
  <exclusive>
   yes
  </exclusive>
 </clothing>
 <clothing>
  <id>
   668873414
  </id>
  <name>
   Ellesse Belts T-3808
  </name>
  <category>
   Belts
  </category>
  <size>
   S
  </size>
  <color>
   Фиолетовый
  </color>
  <material>
   Кожа
  </material>
  <price>
   109510
  </price>
  <rating>
   3.52
  </rating>
  <reviews>
   245151
  </reviews>
  <new>
   +
  </new>
 </clothing>
 <clothing>
  <id>
   955840229
  </id>
  <name>
   Brooks Dress W-1572
  </name>
  <category>
   Dress
  </category>
  <size>
   M
  </size>
  <color>
   Оранжевый
  </color>
  <material>
   Лен
  </material>
  <price>
   266008
  </price>
  <rating>
   3.65
  </rating>
  <reviews>
   820205
  </reviews>
  <new>
   -
  </new>
 </clothing>
 <clothing>
  <id>
   379917415
  </id>
  <name>
   Nike Jeans Q-9034
  </name>
  <category>
   Jeans
  </category>
  <size>
   L
  </size>
  <color>
   Синий
  </color>
  <material>
   Шелк
  </material>
  <price>
   152080
  </price>
  <rating>
   4.81
  </rating>
  <reviews>
   811259
  </reviews>
  <new>
   +
  </new>
  <exclusive>
   yes
  </exclusive>
  <sporty>
   no
  </sporty>
 </clothing>
 <clothing>
  <id>
   471925572
  </id>
  <name>
   Converse Socks D-8624
  </name>
  <category>
   Socks
  </category>
  <size>
   M
  </size>
  <color>
   Желтый
  </color>
  <material>
   Шелк
  </material>
  <price>
   160909
  </price>
  <rating>
   4.65
  </rating>
  <reviews>
   487604
  </reviews>
  <new>
   -
  </new>
  <exclusive>
   no
  </exclusive>
  <sporty>
   no
  </sporty>
 </clothing>
 <clothing>
  <id>
   537852715
  </id>
  <name>
   Asics Hat S-3854
  </name>
  <category>
   Hat
  </category>
  <size>
   L
  </size>
  <color>
   Зеленый
  </color>
  <material>
   Шелк
  </material>
  <price>
   419253
  </price>
  <rating>
   4.25
  </rating>
  <reviews>
   147722
  </reviews>
 </clothing>
 <clothing>
  <id>
   988047665
  </id>
  <name>
   Converse Umbrellas J-4568
  </name>
  <category>
   Umbrellas
  </category>
  <size>
   M
  </size>
  <color>
   Желтый
  </color>
  <material>
   Лен
  </material>
  <price>
   471831
  </price>
  <rating>
   1.61
  </rating>
  <reviews>
   527137
  </reviews>
  <exclusive>
   yes
  </exclusive>
 </clothing>
 <clothing>
  <id>
   278363723
  </id>
  <name>
   Converse Belts W-2894
  </name>
  <category>
   Belts
  </category>
  <size>
   S
  </size>
  <color>
   Зеленый
  </color>
  <material>
   Лен
  </material>
  <price>
   502430
  </price>
  <rating>
   3.7
  </rating>
  <reviews>
   905011
  </reviews>
  <new>
   -
  </new>
  <exclusive>
   no
  </exclusive>
 </clothing>
 <clothing>
  <id>
   386402312
  </id>
  <name>
   Converse Blouse A-1027
  </name>
  <category>
   Blouse
  </category>
  <size>
   L
  </size>
  <color>
   Красный
  </color>
  <material>
   Полиэстер
  </material>
  <price>
   952958
  </price>
  <rating>
   2.85
  </rating>
  <reviews>
   274252
  </reviews>
  <new>
   -
  </new>
  <exclusive>
   no
  </exclusive>
  <sporty>
   no
  </sporty>
 </clothing>
 <clothing>
  <id>
   808917428
  </id>
  <name>
   Reebok Socks H-5384
  </name>
  <category>
   Socks
  </category>
  <size>
   M
  </size>
  <color>
   Фиолетовый
  </color>
  <material>
   Хлопок
  </material>
  <price>
   540880
  </price>
  <rating>
   3.11
  </rating>
  <reviews>
   89705
  </reviews>
  <new>
   +
  </new>
  <exclusive>
   no
  </exclusive>
 </clothing>
</clothing-items>
