<?xml version="1.0" encoding="utf-8"?>
<clothing-items>
 <clothing>
  <id>
   856385221
  </id>
  <name>
   Under Armour Belts H-2197
  </name>
  <category>
   Belts
  </category>
  <size>
   M
  </size>
  <color>
   Голубой
  </color>
  <material>
   Хлопок
  </material>
  <price>
   239895
  </price>
  <rating>
   3.16
  </rating>
  <reviews>
   8570
  </reviews>
  <new>
   -
  </new>
  <sporty>
   no
  </sporty>
 </clothing>
 <clothing>
  <id>
   316321055
  </id>
  <name>
   Puma Shoes R-5784
  </name>
  <category>
   Shoes
  </category>
  <size>
   M
  </size>
  <color>
   Зеленый
  </color>
  <material>
   Шерсть
  </material>
  <price>
   766472
  </price>
  <rating>
   4.49
  </rating>
  <reviews>
   759681
  </reviews>
  <new>
   +
  </new>
  <exclusive>
   no
  </exclusive>
 </clothing>
 <clothing>
  <id>
   867358183
  </id>
  <name>
   Brooks Belts A-2817
  </name>
  <category>
   Belts
  </category>
  <size>
   XL
  </size>
  <color>
   Синий
  </color>
  <material>
   Нейлон
  </material>
  <price>
   710456
  </price>
  <rating>
   3.52
  </rating>
  <reviews>
   704064
  </reviews>
  <exclusive>
   no
  </exclusive>
  <sporty>
   no
  </sporty>
 </clothing>
 <clothing>
  <id>
   237147282
  </id>
  <name>
   Nike Handbags A-9557
  </name>
  <category>
   Handbags
  </category>
  <size>
   XL
  </size>
  <color>
   Фиолетовый
  </color>
  <material>
   Шелк
  </material>
  <price>
   985941
  </price>
  <rating>
   2.31
  </rating>
  <reviews>
   620948
  </reviews>
  <sporty>
   yes
  </sporty>
 </clothing>
 <clothing>
  <id>
   606878995
  </id>
  <name>
   PleinSport Sweater B-8537
  </name>
  <category>
   Sweater
  </category>
  <size>
   M
  </size>
  <color>
   Красный
  </color>
  <material>
   Лен
  </material>
  <price>
   556328
  </price>
  <rating>
   2.57
  </rating>
  <reviews>
   767210
  </reviews>
  <new>
   -
  </new>
  <exclusive>
   yes
  </exclusive>
  <sporty>
   no
  </sporty>
 </clothing>
 <clothing>
  <id>
   198045317
  </id>
  <name>
   Asics Skirt J-5303
  </name>
  <category>
   Skirt
  </category>
  <size>
   S
  </size>
  <color>
   Фиолетовый
  </color>
  <material>
   Полиэстер
  </material>
  <price>
   336483
  </price>
  <rating>
   2.08
  </rating>
  <reviews>
   143964
  </reviews>
  <exclusive>
   yes
  </exclusive>
  <sporty>
   no
  </sporty>
 </clothing>
 <clothing>
  <id>
   253742329
  </id>
  <name>
   PleinSport Sweater Q-5089
  </name>
  <category>
   Sweater
  </category>
  <size>
   S
  </size>
  <color>
   Фиолетовый
  </color>
  <material>
   Кожа
  </material>
  <price>
   237247
  </price>
  <rating>
   2.16
  </rating>
  <reviews>
   795237
  </reviews>
 </clothing>
 <clothing>
  <id>
   602724755
  </id>
  <name>
   New Balance T-shirt Q-9862
  </name>
  <category>
   T-shirt
  </category>
  <size>
   S
  </size>
  <color>
   Зеленый
  </color>
  <material>
   Лен
  </material>
  <price>
   744061
  </price>
  <rating>
   1.74
  </rating>
  <reviews>
   651162
  </reviews>
  <new>
   -
  </new>
  <exclusive>
   yes
  </exclusive>
 </clothing>
 <clothing>
  <id>
   529750241
  </id>
  <name>
   Asics T-shirt B-6650
  </name>
  <category>
   T-shirt
  </category>
  <size>
   M
  </size>
  <color>
   Синий
  </color>
  <material>
   Хлопок
  </material>
  <price>
   841591
  </price>
  <rating>
   1.51
  </rating>
  <reviews>
   108892
  </reviews>
  <sporty>
   no
  </sporty>
 </clothing>
 <clothing>
  <id>
   174313360
  </id>
  <name>
   Reebok Socks C-1818
  </name>
  <category>
   Socks
  </category>
  <size>
   S
  </size>
  <color>
   Зеленый
  </color>
  <material>
   Лен
  </material>
  <price>
   677055
  </price>
  <rating>
   4.56
  </rating>
  <reviews>
   412197
  </reviews>
  <exclusive>
   no
  </exclusive>
  <sporty>
   no
  </sporty>
 </clothing>
 <clothing>
  <id>
   827396885
  </id>
  <name>
   PleinSport T-shirt U-1982
  </name>
  <category>
   T-shirt
  </category>
  <size>
   S
  </size>
  <color>
   Красный
  </color>
  <material>
   Кожа
  </material>
  <price>
   893830
  </price>
  <rating>
   2.45
  </rating>
  <reviews>
   533101
  </reviews>
  <exclusive>
   no
  </exclusive>
  <sporty>
   yes
  </sporty>
 </clothing>
</clothing-items>
