<?xml version="1.0" encoding="utf-8"?>
<clothing-items>
 <clothing>
  <id>
   543966809
  </id>
  <name>
   Converse Shoes U-8639
  </name>
  <category>
   Shoes
  </category>
  <size>
   M
  </size>
  <color>
   Фиолетовый
  </color>
  <material>
   Полиэстер
  </material>
  <price>
   823012
  </price>
  <rating>
   4.44
  </rating>
  <reviews>
   628259
  </reviews>
  <sporty>
   no
  </sporty>
 </clothing>
 <clothing>
  <id>
   577466001
  </id>
  <name>
   Asics Jacket H-9014
  </name>
  <category>
   Jacket
  </category>
  <size>
   M
  </size>
  <color>
   Фиолетовый
  </color>
  <material>
   Шерсть
  </material>
  <price>
   971078
  </price>
  <rating>
   2.99
  </rating>
  <reviews>
   863105
  </reviews>
  <new>
   +
  </new>
  <sporty>
   yes
  </sporty>
 </clothing>
 <clothing>
  <id>
   868318986
  </id>
  <name>
   PleinSport Socks T-9350
  </name>
  <category>
   Socks
  </category>
  <size>
   XXL
  </size>
  <color>
   Голубой
  </color>
  <material>
   Нейлон
  </material>
  <price>
   136504
  </price>
  <rating>
   3.79
  </rating>
  <reviews>
   479999
  </reviews>
 </clothing>
 <clothing>
  <id>
   320330400
  </id>
  <name>
   Reebok Handbags P-1323
  </name>
  <category>
   Handbags
  </category>
  <size>
   L
  </size>
  <color>
   Оранжевый
  </color>
  <material>
   Нейлон
  </material>
  <price>
   311066
  </price>
  <rating>
   1.18
  </rating>
  <reviews>
   684733
  </reviews>
  <new>
   -
  </new>
  <exclusive>
   no
  </exclusive>
  <sporty>
   no
  </sporty>
 </clothing>
 <clothing>
  <id>
   761284366
  </id>
  <name>
   PleinSport Blouse E-9236
  </name>
  <category>
   Blouse
  </category>
  <size>
   XL
  </size>
  <color>
   Синий
  </color>
  <material>
   Полиэстер
  </material>
  <price>
   397416
  </price>
  <rating>
   2.35
  </rating>
  <reviews>
   579731
  </reviews>
 </clothing>
 <clothing>
  <id>
   579397423
  </id>
  <name>
   Under Armour T-shirt Z-1987
  </name>
  <category>
   T-shirt
  </category>
  <size>
   S
  </size>
  <color>
   Синий
  </color>
  <material>
   Лен
  </material>
  <price>
   375591
  </price>
  <rating>
   3.95
  </rating>
  <reviews>
   706278
  </reviews>
  <sporty>
   yes
  </sporty>
 </clothing>
 <clothing>
  <id>
   422810769
  </id>
  <name>
   PleinSport Dress C-7715
  </name>
  <category>
   Dress
  </category>
  <size>
   XL
  </size>
  <color>
   Желтый
  </color>
  <material>
   Полиэстер
  </material>
  <price>
   124818
  </price>
  <rating>
   4.87
  </rating>
  <reviews>
   337818
  </reviews>
  <new>
   +
  </new>
  <exclusive>
   no
  </exclusive>
  <sporty>
   no
  </sporty>
 </clothing>
 <clothing>
  <id>
   567841154
  </id>
  <name>
   Fila T-shirt S-3110
  </name>
  <category>
   T-shirt
  </category>
  <size>
   S
  </size>
  <color>
   Фиолетовый
  </color>
  <material>
   Вискоза
  </material>
  <price>
   460546
  </price>
  <rating>
   1.47
  </rating>
  <reviews>
   722625
  </reviews>
  <exclusive>
   no
  </exclusive>
  <sporty>
   no
  </sporty>
 </clothing>
 <clothing>
  <id>
   136272720
  </id>
  <name>
   Asics Handbags F-1620
  </name>
  <category>
   Handbags
  </category>
  <size>
   S
  </size>
  <color>
   Красный
  </color>
  <material>
   Хлопок
  </material>
  <price>
   343632
  </price>
  <rating>
   3.34
  </rating>
  <reviews>
   41299
  </reviews>
  <new>
   -
  </new>
  <exclusive>
   yes
  </exclusive>
  <sporty>
   yes
  </sporty>
 </clothing>
 <clothing>
  <id>
   265279384
  </id>
  <name>
   Nike Hat L-2292
  </name>
  <category>
   Hat
  </category>
  <size>
   XXL
  </size>
  <color>
   Красный
  </color>
  <material>
   Лен
  </material>
  <price>
   455919
  </price>
  <rating>
   4.02
  </rating>
  <reviews>
   268691
  </reviews>
  <exclusive>
   yes
  </exclusive>
  <sporty>
   no
  </sporty>
 </clothing>
 <clothing>
  <id>
   804660989
  </id>
  <name>
   Ellesse Jacket R-9851
  </name>
  <category>
   Jacket
  </category>
  <size>
   XXL
  </size>
  <color>
   Зеленый
  </color>
  <material>
   Шелк
  </material>
  <price>
   789454
  </price>
  <rating>
   3.17
  </rating>
  <reviews>
   991349
  </reviews>
  <new>
   +
  </new>
  <exclusive>
   no
  </exclusive>
  <sporty>
   yes
  </sporty>
 </clothing>
 <clothing>
  <id>
   924192362
  </id>
  <name>
   Nike Skirt N-5636
  </name>
  <category>
   Skirt
  </category>
  <size>
   M
  </size>
  <color>
   Красный
  </color>
  <material>
   Кожа
  </material>
  <price>
   843014
  </price>
  <rating>
   4.42
  </rating>
  <reviews>
   74899
  </reviews>
  <exclusive>
   no
  </exclusive>
 </clothing>
 <clothing>
  <id>
   243772048
  </id>
  <name>
   Lacoste Skirt Q-6611
  </name>
  <category>
   Skirt
  </category>
  <size>
   S
  </size>
  <color>
   Синий
  </color>
  <material>
   Шелк
  </material>
  <price>
   723433
  </price>
  <rating>
   4.49
  </rating>
  <reviews>
   43387
  </reviews>
  <exclusive>
   no
  </exclusive>
  <sporty>
   no
  </sporty>
 </clothing>
 <clothing>
  <id>
   489140370
  </id>
  <name>
   PleinSport Pants N-4149
  </name>
  <category>
   Pants
  </category>
  <size>
   S
  </size>
  <color>
   Красный
  </color>
  <material>
   Шерсть
  </material>
  <price>
   114779
  </price>
  <rating>
   1.72
  </rating>
  <reviews>
   411109
  </reviews>
  <new>
   +
  </new>
  <exclusive>
   no
  </exclusive>
  <sporty>
   no
  </sporty>
 </clothing>
 <clothing>
  <id>
   297907164
  </id>
  <name>
   Addidas Pants U-3471
  </name>
  <category>
   Pants
  </category>
  <size>
   S
  </size>
  <color>
   Красный
  </color>
  <material>
   Лен
  </material>
  <price>
   372253
  </price>
  <rating>
   3.64
  </rating>
  <reviews>
   69790
  </reviews>
  <new>
   +
  </new>
  <sporty>
   yes
  </sporty>
 </clothing>
 <clothing>
  <id>
   148364340
  </id>
  <name>
   Reebok Belts R-4922
  </name>
  <category>
   Belts
  </category>
  <size>
   XL
  </size>
  <color>
   Желтый
  </color>
  <material>
   Нейлон
  </material>
  <price>
   521241
  </price>
  <rating>
   3.82
  </rating>
  <reviews>
   962972
  </reviews>
  <new>
   +
  </new>
  <sporty>
   yes
  </sporty>
 </clothing>
 <clothing>
  <id>
   557720777
  </id>
  <name>
   Puma Hat H-2374
  </name>
  <category>
   Hat
  </category>
  <size>
   XL
  </size>
  <color>
   Оранжевый
  </color>
  <material>
   Лен
  </material>
  <price>
   845964
  </price>
  <rating>
   3.45
  </rating>
  <reviews>
   104510
  </reviews>
  <new>
   +
  </new>
  <exclusive>
   yes
  </exclusive>
  <sporty>
   no
  </sporty>
 </clothing>
 <clothing>
  <id>
   685819239
  </id>
  <name>
   Lacoste Hat G-5220
  </name>
  <category>
   Hat
  </category>
  <size>
   L
  </size>
  <color>
   Фиолетовый
  </color>
  <material>
   Нейлон
  </material>
  <price>
   726769
  </price>
  <rating>
   3.41
  </rating>
  <reviews>
   146247
  </reviews>
  <new>
   +
  </new>
  <sporty>
   yes
  </sporty>
 </clothing>
 <clothing>
  <id>
   827490781
  </id>
  <name>
   PleinSport Socks N-6455
  </name>
  <category>
   Socks
  </category>
  <size>
   XXL
  </size>
  <color>
   Желтый
  </color>
  <material>
   Хлопок
  </material>
  <price>
   629380
  </price>
  <rating>
   2.75
  </rating>
  <reviews>
   860987
  </reviews>
  <new>
   -
  </new>
  <sporty>
   no
  </sporty>
 </clothing>
 <clothing>
  <id>
   585153099
  </id>
  <name>
   Puma Handbags L-2284
  </name>
  <category>
   Handbags
  </category>
  <size>
   XXL
  </size>
  <color>
   Оранжевый
  </color>
  <material>
   Полиэстер
  </material>
  <price>
   607733
  </price>
  <rating>
   1.91
  </rating>
  <reviews>
   474334
  </reviews>
  <exclusive>
   yes
  </exclusive>
 </clothing>
 <clothing>
  <id>
   913511113
  </id>
  <name>
   Fila Socks M-3110
  </name>
  <category>
   Socks
  </category>
  <size>
   L
  </size>
  <color>
   Фиолетовый
  </color>
  <material>
   Хлопок
  </material>
  <price>
   296015
  </price>
  <rating>
   1.81
  </rating>
  <reviews>
   295586
  </reviews>
  <new>
   +
  </new>
 </clothing>
 <clothing>
  <id>
   542427787
  </id>
  <name>
   Puma Shoes Z-1772
  </name>
  <category>
   Shoes
  </category>
  <size>
   XXL
  </size>
  <color>
   Зеленый
  </color>
  <material>
   Хлопок
  </material>
  <price>
   390767
  </price>
  <rating>
   1.11
  </rating>
  <reviews>
   74579
  </reviews>
  <new>
   -
  </new>
  <exclusive>
   no
  </exclusive>
  <sporty>
   no
  </sporty>
 </clothing>
 <clothing>
  <id>
   677515269
  </id>
  <name>
   Puma Jeans E-6459
  </name>
  <category>
   Jeans
  </category>
  <size>
   M
  </size>
  <color>
   Оранжевый
  </color>
  <material>
   Шерсть
  </material>
  <price>
   446201
  </price>
  <rating>
   3.71
  </rating>
  <reviews>
   304749
  </reviews>
  <new>
   -
  </new>
  <exclusive>
   no
  </exclusive>
  <sporty>
   yes
  </sporty>
 </clothing>
 <clothing>
  <id>
   257965293
  </id>
  <name>
   Reebok Sweater K-5687
  </name>
  <category>
   Sweater
  </category>
  <size>
   S
  </size>
  <color>
   Голубой
  </color>
  <material>
   Шерсть
  </material>
  <price>
   786208
  </price>
  <rating>
   4.77
  </rating>
  <reviews>
   442677
  </reviews>
  <new>
   -
  </new>
  <sporty>
   no
  </sporty>
 </clothing>
 <clothing>
  <id>
   887965700
  </id>
  <name>
   Fila Handbags X-3379
  </name>
  <category>
   Handbags
  </category>
  <size>
   XL
  </size>
  <color>
   Красный
  </color>
  <material>
   Вискоза
  </material>
  <price>
   453770
  </price>
  <rating>
   3.85
  </rating>
  <reviews>
   113023
  </reviews>
  <exclusive>
   yes
  </exclusive>
 </clothing>
 <clothing>
  <id>
   622480629
  </id>
  <name>
   Puma Jeans H-5647
  </name>
  <category>
   Jeans
  </category>
  <size>
   L
  </size>
  <color>
   Фиолетовый
  </color>
  <material>
   Лен
  </material>
  <price>
   873786
  </price>
  <rating>
   1.19
  </rating>
  <reviews>
   922714
  </reviews>
  <new>
   +
  </new>
 </clothing>
 <clothing>
  <id>
   593679488
  </id>
  <name>
   Vans Pants N-6828
  </name>
  <category>
   Pants
  </category>
  <size>
   S
  </size>
  <color>
   Фиолетовый
  </color>
  <material>
   Нейлон
  </material>
  <price>
   318507
  </price>
  <rating>
   1.2
  </rating>
  <reviews>
   679298
  </reviews>
  <new>
   +
  </new>
  <exclusive>
   no
  </exclusive>
  <sporty>
   yes
  </sporty>
 </clothing>
 <clothing>
  <id>
   807500253
  </id>
  <name>
   Brooks Shoes L-2615
  </name>
  <category>
   Shoes
  </category>
  <size>
   S
  </size>
  <color>
   Оранжевый
  </color>
  <material>
   Шелк
  </material>
  <price>
   274459
  </price>
  <rating>
   4.98
  </rating>
  <reviews>
   180015
  </reviews>
  <new>
   -
  </new>
  <sporty>
   yes
  </sporty>
 </clothing>
 <clothing>
  <id>
   185754440
  </id>
  <name>
   Vans Shoes L-7466
  </name>
  <category>
   Shoes
  </category>
  <size>
   XXL
  </size>
  <color>
   Красный
  </color>
  <material>
   Шерсть
  </material>
  <price>
   875369
  </price>
  <rating>
   2.94
  </rating>
  <reviews>
   431732
  </reviews>
  <exclusive>
   no
  </exclusive>
  <sporty>
   yes
  </sporty>
 </clothing>
 <clothing>
  <id>
   842264547
  </id>
  <name>
   Ellesse Socks J-5225
  </name>
  <category>
   Socks
  </category>
  <size>
   XXL
  </size>
  <color>
   Оранжевый
  </color>
  <material>
   Кожа
  </material>
  <price>
   111388
  </price>
  <rating>
   2.93
  </rating>
  <reviews>
   661384
  </reviews>
  <new>
   +
  </new>
  <exclusive>
   no
  </exclusive>
 </clothing>
 <clothing>
  <id>
   665730289
  </id>
  <name>
   PleinSport Skirt Q-9059
  </name>
  <category>
   Skirt
  </category>
  <size>
   S
  </size>
  <color>
   Желтый
  </color>
  <material>
   Вискоза
  </material>
  <price>
   799871
  </price>
  <rating>
   2.81
  </rating>
  <reviews>
   794567
  </reviews>
  <exclusive>
   no
  </exclusive>
  <sporty>
   yes
  </sporty>
 </clothing>
 <clothing>
  <id>
   353651405
  </id>
  <name>
   Addidas Hat P-3192
  </name>
  <category>
   Hat
  </category>
  <size>
   XL
  </size>
  <color>
   Желтый
  </color>
  <material>
   Полиэстер
  </material>
  <price>
   880824
  </price>
  <rating>
   2.12
  </rating>
  <reviews>
   245623
  </reviews>
  <new>
   -
  </new>
 </clothing>
 <clothing>
  <id>
   676728543
  </id>
  <name>
   DC Shoes P-6622
  </name>
  <category>
   Shoes
  </category>
  <size>
   XXL
  </size>
  <color>
   Красный
  </color>
  <material>
   Шерсть
  </material>
  <price>
   334190
  </price>
  <rating>
   2.78
  </rating>
  <reviews>
   243574
  </reviews>
  <exclusive>
   no
  </exclusive>
  <sporty>
   no
  </sporty>
 </clothing>
 <clothing>
  <id>
   376373068
  </id>
  <name>
   Adidas Dress U-7558
  </name>
  <category>
   Dress
  </category>
  <size>
   XXL
  </size>
  <color>
   Голубой
  </color>
  <material>
   Нейлон
  </material>
  <price>
   702612
  </price>
  <rating>
   1.84
  </rating>
  <reviews>
   192845
  </reviews>
  <new>
   -
  </new>
  <exclusive>
   no
  </exclusive>
  <sporty>
   no
  </sporty>
 </clothing>
 <clothing>
  <id>
   619057585
  </id>
  <name>
   Asics Socks H-5912
  </name>
  <category>
   Socks
  </category>
  <size>
   M
  </size>
  <color>
   Синий
  </color>
  <material>
   Нейлон
  </material>
  <price>
   115677
  </price>
  <rating>
   2.77
  </rating>
  <reviews>
   898889
  </reviews>
  <new>
   -
  </new>
  <exclusive>
   no
  </exclusive>
 </clothing>
</clothing-items>
