<?xml version="1.0" encoding="utf-8"?>
<clothing-items>
 <clothing>
  <id>
   779742022
  </id>
  <name>
   Nike Skirt X-2026
  </name>
  <category>
   Skirt
  </category>
  <size>
   XXL
  </size>
  <color>
   Зеленый
  </color>
  <material>
   Шерсть
  </material>
  <price>
   960173
  </price>
  <rating>
   4.67
  </rating>
  <reviews>
   832601
  </reviews>
  <new>
   -
  </new>
  <sporty>
   yes
  </sporty>
 </clothing>
 <clothing>
  <id>
   732028866
  </id>
  <name>
   Asics Blouse F-2514
  </name>
  <category>
   Blouse
  </category>
  <size>
   L
  </size>
  <color>
   Зеленый
  </color>
  <material>
   Кожа
  </material>
  <price>
   854766
  </price>
  <rating>
   3.86
  </rating>
  <reviews>
   278808
  </reviews>
  <new>
   -
  </new>
  <exclusive>
   no
  </exclusive>
  <sporty>
   no
  </sporty>
 </clothing>
 <clothing>
  <id>
   593676170
  </id>
  <name>
   Asics Hat P-8418
  </name>
  <category>
   Hat
  </category>
  <size>
   XXL
  </size>
  <color>
   Красный
  </color>
  <material>
   Шерсть
  </material>
  <price>
   404909
  </price>
  <rating>
   1.49
  </rating>
  <reviews>
   253888
  </reviews>
  <new>
   -
  </new>
  <exclusive>
   yes
  </exclusive>
  <sporty>
   yes
  </sporty>
 </clothing>
 <clothing>
  <id>
   483576022
  </id>
  <name>
   Brooks Blouse D-6560
  </name>
  <category>
   Blouse
  </category>
  <size>
   M
  </size>
  <color>
   Оранжевый
  </color>
  <material>
   Полиэстер
  </material>
  <price>
   270080
  </price>
  <rating>
   1.74
  </rating>
  <reviews>
   725732
  </reviews>
  <exclusive>
   no
  </exclusive>
 </clothing>
 <clothing>
  <id>
   578443099
  </id>
  <name>
   Brooks Hat Q-4218
  </name>
  <category>
   Hat
  </category>
  <size>
   L
  </size>
  <color>
   Красный
  </color>
  <material>
   Хлопок
  </material>
  <price>
   630775
  </price>
  <rating>
   4.27
  </rating>
  <reviews>
   967680
  </reviews>
  <new>
   +
  </new>
  <exclusive>
   yes
  </exclusive>
 </clothing>
 <clothing>
  <id>
   970373044
  </id>
  <name>
   Brooks Hat C-6490
  </name>
  <category>
   Hat
  </category>
  <size>
   L
  </size>
  <color>
   Желтый
  </color>
  <material>
   Шелк
  </material>
  <price>
   526580
  </price>
  <rating>
   2.13
  </rating>
  <reviews>
   99476
  </reviews>
  <exclusive>
   no
  </exclusive>
 </clothing>
 <clothing>
  <id>
   955115263
  </id>
  <name>
   Asics Dress A-8297
  </name>
  <category>
   Dress
  </category>
  <size>
   S
  </size>
  <color>
   Зеленый
  </color>
  <material>
   Кожа
  </material>
  <price>
   149769
  </price>
  <rating>
   1.58
  </rating>
  <reviews>
   47184
  </reviews>
  <new>
   -
  </new>
  <exclusive>
   yes
  </exclusive>
 </clothing>
 <clothing>
  <id>
   705202784
  </id>
  <name>
   Vans Pants X-8613
  </name>
  <category>
   Pants
  </category>
  <size>
   L
  </size>
  <color>
   Зеленый
  </color>
  <material>
   Шелк
  </material>
  <price>
   561688
  </price>
  <rating>
   3.45
  </rating>
  <reviews>
   285408
  </reviews>
  <new>
   +
  </new>
  <exclusive>
   no
  </exclusive>
  <sporty>
   yes
  </sporty>
 </clothing>
 <clothing>
  <id>
   186056328
  </id>
  <name>
   Reebok Blouse S-6249
  </name>
  <category>
   Blouse
  </category>
  <size>
   M
  </size>
  <color>
   Фиолетовый
  </color>
  <material>
   Лен
  </material>
  <price>
   109869
  </price>
  <rating>
   4.44
  </rating>
  <reviews>
   371145
  </reviews>
  <new>
   -
  </new>
  <exclusive>
   no
  </exclusive>
 </clothing>
 <clothing>
  <id>
   647309151
  </id>
  <name>
   Reebok Skirt R-1205
  </name>
  <category>
   Skirt
  </category>
  <size>
   M
  </size>
  <color>
   Красный
  </color>
  <material>
   Вискоза
  </material>
  <price>
   402309
  </price>
  <rating>
   2.05
  </rating>
  <reviews>
   805743
  </reviews>
  <new>
   +
  </new>
  <exclusive>
   no
  </exclusive>
  <sporty>
   yes
  </sporty>
 </clothing>
 <clothing>
  <id>
   248921925
  </id>
  <name>
   Lacoste Skirt W-2619
  </name>
  <category>
   Skirt
  </category>
  <size>
   XL
  </size>
  <color>
   Голубой
  </color>
  <material>
   Нейлон
  </material>
  <price>
   490234
  </price>
  <rating>
   3.17
  </rating>
  <reviews>
   206642
  </reviews>
  <sporty>
   no
  </sporty>
 </clothing>
 <clothing>
  <id>
   427870190
  </id>
  <name>
   Lacoste Socks R-2897
  </name>
  <category>
   Socks
  </category>
  <size>
   XXL
  </size>
  <color>
   Фиолетовый
  </color>
  <material>
   Шелк
  </material>
  <price>
   940146
  </price>
  <rating>
   4.85
  </rating>
  <reviews>
   668990
  </reviews>
  <new>
   +
  </new>
 </clothing>
 <clothing>
  <id>
   902974452
  </id>
  <name>
   New Balance Hat D-7754
  </name>
  <category>
   Hat
  </category>
  <size>
   XL
  </size>
  <color>
   Зеленый
  </color>
  <material>
   Лен
  </material>
  <price>
   725893
  </price>
  <rating>
   3.78
  </rating>
  <reviews>
   582969
  </reviews>
  <new>
   -
  </new>
 </clothing>
 <clothing>
  <id>
   276641236
  </id>
  <name>
   Nike Hat S-4861
  </name>
  <category>
   Hat
  </category>
  <size>
   XL
  </size>
  <color>
   Фиолетовый
  </color>
  <material>
   Нейлон
  </material>
  <price>
   339807
  </price>
  <rating>
   1.15
  </rating>
  <reviews>
   962523
  </reviews>
  <new>
   -
  </new>
 </clothing>
 <clothing>
  <id>
   158936256
  </id>
  <name>
   Ellesse T-shirt C-5336
  </name>
  <category>
   T-shirt
  </category>
  <size>
   XL
  </size>
  <color>
   Синий
  </color>
  <material>
   Полиэстер
  </material>
  <price>
   175196
  </price>
  <rating>
   4.59
  </rating>
  <reviews>
   602917
  </reviews>
  <new>
   -
  </new>
  <exclusive>
   yes
  </exclusive>
 </clothing>
 <clothing>
  <id>
   783548195
  </id>
  <name>
   DC Pants I-9219
  </name>
  <category>
   Pants
  </category>
  <size>
   XL
  </size>
  <color>
   Оранжевый
  </color>
  <material>
   Шерсть
  </material>
  <price>
   779040
  </price>
  <rating>
   1.18
  </rating>
  <reviews>
   225729
  </reviews>
 </clothing>
 <clothing>
  <id>
   568698520
  </id>
  <name>
   Asics Gloves S-6349
  </name>
  <category>
   Gloves
  </category>
  <size>
   L
  </size>
  <color>
   Красный
  </color>
  <material>
   Хлопок
  </material>
  <price>
   465082
  </price>
  <rating>
   4.64
  </rating>
  <reviews>
   84517
  </reviews>
  <new>
   -
  </new>
  <exclusive>
   no
  </exclusive>
 </clothing>
 <clothing>
  <id>
   483370246
  </id>
  <name>
   PleinSport Shirt M-6403
  </name>
  <category>
   Shirt
  </category>
  <size>
   S
  </size>
  <color>
   Синий
  </color>
  <material>
   Нейлон
  </material>
  <price>
   338273
  </price>
  <rating>
   2.95
  </rating>
  <reviews>
   107739
  </reviews>
  <new>
   -
  </new>
  <exclusive>
   yes
  </exclusive>
  <sporty>
   yes
  </sporty>
 </clothing>
 <clothing>
  <id>
   799503899
  </id>
  <name>
   Ellesse Blouse Z-3362
  </name>
  <category>
   Blouse
  </category>
  <size>
   S
  </size>
  <color>
   Голубой
  </color>
  <material>
   Полиэстер
  </material>
  <price>
   967453
  </price>
  <rating>
   2.18
  </rating>
  <reviews>
   679883
  </reviews>
  <exclusive>
   yes
  </exclusive>
 </clothing>
 <clothing>
  <id>
   632264881
  </id>
  <name>
   Nike Jacket T-4762
  </name>
  <category>
   Jacket
  </category>
  <size>
   XL
  </size>
  <color>
   Фиолетовый
  </color>
  <material>
   Хлопок
  </material>
  <price>
   934644
  </price>
  <rating>
   1.15
  </rating>
  <reviews>
   429498
  </reviews>
  <new>
   +
  </new>
  <exclusive>
   no
  </exclusive>
 </clothing>
 <clothing>
  <id>
   915802081
  </id>
  <name>
   Lacoste Blouse I-6153
  </name>
  <category>
   Blouse
  </category>
  <size>
   L
  </size>
  <color>
   Фиолетовый
  </color>
  <material>
   Шерсть
  </material>
  <price>
   983996
  </price>
  <rating>
   1.87
  </rating>
  <reviews>
   396167
  </reviews>
 </clothing>
 <clothing>
  <id>
   631571488
  </id>
  <name>
   Fila Shirt S-2307
  </name>
  <category>
   Shirt
  </category>
  <size>
   XXL
  </size>
  <color>
   Фиолетовый
  </color>
  <material>
   Нейлон
  </material>
  <price>
   293551
  </price>
  <rating>
   3.9
  </rating>
  <reviews>
   176920
  </reviews>
  <exclusive>
   yes
  </exclusive>
 </clothing>
 <clothing>
  <id>
   449178537
  </id>
  <name>
   Adidas Pants Y-5815
  </name>
  <category>
   Pants
  </category>
  <size>
   L
  </size>
  <color>
   Синий
  </color>
  <material>
   Кожа
  </material>
  <price>
   542194
  </price>
  <rating>
   1.27
  </rating>
  <reviews>
   141945
  </reviews>
 </clothing>
 <clothing>
  <id>
   226232657
  </id>
  <name>
   Puma Shoes M-2141
  </name>
  <category>
   Shoes
  </category>
  <size>
   XL
  </size>
  <color>
   Фиолетовый
  </color>
  <material>
   Хлопок
  </material>
  <price>
   576112
  </price>
  <rating>
   2.03
  </rating>
  <reviews>
   301478
  </reviews>
  <new>
   +
  </new>
  <exclusive>
   no
  </exclusive>
 </clothing>
 <clothing>
  <id>
   808052204
  </id>
  <name>
   Puma Jacket P-3184
  </name>
  <category>
   Jacket
  </category>
  <size>
   L
  </size>
  <color>
   Оранжевый
  </color>
  <material>
   Лен
  </material>
  <price>
   833507
  </price>
  <rating>
   1.57
  </rating>
  <reviews>
   348471
  </reviews>
  <exclusive>
   yes
  </exclusive>
 </clothing>
 <clothing>
  <id>
   635343962
  </id>
  <name>
   Lacoste T-shirt P-8116
  </name>
  <category>
   T-shirt
  </category>
  <size>
   S
  </size>
  <color>
   Желтый
  </color>
  <material>
   Нейлон
  </material>
  <price>
   501210
  </price>
  <rating>
   3.1
  </rating>
  <reviews>
   992058
  </reviews>
  <sporty>
   no
  </sporty>
 </clothing>
 <clothing>
  <id>
   126537242
  </id>
  <name>
   Fila Skirt E-4893
  </name>
  <category>
   Skirt
  </category>
  <size>
   XXL
  </size>
  <color>
   Красный
  </color>
  <material>
   Лен
  </material>
  <price>
   424675
  </price>
  <rating>
   3.15
  </rating>
  <reviews>
   661755
  </reviews>
  <new>
   -
  </new>
  <exclusive>
   no
  </exclusive>
 </clothing>
 <clothing>
  <id>
   565577218
  </id>
  <name>
   New Balance Belts A-7941
  </name>
  <category>
   Belts
  </category>
  <size>
   XXL
  </size>
  <color>
   Желтый
  </color>
  <material>
   Вискоза
  </material>
  <price>
   330592
  </price>
  <rating>
   1.38
  </rating>
  <reviews>
   679041
  </reviews>
  <new>
   +
  </new>
 </clothing>
 <clothing>
  <id>
   512632571
  </id>
  <name>
   Lacoste Skirt X-4245
  </name>
  <category>
   Skirt
  </category>
  <size>
   XL
  </size>
  <color>
   Синий
  </color>
  <material>
   Хлопок
  </material>
  <price>
   978677
  </price>
  <rating>
   4.48
  </rating>
  <reviews>
   210562
  </reviews>
  <new>
   -
  </new>
  <exclusive>
   no
  </exclusive>
 </clothing>
 <clothing>
  <id>
   186525668
  </id>
  <name>
   Asics Shoes P-3313
  </name>
  <category>
   Shoes
  </category>
  <size>
   XXL
  </size>
  <color>
   Красный
  </color>
  <material>
   Нейлон
  </material>
  <price>
   523209
  </price>
  <rating>
   3.15
  </rating>
  <reviews>
   815420
  </reviews>
  <sporty>
   yes
  </sporty>
 </clothing>
 <clothing>
  <id>
   924992620
  </id>
  <name>
   Vans Shoes V-8745
  </name>
  <category>
   Shoes
  </category>
  <size>
   XXL
  </size>
  <color>
   Оранжевый
  </color>
  <material>
   Полиэстер
  </material>
  <price>
   645273
  </price>
  <rating>
   4.71
  </rating>
  <reviews>
   456130
  </reviews>
  <exclusive>
   yes
  </exclusive>
  <sporty>
   yes
  </sporty>
 </clothing>
 <clothing>
  <id>
   988831169
  </id>
  <name>
   Addidas Hat X-3835
  </name>
  <category>
   Hat
  </category>
  <size>
   L
  </size>
  <color>
   Красный
  </color>
  <material>
   Кожа
  </material>
  <price>
   252843
  </price>
  <rating>
   2.8
  </rating>
  <reviews>
   439477
  </reviews>
  <sporty>
   no
  </sporty>
 </clothing>
 <clothing>
  <id>
   423858278
  </id>
  <name>
   Fila Dress O-6840
  </name>
  <category>
   Dress
  </category>
  <size>
   S
  </size>
  <color>
   Синий
  </color>
  <material>
   Лен
  </material>
  <price>
   422316
  </price>
  <rating>
   3.86
  </rating>
  <reviews>
   918201
  </reviews>
  <new>
   -
  </new>
  <sporty>
   no
  </sporty>
 </clothing>
</clothing-items>
