<?xml version="1.0" encoding="utf-8"?>
<clothing-items>
 <clothing>
  <id>
   808249682
  </id>
  <name>
   Fila Gloves O-6652
  </name>
  <category>
   Gloves
  </category>
  <size>
   M
  </size>
  <color>
   Желтый
  </color>
  <material>
   Кожа
  </material>
  <price>
   341853
  </price>
  <rating>
   1.28
  </rating>
  <reviews>
   107456
  </reviews>
  <new>
   +
  </new>
  <exclusive>
   yes
  </exclusive>
  <sporty>
   no
  </sporty>
 </clothing>
 <clothing>
  <id>
   335440203
  </id>
  <name>
   New Balance Hat U-2827
  </name>
  <category>
   Hat
  </category>
  <size>
   M
  </size>
  <color>
   Голубой
  </color>
  <material>
   Хлопок
  </material>
  <price>
   632058
  </price>
  <rating>
   2.35
  </rating>
  <reviews>
   980962
  </reviews>
  <new>
   +
  </new>
  <exclusive>
   yes
  </exclusive>
  <sporty>
   yes
  </sporty>
 </clothing>
 <clothing>
  <id>
   212590800
  </id>
  <name>
   Reebok Belts W-6597
  </name>
  <category>
   Belts
  </category>
  <size>
   L
  </size>
  <color>
   Фиолетовый
  </color>
  <material>
   Хлопок
  </material>
  <price>
   929759
  </price>
  <rating>
   1.04
  </rating>
  <reviews>
   300746
  </reviews>
  <new>
   -
  </new>
  <exclusive>
   no
  </exclusive>
  <sporty>
   no
  </sporty>
 </clothing>
 <clothing>
  <id>
   254525205
  </id>
  <name>
   Lacoste Sweater N-3468
  </name>
  <category>
   Sweater
  </category>
  <size>
   M
  </size>
  <color>
   Оранжевый
  </color>
  <material>
   Лен
  </material>
  <price>
   881060
  </price>
  <rating>
   4.87
  </rating>
  <reviews>
   59971
  </reviews>
 </clothing>
 <clothing>
  <id>
   137689881
  </id>
  <name>
   Nike Umbrellas V-6803
  </name>
  <category>
   Umbrellas
  </category>
  <size>
   XL
  </size>
  <color>
   Красный
  </color>
  <material>
   Полиэстер
  </material>
  <price>
   126102
  </price>
  <rating>
   3.42
  </rating>
  <reviews>
   922641
  </reviews>
  <exclusive>
   yes
  </exclusive>
 </clothing>
 <clothing>
  <id>
   723212480
  </id>
  <name>
   Converse Shoes S-8592
  </name>
  <category>
   Shoes
  </category>
  <size>
   XL
  </size>
  <color>
   Синий
  </color>
  <material>
   Кожа
  </material>
  <price>
   903736
  </price>
  <rating>
   4.35
  </rating>
  <reviews>
   200626
  </reviews>
  <exclusive>
   yes
  </exclusive>
 </clothing>
 <clothing>
  <id>
   929867497
  </id>
  <name>
   Converse Umbrellas U-4296
  </name>
  <category>
   Umbrellas
  </category>
  <size>
   S
  </size>
  <color>
   Оранжевый
  </color>
  <material>
   Полиэстер
  </material>
  <price>
   666637
  </price>
  <rating>
   1.7
  </rating>
  <reviews>
   978510
  </reviews>
  <new>
   -
  </new>
  <sporty>
   no
  </sporty>
 </clothing>
 <clothing>
  <id>
   630280720
  </id>
  <name>
   DC Handbags J-9724
  </name>
  <category>
   Handbags
  </category>
  <size>
   L
  </size>
  <color>
   Желтый
  </color>
  <material>
   Полиэстер
  </material>
  <price>
   509164
  </price>
  <rating>
   3.6
  </rating>
  <reviews>
   744848
  </reviews>
  <new>
   -
  </new>
  <exclusive>
   yes
  </exclusive>
 </clothing>
 <clothing>
  <id>
   212418389
  </id>
  <name>
   Lacoste Shoes N-9308
  </name>
  <category>
   Shoes
  </category>
  <size>
   L
  </size>
  <color>
   Желтый
  </color>
  <material>
   Нейлон
  </material>
  <price>
   916644
  </price>
  <rating>
   4.39
  </rating>
  <reviews>
   217840
  </reviews>
  <exclusive>
   no
  </exclusive>
  <sporty>
   yes
  </sporty>
 </clothing>
 <clothing>
  <id>
   363620199
  </id>
  <name>
   Puma Jacket J-3753
  </name>
  <category>
   Jacket
  </category>
  <size>
   S
  </size>
  <color>
   Красный
  </color>
  <material>
   Нейлон
  </material>
  <price>
   830218
  </price>
  <rating>
   4.22
  </rating>
  <reviews>
   593482
  </reviews>
 </clothing>
</clothing-items>
