<?xml version="1.0" encoding="utf-8"?>
<clothing-items>
 <clothing>
  <id>
   313068079
  </id>
  <name>
   Converse Dress C-9157
  </name>
  <category>
   Dress
  </category>
  <size>
   L
  </size>
  <color>
   Красный
  </color>
  <material>
   Нейлон
  </material>
  <price>
   886484
  </price>
  <rating>
   1.31
  </rating>
  <reviews>
   131130
  </reviews>
  <new>
   -
  </new>
  <exclusive>
   yes
  </exclusive>
 </clothing>
 <clothing>
  <id>
   965824320
  </id>
  <name>
   Vans Shirt F-4567
  </name>
  <category>
   Shirt
  </category>
  <size>
   XXL
  </size>
  <color>
   Голубой
  </color>
  <material>
   Шелк
  </material>
  <price>
   564711
  </price>
  <rating>
   1.66
  </rating>
  <reviews>
   270320
  </reviews>
  <new>
   +
  </new>
  <exclusive>
   no
  </exclusive>
 </clothing>
 <clothing>
  <id>
   829107125
  </id>
  <name>
   Lacoste Jacket I-9896
  </name>
  <category>
   Jacket
  </category>
  <size>
   XXL
  </size>
  <color>
   Голубой
  </color>
  <material>
   Нейлон
  </material>
  <price>
   610542
  </price>
  <rating>
   1.96
  </rating>
  <reviews>
   500212
  </reviews>
  <sporty>
   no
  </sporty>
 </clothing>
 <clothing>
  <id>
   222376793
  </id>
  <name>
   DC Skirt H-5942
  </name>
  <category>
   Skirt
  </category>
  <size>
   XL
  </size>
  <color>
   Красный
  </color>
  <material>
   Хлопок
  </material>
  <price>
   822393
  </price>
  <rating>
   5.0
  </rating>
  <reviews>
   717923
  </reviews>
  <new>
   -
  </new>
  <sporty>
   no
  </sporty>
 </clothing>
 <clothing>
  <id>
   348766258
  </id>
  <name>
   Under Armour Belts O-9587
  </name>
  <category>
   Belts
  </category>
  <size>
   S
  </size>
  <color>
   Голубой
  </color>
  <material>
   Вискоза
  </material>
  <price>
   931887
  </price>
  <rating>
   1.75
  </rating>
  <reviews>
   413482
  </reviews>
  <new>
   -
  </new>
  <exclusive>
   no
  </exclusive>
 </clothing>
 <clothing>
  <id>
   924454019
  </id>
  <name>
   Under Armour Dress W-4467
  </name>
  <category>
   Dress
  </category>
  <size>
   M
  </size>
  <color>
   Голубой
  </color>
  <material>
   Шелк
  </material>
  <price>
   552333
  </price>
  <rating>
   4.05
  </rating>
  <reviews>
   475390
  </reviews>
  <new>
   -
  </new>
  <exclusive>
   no
  </exclusive>
  <sporty>
   no
  </sporty>
 </clothing>
 <clothing>
  <id>
   459980747
  </id>
  <name>
   PleinSport Pants D-3538
  </name>
  <category>
   Pants
  </category>
  <size>
   M
  </size>
  <color>
   Желтый
  </color>
  <material>
   Кожа
  </material>
  <price>
   737766
  </price>
  <rating>
   1.02
  </rating>
  <reviews>
   936625
  </reviews>
  <new>
   +
  </new>
  <exclusive>
   yes
  </exclusive>
 </clothing>
 <clothing>
  <id>
   106747304
  </id>
  <name>
   Adidas Shirt K-4061
  </name>
  <category>
   Shirt
  </category>
  <size>
   S
  </size>
  <color>
   Голубой
  </color>
  <material>
   Хлопок
  </material>
  <price>
   481727
  </price>
  <rating>
   4.72
  </rating>
  <reviews>
   819218
  </reviews>
  <new>
   -
  </new>
 </clothing>
 <clothing>
  <id>
   871010741
  </id>
  <name>
   DC Sweater M-3895
  </name>
  <category>
   Sweater
  </category>
  <size>
   L
  </size>
  <color>
   Красный
  </color>
  <material>
   Вискоза
  </material>
  <price>
   178201
  </price>
  <rating>
   4.55
  </rating>
  <reviews>
   162602
  </reviews>
  <new>
   +
  </new>
  <sporty>
   no
  </sporty>
 </clothing>
 <clothing>
  <id>
   415094594
  </id>
  <name>
   Lacoste Jacket O-2458
  </name>
  <category>
   Jacket
  </category>
  <size>
   M
  </size>
  <color>
   Зеленый
  </color>
  <material>
   Вискоза
  </material>
  <price>
   192181
  </price>
  <rating>
   2.8
  </rating>
  <reviews>
   875486
  </reviews>
  <new>
   +
  </new>
  <exclusive>
   no
  </exclusive>
  <sporty>
   yes
  </sporty>
 </clothing>
 <clothing>
  <id>
   521987742
  </id>
  <name>
   Puma Shoes Z-2001
  </name>
  <category>
   Shoes
  </category>
  <size>
   L
  </size>
  <color>
   Оранжевый
  </color>
  <material>
   Шелк
  </material>
  <price>
   448492
  </price>
  <rating>
   2.72
  </rating>
  <reviews>
   318407
  </reviews>
  <new>
   -
  </new>
  <exclusive>
   no
  </exclusive>
 </clothing>
 <clothing>
  <id>
   510050284
  </id>
  <name>
   Puma Jacket Y-7666
  </name>
  <category>
   Jacket
  </category>
  <size>
   XL
  </size>
  <color>
   Фиолетовый
  </color>
  <material>
   Нейлон
  </material>
  <price>
   424758
  </price>
  <rating>
   3.97
  </rating>
  <reviews>
   456429
  </reviews>
  <exclusive>
   yes
  </exclusive>
  <sporty>
   no
  </sporty>
 </clothing>
 <clothing>
  <id>
   559653414
  </id>
  <name>
   Puma Shirt P-4678
  </name>
  <category>
   Shirt
  </category>
  <size>
   XXL
  </size>
  <color>
   Синий
  </color>
  <material>
   Шерсть
  </material>
  <price>
   382605
  </price>
  <rating>
   3.44
  </rating>
  <reviews>
   192041
  </reviews>
  <new>
   +
  </new>
  <exclusive>
   no
  </exclusive>
 </clothing>
 <clothing>
  <id>
   622530215
  </id>
  <name>
   Asics Jacket V-7506
  </name>
  <category>
   Jacket
  </category>
  <size>
   L
  </size>
  <color>
   Голубой
  </color>
  <material>
   Шелк
  </material>
  <price>
   487414
  </price>
  <rating>
   2.93
  </rating>
  <reviews>
   387381
  </reviews>
  <new>
   -
  </new>
  <sporty>
   yes
  </sporty>
 </clothing>
 <clothing>
  <id>
   105424216
  </id>
  <name>
   Nike Blouse Y-8660
  </name>
  <category>
   Blouse
  </category>
  <size>
   S
  </size>
  <color>
   Красный
  </color>
  <material>
   Вискоза
  </material>
  <price>
   144645
  </price>
  <rating>
   4.6
  </rating>
  <reviews>
   297945
  </reviews>
  <exclusive>
   yes
  </exclusive>
  <sporty>
   yes
  </sporty>
 </clothing>
 <clothing>
  <id>
   183293500
  </id>
  <name>
   Converse Gloves R-8005
  </name>
  <category>
   Gloves
  </category>
  <size>
   L
  </size>
  <color>
   Красный
  </color>
  <material>
   Кожа
  </material>
  <price>
   497016
  </price>
  <rating>
   4.94
  </rating>
  <reviews>
   763969
  </reviews>
  <new>
   +
  </new>
  <exclusive>
   no
  </exclusive>
  <sporty>
   yes
  </sporty>
 </clothing>
 <clothing>
  <id>
   716973430
  </id>
  <name>
   Puma T-shirt J-7289
  </name>
  <category>
   T-shirt
  </category>
  <size>
   M
  </size>
  <color>
   Зеленый
  </color>
  <material>
   Вискоза
  </material>
  <price>
   159539
  </price>
  <rating>
   3.92
  </rating>
  <reviews>
   494290
  </reviews>
  <new>
   +
  </new>
  <exclusive>
   yes
  </exclusive>
  <sporty>
   no
  </sporty>
 </clothing>
 <clothing>
  <id>
   259847682
  </id>
  <name>
   Brooks Handbags Y-2839
  </name>
  <category>
   Handbags
  </category>
  <size>
   XL
  </size>
  <color>
   Фиолетовый
  </color>
  <material>
   Кожа
  </material>
  <price>
   663986
  </price>
  <rating>
   4.0
  </rating>
  <reviews>
   597467
  </reviews>
  <new>
   -
  </new>
  <sporty>
   no
  </sporty>
 </clothing>
 <clothing>
  <id>
   413851780
  </id>
  <name>
   PleinSport Dress Y-4398
  </name>
  <category>
   Dress
  </category>
  <size>
   XL
  </size>
  <color>
   Красный
  </color>
  <material>
   Шерсть
  </material>
  <price>
   102480
  </price>
  <rating>
   4.82
  </rating>
  <reviews>
   189676
  </reviews>
  <sporty>
   no
  </sporty>
 </clothing>
 <clothing>
  <id>
   947766303
  </id>
  <name>
   Under Armour Belts C-2292
  </name>
  <category>
   Belts
  </category>
  <size>
   L
  </size>
  <color>
   Желтый
  </color>
  <material>
   Хлопок
  </material>
  <price>
   857210
  </price>
  <rating>
   1.82
  </rating>
  <reviews>
   606205
  </reviews>
  <exclusive>
   no
  </exclusive>
 </clothing>
 <clothing>
  <id>
   803974923
  </id>
  <name>
   Under Armour Socks O-4152
  </name>
  <category>
   Socks
  </category>
  <size>
   L
  </size>
  <color>
   Голубой
  </color>
  <material>
   Кожа
  </material>
  <price>
   125857
  </price>
  <rating>
   4.86
  </rating>
  <reviews>
   457754
  </reviews>
  <new>
   -
  </new>
  <exclusive>
   yes
  </exclusive>
 </clothing>
 <clothing>
  <id>
   493736361
  </id>
  <name>
   Nike Belts W-9251
  </name>
  <category>
   Belts
  </category>
  <size>
   L
  </size>
  <color>
   Синий
  </color>
  <material>
   Вискоза
  </material>
  <price>
   784148
  </price>
  <rating>
   1.86
  </rating>
  <reviews>
   929415
  </reviews>
  <new>
   -
  </new>
  <exclusive>
   no
  </exclusive>
 </clothing>
 <clothing>
  <id>
   100183750
  </id>
  <name>
   Vans Umbrellas L-8288
  </name>
  <category>
   Umbrellas
  </category>
  <size>
   M
  </size>
  <color>
   Оранжевый
  </color>
  <material>
   Шерсть
  </material>
  <price>
   961353
  </price>
  <rating>
   2.56
  </rating>
  <reviews>
   788097
  </reviews>
 </clothing>
 <clothing>
  <id>
   399332145
  </id>
  <name>
   Asics Socks B-6541
  </name>
  <category>
   Socks
  </category>
  <size>
   XXL
  </size>
  <color>
   Красный
  </color>
  <material>
   Шелк
  </material>
  <price>
   180162
  </price>
  <rating>
   3.47
  </rating>
  <reviews>
   871321
  </reviews>
  <new>
   +
  </new>
  <exclusive>
   yes
  </exclusive>
 </clothing>
 <clothing>
  <id>
   452187812
  </id>
  <name>
   Lacoste Hat C-1729
  </name>
  <category>
   Hat
  </category>
  <size>
   L
  </size>
  <color>
   Голубой
  </color>
  <material>
   Шелк
  </material>
  <price>
   276755
  </price>
  <rating>
   4.7
  </rating>
  <reviews>
   835905
  </reviews>
  <sporty>
   yes
  </sporty>
 </clothing>
 <clothing>
  <id>
   298606571
  </id>
  <name>
   PleinSport Belts W-1413
  </name>
  <category>
   Belts
  </category>
  <size>
   XL
  </size>
  <color>
   Оранжевый
  </color>
  <material>
   Нейлон
  </material>
  <price>
   571863
  </price>
  <rating>
   3.42
  </rating>
  <reviews>
   841429
  </reviews>
 </clothing>
 <clothing>
  <id>
   501580251
  </id>
  <name>
   Nike T-shirt A-7385
  </name>
  <category>
   T-shirt
  </category>
  <size>
   S
  </size>
  <color>
   Оранжевый
  </color>
  <material>
   Нейлон
  </material>
  <price>
   964785
  </price>
  <rating>
   3.76
  </rating>
  <reviews>
   299701
  </reviews>
  <exclusive>
   no
  </exclusive>
 </clothing>
 <clothing>
  <id>
   626458496
  </id>
  <name>
   Reebok Belts F-9666
  </name>
  <category>
   Belts
  </category>
  <size>
   XXL
  </size>
  <color>
   Желтый
  </color>
  <material>
   Лен
  </material>
  <price>
   879251
  </price>
  <rating>
   3.77
  </rating>
  <reviews>
   845194
  </reviews>
  <new>
   +
  </new>
  <exclusive>
   yes
  </exclusive>
  <sporty>
   yes
  </sporty>
 </clothing>
 <clothing>
  <id>
   515045817
  </id>
  <name>
   Ellesse Shoes Q-7952
  </name>
  <category>
   Shoes
  </category>
  <size>
   L
  </size>
  <color>
   Фиолетовый
  </color>
  <material>
   Хлопок
  </material>
  <price>
   497607
  </price>
  <rating>
   1.79
  </rating>
  <reviews>
   328928
  </reviews>
  <new>
   +
  </new>
  <sporty>
   no
  </sporty>
 </clothing>
 <clothing>
  <id>
   541156717
  </id>
  <name>
   Vans Shoes X-8778
  </name>
  <category>
   Shoes
  </category>
  <size>
   XXL
  </size>
  <color>
   Желтый
  </color>
  <material>
   Вискоза
  </material>
  <price>
   669740
  </price>
  <rating>
   4.13
  </rating>
  <reviews>
   185991
  </reviews>
  <sporty>
   no
  </sporty>
 </clothing>
 <clothing>
  <id>
   190812407
  </id>
  <name>
   Fila Jacket S-4069
  </name>
  <category>
   Jacket
  </category>
  <size>
   XXL
  </size>
  <color>
   Оранжевый
  </color>
  <material>
   Вискоза
  </material>
  <price>
   907073
  </price>
  <rating>
   1.31
  </rating>
  <reviews>
   751705
  </reviews>
  <new>
   +
  </new>
  <sporty>
   no
  </sporty>
 </clothing>
 <clothing>
  <id>
   880022707
  </id>
  <name>
   Addidas Blouse S-2383
  </name>
  <category>
   Blouse
  </category>
  <size>
   L
  </size>
  <color>
   Красный
  </color>
  <material>
   Хлопок
  </material>
  <price>
   579450
  </price>
  <rating>
   3.51
  </rating>
  <reviews>
   578913
  </reviews>
  <sporty>
   yes
  </sporty>
 </clothing>
 <clothing>
  <id>
   409837523
  </id>
  <name>
   Fila Shirt K-3895
  </name>
  <category>
   Shirt
  </category>
  <size>
   M
  </size>
  <color>
   Оранжевый
  </color>
  <material>
   Вискоза
  </material>
  <price>
   678629
  </price>
  <rating>
   2.97
  </rating>
  <reviews>
   766748
  </reviews>
  <new>
   +
  </new>
  <sporty>
   yes
  </sporty>
 </clothing>
 <clothing>
  <id>
   826367977
  </id>
  <name>
   Converse Dress N-9063
  </name>
  <category>
   Dress
  </category>
  <size>
   L
  </size>
  <color>
   Оранжевый
  </color>
  <material>
   Шелк
  </material>
  <price>
   568475
  </price>
  <rating>
   1.05
  </rating>
  <reviews>
   731130
  </reviews>
  <new>
   +
  </new>
  <exclusive>
   yes
  </exclusive>
  <sporty>
   no
  </sporty>
 </clothing>
</clothing-items>
