<?xml version="1.0" encoding="utf-8"?>
<clothing-items>
 <clothing>
  <id>
   751116728
  </id>
  <name>
   PleinSport T-shirt P-5808
  </name>
  <category>
   T-shirt
  </category>
  <size>
   XL
  </size>
  <color>
   Красный
  </color>
  <material>
   Шелк
  </material>
  <price>
   382526
  </price>
  <rating>
   2.46
  </rating>
  <reviews>
   862060
  </reviews>
  <new>
   -
  </new>
  <exclusive>
   yes
  </exclusive>
  <sporty>
   no
  </sporty>
 </clothing>
 <clothing>
  <id>
   457609701
  </id>
  <name>
   New Balance Umbrellas V-5358
  </name>
  <category>
   Umbrellas
  </category>
  <size>
   M
  </size>
  <color>
   Синий
  </color>
  <material>
   Хлопок
  </material>
  <price>
   937880
  </price>
  <rating>
   1.97
  </rating>
  <reviews>
   375035
  </reviews>
  <new>
   -
  </new>
  <exclusive>
   no
  </exclusive>
 </clothing>
 <clothing>
  <id>
   906668191
  </id>
  <name>
   Ellesse Pants B-7011
  </name>
  <category>
   Pants
  </category>
  <size>
   L
  </size>
  <color>
   Фиолетовый
  </color>
  <material>
   Вискоза
  </material>
  <price>
   320327
  </price>
  <rating>
   1.33
  </rating>
  <reviews>
   807789
  </reviews>
  <new>
   +
  </new>
  <exclusive>
   no
  </exclusive>
 </clothing>
 <clothing>
  <id>
   726316150
  </id>
  <name>
   DC Umbrellas S-1295
  </name>
  <category>
   Umbrellas
  </category>
  <size>
   S
  </size>
  <color>
   Синий
  </color>
  <material>
   Полиэстер
  </material>
  <price>
   777312
  </price>
  <rating>
   4.99
  </rating>
  <reviews>
   252239
  </reviews>
  <exclusive>
   no
  </exclusive>
  <sporty>
   yes
  </sporty>
 </clothing>
 <clothing>
  <id>
   527369458
  </id>
  <name>
   Fila Jacket H-5872
  </name>
  <category>
   Jacket
  </category>
  <size>
   M
  </size>
  <color>
   Синий
  </color>
  <material>
   Лен
  </material>
  <price>
   583525
  </price>
  <rating>
   2.88
  </rating>
  <reviews>
   738919
  </reviews>
  <exclusive>
   no
  </exclusive>
  <sporty>
   no
  </sporty>
 </clothing>
 <clothing>
  <id>
   385930930
  </id>
  <name>
   Reebok Hat O-5835
  </name>
  <category>
   Hat
  </category>
  <size>
   XL
  </size>
  <color>
   Оранжевый
  </color>
  <material>
   Кожа
  </material>
  <price>
   662268
  </price>
  <rating>
   2.95
  </rating>
  <reviews>
   511838
  </reviews>
  <new>
   -
  </new>
  <exclusive>
   no
  </exclusive>
  <sporty>
   yes
  </sporty>
 </clothing>
 <clothing>
  <id>
   885565329
  </id>
  <name>
   Lacoste Skirt F-9235
  </name>
  <category>
   Skirt
  </category>
  <size>
   XL
  </size>
  <color>
   Красный
  </color>
  <material>
   Полиэстер
  </material>
  <price>
   506149
  </price>
  <rating>
   4.6
  </rating>
  <reviews>
   31481
  </reviews>
 </clothing>
 <clothing>
  <id>
   350662258
  </id>
  <name>
   Adidas Pants R-1537
  </name>
  <category>
   Pants
  </category>
  <size>
   M
  </size>
  <color>
   Оранжевый
  </color>
  <material>
   Вискоза
  </material>
  <price>
   905433
  </price>
  <rating>
   2.65
  </rating>
  <reviews>
   687978
  </reviews>
 </clothing>
 <clothing>
  <id>
   706310348
  </id>
  <name>
   DC Blouse S-1819
  </name>
  <category>
   Blouse
  </category>
  <size>
   S
  </size>
  <color>
   Оранжевый
  </color>
  <material>
   Хлопок
  </material>
  <price>
   122422
  </price>
  <rating>
   3.77
  </rating>
  <reviews>
   214205
  </reviews>
 </clothing>
 <clothing>
  <id>
   100375735
  </id>
  <name>
   Addidas Socks J-5670
  </name>
  <category>
   Socks
  </category>
  <size>
   XXL
  </size>
  <color>
   Голубой
  </color>
  <material>
   Шелк
  </material>
  <price>
   694082
  </price>
  <rating>
   2.77
  </rating>
  <reviews>
   801445
  </reviews>
  <new>
   -
  </new>
  <exclusive>
   no
  </exclusive>
  <sporty>
   no
  </sporty>
 </clothing>
 <clothing>
  <id>
   529533196
  </id>
  <name>
   New Balance Socks M-4394
  </name>
  <category>
   Socks
  </category>
  <size>
   L
  </size>
  <color>
   Желтый
  </color>
  <material>
   Шелк
  </material>
  <price>
   115402
  </price>
  <rating>
   4.14
  </rating>
  <reviews>
   449248
  </reviews>
 </clothing>
 <clothing>
  <id>
   126131028
  </id>
  <name>
   Lacoste T-shirt Q-1692
  </name>
  <category>
   T-shirt
  </category>
  <size>
   L
  </size>
  <color>
   Оранжевый
  </color>
  <material>
   Кожа
  </material>
  <price>
   730410
  </price>
  <rating>
   2.21
  </rating>
  <reviews>
   214687
  </reviews>
  <new>
   +
  </new>
  <exclusive>
   no
  </exclusive>
  <sporty>
   no
  </sporty>
 </clothing>
</clothing-items>
