<?xml version="1.0" encoding="utf-8"?>
<clothing-items>
 <clothing>
  <id>
   446761678
  </id>
  <name>
   Adidas Gloves W-7017
  </name>
  <category>
   Gloves
  </category>
  <size>
   M
  </size>
  <color>
   Фиолетовый
  </color>
  <material>
   Полиэстер
  </material>
  <price>
   109434
  </price>
  <rating>
   1.81
  </rating>
  <reviews>
   445916
  </reviews>
  <new>
   +
  </new>
  <sporty>
   no
  </sporty>
 </clothing>
 <clothing>
  <id>
   965077124
  </id>
  <name>
   Reebok Skirt M-3497
  </name>
  <category>
   Skirt
  </category>
  <size>
   XXL
  </size>
  <color>
   Голубой
  </color>
  <material>
   Шелк
  </material>
  <price>
   128488
  </price>
  <rating>
   4.22
  </rating>
  <reviews>
   525660
  </reviews>
  <new>
   -
  </new>
  <exclusive>
   no
  </exclusive>
 </clothing>
 <clothing>
  <id>
   931599021
  </id>
  <name>
   Ellesse Umbrellas Z-5846
  </name>
  <category>
   Umbrellas
  </category>
  <size>
   M
  </size>
  <color>
   Фиолетовый
  </color>
  <material>
   Шелк
  </material>
  <price>
   773806
  </price>
  <rating>
   2.6
  </rating>
  <reviews>
   379323
  </reviews>
  <new>
   -
  </new>
  <sporty>
   yes
  </sporty>
 </clothing>
 <clothing>
  <id>
   396265388
  </id>
  <name>
   Vans Jacket W-8891
  </name>
  <category>
   Jacket
  </category>
  <size>
   S
  </size>
  <color>
   Красный
  </color>
  <material>
   Лен
  </material>
  <price>
   684935
  </price>
  <rating>
   3.52
  </rating>
  <reviews>
   790966
  </reviews>
  <new>
   -
  </new>
  <exclusive>
   no
  </exclusive>
  <sporty>
   no
  </sporty>
 </clothing>
 <clothing>
  <id>
   862134059
  </id>
  <name>
   Puma Umbrellas J-6077
  </name>
  <category>
   Umbrellas
  </category>
  <size>
   L
  </size>
  <color>
   Красный
  </color>
  <material>
   Полиэстер
  </material>
  <price>
   441442
  </price>
  <rating>
   3.57
  </rating>
  <reviews>
   449490
  </reviews>
  <new>
   +
  </new>
 </clothing>
 <clothing>
  <id>
   259581224
  </id>
  <name>
   Addidas Dress R-7618
  </name>
  <category>
   Dress
  </category>
  <size>
   L
  </size>
  <color>
   Синий
  </color>
  <material>
   Хлопок
  </material>
  <price>
   746497
  </price>
  <rating>
   3.02
  </rating>
  <reviews>
   3234
  </reviews>
  <sporty>
   no
  </sporty>
 </clothing>
 <clothing>
  <id>
   718129751
  </id>
  <name>
   DC Hat N-7252
  </name>
  <category>
   Hat
  </category>
  <size>
   L
  </size>
  <color>
   Красный
  </color>
  <material>
   Хлопок
  </material>
  <price>
   917437
  </price>
  <rating>
   4.09
  </rating>
  <reviews>
   96939
  </reviews>
  <exclusive>
   yes
  </exclusive>
  <sporty>
   yes
  </sporty>
 </clothing>
 <clothing>
  <id>
   830137581
  </id>
  <name>
   Addidas Jeans C-1412
  </name>
  <category>
   Jeans
  </category>
  <size>
   M
  </size>
  <color>
   Красный
  </color>
  <material>
   Нейлон
  </material>
  <price>
   890046
  </price>
  <rating>
   4.06
  </rating>
  <reviews>
   784504
  </reviews>
 </clothing>
 <clothing>
  <id>
   550372380
  </id>
  <name>
   Adidas T-shirt Z-8212
  </name>
  <category>
   T-shirt
  </category>
  <size>
   XL
  </size>
  <color>
   Фиолетовый
  </color>
  <material>
   Нейлон
  </material>
  <price>
   922758
  </price>
  <rating>
   4.95
  </rating>
  <reviews>
   864480
  </reviews>
  <new>
   -
  </new>
  <sporty>
   yes
  </sporty>
 </clothing>
 <clothing>
  <id>
   468619874
  </id>
  <name>
   Vans Shirt E-1080
  </name>
  <category>
   Shirt
  </category>
  <size>
   XL
  </size>
  <color>
   Фиолетовый
  </color>
  <material>
   Шерсть
  </material>
  <price>
   993895
  </price>
  <rating>
   1.0
  </rating>
  <reviews>
   786919
  </reviews>
  <new>
   -
  </new>
 </clothing>
 <clothing>
  <id>
   585769234
  </id>
  <name>
   PleinSport Jeans D-1020
  </name>
  <category>
   Jeans
  </category>
  <size>
   S
  </size>
  <color>
   Синий
  </color>
  <material>
   Шелк
  </material>
  <price>
   362217
  </price>
  <rating>
   2.06
  </rating>
  <reviews>
   635467
  </reviews>
  <exclusive>
   yes
  </exclusive>
  <sporty>
   no
  </sporty>
 </clothing>
 <clothing>
  <id>
   344446894
  </id>
  <name>
   Reebok Umbrellas D-8473
  </name>
  <category>
   Umbrellas
  </category>
  <size>
   L
  </size>
  <color>
   Голубой
  </color>
  <material>
   Нейлон
  </material>
  <price>
   401823
  </price>
  <rating>
   4.69
  </rating>
  <reviews>
   215605
  </reviews>
  <exclusive>
   no
  </exclusive>
  <sporty>
   yes
  </sporty>
 </clothing>
 <clothing>
  <id>
   615870589
  </id>
  <name>
   Brooks Belts U-6666
  </name>
  <category>
   Belts
  </category>
  <size>
   S
  </size>
  <color>
   Оранжевый
  </color>
  <material>
   Хлопок
  </material>
  <price>
   908157
  </price>
  <rating>
   1.52
  </rating>
  <reviews>
   918311
  </reviews>
  <exclusive>
   no
  </exclusive>
 </clothing>
 <clothing>
  <id>
   366729088
  </id>
  <name>
   Asics Skirt Z-6294
  </name>
  <category>
   Skirt
  </category>
  <size>
   L
  </size>
  <color>
   Желтый
  </color>
  <material>
   Хлопок
  </material>
  <price>
   842867
  </price>
  <rating>
   4.37
  </rating>
  <reviews>
   752339
  </reviews>
  <sporty>
   yes
  </sporty>
 </clothing>
 <clothing>
  <id>
   906606642
  </id>
  <name>
   Nike Hat U-4560
  </name>
  <category>
   Hat
  </category>
  <size>
   XL
  </size>
  <color>
   Красный
  </color>
  <material>
   Шерсть
  </material>
  <price>
   319873
  </price>
  <rating>
   4.0
  </rating>
  <reviews>
   384352
  </reviews>
  <exclusive>
   no
  </exclusive>
 </clothing>
 <clothing>
  <id>
   873106567
  </id>
  <name>
   Nike Blouse K-5491
  </name>
  <category>
   Blouse
  </category>
  <size>
   M
  </size>
  <color>
   Голубой
  </color>
  <material>
   Нейлон
  </material>
  <price>
   330364
  </price>
  <rating>
   3.34
  </rating>
  <reviews>
   359474
  </reviews>
  <new>
   -
  </new>
  <exclusive>
   no
  </exclusive>
 </clothing>
 <clothing>
  <id>
   463724536
  </id>
  <name>
   Fila Jeans I-5337
  </name>
  <category>
   Jeans
  </category>
  <size>
   L
  </size>
  <color>
   Фиолетовый
  </color>
  <material>
   Полиэстер
  </material>
  <price>
   636352
  </price>
  <rating>
   3.78
  </rating>
  <reviews>
   548706
  </reviews>
  <new>
   -
  </new>
  <exclusive>
   yes
  </exclusive>
  <sporty>
   yes
  </sporty>
 </clothing>
 <clothing>
  <id>
   985268118
  </id>
  <name>
   New Balance Shoes U-6398
  </name>
  <category>
   Shoes
  </category>
  <size>
   L
  </size>
  <color>
   Фиолетовый
  </color>
  <material>
   Лен
  </material>
  <price>
   197953
  </price>
  <rating>
   3.19
  </rating>
  <reviews>
   713861
  </reviews>
  <new>
   -
  </new>
  <exclusive>
   yes
  </exclusive>
 </clothing>
 <clothing>
  <id>
   534670927
  </id>
  <name>
   Nike Belts X-2529
  </name>
  <category>
   Belts
  </category>
  <size>
   S
  </size>
  <color>
   Фиолетовый
  </color>
  <material>
   Хлопок
  </material>
  <price>
   142051
  </price>
  <rating>
   1.63
  </rating>
  <reviews>
   513353
  </reviews>
 </clothing>
 <clothing>
  <id>
   367594459
  </id>
  <name>
   Lacoste Socks O-8952
  </name>
  <category>
   Socks
  </category>
  <size>
   S
  </size>
  <color>
   Оранжевый
  </color>
  <material>
   Кожа
  </material>
  <price>
   998109
  </price>
  <rating>
   4.53
  </rating>
  <reviews>
   672116
  </reviews>
  <new>
   +
  </new>
 </clothing>
 <clothing>
  <id>
   283734665
  </id>
  <name>
   Puma Belts V-5570
  </name>
  <category>
   Belts
  </category>
  <size>
   M
  </size>
  <color>
   Голубой
  </color>
  <material>
   Кожа
  </material>
  <price>
   493950
  </price>
  <rating>
   4.56
  </rating>
  <reviews>
   173578
  </reviews>
  <exclusive>
   yes
  </exclusive>
 </clothing>
 <clothing>
  <id>
   714896606
  </id>
  <name>
   Asics Gloves C-2314
  </name>
  <category>
   Gloves
  </category>
  <size>
   S
  </size>
  <color>
   Фиолетовый
  </color>
  <material>
   Кожа
  </material>
  <price>
   928496
  </price>
  <rating>
   1.65
  </rating>
  <reviews>
   702695
  </reviews>
  <new>
   +
  </new>
  <sporty>
   no
  </sporty>
 </clothing>
 <clothing>
  <id>
   555391997
  </id>
  <name>
   Fila Skirt H-5000
  </name>
  <category>
   Skirt
  </category>
  <size>
   L
  </size>
  <color>
   Оранжевый
  </color>
  <material>
   Шелк
  </material>
  <price>
   405830
  </price>
  <rating>
   4.78
  </rating>
  <reviews>
   533193
  </reviews>
  <new>
   +
  </new>
  <sporty>
   yes
  </sporty>
 </clothing>
 <clothing>
  <id>
   145123388
  </id>
  <name>
   Reebok Pants V-3615
  </name>
  <category>
   Pants
  </category>
  <size>
   S
  </size>
  <color>
   Фиолетовый
  </color>
  <material>
   Нейлон
  </material>
  <price>
   367769
  </price>
  <rating>
   3.97
  </rating>
  <reviews>
   587035
  </reviews>
  <exclusive>
   yes
  </exclusive>
 </clothing>
 <clothing>
  <id>
   178309889
  </id>
  <name>
   Converse Dress X-7321
  </name>
  <category>
   Dress
  </category>
  <size>
   L
  </size>
  <color>
   Оранжевый
  </color>
  <material>
   Вискоза
  </material>
  <price>
   870187
  </price>
  <rating>
   3.15
  </rating>
  <reviews>
   428455
  </reviews>
  <sporty>
   no
  </sporty>
 </clothing>
 <clothing>
  <id>
   403720994
  </id>
  <name>
   DC Pants Y-7360
  </name>
  <category>
   Pants
  </category>
  <size>
   S
  </size>
  <color>
   Зеленый
  </color>
  <material>
   Кожа
  </material>
  <price>
   384729
  </price>
  <rating>
   4.64
  </rating>
  <reviews>
   72241
  </reviews>
 </clothing>
 <clothing>
  <id>
   920795113
  </id>
  <name>
   Fila Skirt D-5369
  </name>
  <category>
   Skirt
  </category>
  <size>
   L
  </size>
  <color>
   Красный
  </color>
  <material>
   Хлопок
  </material>
  <price>
   134882
  </price>
  <rating>
   3.01
  </rating>
  <reviews>
   968651
  </reviews>
  <new>
   -
  </new>
  <exclusive>
   yes
  </exclusive>
 </clothing>
 <clothing>
  <id>
   751789005
  </id>
  <name>
   PleinSport Skirt H-4222
  </name>
  <category>
   Skirt
  </category>
  <size>
   XXL
  </size>
  <color>
   Желтый
  </color>
  <material>
   Шелк
  </material>
  <price>
   485862
  </price>
  <rating>
   4.31
  </rating>
  <reviews>
   398371
  </reviews>
  <new>
   +
  </new>
  <exclusive>
   yes
  </exclusive>
  <sporty>
   yes
  </sporty>
 </clothing>
 <clothing>
  <id>
   871337762
  </id>
  <name>
   Addidas Shirt T-7798
  </name>
  <category>
   Shirt
  </category>
  <size>
   M
  </size>
  <color>
   Синий
  </color>
  <material>
   Кожа
  </material>
  <price>
   297703
  </price>
  <rating>
   2.27
  </rating>
  <reviews>
   40914
  </reviews>
  <new>
   +
  </new>
  <exclusive>
   yes
  </exclusive>
 </clothing>
 <clothing>
  <id>
   581568291
  </id>
  <name>
   Puma Handbags D-9536
  </name>
  <category>
   Handbags
  </category>
  <size>
   L
  </size>
  <color>
   Желтый
  </color>
  <material>
   Нейлон
  </material>
  <price>
   433319
  </price>
  <rating>
   3.55
  </rating>
  <reviews>
   408647
  </reviews>
  <sporty>
   yes
  </sporty>
 </clothing>
 <clothing>
  <id>
   103207312
  </id>
  <name>
   Under Armour Sweater X-2944
  </name>
  <category>
   Sweater
  </category>
  <size>
   L
  </size>
  <color>
   Зеленый
  </color>
  <material>
   Лен
  </material>
  <price>
   856724
  </price>
  <rating>
   2.66
  </rating>
  <reviews>
   451919
  </reviews>
  <new>
   -
  </new>
  <sporty>
   no
  </sporty>
 </clothing>
 <clothing>
  <id>
   578225417
  </id>
  <name>
   Nike Jacket U-9368
  </name>
  <category>
   Jacket
  </category>
  <size>
   M
  </size>
  <color>
   Желтый
  </color>
  <material>
   Нейлон
  </material>
  <price>
   792889
  </price>
  <rating>
   3.71
  </rating>
  <reviews>
   724642
  </reviews>
  <new>
   -
  </new>
  <exclusive>
   no
  </exclusive>
 </clothing>
 <clothing>
  <id>
   329161304
  </id>
  <name>
   Vans Hat M-2461
  </name>
  <category>
   Hat
  </category>
  <size>
   XXL
  </size>
  <color>
   Зеленый
  </color>
  <material>
   Шерсть
  </material>
  <price>
   371058
  </price>
  <rating>
   2.06
  </rating>
  <reviews>
   83011
  </reviews>
  <new>
   -
  </new>
 </clothing>
 <clothing>
  <id>
   971511340
  </id>
  <name>
   Lacoste Jeans U-5035
  </name>
  <category>
   Jeans
  </category>
  <size>
   L
  </size>
  <color>
   Синий
  </color>
  <material>
   Кожа
  </material>
  <price>
   764725
  </price>
  <rating>
   1.65
  </rating>
  <reviews>
   616089
  </reviews>
  <sporty>
   yes
  </sporty>
 </clothing>
 <clothing>
  <id>
   617210948
  </id>
  <name>
   Ellesse Hat Y-5048
  </name>
  <category>
   Hat
  </category>
  <size>
   S
  </size>
  <color>
   Оранжевый
  </color>
  <material>
   Нейлон
  </material>
  <price>
   348950
  </price>
  <rating>
   1.96
  </rating>
  <reviews>
   338697
  </reviews>
 </clothing>
 <clothing>
  <id>
   136972669
  </id>
  <name>
   Brooks Gloves Y-3998
  </name>
  <category>
   Gloves
  </category>
  <size>
   XL
  </size>
  <color>
   Голубой
  </color>
  <material>
   Шерсть
  </material>
  <price>
   932242
  </price>
  <rating>
   2.08
  </rating>
  <reviews>
   732221
  </reviews>
  <exclusive>
   yes
  </exclusive>
  <sporty>
   yes
  </sporty>
 </clothing>
 <clothing>
  <id>
   298333144
  </id>
  <name>
   PleinSport Socks S-3668
  </name>
  <category>
   Socks
  </category>
  <size>
   XL
  </size>
  <color>
   Синий
  </color>
  <material>
   Вискоза
  </material>
  <price>
   892924
  </price>
  <rating>
   3.34
  </rating>
  <reviews>
   683118
  </reviews>
  <new>
   +
  </new>
  <exclusive>
   no
  </exclusive>
 </clothing>
 <clothing>
  <id>
   647758613
  </id>
  <name>
   Addidas Umbrellas X-4414
  </name>
  <category>
   Umbrellas
  </category>
  <size>
   M
  </size>
  <color>
   Зеленый
  </color>
  <material>
   Вискоза
  </material>
  <price>
   556264
  </price>
  <rating>
   2.0
  </rating>
  <reviews>
   987163
  </reviews>
  <sporty>
   no
  </sporty>
 </clothing>
 <clothing>
  <id>
   296214059
  </id>
  <name>
   PleinSport Jeans J-9064
  </name>
  <category>
   Jeans
  </category>
  <size>
   XL
  </size>
  <color>
   Фиолетовый
  </color>
  <material>
   Полиэстер
  </material>
  <price>
   339479
  </price>
  <rating>
   3.55
  </rating>
  <reviews>
   943626
  </reviews>
  <exclusive>
   yes
  </exclusive>
  <sporty>
   yes
  </sporty>
 </clothing>
 <clothing>
  <id>
   292833739
  </id>
  <name>
   Lacoste Shoes J-9912
  </name>
  <category>
   Shoes
  </category>
  <size>
   XXL
  </size>
  <color>
   Голубой
  </color>
  <material>
   Шелк
  </material>
  <price>
   730285
  </price>
  <rating>
   3.46
  </rating>
  <reviews>
   863760
  </reviews>
  <new>
   -
  </new>
  <exclusive>
   no
  </exclusive>
  <sporty>
   no
  </sporty>
 </clothing>
 <clothing>
  <id>
   242772674
  </id>
  <name>
   Converse Jeans Q-9826
  </name>
  <category>
   Jeans
  </category>
  <size>
   XL
  </size>
  <color>
   Красный
  </color>
  <material>
   Полиэстер
  </material>
  <price>
   804854
  </price>
  <rating>
   2.42
  </rating>
  <reviews>
   838969
  </reviews>
  <new>
   +
  </new>
  <exclusive>
   no
  </exclusive>
 </clothing>
 <clothing>
  <id>
   563089471
  </id>
  <name>
   Converse Belts I-9012
  </name>
  <category>
   Belts
  </category>
  <size>
   XL
  </size>
  <color>
   Красный
  </color>
  <material>
   Вискоза
  </material>
  <price>
   269595
  </price>
  <rating>
   1.76
  </rating>
  <reviews>
   593871
  </reviews>
  <exclusive>
   no
  </exclusive>
  <sporty>
   no
  </sporty>
 </clothing>
 <clothing>
  <id>
   989418138
  </id>
  <name>
   Asics Shirt Y-9514
  </name>
  <category>
   Shirt
  </category>
  <size>
   XL
  </size>
  <color>
   Оранжевый
  </color>
  <material>
   Лен
  </material>
  <price>
   598826
  </price>
  <rating>
   1.48
  </rating>
  <reviews>
   725308
  </reviews>
  <exclusive>
   no
  </exclusive>
  <sporty>
   no
  </sporty>
 </clothing>
 <clothing>
  <id>
   489880579
  </id>
  <name>
   Reebok Skirt I-5139
  </name>
  <category>
   Skirt
  </category>
  <size>
   L
  </size>
  <color>
   Голубой
  </color>
  <material>
   Шелк
  </material>
  <price>
   579011
  </price>
  <rating>
   2.12
  </rating>
  <reviews>
   232636
  </reviews>
  <new>
   -
  </new>
  <exclusive>
   yes
  </exclusive>
  <sporty>
   no
  </sporty>
 </clothing>
 <clothing>
  <id>
   631668986
  </id>
  <name>
   Brooks Dress S-9616
  </name>
  <category>
   Dress
  </category>
  <size>
   XL
  </size>
  <color>
   Оранжевый
  </color>
  <material>
   Шерсть
  </material>
  <price>
   725391
  </price>
  <rating>
   4.38
  </rating>
  <reviews>
   868608
  </reviews>
  <new>
   -
  </new>
  <sporty>
   no
  </sporty>
 </clothing>
</clothing-items>
