<?xml version="1.0" encoding="utf-8"?>
<clothing-items>
 <clothing>
  <id>
   594961303
  </id>
  <name>
   Reebok Umbrellas K-2400
  </name>
  <category>
   Umbrellas
  </category>
  <size>
   XL
  </size>
  <color>
   Красный
  </color>
  <material>
   Вискоза
  </material>
  <price>
   910750
  </price>
  <rating>
   4.62
  </rating>
  <reviews>
   649895
  </reviews>
 </clothing>
 <clothing>
  <id>
   797395179
  </id>
  <name>
   Converse Blouse Y-6281
  </name>
  <category>
   Blouse
  </category>
  <size>
   S
  </size>
  <color>
   Голубой
  </color>
  <material>
   Хлопок
  </material>
  <price>
   243961
  </price>
  <rating>
   3.99
  </rating>
  <reviews>
   501894
  </reviews>
  <new>
   -
  </new>
  <sporty>
   no
  </sporty>
 </clothing>
 <clothing>
  <id>
   264113324
  </id>
  <name>
   Reebok Jeans N-5385
  </name>
  <category>
   Jeans
  </category>
  <size>
   L
  </size>
  <color>
   Зеленый
  </color>
  <material>
   Нейлон
  </material>
  <price>
   939877
  </price>
  <rating>
   4.76
  </rating>
  <reviews>
   49922
  </reviews>
  <exclusive>
   yes
  </exclusive>
 </clothing>
 <clothing>
  <id>
   963449737
  </id>
  <name>
   New Balance T-shirt G-2419
  </name>
  <category>
   T-shirt
  </category>
  <size>
   S
  </size>
  <color>
   Оранжевый
  </color>
  <material>
   Кожа
  </material>
  <price>
   687973
  </price>
  <rating>
   4.64
  </rating>
  <reviews>
   947207
  </reviews>
  <exclusive>
   yes
  </exclusive>
 </clothing>
 <clothing>
  <id>
   610266662
  </id>
  <name>
   Fila Jeans M-7845
  </name>
  <category>
   Jeans
  </category>
  <size>
   M
  </size>
  <color>
   Синий
  </color>
  <material>
   Кожа
  </material>
  <price>
   353847
  </price>
  <rating>
   3.01
  </rating>
  <reviews>
   366868
  </reviews>
  <new>
   +
  </new>
  <exclusive>
   no
  </exclusive>
  <sporty>
   yes
  </sporty>
 </clothing>
 <clothing>
  <id>
   294014938
  </id>
  <name>
   Lacoste Gloves Y-5101
  </name>
  <category>
   Gloves
  </category>
  <size>
   M
  </size>
  <color>
   Красный
  </color>
  <material>
   Вискоза
  </material>
  <price>
   148460
  </price>
  <rating>
   3.09
  </rating>
  <reviews>
   571885
  </reviews>
  <new>
   -
  </new>
  <exclusive>
   yes
  </exclusive>
 </clothing>
 <clothing>
  <id>
   341047594
  </id>
  <name>
   Puma Belts V-8819
  </name>
  <category>
   Belts
  </category>
  <size>
   S
  </size>
  <color>
   Желтый
  </color>
  <material>
   Полиэстер
  </material>
  <price>
   762637
  </price>
  <rating>
   4.66
  </rating>
  <reviews>
   243294
  </reviews>
  <new>
   -
  </new>
  <exclusive>
   yes
  </exclusive>
  <sporty>
   no
  </sporty>
 </clothing>
 <clothing>
  <id>
   329625083
  </id>
  <name>
   Under Armour Shoes B-3483
  </name>
  <category>
   Shoes
  </category>
  <size>
   S
  </size>
  <color>
   Синий
  </color>
  <material>
   Полиэстер
  </material>
  <price>
   324380
  </price>
  <rating>
   2.98
  </rating>
  <reviews>
   915511
  </reviews>
  <sporty>
   yes
  </sporty>
 </clothing>
 <clothing>
  <id>
   437390387
  </id>
  <name>
   Brooks T-shirt R-3469
  </name>
  <category>
   T-shirt
  </category>
  <size>
   L
  </size>
  <color>
   Синий
  </color>
  <material>
   Нейлон
  </material>
  <price>
   980063
  </price>
  <rating>
   2.4
  </rating>
  <reviews>
   640279
  </reviews>
  <exclusive>
   yes
  </exclusive>
 </clothing>
 <clothing>
  <id>
   857581927
  </id>
  <name>
   New Balance Dress I-4500
  </name>
  <category>
   Dress
  </category>
  <size>
   M
  </size>
  <color>
   Фиолетовый
  </color>
  <material>
   Шерсть
  </material>
  <price>
   992428
  </price>
  <rating>
   4.89
  </rating>
  <reviews>
   51897
  </reviews>
  <exclusive>
   no
  </exclusive>
 </clothing>
 <clothing>
  <id>
   920386431
  </id>
  <name>
   Ellesse Hat H-6102
  </name>
  <category>
   Hat
  </category>
  <size>
   S
  </size>
  <color>
   Зеленый
  </color>
  <material>
   Хлопок
  </material>
  <price>
   475212
  </price>
  <rating>
   4.54
  </rating>
  <reviews>
   602166
  </reviews>
  <new>
   -
  </new>
  <exclusive>
   no
  </exclusive>
 </clothing>
 <clothing>
  <id>
   402584046
  </id>
  <name>
   Fila Jeans G-9653
  </name>
  <category>
   Jeans
  </category>
  <size>
   M
  </size>
  <color>
   Голубой
  </color>
  <material>
   Хлопок
  </material>
  <price>
   199459
  </price>
  <rating>
   3.7
  </rating>
  <reviews>
   202746
  </reviews>
  <sporty>
   yes
  </sporty>
 </clothing>
 <clothing>
  <id>
   395775779
  </id>
  <name>
   Fila Socks D-7738
  </name>
  <category>
   Socks
  </category>
  <size>
   M
  </size>
  <color>
   Синий
  </color>
  <material>
   Нейлон
  </material>
  <price>
   977508
  </price>
  <rating>
   4.75
  </rating>
  <reviews>
   681922
  </reviews>
  <new>
   -
  </new>
  <sporty>
   yes
  </sporty>
 </clothing>
 <clothing>
  <id>
   794607334
  </id>
  <name>
   Puma Umbrellas O-9712
  </name>
  <category>
   Umbrellas
  </category>
  <size>
   S
  </size>
  <color>
   Желтый
  </color>
  <material>
   Вискоза
  </material>
  <price>
   348569
  </price>
  <rating>
   4.11
  </rating>
  <reviews>
   493966
  </reviews>
  <exclusive>
   yes
  </exclusive>
 </clothing>
 <clothing>
  <id>
   202557993
  </id>
  <name>
   New Balance T-shirt D-9296
  </name>
  <category>
   T-shirt
  </category>
  <size>
   XXL
  </size>
  <color>
   Желтый
  </color>
  <material>
   Шелк
  </material>
  <price>
   734634
  </price>
  <rating>
   4.29
  </rating>
  <reviews>
   594178
  </reviews>
  <new>
   -
  </new>
 </clothing>
 <clothing>
  <id>
   840279756
  </id>
  <name>
   DC Jeans L-5919
  </name>
  <category>
   Jeans
  </category>
  <size>
   M
  </size>
  <color>
   Голубой
  </color>
  <material>
   Полиэстер
  </material>
  <price>
   562874
  </price>
  <rating>
   2.8
  </rating>
  <reviews>
   668923
  </reviews>
  <new>
   -
  </new>
  <exclusive>
   yes
  </exclusive>
  <sporty>
   no
  </sporty>
 </clothing>
 <clothing>
  <id>
   648333854
  </id>
  <name>
   New Balance Belts D-3322
  </name>
  <category>
   Belts
  </category>
  <size>
   XL
  </size>
  <color>
   Голубой
  </color>
  <material>
   Полиэстер
  </material>
  <price>
   993689
  </price>
  <rating>
   1.04
  </rating>
  <reviews>
   666416
  </reviews>
  <new>
   -
  </new>
  <exclusive>
   yes
  </exclusive>
 </clothing>
 <clothing>
  <id>
   853038061
  </id>
  <name>
   Nike Jacket G-1184
  </name>
  <category>
   Jacket
  </category>
  <size>
   XXL
  </size>
  <color>
   Оранжевый
  </color>
  <material>
   Полиэстер
  </material>
  <price>
   251614
  </price>
  <rating>
   2.41
  </rating>
  <reviews>
   208216
  </reviews>
  <new>
   +
  </new>
  <exclusive>
   yes
  </exclusive>
 </clothing>
 <clothing>
  <id>
   108251594
  </id>
  <name>
   Brooks Blouse T-3663
  </name>
  <category>
   Blouse
  </category>
  <size>
   S
  </size>
  <color>
   Оранжевый
  </color>
  <material>
   Лен
  </material>
  <price>
   870242
  </price>
  <rating>
   2.75
  </rating>
  <reviews>
   166476
  </reviews>
  <new>
   +
  </new>
  <exclusive>
   no
  </exclusive>
 </clothing>
 <clothing>
  <id>
   726351523
  </id>
  <name>
   Fila Handbags D-8976
  </name>
  <category>
   Handbags
  </category>
  <size>
   M
  </size>
  <color>
   Зеленый
  </color>
  <material>
   Полиэстер
  </material>
  <price>
   121143
  </price>
  <rating>
   3.81
  </rating>
  <reviews>
   206049
  </reviews>
  <new>
   -
  </new>
  <exclusive>
   yes
  </exclusive>
 </clothing>
 <clothing>
  <id>
   345023071
  </id>
  <name>
   DC Jacket I-3193
  </name>
  <category>
   Jacket
  </category>
  <size>
   S
  </size>
  <color>
   Синий
  </color>
  <material>
   Полиэстер
  </material>
  <price>
   519986
  </price>
  <rating>
   1.0
  </rating>
  <reviews>
   805633
  </reviews>
  <new>
   +
  </new>
  <exclusive>
   no
  </exclusive>
  <sporty>
   yes
  </sporty>
 </clothing>
 <clothing>
  <id>
   971756187
  </id>
  <name>
   Nike Blouse D-7615
  </name>
  <category>
   Blouse
  </category>
  <size>
   XXL
  </size>
  <color>
   Желтый
  </color>
  <material>
   Шерсть
  </material>
  <price>
   545146
  </price>
  <rating>
   3.71
  </rating>
  <reviews>
   453619
  </reviews>
  <exclusive>
   no
  </exclusive>
 </clothing>
 <clothing>
  <id>
   669187355
  </id>
  <name>
   Nike Shirt V-5180
  </name>
  <category>
   Shirt
  </category>
  <size>
   M
  </size>
  <color>
   Желтый
  </color>
  <material>
   Хлопок
  </material>
  <price>
   832641
  </price>
  <rating>
   3.91
  </rating>
  <reviews>
   165676
  </reviews>
  <exclusive>
   no
  </exclusive>
  <sporty>
   no
  </sporty>
 </clothing>
 <clothing>
  <id>
   949905967
  </id>
  <name>
   DC Umbrellas S-1958
  </name>
  <category>
   Umbrellas
  </category>
  <size>
   XXL
  </size>
  <color>
   Голубой
  </color>
  <material>
   Лен
  </material>
  <price>
   355190
  </price>
  <rating>
   4.69
  </rating>
  <reviews>
   129970
  </reviews>
  <new>
   -
  </new>
  <exclusive>
   yes
  </exclusive>
 </clothing>
 <clothing>
  <id>
   403210336
  </id>
  <name>
   Under Armour Blouse V-2541
  </name>
  <category>
   Blouse
  </category>
  <size>
   S
  </size>
  <color>
   Зеленый
  </color>
  <material>
   Лен
  </material>
  <price>
   174606
  </price>
  <rating>
   1.35
  </rating>
  <reviews>
   500634
  </reviews>
  <new>
   +
  </new>
 </clothing>
 <clothing>
  <id>
   649426028
  </id>
  <name>
   Puma Shoes H-5877
  </name>
  <category>
   Shoes
  </category>
  <size>
   M
  </size>
  <color>
   Голубой
  </color>
  <material>
   Шелк
  </material>
  <price>
   456565
  </price>
  <rating>
   2.85
  </rating>
  <reviews>
   741320
  </reviews>
  <new>
   +
  </new>
  <exclusive>
   no
  </exclusive>
  <sporty>
   no
  </sporty>
 </clothing>
 <clothing>
  <id>
   604355388
  </id>
  <name>
   Brooks Dress M-4422
  </name>
  <category>
   Dress
  </category>
  <size>
   XXL
  </size>
  <color>
   Оранжевый
  </color>
  <material>
   Полиэстер
  </material>
  <price>
   902066
  </price>
  <rating>
   2.19
  </rating>
  <reviews>
   157299
  </reviews>
  <exclusive>
   no
  </exclusive>
  <sporty>
   yes
  </sporty>
 </clothing>
 <clothing>
  <id>
   137287043
  </id>
  <name>
   Vans Gloves G-8062
  </name>
  <category>
   Gloves
  </category>
  <size>
   XXL
  </size>
  <color>
   Желтый
  </color>
  <material>
   Шелк
  </material>
  <price>
   882013
  </price>
  <rating>
   2.94
  </rating>
  <reviews>
   176890
  </reviews>
  <new>
   -
  </new>
 </clothing>
 <clothing>
  <id>
   300170298
  </id>
  <name>
   Addidas Hat J-4478
  </name>
  <category>
   Hat
  </category>
  <size>
   M
  </size>
  <color>
   Оранжевый
  </color>
  <material>
   Нейлон
  </material>
  <price>
   302057
  </price>
  <rating>
   3.01
  </rating>
  <reviews>
   844686
  </reviews>
  <sporty>
   no
  </sporty>
 </clothing>
 <clothing>
  <id>
   621168968
  </id>
  <name>
   Nike Blouse P-7052
  </name>
  <category>
   Blouse
  </category>
  <size>
   M
  </size>
  <color>
   Фиолетовый
  </color>
  <material>
   Хлопок
  </material>
  <price>
   501570
  </price>
  <rating>
   4.29
  </rating>
  <reviews>
   202199
  </reviews>
  <new>
   -
  </new>
  <sporty>
   no
  </sporty>
 </clothing>
 <clothing>
  <id>
   207222554
  </id>
  <name>
   New Balance Socks A-3417
  </name>
  <category>
   Socks
  </category>
  <size>
   XL
  </size>
  <color>
   Желтый
  </color>
  <material>
   Нейлон
  </material>
  <price>
   110150
  </price>
  <rating>
   4.24
  </rating>
  <reviews>
   941601
  </reviews>
  <new>
   +
  </new>
  <exclusive>
   no
  </exclusive>
 </clothing>
 <clothing>
  <id>
   131585888
  </id>
  <name>
   New Balance Dress Y-8143
  </name>
  <category>
   Dress
  </category>
  <size>
   M
  </size>
  <color>
   Красный
  </color>
  <material>
   Кожа
  </material>
  <price>
   415513
  </price>
  <rating>
   3.4
  </rating>
  <reviews>
   121673
  </reviews>
  <new>
   +
  </new>
  <sporty>
   yes
  </sporty>
 </clothing>
 <clothing>
  <id>
   266877814
  </id>
  <name>
   Asics Gloves L-5859
  </name>
  <category>
   Gloves
  </category>
  <size>
   S
  </size>
  <color>
   Желтый
  </color>
  <material>
   Вискоза
  </material>
  <price>
   180353
  </price>
  <rating>
   1.47
  </rating>
  <reviews>
   675059
  </reviews>
  <sporty>
   no
  </sporty>
 </clothing>
 <clothing>
  <id>
   630437167
  </id>
  <name>
   Vans T-shirt V-2651
  </name>
  <category>
   T-shirt
  </category>
  <size>
   XL
  </size>
  <color>
   Голубой
  </color>
  <material>
   Полиэстер
  </material>
  <price>
   783835
  </price>
  <rating>
   1.26
  </rating>
  <reviews>
   468494
  </reviews>
  <exclusive>
   no
  </exclusive>
  <sporty>
   no
  </sporty>
 </clothing>
 <clothing>
  <id>
   453378689
  </id>
  <name>
   Fila Blouse H-1398
  </name>
  <category>
   Blouse
  </category>
  <size>
   XXL
  </size>
  <color>
   Красный
  </color>
  <material>
   Лен
  </material>
  <price>
   538275
  </price>
  <rating>
   4.7
  </rating>
  <reviews>
   774574
  </reviews>
  <new>
   +
  </new>
  <sporty>
   no
  </sporty>
 </clothing>
 <clothing>
  <id>
   598204479
  </id>
  <name>
   Brooks Pants X-8199
  </name>
  <category>
   Pants
  </category>
  <size>
   L
  </size>
  <color>
   Синий
  </color>
  <material>
   Лен
  </material>
  <price>
   208614
  </price>
  <rating>
   3.55
  </rating>
  <reviews>
   258673
  </reviews>
  <new>
   -
  </new>
  <exclusive>
   yes
  </exclusive>
 </clothing>
 <clothing>
  <id>
   237470391
  </id>
  <name>
   Reebok Skirt S-4576
  </name>
  <category>
   Skirt
  </category>
  <size>
   S
  </size>
  <color>
   Голубой
  </color>
  <material>
   Лен
  </material>
  <price>
   993283
  </price>
  <rating>
   4.64
  </rating>
  <reviews>
   596340
  </reviews>
  <new>
   +
  </new>
  <exclusive>
   yes
  </exclusive>
  <sporty>
   no
  </sporty>
 </clothing>
 <clothing>
  <id>
   160388937
  </id>
  <name>
   Converse Dress F-6440
  </name>
  <category>
   Dress
  </category>
  <size>
   L
  </size>
  <color>
   Голубой
  </color>
  <material>
   Лен
  </material>
  <price>
   196200
  </price>
  <rating>
   1.38
  </rating>
  <reviews>
   927034
  </reviews>
  <new>
   +
  </new>
 </clothing>
 <clothing>
  <id>
   292889388
  </id>
  <name>
   Brooks Shoes N-9418
  </name>
  <category>
   Shoes
  </category>
  <size>
   S
  </size>
  <color>
   Красный
  </color>
  <material>
   Шелк
  </material>
  <price>
   649532
  </price>
  <rating>
   3.7
  </rating>
  <reviews>
   149859
  </reviews>
  <exclusive>
   no
  </exclusive>
 </clothing>
 <clothing>
  <id>
   876869598
  </id>
  <name>
   DC Handbags M-1839
  </name>
  <category>
   Handbags
  </category>
  <size>
   S
  </size>
  <color>
   Синий
  </color>
  <material>
   Вискоза
  </material>
  <price>
   324356
  </price>
  <rating>
   4.65
  </rating>
  <reviews>
   224703
  </reviews>
  <new>
   -
  </new>
 </clothing>
 <clothing>
  <id>
   534380442
  </id>
  <name>
   Brooks Dress N-6557
  </name>
  <category>
   Dress
  </category>
  <size>
   L
  </size>
  <color>
   Красный
  </color>
  <material>
   Полиэстер
  </material>
  <price>
   475595
  </price>
  <rating>
   2.93
  </rating>
  <reviews>
   569233
  </reviews>
  <new>
   -
  </new>
  <exclusive>
   yes
  </exclusive>
  <sporty>
   no
  </sporty>
 </clothing>
 <clothing>
  <id>
   375207938
  </id>
  <name>
   Vans Hat E-5500
  </name>
  <category>
   Hat
  </category>
  <size>
   S
  </size>
  <color>
   Фиолетовый
  </color>
  <material>
   Шелк
  </material>
  <price>
   249147
  </price>
  <rating>
   3.99
  </rating>
  <reviews>
   456580
  </reviews>
  <new>
   -
  </new>
  <exclusive>
   no
  </exclusive>
  <sporty>
   yes
  </sporty>
 </clothing>
 <clothing>
  <id>
   471323620
  </id>
  <name>
   Ellesse Belts U-3492
  </name>
  <category>
   Belts
  </category>
  <size>
   XL
  </size>
  <color>
   Зеленый
  </color>
  <material>
   Шерсть
  </material>
  <price>
   513460
  </price>
  <rating>
   3.28
  </rating>
  <reviews>
   892499
  </reviews>
  <exclusive>
   yes
  </exclusive>
 </clothing>
 <clothing>
  <id>
   752502678
  </id>
  <name>
   Fila Umbrellas L-6467
  </name>
  <category>
   Umbrellas
  </category>
  <size>
   S
  </size>
  <color>
   Оранжевый
  </color>
  <material>
   Кожа
  </material>
  <price>
   608524
  </price>
  <rating>
   4.56
  </rating>
  <reviews>
   681257
  </reviews>
  <new>
   +
  </new>
  <exclusive>
   yes
  </exclusive>
 </clothing>
 <clothing>
  <id>
   733239241
  </id>
  <name>
   Brooks Handbags L-9559
  </name>
  <category>
   Handbags
  </category>
  <size>
   S
  </size>
  <color>
   Красный
  </color>
  <material>
   Вискоза
  </material>
  <price>
   124521
  </price>
  <rating>
   4.85
  </rating>
  <reviews>
   773807
  </reviews>
  <new>
   -
  </new>
  <sporty>
   yes
  </sporty>
 </clothing>
 <clothing>
  <id>
   942113382
  </id>
  <name>
   Adidas Pants X-4572
  </name>
  <category>
   Pants
  </category>
  <size>
   S
  </size>
  <color>
   Голубой
  </color>
  <material>
   Полиэстер
  </material>
  <price>
   767661
  </price>
  <rating>
   4.53
  </rating>
  <reviews>
   526426
  </reviews>
  <new>
   +
  </new>
  <exclusive>
   yes
  </exclusive>
  <sporty>
   no
  </sporty>
 </clothing>
 <clothing>
  <id>
   584290594
  </id>
  <name>
   Fila Jacket U-7288
  </name>
  <category>
   Jacket
  </category>
  <size>
   L
  </size>
  <color>
   Зеленый
  </color>
  <material>
   Шелк
  </material>
  <price>
   830045
  </price>
  <rating>
   1.14
  </rating>
  <reviews>
   374420
  </reviews>
  <new>
   -
  </new>
  <sporty>
   no
  </sporty>
 </clothing>
 <clothing>
  <id>
   687150813
  </id>
  <name>
   DC Handbags R-2773
  </name>
  <category>
   Handbags
  </category>
  <size>
   S
  </size>
  <color>
   Красный
  </color>
  <material>
   Вискоза
  </material>
  <price>
   190009
  </price>
  <rating>
   3.87
  </rating>
  <reviews>
   758763
  </reviews>
  <new>
   +
  </new>
  <exclusive>
   no
  </exclusive>
  <sporty>
   no
  </sporty>
 </clothing>
 <clothing>
  <id>
   417142120
  </id>
  <name>
   Nike Jacket H-1031
  </name>
  <category>
   Jacket
  </category>
  <size>
   XL
  </size>
  <color>
   Синий
  </color>
  <material>
   Лен
  </material>
  <price>
   674547
  </price>
  <rating>
   2.49
  </rating>
  <reviews>
   256023
  </reviews>
  <new>
   -
  </new>
  <exclusive>
   yes
  </exclusive>
  <sporty>
   no
  </sporty>
 </clothing>
 <clothing>
  <id>
   614942368
  </id>
  <name>
   Reebok Blouse K-5049
  </name>
  <category>
   Blouse
  </category>
  <size>
   S
  </size>
  <color>
   Синий
  </color>
  <material>
   Кожа
  </material>
  <price>
   843569
  </price>
  <rating>
   4.94
  </rating>
  <reviews>
   977876
  </reviews>
  <new>
   -
  </new>
 </clothing>
</clothing-items>
