<?xml version="1.0" encoding="utf-8"?>
<clothing-items>
 <clothing>
  <id>
   784074500
  </id>
  <name>
   Fila Jacket J-1421
  </name>
  <category>
   Jacket
  </category>
  <size>
   L
  </size>
  <color>
   Фиолетовый
  </color>
  <material>
   Лен
  </material>
  <price>
   380069
  </price>
  <rating>
   1.16
  </rating>
  <reviews>
   572937
  </reviews>
  <exclusive>
   no
  </exclusive>
  <sporty>
   no
  </sporty>
 </clothing>
 <clothing>
  <id>
   761894808
  </id>
  <name>
   New Balance Umbrellas M-9370
  </name>
  <category>
   Umbrellas
  </category>
  <size>
   L
  </size>
  <color>
   Желтый
  </color>
  <material>
   Шелк
  </material>
  <price>
   799881
  </price>
  <rating>
   1.47
  </rating>
  <reviews>
   131639
  </reviews>
  <new>
   +
  </new>
  <exclusive>
   no
  </exclusive>
  <sporty>
   yes
  </sporty>
 </clothing>
 <clothing>
  <id>
   981082571
  </id>
  <name>
   Under Armour Gloves J-4732
  </name>
  <category>
   Gloves
  </category>
  <size>
   S
  </size>
  <color>
   Фиолетовый
  </color>
  <material>
   Хлопок
  </material>
  <price>
   341569
  </price>
  <rating>
   1.6
  </rating>
  <reviews>
   648411
  </reviews>
  <new>
   +
  </new>
  <exclusive>
   yes
  </exclusive>
  <sporty>
   no
  </sporty>
 </clothing>
 <clothing>
  <id>
   178489301
  </id>
  <name>
   DC Shirt G-2387
  </name>
  <category>
   Shirt
  </category>
  <size>
   XXL
  </size>
  <color>
   Зеленый
  </color>
  <material>
   Вискоза
  </material>
  <price>
   578454
  </price>
  <rating>
   3.02
  </rating>
  <reviews>
   750347
  </reviews>
  <new>
   -
  </new>
  <sporty>
   no
  </sporty>
 </clothing>
 <clothing>
  <id>
   294396227
  </id>
  <name>
   Under Armour Sweater W-2727
  </name>
  <category>
   Sweater
  </category>
  <size>
   L
  </size>
  <color>
   Синий
  </color>
  <material>
   Шерсть
  </material>
  <price>
   232272
  </price>
  <rating>
   3.82
  </rating>
  <reviews>
   477467
  </reviews>
  <new>
   -
  </new>
  <exclusive>
   no
  </exclusive>
  <sporty>
   yes
  </sporty>
 </clothing>
 <clothing>
  <id>
   379087877
  </id>
  <name>
   Converse Hat R-6983
  </name>
  <category>
   Hat
  </category>
  <size>
   XXL
  </size>
  <color>
   Желтый
  </color>
  <material>
   Шерсть
  </material>
  <price>
   452628
  </price>
  <rating>
   4.39
  </rating>
  <reviews>
   253445
  </reviews>
  <new>
   +
  </new>
  <exclusive>
   yes
  </exclusive>
  <sporty>
   yes
  </sporty>
 </clothing>
 <clothing>
  <id>
   311995028
  </id>
  <name>
   Fila Dress R-7091
  </name>
  <category>
   Dress
  </category>
  <size>
   M
  </size>
  <color>
   Фиолетовый
  </color>
  <material>
   Шелк
  </material>
  <price>
   738991
  </price>
  <rating>
   4.25
  </rating>
  <reviews>
   192957
  </reviews>
  <sporty>
   no
  </sporty>
 </clothing>
 <clothing>
  <id>
   148970228
  </id>
  <name>
   Reebok Umbrellas C-7064
  </name>
  <category>
   Umbrellas
  </category>
  <size>
   S
  </size>
  <color>
   Красный
  </color>
  <material>
   Нейлон
  </material>
  <price>
   279866
  </price>
  <rating>
   3.92
  </rating>
  <reviews>
   428954
  </reviews>
  <new>
   -
  </new>
  <exclusive>
   yes
  </exclusive>
  <sporty>
   no
  </sporty>
 </clothing>
 <clothing>
  <id>
   476849445
  </id>
  <name>
   Puma Jeans R-6855
  </name>
  <category>
   Jeans
  </category>
  <size>
   M
  </size>
  <color>
   Фиолетовый
  </color>
  <material>
   Лен
  </material>
  <price>
   187322
  </price>
  <rating>
   3.67
  </rating>
  <reviews>
   635892
  </reviews>
  <sporty>
   no
  </sporty>
 </clothing>
 <clothing>
  <id>
   681398409
  </id>
  <name>
   Lacoste Socks L-5531
  </name>
  <category>
   Socks
  </category>
  <size>
   S
  </size>
  <color>
   Фиолетовый
  </color>
  <material>
   Шерсть
  </material>
  <price>
   445373
  </price>
  <rating>
   2.83
  </rating>
  <reviews>
   393923
  </reviews>
 </clothing>
 <clothing>
  <id>
   682836560
  </id>
  <name>
   Under Armour T-shirt B-4546
  </name>
  <category>
   T-shirt
  </category>
  <size>
   M
  </size>
  <color>
   Красный
  </color>
  <material>
   Шелк
  </material>
  <price>
   581299
  </price>
  <rating>
   2.04
  </rating>
  <reviews>
   11123
  </reviews>
  <new>
   +
  </new>
  <exclusive>
   no
  </exclusive>
 </clothing>
 <clothing>
  <id>
   457666719
  </id>
  <name>
   New Balance Jeans A-2046
  </name>
  <category>
   Jeans
  </category>
  <size>
   XXL
  </size>
  <color>
   Фиолетовый
  </color>
  <material>
   Кожа
  </material>
  <price>
   772288
  </price>
  <rating>
   2.18
  </rating>
  <reviews>
   160705
  </reviews>
  <sporty>
   yes
  </sporty>
 </clothing>
 <clothing>
  <id>
   449892895
  </id>
  <name>
   Puma Jeans U-6068
  </name>
  <category>
   Jeans
  </category>
  <size>
   M
  </size>
  <color>
   Оранжевый
  </color>
  <material>
   Вискоза
  </material>
  <price>
   976656
  </price>
  <rating>
   2.53
  </rating>
  <reviews>
   686728
  </reviews>
  <new>
   +
  </new>
  <exclusive>
   no
  </exclusive>
 </clothing>
 <clothing>
  <id>
   874914191
  </id>
  <name>
   Converse Sweater V-6621
  </name>
  <category>
   Sweater
  </category>
  <size>
   XL
  </size>
  <color>
   Зеленый
  </color>
  <material>
   Кожа
  </material>
  <price>
   933632
  </price>
  <rating>
   2.22
  </rating>
  <reviews>
   69571
  </reviews>
  <exclusive>
   yes
  </exclusive>
 </clothing>
 <clothing>
  <id>
   450863781
  </id>
  <name>
   Addidas Shoes O-1290
  </name>
  <category>
   Shoes
  </category>
  <size>
   S
  </size>
  <color>
   Фиолетовый
  </color>
  <material>
   Полиэстер
  </material>
  <price>
   378546
  </price>
  <rating>
   2.83
  </rating>
  <reviews>
   291595
  </reviews>
  <new>
   +
  </new>
  <exclusive>
   yes
  </exclusive>
  <sporty>
   no
  </sporty>
 </clothing>
 <clothing>
  <id>
   288949863
  </id>
  <name>
   New Balance Jacket W-3006
  </name>
  <category>
   Jacket
  </category>
  <size>
   XL
  </size>
  <color>
   Желтый
  </color>
  <material>
   Кожа
  </material>
  <price>
   538179
  </price>
  <rating>
   4.45
  </rating>
  <reviews>
   37871
  </reviews>
  <new>
   -
  </new>
  <exclusive>
   yes
  </exclusive>
 </clothing>
 <clothing>
  <id>
   766460734
  </id>
  <name>
   Vans Dress X-6884
  </name>
  <category>
   Dress
  </category>
  <size>
   XL
  </size>
  <color>
   Зеленый
  </color>
  <material>
   Полиэстер
  </material>
  <price>
   890454
  </price>
  <rating>
   4.32
  </rating>
  <reviews>
   936715
  </reviews>
  <new>
   -
  </new>
  <exclusive>
   no
  </exclusive>
  <sporty>
   yes
  </sporty>
 </clothing>
 <clothing>
  <id>
   870318336
  </id>
  <name>
   DC Shoes Q-4517
  </name>
  <category>
   Shoes
  </category>
  <size>
   S
  </size>
  <color>
   Желтый
  </color>
  <material>
   Шерсть
  </material>
  <price>
   880822
  </price>
  <rating>
   1.24
  </rating>
  <reviews>
   999966
  </reviews>
  <new>
   +
  </new>
  <exclusive>
   yes
  </exclusive>
 </clothing>
 <clothing>
  <id>
   989892332
  </id>
  <name>
   Asics Jeans B-7210
  </name>
  <category>
   Jeans
  </category>
  <size>
   XXL
  </size>
  <color>
   Зеленый
  </color>
  <material>
   Вискоза
  </material>
  <price>
   320821
  </price>
  <rating>
   3.44
  </rating>
  <reviews>
   669883
  </reviews>
 </clothing>
 <clothing>
  <id>
   108697575
  </id>
  <name>
   Asics Socks A-6161
  </name>
  <category>
   Socks
  </category>
  <size>
   S
  </size>
  <color>
   Голубой
  </color>
  <material>
   Шерсть
  </material>
  <price>
   324364
  </price>
  <rating>
   3.7
  </rating>
  <reviews>
   166068
  </reviews>
 </clothing>
 <clothing>
  <id>
   400141712
  </id>
  <name>
   Puma Gloves Q-5713
  </name>
  <category>
   Gloves
  </category>
  <size>
   L
  </size>
  <color>
   Синий
  </color>
  <material>
   Шерсть
  </material>
  <price>
   117965
  </price>
  <rating>
   3.87
  </rating>
  <reviews>
   82895
  </reviews>
  <exclusive>
   no
  </exclusive>
  <sporty>
   no
  </sporty>
 </clothing>
</clothing-items>
