<?xml version="1.0" encoding="utf-8"?>
<clothing-items>
 <clothing>
  <id>
   786538172
  </id>
  <name>
   Lacoste Belts W-6906
  </name>
  <category>
   Belts
  </category>
  <size>
   L
  </size>
  <color>
   Зеленый
  </color>
  <material>
   Полиэстер
  </material>
  <price>
   863448
  </price>
  <rating>
   3.6
  </rating>
  <reviews>
   88668
  </reviews>
  <new>
   -
  </new>
  <exclusive>
   no
  </exclusive>
 </clothing>
 <clothing>
  <id>
   671435873
  </id>
  <name>
   Puma Umbrellas V-3588
  </name>
  <category>
   Umbrellas
  </category>
  <size>
   XL
  </size>
  <color>
   Красный
  </color>
  <material>
   Вискоза
  </material>
  <price>
   673226
  </price>
  <rating>
   3.82
  </rating>
  <reviews>
   614221
  </reviews>
  <exclusive>
   yes
  </exclusive>
  <sporty>
   no
  </sporty>
 </clothing>
 <clothing>
  <id>
   555223816
  </id>
  <name>
   Lacoste Blouse Q-3036
  </name>
  <category>
   Blouse
  </category>
  <size>
   L
  </size>
  <color>
   Оранжевый
  </color>
  <material>
   Лен
  </material>
  <price>
   576316
  </price>
  <rating>
   3.48
  </rating>
  <reviews>
   989530
  </reviews>
  <new>
   -
  </new>
  <exclusive>
   no
  </exclusive>
  <sporty>
   no
  </sporty>
 </clothing>
 <clothing>
  <id>
   789628147
  </id>
  <name>
   Puma Shoes H-3742
  </name>
  <category>
   Shoes
  </category>
  <size>
   XXL
  </size>
  <color>
   Зеленый
  </color>
  <material>
   Кожа
  </material>
  <price>
   995365
  </price>
  <rating>
   4.84
  </rating>
  <reviews>
   539643
  </reviews>
  <exclusive>
   no
  </exclusive>
 </clothing>
 <clothing>
  <id>
   148829127
  </id>
  <name>
   Vans Shirt H-9746
  </name>
  <category>
   Shirt
  </category>
  <size>
   XXL
  </size>
  <color>
   Красный
  </color>
  <material>
   Лен
  </material>
  <price>
   878599
  </price>
  <rating>
   2.53
  </rating>
  <reviews>
   949708
  </reviews>
  <new>
   -
  </new>
  <exclusive>
   yes
  </exclusive>
 </clothing>
 <clothing>
  <id>
   469612415
  </id>
  <name>
   DC Shoes A-9233
  </name>
  <category>
   Shoes
  </category>
  <size>
   XXL
  </size>
  <color>
   Оранжевый
  </color>
  <material>
   Шелк
  </material>
  <price>
   492766
  </price>
  <rating>
   2.59
  </rating>
  <reviews>
   764191
  </reviews>
  <exclusive>
   no
  </exclusive>
  <sporty>
   yes
  </sporty>
 </clothing>
 <clothing>
  <id>
   990321175
  </id>
  <name>
   Ellesse Umbrellas K-5516
  </name>
  <category>
   Umbrellas
  </category>
  <size>
   XL
  </size>
  <color>
   Желтый
  </color>
  <material>
   Шелк
  </material>
  <price>
   806467
  </price>
  <rating>
   3.74
  </rating>
  <reviews>
   173803
  </reviews>
  <exclusive>
   no
  </exclusive>
  <sporty>
   yes
  </sporty>
 </clothing>
 <clothing>
  <id>
   215036694
  </id>
  <name>
   Reebok Gloves D-1910
  </name>
  <category>
   Gloves
  </category>
  <size>
   S
  </size>
  <color>
   Голубой
  </color>
  <material>
   Лен
  </material>
  <price>
   216816
  </price>
  <rating>
   3.55
  </rating>
  <reviews>
   634403
  </reviews>
  <exclusive>
   no
  </exclusive>
  <sporty>
   no
  </sporty>
 </clothing>
 <clothing>
  <id>
   248640233
  </id>
  <name>
   Lacoste Socks G-4642
  </name>
  <category>
   Socks
  </category>
  <size>
   M
  </size>
  <color>
   Синий
  </color>
  <material>
   Полиэстер
  </material>
  <price>
   777522
  </price>
  <rating>
   4.62
  </rating>
  <reviews>
   49118
  </reviews>
  <new>
   -
  </new>
  <exclusive>
   yes
  </exclusive>
  <sporty>
   no
  </sporty>
 </clothing>
 <clothing>
  <id>
   472551105
  </id>
  <name>
   Converse Hat K-5036
  </name>
  <category>
   Hat
  </category>
  <size>
   XL
  </size>
  <color>
   Красный
  </color>
  <material>
   Шелк
  </material>
  <price>
   648209
  </price>
  <rating>
   3.53
  </rating>
  <reviews>
   597811
  </reviews>
  <new>
   +
  </new>
  <exclusive>
   no
  </exclusive>
  <sporty>
   no
  </sporty>
 </clothing>
 <clothing>
  <id>
   611379283
  </id>
  <name>
   Fila Belts J-4581
  </name>
  <category>
   Belts
  </category>
  <size>
   XL
  </size>
  <color>
   Голубой
  </color>
  <material>
   Полиэстер
  </material>
  <price>
   365930
  </price>
  <rating>
   2.48
  </rating>
  <reviews>
   47550
  </reviews>
  <exclusive>
   no
  </exclusive>
  <sporty>
   yes
  </sporty>
 </clothing>
 <clothing>
  <id>
   458519623
  </id>
  <name>
   Under Armour Shoes T-2068
  </name>
  <category>
   Shoes
  </category>
  <size>
   L
  </size>
  <color>
   Фиолетовый
  </color>
  <material>
   Кожа
  </material>
  <price>
   225227
  </price>
  <rating>
   2.56
  </rating>
  <reviews>
   525672
  </reviews>
  <new>
   +
  </new>
  <sporty>
   no
  </sporty>
 </clothing>
 <clothing>
  <id>
   583399438
  </id>
  <name>
   New Balance Belts Q-5498
  </name>
  <category>
   Belts
  </category>
  <size>
   XL
  </size>
  <color>
   Фиолетовый
  </color>
  <material>
   Нейлон
  </material>
  <price>
   802297
  </price>
  <rating>
   1.63
  </rating>
  <reviews>
   881589
  </reviews>
  <new>
   -
  </new>
  <exclusive>
   no
  </exclusive>
  <sporty>
   no
  </sporty>
 </clothing>
 <clothing>
  <id>
   858256754
  </id>
  <name>
   Asics T-shirt C-2365
  </name>
  <category>
   T-shirt
  </category>
  <size>
   L
  </size>
  <color>
   Зеленый
  </color>
  <material>
   Вискоза
  </material>
  <price>
   675611
  </price>
  <rating>
   2.67
  </rating>
  <reviews>
   70448
  </reviews>
  <new>
   -
  </new>
  <sporty>
   no
  </sporty>
 </clothing>
 <clothing>
  <id>
   682859969
  </id>
  <name>
   Puma Blouse Q-3078
  </name>
  <category>
   Blouse
  </category>
  <size>
   XL
  </size>
  <color>
   Красный
  </color>
  <material>
   Полиэстер
  </material>
  <price>
   742408
  </price>
  <rating>
   2.96
  </rating>
  <reviews>
   520556
  </reviews>
  <new>
   -
  </new>
  <exclusive>
   yes
  </exclusive>
  <sporty>
   no
  </sporty>
 </clothing>
 <clothing>
  <id>
   977797012
  </id>
  <name>
   Addidas Socks N-3573
  </name>
  <category>
   Socks
  </category>
  <size>
   XXL
  </size>
  <color>
   Желтый
  </color>
  <material>
   Полиэстер
  </material>
  <price>
   604465
  </price>
  <rating>
   2.13
  </rating>
  <reviews>
   876698
  </reviews>
  <exclusive>
   no
  </exclusive>
  <sporty>
   no
  </sporty>
 </clothing>
 <clothing>
  <id>
   477557845
  </id>
  <name>
   Under Armour Belts G-6647
  </name>
  <category>
   Belts
  </category>
  <size>
   XL
  </size>
  <color>
   Фиолетовый
  </color>
  <material>
   Нейлон
  </material>
  <price>
   637661
  </price>
  <rating>
   4.29
  </rating>
  <reviews>
   756243
  </reviews>
 </clothing>
 <clothing>
  <id>
   516010799
  </id>
  <name>
   Brooks Jacket N-9358
  </name>
  <category>
   Jacket
  </category>
  <size>
   XL
  </size>
  <color>
   Голубой
  </color>
  <material>
   Нейлон
  </material>
  <price>
   816228
  </price>
  <rating>
   1.68
  </rating>
  <reviews>
   225491
  </reviews>
  <new>
   -
  </new>
  <exclusive>
   yes
  </exclusive>
  <sporty>
   no
  </sporty>
 </clothing>
 <clothing>
  <id>
   706836011
  </id>
  <name>
   Converse Socks G-8711
  </name>
  <category>
   Socks
  </category>
  <size>
   M
  </size>
  <color>
   Синий
  </color>
  <material>
   Лен
  </material>
  <price>
   168020
  </price>
  <rating>
   2.02
  </rating>
  <reviews>
   277693
  </reviews>
  <new>
   -
  </new>
  <sporty>
   yes
  </sporty>
 </clothing>
 <clothing>
  <id>
   361928361
  </id>
  <name>
   DC Blouse L-2815
  </name>
  <category>
   Blouse
  </category>
  <size>
   M
  </size>
  <color>
   Фиолетовый
  </color>
  <material>
   Лен
  </material>
  <price>
   675917
  </price>
  <rating>
   2.42
  </rating>
  <reviews>
   586985
  </reviews>
  <sporty>
   no
  </sporty>
 </clothing>
 <clothing>
  <id>
   900909745
  </id>
  <name>
   Addidas Dress Q-8043
  </name>
  <category>
   Dress
  </category>
  <size>
   XXL
  </size>
  <color>
   Фиолетовый
  </color>
  <material>
   Лен
  </material>
  <price>
   362265
  </price>
  <rating>
   2.25
  </rating>
  <reviews>
   956968
  </reviews>
 </clothing>
 <clothing>
  <id>
   305359741
  </id>
  <name>
   Lacoste Skirt D-7451
  </name>
  <category>
   Skirt
  </category>
  <size>
   M
  </size>
  <color>
   Фиолетовый
  </color>
  <material>
   Полиэстер
  </material>
  <price>
   543211
  </price>
  <rating>
   3.46
  </rating>
  <reviews>
   863013
  </reviews>
  <new>
   -
  </new>
 </clothing>
 <clothing>
  <id>
   810345430
  </id>
  <name>
   Nike Shirt D-8788
  </name>
  <category>
   Shirt
  </category>
  <size>
   XXL
  </size>
  <color>
   Голубой
  </color>
  <material>
   Лен
  </material>
  <price>
   349280
  </price>
  <rating>
   3.04
  </rating>
  <reviews>
   817140
  </reviews>
  <exclusive>
   no
  </exclusive>
  <sporty>
   yes
  </sporty>
 </clothing>
 <clothing>
  <id>
   424769503
  </id>
  <name>
   Ellesse Sweater Z-5534
  </name>
  <category>
   Sweater
  </category>
  <size>
   XL
  </size>
  <color>
   Красный
  </color>
  <material>
   Кожа
  </material>
  <price>
   699234
  </price>
  <rating>
   4.65
  </rating>
  <reviews>
   578925
  </reviews>
  <new>
   +
  </new>
  <exclusive>
   yes
  </exclusive>
 </clothing>
 <clothing>
  <id>
   669914313
  </id>
  <name>
   PleinSport Skirt W-9433
  </name>
  <category>
   Skirt
  </category>
  <size>
   S
  </size>
  <color>
   Желтый
  </color>
  <material>
   Лен
  </material>
  <price>
   773136
  </price>
  <rating>
   4.71
  </rating>
  <reviews>
   22047
  </reviews>
  <sporty>
   no
  </sporty>
 </clothing>
 <clothing>
  <id>
   684717440
  </id>
  <name>
   Puma Shoes F-7117
  </name>
  <category>
   Shoes
  </category>
  <size>
   XL
  </size>
  <color>
   Синий
  </color>
  <material>
   Шелк
  </material>
  <price>
   635611
  </price>
  <rating>
   3.43
  </rating>
  <reviews>
   46507
  </reviews>
  <new>
   +
  </new>
  <exclusive>
   no
  </exclusive>
  <sporty>
   no
  </sporty>
 </clothing>
 <clothing>
  <id>
   612748552
  </id>
  <name>
   Puma Jeans O-6369
  </name>
  <category>
   Jeans
  </category>
  <size>
   L
  </size>
  <color>
   Красный
  </color>
  <material>
   Шерсть
  </material>
  <price>
   702443
  </price>
  <rating>
   3.8
  </rating>
  <reviews>
   717238
  </reviews>
  <sporty>
   yes
  </sporty>
 </clothing>
 <clothing>
  <id>
   486363906
  </id>
  <name>
   Asics Belts Q-1773
  </name>
  <category>
   Belts
  </category>
  <size>
   XL
  </size>
  <color>
   Оранжевый
  </color>
  <material>
   Шелк
  </material>
  <price>
   197837
  </price>
  <rating>
   1.02
  </rating>
  <reviews>
   65522
  </reviews>
  <new>
   -
  </new>
  <exclusive>
   no
  </exclusive>
 </clothing>
 <clothing>
  <id>
   900553566
  </id>
  <name>
   Vans Blouse C-2851
  </name>
  <category>
   Blouse
  </category>
  <size>
   L
  </size>
  <color>
   Оранжевый
  </color>
  <material>
   Шерсть
  </material>
  <price>
   314195
  </price>
  <rating>
   3.19
  </rating>
  <reviews>
   497013
  </reviews>
  <exclusive>
   no
  </exclusive>
 </clothing>
 <clothing>
  <id>
   998386203
  </id>
  <name>
   New Balance Jacket O-3147
  </name>
  <category>
   Jacket
  </category>
  <size>
   M
  </size>
  <color>
   Желтый
  </color>
  <material>
   Вискоза
  </material>
  <price>
   293580
  </price>
  <rating>
   3.97
  </rating>
  <reviews>
   433147
  </reviews>
  <exclusive>
   yes
  </exclusive>
 </clothing>
 <clothing>
  <id>
   586857984
  </id>
  <name>
   Ellesse Jacket F-5454
  </name>
  <category>
   Jacket
  </category>
  <size>
   XL
  </size>
  <color>
   Голубой
  </color>
  <material>
   Полиэстер
  </material>
  <price>
   935443
  </price>
  <rating>
   2.16
  </rating>
  <reviews>
   311601
  </reviews>
  <sporty>
   no
  </sporty>
 </clothing>
 <clothing>
  <id>
   414852705
  </id>
  <name>
   Adidas Belts Y-3211
  </name>
  <category>
   Belts
  </category>
  <size>
   M
  </size>
  <color>
   Голубой
  </color>
  <material>
   Кожа
  </material>
  <price>
   599942
  </price>
  <rating>
   2.55
  </rating>
  <reviews>
   806527
  </reviews>
  <exclusive>
   yes
  </exclusive>
 </clothing>
 <clothing>
  <id>
   783926220
  </id>
  <name>
   Under Armour Belts T-6185
  </name>
  <category>
   Belts
  </category>
  <size>
   L
  </size>
  <color>
   Желтый
  </color>
  <material>
   Шелк
  </material>
  <price>
   102467
  </price>
  <rating>
   1.18
  </rating>
  <reviews>
   857372
  </reviews>
  <new>
   -
  </new>
  <exclusive>
   no
  </exclusive>
  <sporty>
   yes
  </sporty>
 </clothing>
 <clothing>
  <id>
   155310604
  </id>
  <name>
   Ellesse Umbrellas M-6716
  </name>
  <category>
   Umbrellas
  </category>
  <size>
   XL
  </size>
  <color>
   Синий
  </color>
  <material>
   Лен
  </material>
  <price>
   277311
  </price>
  <rating>
   3.68
  </rating>
  <reviews>
   186703
  </reviews>
  <new>
   -
  </new>
  <exclusive>
   yes
  </exclusive>
  <sporty>
   no
  </sporty>
 </clothing>
 <clothing>
  <id>
   365057770
  </id>
  <name>
   Brooks Blouse N-9758
  </name>
  <category>
   Blouse
  </category>
  <size>
   XL
  </size>
  <color>
   Фиолетовый
  </color>
  <material>
   Лен
  </material>
  <price>
   169659
  </price>
  <rating>
   2.53
  </rating>
  <reviews>
   745018
  </reviews>
  <new>
   -
  </new>
  <exclusive>
   no
  </exclusive>
  <sporty>
   no
  </sporty>
 </clothing>
 <clothing>
  <id>
   486604310
  </id>
  <name>
   DC Hat W-9153
  </name>
  <category>
   Hat
  </category>
  <size>
   XL
  </size>
  <color>
   Голубой
  </color>
  <material>
   Вискоза
  </material>
  <price>
   473461
  </price>
  <rating>
   4.95
  </rating>
  <reviews>
   290006
  </reviews>
  <new>
   -
  </new>
  <exclusive>
   no
  </exclusive>
  <sporty>
   no
  </sporty>
 </clothing>
 <clothing>
  <id>
   149794126
  </id>
  <name>
   Nike Gloves T-8160
  </name>
  <category>
   Gloves
  </category>
  <size>
   L
  </size>
  <color>
   Зеленый
  </color>
  <material>
   Шерсть
  </material>
  <price>
   312157
  </price>
  <rating>
   3.04
  </rating>
  <reviews>
   302194
  </reviews>
  <sporty>
   no
  </sporty>
 </clothing>
 <clothing>
  <id>
   619671010
  </id>
  <name>
   Brooks Blouse E-4327
  </name>
  <category>
   Blouse
  </category>
  <size>
   XL
  </size>
  <color>
   Синий
  </color>
  <material>
   Нейлон
  </material>
  <price>
   485018
  </price>
  <rating>
   1.1
  </rating>
  <reviews>
   243483
  </reviews>
  <new>
   -
  </new>
  <sporty>
   no
  </sporty>
 </clothing>
 <clothing>
  <id>
   814416850
  </id>
  <name>
   Fila Shirt H-1226
  </name>
  <category>
   Shirt
  </category>
  <size>
   XL
  </size>
  <color>
   Оранжевый
  </color>
  <material>
   Нейлон
  </material>
  <price>
   936412
  </price>
  <rating>
   3.63
  </rating>
  <reviews>
   97273
  </reviews>
  <new>
   -
  </new>
  <exclusive>
   yes
  </exclusive>
  <sporty>
   no
  </sporty>
 </clothing>
 <clothing>
  <id>
   547540763
  </id>
  <name>
   Brooks Socks Z-2123
  </name>
  <category>
   Socks
  </category>
  <size>
   L
  </size>
  <color>
   Фиолетовый
  </color>
  <material>
   Вискоза
  </material>
  <price>
   689028
  </price>
  <rating>
   4.36
  </rating>
  <reviews>
   633459
  </reviews>
  <new>
   -
  </new>
 </clothing>
 <clothing>
  <id>
   202929103
  </id>
  <name>
   DC Jacket W-9792
  </name>
  <category>
   Jacket
  </category>
  <size>
   M
  </size>
  <color>
   Голубой
  </color>
  <material>
   Хлопок
  </material>
  <price>
   175880
  </price>
  <rating>
   1.3
  </rating>
  <reviews>
   939132
  </reviews>
 </clothing>
 <clothing>
  <id>
   775663405
  </id>
  <name>
   PleinSport T-shirt Z-4750
  </name>
  <category>
   T-shirt
  </category>
  <size>
   XL
  </size>
  <color>
   Синий
  </color>
  <material>
   Шелк
  </material>
  <price>
   116842
  </price>
  <rating>
   1.89
  </rating>
  <reviews>
   782144
  </reviews>
  <new>
   +
  </new>
  <exclusive>
   yes
  </exclusive>
  <sporty>
   yes
  </sporty>
 </clothing>
 <clothing>
  <id>
   160855744
  </id>
  <name>
   Under Armour Blouse M-2125
  </name>
  <category>
   Blouse
  </category>
  <size>
   S
  </size>
  <color>
   Голубой
  </color>
  <material>
   Кожа
  </material>
  <price>
   702261
  </price>
  <rating>
   3.67
  </rating>
  <reviews>
   762189
  </reviews>
  <new>
   +
  </new>
  <exclusive>
   no
  </exclusive>
  <sporty>
   no
  </sporty>
 </clothing>
 <clothing>
  <id>
   100866733
  </id>
  <name>
   Vans Blouse P-4555
  </name>
  <category>
   Blouse
  </category>
  <size>
   L
  </size>
  <color>
   Зеленый
  </color>
  <material>
   Нейлон
  </material>
  <price>
   157991
  </price>
  <rating>
   2.9
  </rating>
  <reviews>
   563777
  </reviews>
  <sporty>
   yes
  </sporty>
 </clothing>
 <clothing>
  <id>
   869671687
  </id>
  <name>
   Ellesse Gloves E-3454
  </name>
  <category>
   Gloves
  </category>
  <size>
   S
  </size>
  <color>
   Желтый
  </color>
  <material>
   Вискоза
  </material>
  <price>
   405022
  </price>
  <rating>
   3.05
  </rating>
  <reviews>
   965922
  </reviews>
  <new>
   +
  </new>
  <sporty>
   yes
  </sporty>
 </clothing>
 <clothing>
  <id>
   900867182
  </id>
  <name>
   Ellesse Belts J-8470
  </name>
  <category>
   Belts
  </category>
  <size>
   M
  </size>
  <color>
   Синий
  </color>
  <material>
   Лен
  </material>
  <price>
   568184
  </price>
  <rating>
   3.49
  </rating>
  <reviews>
   846700
  </reviews>
  <new>
   -
  </new>
  <sporty>
   yes
  </sporty>
 </clothing>
 <clothing>
  <id>
   160631345
  </id>
  <name>
   Reebok Sweater B-7824
  </name>
  <category>
   Sweater
  </category>
  <size>
   XXL
  </size>
  <color>
   Синий
  </color>
  <material>
   Нейлон
  </material>
  <price>
   603464
  </price>
  <rating>
   1.04
  </rating>
  <reviews>
   296425
  </reviews>
  <new>
   +
  </new>
 </clothing>
 <clothing>
  <id>
   854871654
  </id>
  <name>
   New Balance Pants L-5893
  </name>
  <category>
   Pants
  </category>
  <size>
   XL
  </size>
  <color>
   Оранжевый
  </color>
  <material>
   Нейлон
  </material>
  <price>
   122680
  </price>
  <rating>
   3.96
  </rating>
  <reviews>
   656942
  </reviews>
  <new>
   -
  </new>
  <exclusive>
   no
  </exclusive>
  <sporty>
   no
  </sporty>
 </clothing>
 <clothing>
  <id>
   923703389
  </id>
  <name>
   Asics T-shirt P-8878
  </name>
  <category>
   T-shirt
  </category>
  <size>
   XL
  </size>
  <color>
   Синий
  </color>
  <material>
   Шелк
  </material>
  <price>
   581197
  </price>
  <rating>
   1.17
  </rating>
  <reviews>
   455148
  </reviews>
  <new>
   +
  </new>
  <sporty>
   yes
  </sporty>
 </clothing>
 <clothing>
  <id>
   986517720
  </id>
  <name>
   PleinSport Belts C-6422
  </name>
  <category>
   Belts
  </category>
  <size>
   XL
  </size>
  <color>
   Фиолетовый
  </color>
  <material>
   Лен
  </material>
  <price>
   247271
  </price>
  <rating>
   2.47
  </rating>
  <reviews>
   301658
  </reviews>
  <sporty>
   yes
  </sporty>
 </clothing>
</clothing-items>
