<?xml version="1.0" encoding="utf-8"?>
<clothing-items>
 <clothing>
  <id>
   951581309
  </id>
  <name>
   Nike Handbags D-6494
  </name>
  <category>
   Handbags
  </category>
  <size>
   XXL
  </size>
  <color>
   Оранжевый
  </color>
  <material>
   Кожа
  </material>
  <price>
   218383
  </price>
  <rating>
   3.83
  </rating>
  <reviews>
   540067
  </reviews>
  <new>
   +
  </new>
 </clothing>
 <clothing>
  <id>
   512015698
  </id>
  <name>
   Ellesse Dress T-3849
  </name>
  <category>
   Dress
  </category>
  <size>
   M
  </size>
  <color>
   Синий
  </color>
  <material>
   Кожа
  </material>
  <price>
   355902
  </price>
  <rating>
   1.39
  </rating>
  <reviews>
   935669
  </reviews>
  <new>
   +
  </new>
  <exclusive>
   no
  </exclusive>
 </clothing>
 <clothing>
  <id>
   783251608
  </id>
  <name>
   Asics Hat L-4474
  </name>
  <category>
   Hat
  </category>
  <size>
   L
  </size>
  <color>
   Красный
  </color>
  <material>
   Кожа
  </material>
  <price>
   680035
  </price>
  <rating>
   4.06
  </rating>
  <reviews>
   985177
  </reviews>
  <new>
   +
  </new>
  <exclusive>
   no
  </exclusive>
 </clothing>
 <clothing>
  <id>
   175833902
  </id>
  <name>
   Puma Gloves G-1255
  </name>
  <category>
   Gloves
  </category>
  <size>
   XXL
  </size>
  <color>
   Голубой
  </color>
  <material>
   Хлопок
  </material>
  <price>
   837030
  </price>
  <rating>
   3.03
  </rating>
  <reviews>
   447189
  </reviews>
  <exclusive>
   no
  </exclusive>
  <sporty>
   yes
  </sporty>
 </clothing>
 <clothing>
  <id>
   238413685
  </id>
  <name>
   Nike Umbrellas A-1664
  </name>
  <category>
   Umbrellas
  </category>
  <size>
   XXL
  </size>
  <color>
   Красный
  </color>
  <material>
   Кожа
  </material>
  <price>
   596441
  </price>
  <rating>
   3.09
  </rating>
  <reviews>
   503563
  </reviews>
  <exclusive>
   no
  </exclusive>
  <sporty>
   yes
  </sporty>
 </clothing>
 <clothing>
  <id>
   764914591
  </id>
  <name>
   New Balance Hat J-4201
  </name>
  <category>
   Hat
  </category>
  <size>
   XL
  </size>
  <color>
   Красный
  </color>
  <material>
   Шелк
  </material>
  <price>
   393395
  </price>
  <rating>
   3.9
  </rating>
  <reviews>
   195933
  </reviews>
  <new>
   +
  </new>
  <exclusive>
   no
  </exclusive>
  <sporty>
   yes
  </sporty>
 </clothing>
 <clothing>
  <id>
   150977732
  </id>
  <name>
   Under Armour Skirt Z-2090
  </name>
  <category>
   Skirt
  </category>
  <size>
   M
  </size>
  <color>
   Оранжевый
  </color>
  <material>
   Лен
  </material>
  <price>
   886225
  </price>
  <rating>
   2.88
  </rating>
  <reviews>
   723625
  </reviews>
  <exclusive>
   no
  </exclusive>
  <sporty>
   no
  </sporty>
 </clothing>
 <clothing>
  <id>
   710246780
  </id>
  <name>
   Under Armour T-shirt V-4017
  </name>
  <category>
   T-shirt
  </category>
  <size>
   L
  </size>
  <color>
   Оранжевый
  </color>
  <material>
   Шелк
  </material>
  <price>
   837146
  </price>
  <rating>
   1.89
  </rating>
  <reviews>
   850567
  </reviews>
  <new>
   +
  </new>
 </clothing>
 <clothing>
  <id>
   464976498
  </id>
  <name>
   Nike Blouse Y-3016
  </name>
  <category>
   Blouse
  </category>
  <size>
   M
  </size>
  <color>
   Желтый
  </color>
  <material>
   Лен
  </material>
  <price>
   498336
  </price>
  <rating>
   2.16
  </rating>
  <reviews>
   148237
  </reviews>
  <new>
   -
  </new>
  <sporty>
   yes
  </sporty>
 </clothing>
 <clothing>
  <id>
   836232914
  </id>
  <name>
   PleinSport Handbags Z-6831
  </name>
  <category>
   Handbags
  </category>
  <size>
   XL
  </size>
  <color>
   Голубой
  </color>
  <material>
   Хлопок
  </material>
  <price>
   202497
  </price>
  <rating>
   5.0
  </rating>
  <reviews>
   873399
  </reviews>
  <new>
   -
  </new>
  <exclusive>
   no
  </exclusive>
  <sporty>
   yes
  </sporty>
 </clothing>
 <clothing>
  <id>
   905542226
  </id>
  <name>
   Converse Pants D-3060
  </name>
  <category>
   Pants
  </category>
  <size>
   S
  </size>
  <color>
   Красный
  </color>
  <material>
   Шелк
  </material>
  <price>
   334568
  </price>
  <rating>
   1.54
  </rating>
  <reviews>
   69315
  </reviews>
  <new>
   +
  </new>
 </clothing>
 <clothing>
  <id>
   371307530
  </id>
  <name>
   Vans Umbrellas K-3632
  </name>
  <category>
   Umbrellas
  </category>
  <size>
   S
  </size>
  <color>
   Оранжевый
  </color>
  <material>
   Лен
  </material>
  <price>
   961154
  </price>
  <rating>
   1.07
  </rating>
  <reviews>
   488200
  </reviews>
 </clothing>
 <clothing>
  <id>
   716355309
  </id>
  <name>
   DC Belts Y-4004
  </name>
  <category>
   Belts
  </category>
  <size>
   L
  </size>
  <color>
   Оранжевый
  </color>
  <material>
   Хлопок
  </material>
  <price>
   701026
  </price>
  <rating>
   4.89
  </rating>
  <reviews>
   957934
  </reviews>
 </clothing>
 <clothing>
  <id>
   251428348
  </id>
  <name>
   Nike Shoes Z-7683
  </name>
  <category>
   Shoes
  </category>
  <size>
   M
  </size>
  <color>
   Красный
  </color>
  <material>
   Кожа
  </material>
  <price>
   192890
  </price>
  <rating>
   4.94
  </rating>
  <reviews>
   971858
  </reviews>
  <new>
   -
  </new>
  <sporty>
   yes
  </sporty>
 </clothing>
 <clothing>
  <id>
   716181440
  </id>
  <name>
   Asics Shirt S-7225
  </name>
  <category>
   Shirt
  </category>
  <size>
   XXL
  </size>
  <color>
   Зеленый
  </color>
  <material>
   Лен
  </material>
  <price>
   216248
  </price>
  <rating>
   3.21
  </rating>
  <reviews>
   476570
  </reviews>
  <new>
   -
  </new>
  <exclusive>
   no
  </exclusive>
  <sporty>
   no
  </sporty>
 </clothing>
 <clothing>
  <id>
   440000608
  </id>
  <name>
   DC Shoes L-8601
  </name>
  <category>
   Shoes
  </category>
  <size>
   XXL
  </size>
  <color>
   Фиолетовый
  </color>
  <material>
   Кожа
  </material>
  <price>
   873149
  </price>
  <rating>
   4.63
  </rating>
  <reviews>
   133419
  </reviews>
  <new>
   -
  </new>
  <exclusive>
   yes
  </exclusive>
  <sporty>
   yes
  </sporty>
 </clothing>
 <clothing>
  <id>
   436448409
  </id>
  <name>
   Vans Dress T-3909
  </name>
  <category>
   Dress
  </category>
  <size>
   L
  </size>
  <color>
   Зеленый
  </color>
  <material>
   Лен
  </material>
  <price>
   616392
  </price>
  <rating>
   2.49
  </rating>
  <reviews>
   489966
  </reviews>
  <sporty>
   no
  </sporty>
 </clothing>
 <clothing>
  <id>
   509820704
  </id>
  <name>
   Ellesse Gloves S-4055
  </name>
  <category>
   Gloves
  </category>
  <size>
   M
  </size>
  <color>
   Оранжевый
  </color>
  <material>
   Шелк
  </material>
  <price>
   414314
  </price>
  <rating>
   4.92
  </rating>
  <reviews>
   264457
  </reviews>
  <new>
   -
  </new>
 </clothing>
 <clothing>
  <id>
   352652579
  </id>
  <name>
   Ellesse Shoes B-6484
  </name>
  <category>
   Shoes
  </category>
  <size>
   M
  </size>
  <color>
   Фиолетовый
  </color>
  <material>
   Кожа
  </material>
  <price>
   670204
  </price>
  <rating>
   3.58
  </rating>
  <reviews>
   248295
  </reviews>
  <new>
   -
  </new>
  <exclusive>
   no
  </exclusive>
  <sporty>
   yes
  </sporty>
 </clothing>
 <clothing>
  <id>
   969266426
  </id>
  <name>
   Ellesse Belts C-6140
  </name>
  <category>
   Belts
  </category>
  <size>
   S
  </size>
  <color>
   Желтый
  </color>
  <material>
   Кожа
  </material>
  <price>
   908062
  </price>
  <rating>
   3.5
  </rating>
  <reviews>
   838253
  </reviews>
  <new>
   +
  </new>
  <exclusive>
   no
  </exclusive>
  <sporty>
   yes
  </sporty>
 </clothing>
 <clothing>
  <id>
   745846515
  </id>
  <name>
   Asics Handbags Y-7585
  </name>
  <category>
   Handbags
  </category>
  <size>
   M
  </size>
  <color>
   Синий
  </color>
  <material>
   Вискоза
  </material>
  <price>
   510167
  </price>
  <rating>
   3.37
  </rating>
  <reviews>
   376043
  </reviews>
  <sporty>
   yes
  </sporty>
 </clothing>
 <clothing>
  <id>
   987034877
  </id>
  <name>
   Converse Dress U-5656
  </name>
  <category>
   Dress
  </category>
  <size>
   XL
  </size>
  <color>
   Зеленый
  </color>
  <material>
   Лен
  </material>
  <price>
   467896
  </price>
  <rating>
   2.93
  </rating>
  <reviews>
   555128
  </reviews>
  <new>
   -
  </new>
  <exclusive>
   no
  </exclusive>
 </clothing>
 <clothing>
  <id>
   456293795
  </id>
  <name>
   Vans Gloves L-1470
  </name>
  <category>
   Gloves
  </category>
  <size>
   L
  </size>
  <color>
   Голубой
  </color>
  <material>
   Полиэстер
  </material>
  <price>
   492506
  </price>
  <rating>
   3.65
  </rating>
  <reviews>
   92052
  </reviews>
  <new>
   -
  </new>
  <exclusive>
   no
  </exclusive>
 </clothing>
 <clothing>
  <id>
   232215442
  </id>
  <name>
   New Balance Pants O-6874
  </name>
  <category>
   Pants
  </category>
  <size>
   L
  </size>
  <color>
   Голубой
  </color>
  <material>
   Шелк
  </material>
  <price>
   125998
  </price>
  <rating>
   4.45
  </rating>
  <reviews>
   338249
  </reviews>
  <sporty>
   yes
  </sporty>
 </clothing>
 <clothing>
  <id>
   300220872
  </id>
  <name>
   Fila Blouse E-2045
  </name>
  <category>
   Blouse
  </category>
  <size>
   L
  </size>
  <color>
   Фиолетовый
  </color>
  <material>
   Кожа
  </material>
  <price>
   423385
  </price>
  <rating>
   4.26
  </rating>
  <reviews>
   665583
  </reviews>
  <sporty>
   yes
  </sporty>
 </clothing>
 <clothing>
  <id>
   144980080
  </id>
  <name>
   Converse Jeans B-6139
  </name>
  <category>
   Jeans
  </category>
  <size>
   S
  </size>
  <color>
   Красный
  </color>
  <material>
   Лен
  </material>
  <price>
   151467
  </price>
  <rating>
   3.85
  </rating>
  <reviews>
   752820
  </reviews>
  <new>
   -
  </new>
  <exclusive>
   no
  </exclusive>
 </clothing>
 <clothing>
  <id>
   145037805
  </id>
  <name>
   Fila Skirt V-4605
  </name>
  <category>
   Skirt
  </category>
  <size>
   L
  </size>
  <color>
   Красный
  </color>
  <material>
   Хлопок
  </material>
  <price>
   829569
  </price>
  <rating>
   4.72
  </rating>
  <reviews>
   665100
  </reviews>
  <new>
   +
  </new>
  <exclusive>
   no
  </exclusive>
  <sporty>
   no
  </sporty>
 </clothing>
 <clothing>
  <id>
   646534681
  </id>
  <name>
   Lacoste Blouse W-7523
  </name>
  <category>
   Blouse
  </category>
  <size>
   L
  </size>
  <color>
   Желтый
  </color>
  <material>
   Хлопок
  </material>
  <price>
   836086
  </price>
  <rating>
   4.28
  </rating>
  <reviews>
   632947
  </reviews>
  <exclusive>
   yes
  </exclusive>
 </clothing>
 <clothing>
  <id>
   537203835
  </id>
  <name>
   Puma Jacket O-4014
  </name>
  <category>
   Jacket
  </category>
  <size>
   XXL
  </size>
  <color>
   Фиолетовый
  </color>
  <material>
   Вискоза
  </material>
  <price>
   655251
  </price>
  <rating>
   4.91
  </rating>
  <reviews>
   448633
  </reviews>
  <new>
   +
  </new>
 </clothing>
</clothing-items>
