<?xml version="1.0" encoding="utf-8"?>
<clothing-items>
 <clothing>
  <id>
   211114613
  </id>
  <name>
   Adidas Dress P-1775
  </name>
  <category>
   Dress
  </category>
  <size>
   M
  </size>
  <color>
   Фиолетовый
  </color>
  <material>
   Шелк
  </material>
  <price>
   876666
  </price>
  <rating>
   1.0
  </rating>
  <reviews>
   601843
  </reviews>
  <exclusive>
   no
  </exclusive>
  <sporty>
   no
  </sporty>
 </clothing>
 <clothing>
  <id>
   324012653
  </id>
  <name>
   Vans T-shirt E-2410
  </name>
  <category>
   T-shirt
  </category>
  <size>
   L
  </size>
  <color>
   Оранжевый
  </color>
  <material>
   Полиэстер
  </material>
  <price>
   807956
  </price>
  <rating>
   1.07
  </rating>
  <reviews>
   451550
  </reviews>
  <exclusive>
   no
  </exclusive>
  <sporty>
   yes
  </sporty>
 </clothing>
 <clothing>
  <id>
   262751778
  </id>
  <name>
   PleinSport Hat S-8577
  </name>
  <category>
   Hat
  </category>
  <size>
   XXL
  </size>
  <color>
   Синий
  </color>
  <material>
   Шелк
  </material>
  <price>
   356701
  </price>
  <rating>
   1.21
  </rating>
  <reviews>
   71664
  </reviews>
  <new>
   +
  </new>
  <sporty>
   no
  </sporty>
 </clothing>
 <clothing>
  <id>
   401936804
  </id>
  <name>
   Converse Blouse X-5438
  </name>
  <category>
   Blouse
  </category>
  <size>
   XXL
  </size>
  <color>
   Оранжевый
  </color>
  <material>
   Шерсть
  </material>
  <price>
   144927
  </price>
  <rating>
   1.1
  </rating>
  <reviews>
   855820
  </reviews>
  <new>
   +
  </new>
  <sporty>
   yes
  </sporty>
 </clothing>
 <clothing>
  <id>
   620010478
  </id>
  <name>
   Fila Umbrellas K-9189
  </name>
  <category>
   Umbrellas
  </category>
  <size>
   XXL
  </size>
  <color>
   Оранжевый
  </color>
  <material>
   Кожа
  </material>
  <price>
   395652
  </price>
  <rating>
   4.03
  </rating>
  <reviews>
   865113
  </reviews>
  <exclusive>
   no
  </exclusive>
 </clothing>
 <clothing>
  <id>
   360891810
  </id>
  <name>
   Fila T-shirt S-7950
  </name>
  <category>
   T-shirt
  </category>
  <size>
   XL
  </size>
  <color>
   Фиолетовый
  </color>
  <material>
   Вискоза
  </material>
  <price>
   134375
  </price>
  <rating>
   2.66
  </rating>
  <reviews>
   417317
  </reviews>
  <new>
   +
  </new>
  <exclusive>
   no
  </exclusive>
  <sporty>
   no
  </sporty>
 </clothing>
 <clothing>
  <id>
   287829620
  </id>
  <name>
   Fila Socks V-4569
  </name>
  <category>
   Socks
  </category>
  <size>
   S
  </size>
  <color>
   Красный
  </color>
  <material>
   Вискоза
  </material>
  <price>
   275576
  </price>
  <rating>
   4.15
  </rating>
  <reviews>
   186146
  </reviews>
  <new>
   -
  </new>
  <exclusive>
   yes
  </exclusive>
  <sporty>
   yes
  </sporty>
 </clothing>
 <clothing>
  <id>
   139808087
  </id>
  <name>
   Converse Gloves X-7120
  </name>
  <category>
   Gloves
  </category>
  <size>
   XL
  </size>
  <color>
   Зеленый
  </color>
  <material>
   Шелк
  </material>
  <price>
   252142
  </price>
  <rating>
   4.41
  </rating>
  <reviews>
   423606
  </reviews>
  <new>
   +
  </new>
 </clothing>
 <clothing>
  <id>
   998086544
  </id>
  <name>
   Under Armour Handbags H-8427
  </name>
  <category>
   Handbags
  </category>
  <size>
   XL
  </size>
  <color>
   Голубой
  </color>
  <material>
   Хлопок
  </material>
  <price>
   186480
  </price>
  <rating>
   3.0
  </rating>
  <reviews>
   360197
  </reviews>
  <new>
   -
  </new>
 </clothing>
 <clothing>
  <id>
   577995493
  </id>
  <name>
   Ellesse T-shirt J-1401
  </name>
  <category>
   T-shirt
  </category>
  <size>
   L
  </size>
  <color>
   Желтый
  </color>
  <material>
   Лен
  </material>
  <price>
   197920
  </price>
  <rating>
   3.64
  </rating>
  <reviews>
   849617
  </reviews>
  <new>
   -
  </new>
 </clothing>
 <clothing>
  <id>
   976229252
  </id>
  <name>
   Puma Handbags E-9615
  </name>
  <category>
   Handbags
  </category>
  <size>
   XXL
  </size>
  <color>
   Фиолетовый
  </color>
  <material>
   Шелк
  </material>
  <price>
   136110
  </price>
  <rating>
   1.65
  </rating>
  <reviews>
   320506
  </reviews>
  <exclusive>
   no
  </exclusive>
  <sporty>
   yes
  </sporty>
 </clothing>
 <clothing>
  <id>
   256064127
  </id>
  <name>
   Nike Jacket K-5977
  </name>
  <category>
   Jacket
  </category>
  <size>
   XL
  </size>
  <color>
   Фиолетовый
  </color>
  <material>
   Кожа
  </material>
  <price>
   301952
  </price>
  <rating>
   3.89
  </rating>
  <reviews>
   200636
  </reviews>
  <new>
   +
  </new>
  <exclusive>
   no
  </exclusive>
 </clothing>
 <clothing>
  <id>
   147770071
  </id>
  <name>
   DC Pants D-5205
  </name>
  <category>
   Pants
  </category>
  <size>
   XL
  </size>
  <color>
   Зеленый
  </color>
  <material>
   Лен
  </material>
  <price>
   875872
  </price>
  <rating>
   4.36
  </rating>
  <reviews>
   642839
  </reviews>
  <new>
   -
  </new>
  <exclusive>
   yes
  </exclusive>
  <sporty>
   no
  </sporty>
 </clothing>
 <clothing>
  <id>
   303123313
  </id>
  <name>
   Reebok Umbrellas G-2822
  </name>
  <category>
   Umbrellas
  </category>
  <size>
   S
  </size>
  <color>
   Синий
  </color>
  <material>
   Нейлон
  </material>
  <price>
   323497
  </price>
  <rating>
   1.39
  </rating>
  <reviews>
   747655
  </reviews>
  <sporty>
   no
  </sporty>
 </clothing>
 <clothing>
  <id>
   536242397
  </id>
  <name>
   Lacoste Skirt D-9723
  </name>
  <category>
   Skirt
  </category>
  <size>
   XL
  </size>
  <color>
   Зеленый
  </color>
  <material>
   Шерсть
  </material>
  <price>
   828803
  </price>
  <rating>
   3.49
  </rating>
  <reviews>
   683773
  </reviews>
  <exclusive>
   no
  </exclusive>
 </clothing>
 <clothing>
  <id>
   949795701
  </id>
  <name>
   Fila Belts V-6954
  </name>
  <category>
   Belts
  </category>
  <size>
   XXL
  </size>
  <color>
   Фиолетовый
  </color>
  <material>
   Нейлон
  </material>
  <price>
   993522
  </price>
  <rating>
   4.1
  </rating>
  <reviews>
   104802
  </reviews>
  <new>
   -
  </new>
  <exclusive>
   no
  </exclusive>
  <sporty>
   yes
  </sporty>
 </clothing>
 <clothing>
  <id>
   621352616
  </id>
  <name>
   New Balance Handbags V-8956
  </name>
  <category>
   Handbags
  </category>
  <size>
   XL
  </size>
  <color>
   Оранжевый
  </color>
  <material>
   Полиэстер
  </material>
  <price>
   501145
  </price>
  <rating>
   3.96
  </rating>
  <reviews>
   139968
  </reviews>
  <exclusive>
   yes
  </exclusive>
  <sporty>
   yes
  </sporty>
 </clothing>
 <clothing>
  <id>
   364349150
  </id>
  <name>
   Vans Hat E-9008
  </name>
  <category>
   Hat
  </category>
  <size>
   L
  </size>
  <color>
   Фиолетовый
  </color>
  <material>
   Полиэстер
  </material>
  <price>
   761386
  </price>
  <rating>
   1.12
  </rating>
  <reviews>
   801956
  </reviews>
  <new>
   -
  </new>
  <sporty>
   yes
  </sporty>
 </clothing>
 <clothing>
  <id>
   929501886
  </id>
  <name>
   Converse Jacket E-7315
  </name>
  <category>
   Jacket
  </category>
  <size>
   XL
  </size>
  <color>
   Красный
  </color>
  <material>
   Хлопок
  </material>
  <price>
   468236
  </price>
  <rating>
   1.64
  </rating>
  <reviews>
   62888
  </reviews>
  <new>
   +
  </new>
  <exclusive>
   yes
  </exclusive>
  <sporty>
   no
  </sporty>
 </clothing>
 <clothing>
  <id>
   565211631
  </id>
  <name>
   Under Armour Jeans E-8845
  </name>
  <category>
   Jeans
  </category>
  <size>
   M
  </size>
  <color>
   Синий
  </color>
  <material>
   Полиэстер
  </material>
  <price>
   993344
  </price>
  <rating>
   3.78
  </rating>
  <reviews>
   745342
  </reviews>
 </clothing>
 <clothing>
  <id>
   897693043
  </id>
  <name>
   Adidas Skirt U-3590
  </name>
  <category>
   Skirt
  </category>
  <size>
   XL
  </size>
  <color>
   Желтый
  </color>
  <material>
   Хлопок
  </material>
  <price>
   422942
  </price>
  <rating>
   2.24
  </rating>
  <reviews>
   670473
  </reviews>
  <new>
   +
  </new>
  <exclusive>
   yes
  </exclusive>
 </clothing>
 <clothing>
  <id>
   641275777
  </id>
  <name>
   Lacoste Jeans R-6367
  </name>
  <category>
   Jeans
  </category>
  <size>
   XXL
  </size>
  <color>
   Фиолетовый
  </color>
  <material>
   Шерсть
  </material>
  <price>
   870826
  </price>
  <rating>
   4.61
  </rating>
  <reviews>
   727119
  </reviews>
  <new>
   +
  </new>
  <exclusive>
   yes
  </exclusive>
 </clothing>
 <clothing>
  <id>
   475834058
  </id>
  <name>
   DC Umbrellas C-3562
  </name>
  <category>
   Umbrellas
  </category>
  <size>
   XL
  </size>
  <color>
   Синий
  </color>
  <material>
   Нейлон
  </material>
  <price>
   455784
  </price>
  <rating>
   4.98
  </rating>
  <reviews>
   130596
  </reviews>
  <new>
   +
  </new>
  <exclusive>
   no
  </exclusive>
 </clothing>
 <clothing>
  <id>
   274050225
  </id>
  <name>
   Puma Skirt G-3074
  </name>
  <category>
   Skirt
  </category>
  <size>
   M
  </size>
  <color>
   Зеленый
  </color>
  <material>
   Вискоза
  </material>
  <price>
   799551
  </price>
  <rating>
   3.39
  </rating>
  <reviews>
   958562
  </reviews>
  <new>
   -
  </new>
  <sporty>
   no
  </sporty>
 </clothing>
 <clothing>
  <id>
   678346115
  </id>
  <name>
   Brooks Sweater I-4352
  </name>
  <category>
   Sweater
  </category>
  <size>
   XXL
  </size>
  <color>
   Фиолетовый
  </color>
  <material>
   Кожа
  </material>
  <price>
   818982
  </price>
  <rating>
   4.68
  </rating>
  <reviews>
   756411
  </reviews>
  <new>
   -
  </new>
  <sporty>
   no
  </sporty>
 </clothing>
 <clothing>
  <id>
   438269367
  </id>
  <name>
   Vans Jeans V-9547
  </name>
  <category>
   Jeans
  </category>
  <size>
   L
  </size>
  <color>
   Зеленый
  </color>
  <material>
   Нейлон
  </material>
  <price>
   508436
  </price>
  <rating>
   1.49
  </rating>
  <reviews>
   270785
  </reviews>
  <new>
   +
  </new>
  <sporty>
   no
  </sporty>
 </clothing>
 <clothing>
  <id>
   284305872
  </id>
  <name>
   Reebok Jacket R-9067
  </name>
  <category>
   Jacket
  </category>
  <size>
   L
  </size>
  <color>
   Красный
  </color>
  <material>
   Нейлон
  </material>
  <price>
   134858
  </price>
  <rating>
   4.6
  </rating>
  <reviews>
   58711
  </reviews>
  <exclusive>
   no
  </exclusive>
 </clothing>
 <clothing>
  <id>
   159237683
  </id>
  <name>
   Brooks Skirt Q-7290
  </name>
  <category>
   Skirt
  </category>
  <size>
   XL
  </size>
  <color>
   Зеленый
  </color>
  <material>
   Хлопок
  </material>
  <price>
   325011
  </price>
  <rating>
   4.75
  </rating>
  <reviews>
   791594
  </reviews>
 </clothing>
 <clothing>
  <id>
   448929983
  </id>
  <name>
   Addidas Shirt H-8452
  </name>
  <category>
   Shirt
  </category>
  <size>
   XXL
  </size>
  <color>
   Синий
  </color>
  <material>
   Вискоза
  </material>
  <price>
   970113
  </price>
  <rating>
   3.41
  </rating>
  <reviews>
   201034
  </reviews>
  <new>
   +
  </new>
  <exclusive>
   yes
  </exclusive>
  <sporty>
   yes
  </sporty>
 </clothing>
 <clothing>
  <id>
   552551378
  </id>
  <name>
   Under Armour Dress T-6305
  </name>
  <category>
   Dress
  </category>
  <size>
   S
  </size>
  <color>
   Оранжевый
  </color>
  <material>
   Лен
  </material>
  <price>
   686437
  </price>
  <rating>
   1.19
  </rating>
  <reviews>
   300985
  </reviews>
  <new>
   -
  </new>
  <sporty>
   no
  </sporty>
 </clothing>
 <clothing>
  <id>
   419787297
  </id>
  <name>
   Addidas T-shirt T-2991
  </name>
  <category>
   T-shirt
  </category>
  <size>
   M
  </size>
  <color>
   Фиолетовый
  </color>
  <material>
   Шелк
  </material>
  <price>
   771402
  </price>
  <rating>
   2.77
  </rating>
  <reviews>
   79959
  </reviews>
  <new>
   -
  </new>
  <exclusive>
   yes
  </exclusive>
  <sporty>
   yes
  </sporty>
 </clothing>
 <clothing>
  <id>
   897101477
  </id>
  <name>
   Brooks Jeans U-3381
  </name>
  <category>
   Jeans
  </category>
  <size>
   S
  </size>
  <color>
   Зеленый
  </color>
  <material>
   Кожа
  </material>
  <price>
   233667
  </price>
  <rating>
   1.83
  </rating>
  <reviews>
   425902
  </reviews>
 </clothing>
 <clothing>
  <id>
   297305435
  </id>
  <name>
   Asics Handbags C-8759
  </name>
  <category>
   Handbags
  </category>
  <size>
   XXL
  </size>
  <color>
   Желтый
  </color>
  <material>
   Шерсть
  </material>
  <price>
   425482
  </price>
  <rating>
   4.16
  </rating>
  <reviews>
   909604
  </reviews>
  <new>
   -
  </new>
 </clothing>
 <clothing>
  <id>
   351490355
  </id>
  <name>
   Ellesse Socks I-9963
  </name>
  <category>
   Socks
  </category>
  <size>
   XXL
  </size>
  <color>
   Зеленый
  </color>
  <material>
   Нейлон
  </material>
  <price>
   228829
  </price>
  <rating>
   3.68
  </rating>
  <reviews>
   879595
  </reviews>
  <new>
   -
  </new>
  <exclusive>
   yes
  </exclusive>
  <sporty>
   no
  </sporty>
 </clothing>
 <clothing>
  <id>
   222569176
  </id>
  <name>
   Puma Jacket J-2765
  </name>
  <category>
   Jacket
  </category>
  <size>
   XXL
  </size>
  <color>
   Фиолетовый
  </color>
  <material>
   Шерсть
  </material>
  <price>
   479603
  </price>
  <rating>
   4.71
  </rating>
  <reviews>
   54281
  </reviews>
  <new>
   -
  </new>
  <exclusive>
   no
  </exclusive>
 </clothing>
 <clothing>
  <id>
   326484761
  </id>
  <name>
   Lacoste Sweater Y-6333
  </name>
  <category>
   Sweater
  </category>
  <size>
   L
  </size>
  <color>
   Желтый
  </color>
  <material>
   Нейлон
  </material>
  <price>
   372498
  </price>
  <rating>
   4.58
  </rating>
  <reviews>
   869330
  </reviews>
  <new>
   -
  </new>
  <sporty>
   no
  </sporty>
 </clothing>
 <clothing>
  <id>
   196447057
  </id>
  <name>
   Brooks Gloves M-7396
  </name>
  <category>
   Gloves
  </category>
  <size>
   S
  </size>
  <color>
   Желтый
  </color>
  <material>
   Шелк
  </material>
  <price>
   631774
  </price>
  <rating>
   3.39
  </rating>
  <reviews>
   719140
  </reviews>
  <new>
   -
  </new>
  <exclusive>
   no
  </exclusive>
 </clothing>
 <clothing>
  <id>
   476566644
  </id>
  <name>
   Brooks Jeans Z-1172
  </name>
  <category>
   Jeans
  </category>
  <size>
   M
  </size>
  <color>
   Красный
  </color>
  <material>
   Лен
  </material>
  <price>
   862152
  </price>
  <rating>
   3.51
  </rating>
  <reviews>
   435016
  </reviews>
  <new>
   -
  </new>
 </clothing>
 <clothing>
  <id>
   816471614
  </id>
  <name>
   New Balance Handbags J-5494
  </name>
  <category>
   Handbags
  </category>
  <size>
   S
  </size>
  <color>
   Синий
  </color>
  <material>
   Вискоза
  </material>
  <price>
   329758
  </price>
  <rating>
   1.85
  </rating>
  <reviews>
   147078
  </reviews>
  <new>
   -
  </new>
  <exclusive>
   yes
  </exclusive>
 </clothing>
</clothing-items>
