<?xml version="1.0" encoding="utf-8"?>
<clothing-items>
 <clothing>
  <id>
   692609708
  </id>
  <name>
   New Balance Skirt Z-8904
  </name>
  <category>
   Skirt
  </category>
  <size>
   L
  </size>
  <color>
   Оранжевый
  </color>
  <material>
   Полиэстер
  </material>
  <price>
   483962
  </price>
  <rating>
   2.68
  </rating>
  <reviews>
   323070
  </reviews>
  <new>
   -
  </new>
  <sporty>
   no
  </sporty>
 </clothing>
 <clothing>
  <id>
   763472653
  </id>
  <name>
   New Balance Gloves Y-5697
  </name>
  <category>
   Gloves
  </category>
  <size>
   S
  </size>
  <color>
   Фиолетовый
  </color>
  <material>
   Шелк
  </material>
  <price>
   939453
  </price>
  <rating>
   4.19
  </rating>
  <reviews>
   942204
  </reviews>
  <new>
   +
  </new>
  <exclusive>
   yes
  </exclusive>
  <sporty>
   yes
  </sporty>
 </clothing>
 <clothing>
  <id>
   163956512
  </id>
  <name>
   Addidas Skirt E-8531
  </name>
  <category>
   Skirt
  </category>
  <size>
   M
  </size>
  <color>
   Желтый
  </color>
  <material>
   Шелк
  </material>
  <price>
   452747
  </price>
  <rating>
   3.53
  </rating>
  <reviews>
   375539
  </reviews>
  <new>
   -
  </new>
  <sporty>
   no
  </sporty>
 </clothing>
 <clothing>
  <id>
   447227486
  </id>
  <name>
   Nike Shirt N-4671
  </name>
  <category>
   Shirt
  </category>
  <size>
   L
  </size>
  <color>
   Синий
  </color>
  <material>
   Полиэстер
  </material>
  <price>
   814519
  </price>
  <rating>
   3.12
  </rating>
  <reviews>
   203605
  </reviews>
  <exclusive>
   no
  </exclusive>
  <sporty>
   yes
  </sporty>
 </clothing>
 <clothing>
  <id>
   899116908
  </id>
  <name>
   New Balance Jacket L-1726
  </name>
  <category>
   Jacket
  </category>
  <size>
   XXL
  </size>
  <color>
   Зеленый
  </color>
  <material>
   Хлопок
  </material>
  <price>
   630514
  </price>
  <rating>
   1.13
  </rating>
  <reviews>
   475354
  </reviews>
  <new>
   +
  </new>
 </clothing>
 <clothing>
  <id>
   605491815
  </id>
  <name>
   Vans Jacket O-6735
  </name>
  <category>
   Jacket
  </category>
  <size>
   M
  </size>
  <color>
   Желтый
  </color>
  <material>
   Нейлон
  </material>
  <price>
   743692
  </price>
  <rating>
   2.43
  </rating>
  <reviews>
   874432
  </reviews>
  <new>
   +
  </new>
  <exclusive>
   yes
  </exclusive>
  <sporty>
   yes
  </sporty>
 </clothing>
 <clothing>
  <id>
   950468771
  </id>
  <name>
   Reebok Pants K-3096
  </name>
  <category>
   Pants
  </category>
  <size>
   S
  </size>
  <color>
   Зеленый
  </color>
  <material>
   Лен
  </material>
  <price>
   949299
  </price>
  <rating>
   1.22
  </rating>
  <reviews>
   325104
  </reviews>
  <exclusive>
   no
  </exclusive>
  <sporty>
   no
  </sporty>
 </clothing>
 <clothing>
  <id>
   156712755
  </id>
  <name>
   Reebok Shirt D-9884
  </name>
  <category>
   Shirt
  </category>
  <size>
   S
  </size>
  <color>
   Фиолетовый
  </color>
  <material>
   Хлопок
  </material>
  <price>
   360116
  </price>
  <rating>
   3.7
  </rating>
  <reviews>
   770944
  </reviews>
  <sporty>
   no
  </sporty>
 </clothing>
 <clothing>
  <id>
   651670720
  </id>
  <name>
   Vans Blouse A-6743
  </name>
  <category>
   Blouse
  </category>
  <size>
   M
  </size>
  <color>
   Желтый
  </color>
  <material>
   Нейлон
  </material>
  <price>
   467284
  </price>
  <rating>
   3.38
  </rating>
  <reviews>
   831237
  </reviews>
  <exclusive>
   yes
  </exclusive>
  <sporty>
   no
  </sporty>
 </clothing>
 <clothing>
  <id>
   146751940
  </id>
  <name>
   PleinSport Belts I-3290
  </name>
  <category>
   Belts
  </category>
  <size>
   XL
  </size>
  <color>
   Голубой
  </color>
  <material>
   Шерсть
  </material>
  <price>
   688578
  </price>
  <rating>
   2.95
  </rating>
  <reviews>
   25005
  </reviews>
  <new>
   +
  </new>
  <exclusive>
   no
  </exclusive>
  <sporty>
   yes
  </sporty>
 </clothing>
 <clothing>
  <id>
   930071258
  </id>
  <name>
   DC Umbrellas X-7760
  </name>
  <category>
   Umbrellas
  </category>
  <size>
   S
  </size>
  <color>
   Желтый
  </color>
  <material>
   Нейлон
  </material>
  <price>
   489862
  </price>
  <rating>
   1.43
  </rating>
  <reviews>
   224248
  </reviews>
  <new>
   +
  </new>
  <exclusive>
   no
  </exclusive>
 </clothing>
 <clothing>
  <id>
   369843185
  </id>
  <name>
   Asics Sweater Z-2359
  </name>
  <category>
   Sweater
  </category>
  <size>
   XL
  </size>
  <color>
   Желтый
  </color>
  <material>
   Кожа
  </material>
  <price>
   362735
  </price>
  <rating>
   3.84
  </rating>
  <reviews>
   380977
  </reviews>
  <new>
   -
  </new>
  <exclusive>
   yes
  </exclusive>
  <sporty>
   no
  </sporty>
 </clothing>
 <clothing>
  <id>
   917654361
  </id>
  <name>
   Vans Jacket C-7582
  </name>
  <category>
   Jacket
  </category>
  <size>
   S
  </size>
  <color>
   Зеленый
  </color>
  <material>
   Вискоза
  </material>
  <price>
   441104
  </price>
  <rating>
   2.31
  </rating>
  <reviews>
   911168
  </reviews>
 </clothing>
 <clothing>
  <id>
   515432789
  </id>
  <name>
   Asics Blouse P-2683
  </name>
  <category>
   Blouse
  </category>
  <size>
   S
  </size>
  <color>
   Желтый
  </color>
  <material>
   Полиэстер
  </material>
  <price>
   124701
  </price>
  <rating>
   3.46
  </rating>
  <reviews>
   777965
  </reviews>
  <new>
   +
  </new>
  <exclusive>
   no
  </exclusive>
 </clothing>
 <clothing>
  <id>
   139642935
  </id>
  <name>
   Adidas Shoes Q-6552
  </name>
  <category>
   Shoes
  </category>
  <size>
   XL
  </size>
  <color>
   Голубой
  </color>
  <material>
   Лен
  </material>
  <price>
   958356
  </price>
  <rating>
   3.62
  </rating>
  <reviews>
   620579
  </reviews>
  <new>
   -
  </new>
  <exclusive>
   yes
  </exclusive>
  <sporty>
   no
  </sporty>
 </clothing>
 <clothing>
  <id>
   124537062
  </id>
  <name>
   Addidas Shoes A-5808
  </name>
  <category>
   Shoes
  </category>
  <size>
   M
  </size>
  <color>
   Зеленый
  </color>
  <material>
   Кожа
  </material>
  <price>
   481373
  </price>
  <rating>
   3.72
  </rating>
  <reviews>
   998214
  </reviews>
  <exclusive>
   no
  </exclusive>
  <sporty>
   yes
  </sporty>
 </clothing>
 <clothing>
  <id>
   547631958
  </id>
  <name>
   PleinSport Handbags G-7458
  </name>
  <category>
   Handbags
  </category>
  <size>
   XL
  </size>
  <color>
   Красный
  </color>
  <material>
   Шелк
  </material>
  <price>
   754148
  </price>
  <rating>
   4.67
  </rating>
  <reviews>
   864574
  </reviews>
  <new>
   +
  </new>
  <exclusive>
   no
  </exclusive>
 </clothing>
 <clothing>
  <id>
   406246690
  </id>
  <name>
   New Balance Hat F-1977
  </name>
  <category>
   Hat
  </category>
  <size>
   XL
  </size>
  <color>
   Зеленый
  </color>
  <material>
   Нейлон
  </material>
  <price>
   866327
  </price>
  <rating>
   2.07
  </rating>
  <reviews>
   154995
  </reviews>
  <new>
   -
  </new>
  <exclusive>
   no
  </exclusive>
  <sporty>
   no
  </sporty>
 </clothing>
 <clothing>
  <id>
   978748588
  </id>
  <name>
   Nike Sweater W-1332
  </name>
  <category>
   Sweater
  </category>
  <size>
   XXL
  </size>
  <color>
   Красный
  </color>
  <material>
   Лен
  </material>
  <price>
   327989
  </price>
  <rating>
   1.29
  </rating>
  <reviews>
   502560
  </reviews>
  <exclusive>
   no
  </exclusive>
 </clothing>
 <clothing>
  <id>
   508165368
  </id>
  <name>
   Vans Belts O-3396
  </name>
  <category>
   Belts
  </category>
  <size>
   XXL
  </size>
  <color>
   Зеленый
  </color>
  <material>
   Шерсть
  </material>
  <price>
   857656
  </price>
  <rating>
   2.8
  </rating>
  <reviews>
   669515
  </reviews>
  <new>
   -
  </new>
  <exclusive>
   yes
  </exclusive>
 </clothing>
 <clothing>
  <id>
   595531488
  </id>
  <name>
   Asics Shirt V-9223
  </name>
  <category>
   Shirt
  </category>
  <size>
   S
  </size>
  <color>
   Голубой
  </color>
  <material>
   Шелк
  </material>
  <price>
   992856
  </price>
  <rating>
   2.97
  </rating>
  <reviews>
   839018
  </reviews>
  <sporty>
   no
  </sporty>
 </clothing>
 <clothing>
  <id>
   157039096
  </id>
  <name>
   DC Blouse C-5190
  </name>
  <category>
   Blouse
  </category>
  <size>
   S
  </size>
  <color>
   Голубой
  </color>
  <material>
   Шерсть
  </material>
  <price>
   180653
  </price>
  <rating>
   2.42
  </rating>
  <reviews>
   373229
  </reviews>
  <exclusive>
   yes
  </exclusive>
 </clothing>
 <clothing>
  <id>
   214877579
  </id>
  <name>
   Fila Dress P-3513
  </name>
  <category>
   Dress
  </category>
  <size>
   XL
  </size>
  <color>
   Синий
  </color>
  <material>
   Шелк
  </material>
  <price>
   704995
  </price>
  <rating>
   1.0
  </rating>
  <reviews>
   714685
  </reviews>
  <new>
   -
  </new>
  <exclusive>
   yes
  </exclusive>
  <sporty>
   no
  </sporty>
 </clothing>
 <clothing>
  <id>
   639633437
  </id>
  <name>
   Ellesse Hat E-3557
  </name>
  <category>
   Hat
  </category>
  <size>
   S
  </size>
  <color>
   Голубой
  </color>
  <material>
   Шелк
  </material>
  <price>
   366437
  </price>
  <rating>
   4.57
  </rating>
  <reviews>
   174316
  </reviews>
  <new>
   +
  </new>
  <exclusive>
   no
  </exclusive>
 </clothing>
 <clothing>
  <id>
   314259694
  </id>
  <name>
   Adidas Handbags H-4704
  </name>
  <category>
   Handbags
  </category>
  <size>
   M
  </size>
  <color>
   Красный
  </color>
  <material>
   Шелк
  </material>
  <price>
   301534
  </price>
  <rating>
   4.64
  </rating>
  <reviews>
   70535
  </reviews>
  <exclusive>
   no
  </exclusive>
 </clothing>
 <clothing>
  <id>
   950616432
  </id>
  <name>
   Addidas Jacket P-6194
  </name>
  <category>
   Jacket
  </category>
  <size>
   XXL
  </size>
  <color>
   Голубой
  </color>
  <material>
   Шелк
  </material>
  <price>
   116897
  </price>
  <rating>
   4.77
  </rating>
  <reviews>
   435815
  </reviews>
  <exclusive>
   yes
  </exclusive>
  <sporty>
   yes
  </sporty>
 </clothing>
 <clothing>
  <id>
   463985664
  </id>
  <name>
   Reebok Shirt R-1562
  </name>
  <category>
   Shirt
  </category>
  <size>
   XL
  </size>
  <color>
   Фиолетовый
  </color>
  <material>
   Хлопок
  </material>
  <price>
   631379
  </price>
  <rating>
   3.65
  </rating>
  <reviews>
   928665
  </reviews>
  <exclusive>
   no
  </exclusive>
  <sporty>
   no
  </sporty>
 </clothing>
 <clothing>
  <id>
   891624501
  </id>
  <name>
   PleinSport Umbrellas M-1181
  </name>
  <category>
   Umbrellas
  </category>
  <size>
   S
  </size>
  <color>
   Синий
  </color>
  <material>
   Шелк
  </material>
  <price>
   221475
  </price>
  <rating>
   1.61
  </rating>
  <reviews>
   35040
  </reviews>
  <exclusive>
   yes
  </exclusive>
 </clothing>
 <clothing>
  <id>
   279276784
  </id>
  <name>
   Under Armour Shoes Y-7809
  </name>
  <category>
   Shoes
  </category>
  <size>
   S
  </size>
  <color>
   Оранжевый
  </color>
  <material>
   Вискоза
  </material>
  <price>
   734914
  </price>
  <rating>
   4.13
  </rating>
  <reviews>
   95618
  </reviews>
  <exclusive>
   yes
  </exclusive>
  <sporty>
   no
  </sporty>
 </clothing>
 <clothing>
  <id>
   156477979
  </id>
  <name>
   Puma Socks N-8090
  </name>
  <category>
   Socks
  </category>
  <size>
   S
  </size>
  <color>
   Оранжевый
  </color>
  <material>
   Лен
  </material>
  <price>
   608084
  </price>
  <rating>
   1.84
  </rating>
  <reviews>
   406681
  </reviews>
  <exclusive>
   no
  </exclusive>
 </clothing>
 <clothing>
  <id>
   708906162
  </id>
  <name>
   Fila Umbrellas J-6930
  </name>
  <category>
   Umbrellas
  </category>
  <size>
   XL
  </size>
  <color>
   Фиолетовый
  </color>
  <material>
   Шерсть
  </material>
  <price>
   204380
  </price>
  <rating>
   3.34
  </rating>
  <reviews>
   912664
  </reviews>
  <new>
   -
  </new>
  <exclusive>
   no
  </exclusive>
  <sporty>
   no
  </sporty>
 </clothing>
 <clothing>
  <id>
   864037651
  </id>
  <name>
   Addidas Shirt W-9772
  </name>
  <category>
   Shirt
  </category>
  <size>
   XL
  </size>
  <color>
   Фиолетовый
  </color>
  <material>
   Нейлон
  </material>
  <price>
   389373
  </price>
  <rating>
   1.78
  </rating>
  <reviews>
   76245
  </reviews>
  <exclusive>
   yes
  </exclusive>
 </clothing>
 <clothing>
  <id>
   403329239
  </id>
  <name>
   PleinSport Gloves D-5902
  </name>
  <category>
   Gloves
  </category>
  <size>
   S
  </size>
  <color>
   Красный
  </color>
  <material>
   Хлопок
  </material>
  <price>
   168053
  </price>
  <rating>
   3.06
  </rating>
  <reviews>
   860245
  </reviews>
  <new>
   -
  </new>
  <sporty>
   yes
  </sporty>
 </clothing>
 <clothing>
  <id>
   724218458
  </id>
  <name>
   Converse T-shirt X-7353
  </name>
  <category>
   T-shirt
  </category>
  <size>
   S
  </size>
  <color>
   Зеленый
  </color>
  <material>
   Лен
  </material>
  <price>
   951763
  </price>
  <rating>
   1.25
  </rating>
  <reviews>
   477498
  </reviews>
  <exclusive>
   no
  </exclusive>
 </clothing>
 <clothing>
  <id>
   493427017
  </id>
  <name>
   Asics Handbags Z-5855
  </name>
  <category>
   Handbags
  </category>
  <size>
   XL
  </size>
  <color>
   Голубой
  </color>
  <material>
   Хлопок
  </material>
  <price>
   354332
  </price>
  <rating>
   1.54
  </rating>
  <reviews>
   342819
  </reviews>
  <new>
   -
  </new>
  <exclusive>
   yes
  </exclusive>
  <sporty>
   no
  </sporty>
 </clothing>
 <clothing>
  <id>
   430536666
  </id>
  <name>
   Converse Gloves E-8555
  </name>
  <category>
   Gloves
  </category>
  <size>
   M
  </size>
  <color>
   Голубой
  </color>
  <material>
   Шелк
  </material>
  <price>
   583752
  </price>
  <rating>
   2.7
  </rating>
  <reviews>
   991762
  </reviews>
  <new>
   -
  </new>
  <exclusive>
   yes
  </exclusive>
  <sporty>
   no
  </sporty>
 </clothing>
 <clothing>
  <id>
   711140536
  </id>
  <name>
   Brooks Hat F-9589
  </name>
  <category>
   Hat
  </category>
  <size>
   XXL
  </size>
  <color>
   Голубой
  </color>
  <material>
   Нейлон
  </material>
  <price>
   930176
  </price>
  <rating>
   3.31
  </rating>
  <reviews>
   282055
  </reviews>
  <new>
   +
  </new>
 </clothing>
 <clothing>
  <id>
   831290539
  </id>
  <name>
   Under Armour Belts V-4166
  </name>
  <category>
   Belts
  </category>
  <size>
   S
  </size>
  <color>
   Фиолетовый
  </color>
  <material>
   Кожа
  </material>
  <price>
   397675
  </price>
  <rating>
   4.02
  </rating>
  <reviews>
   268147
  </reviews>
  <new>
   -
  </new>
  <exclusive>
   no
  </exclusive>
  <sporty>
   no
  </sporty>
 </clothing>
 <clothing>
  <id>
   480536565
  </id>
  <name>
   Brooks Sweater M-9793
  </name>
  <category>
   Sweater
  </category>
  <size>
   M
  </size>
  <color>
   Красный
  </color>
  <material>
   Хлопок
  </material>
  <price>
   521815
  </price>
  <rating>
   4.34
  </rating>
  <reviews>
   248885
  </reviews>
  <sporty>
   no
  </sporty>
 </clothing>
 <clothing>
  <id>
   117710007
  </id>
  <name>
   PleinSport Skirt Z-2050
  </name>
  <category>
   Skirt
  </category>
  <size>
   XL
  </size>
  <color>
   Фиолетовый
  </color>
  <material>
   Шелк
  </material>
  <price>
   207324
  </price>
  <rating>
   4.94
  </rating>
  <reviews>
   311105
  </reviews>
  <new>
   -
  </new>
  <exclusive>
   yes
  </exclusive>
  <sporty>
   yes
  </sporty>
 </clothing>
 <clothing>
  <id>
   653600451
  </id>
  <name>
   Fila Shirt Z-9718
  </name>
  <category>
   Shirt
  </category>
  <size>
   S
  </size>
  <color>
   Желтый
  </color>
  <material>
   Шелк
  </material>
  <price>
   824021
  </price>
  <rating>
   1.06
  </rating>
  <reviews>
   316729
  </reviews>
  <exclusive>
   yes
  </exclusive>
  <sporty>
   yes
  </sporty>
 </clothing>
 <clothing>
  <id>
   462698035
  </id>
  <name>
   Ellesse Hat H-7225
  </name>
  <category>
   Hat
  </category>
  <size>
   M
  </size>
  <color>
   Красный
  </color>
  <material>
   Шерсть
  </material>
  <price>
   311758
  </price>
  <rating>
   2.93
  </rating>
  <reviews>
   796296
  </reviews>
  <new>
   -
  </new>
  <exclusive>
   no
  </exclusive>
  <sporty>
   no
  </sporty>
 </clothing>
 <clothing>
  <id>
   500098679
  </id>
  <name>
   Asics Shirt P-5216
  </name>
  <category>
   Shirt
  </category>
  <size>
   XXL
  </size>
  <color>
   Желтый
  </color>
  <material>
   Нейлон
  </material>
  <price>
   313068
  </price>
  <rating>
   2.11
  </rating>
  <reviews>
   257435
  </reviews>
  <new>
   +
  </new>
  <sporty>
   yes
  </sporty>
 </clothing>
 <clothing>
  <id>
   480567083
  </id>
  <name>
   Ellesse Shirt U-2029
  </name>
  <category>
   Shirt
  </category>
  <size>
   XXL
  </size>
  <color>
   Зеленый
  </color>
  <material>
   Нейлон
  </material>
  <price>
   188031
  </price>
  <rating>
   1.87
  </rating>
  <reviews>
   356417
  </reviews>
  <new>
   +
  </new>
  <exclusive>
   yes
  </exclusive>
  <sporty>
   no
  </sporty>
 </clothing>
 <clothing>
  <id>
   400396877
  </id>
  <name>
   PleinSport Pants R-3904
  </name>
  <category>
   Pants
  </category>
  <size>
   S
  </size>
  <color>
   Голубой
  </color>
  <material>
   Лен
  </material>
  <price>
   533576
  </price>
  <rating>
   3.63
  </rating>
  <reviews>
   568285
  </reviews>
 </clothing>
 <clothing>
  <id>
   810941120
  </id>
  <name>
   Lacoste Blouse Y-7907
  </name>
  <category>
   Blouse
  </category>
  <size>
   XL
  </size>
  <color>
   Фиолетовый
  </color>
  <material>
   Шелк
  </material>
  <price>
   688676
  </price>
  <rating>
   2.44
  </rating>
  <reviews>
   645383
  </reviews>
  <exclusive>
   no
  </exclusive>
  <sporty>
   no
  </sporty>
 </clothing>
 <clothing>
  <id>
   236813998
  </id>
  <name>
   PleinSport T-shirt F-9664
  </name>
  <category>
   T-shirt
  </category>
  <size>
   S
  </size>
  <color>
   Красный
  </color>
  <material>
   Полиэстер
  </material>
  <price>
   838374
  </price>
  <rating>
   3.68
  </rating>
  <reviews>
   434991
  </reviews>
  <new>
   +
  </new>
 </clothing>
 <clothing>
  <id>
   830630868
  </id>
  <name>
   Puma Belts Z-6360
  </name>
  <category>
   Belts
  </category>
  <size>
   XL
  </size>
  <color>
   Оранжевый
  </color>
  <material>
   Шелк
  </material>
  <price>
   875641
  </price>
  <rating>
   1.28
  </rating>
  <reviews>
   105482
  </reviews>
  <sporty>
   no
  </sporty>
 </clothing>
</clothing-items>
