<?xml version="1.0" encoding="utf-8"?>
<clothing-items>
 <clothing>
  <id>
   528191080
  </id>
  <name>
   New Balance Gloves W-2981
  </name>
  <category>
   Gloves
  </category>
  <size>
   S
  </size>
  <color>
   Оранжевый
  </color>
  <material>
   Лен
  </material>
  <price>
   378007
  </price>
  <rating>
   3.79
  </rating>
  <reviews>
   828020
  </reviews>
  <new>
   -
  </new>
  <exclusive>
   no
  </exclusive>
 </clothing>
 <clothing>
  <id>
   957472733
  </id>
  <name>
   Brooks Dress V-7846
  </name>
  <category>
   Dress
  </category>
  <size>
   L
  </size>
  <color>
   Красный
  </color>
  <material>
   Лен
  </material>
  <price>
   402253
  </price>
  <rating>
   2.36
  </rating>
  <reviews>
   333965
  </reviews>
  <exclusive>
   no
  </exclusive>
  <sporty>
   no
  </sporty>
 </clothing>
 <clothing>
  <id>
   308456885
  </id>
  <name>
   Brooks Blouse R-9555
  </name>
  <category>
   Blouse
  </category>
  <size>
   M
  </size>
  <color>
   Желтый
  </color>
  <material>
   Вискоза
  </material>
  <price>
   737909
  </price>
  <rating>
   4.67
  </rating>
  <reviews>
   242909
  </reviews>
  <new>
   -
  </new>
  <sporty>
   no
  </sporty>
 </clothing>
 <clothing>
  <id>
   460787954
  </id>
  <name>
   Fila Sweater O-3441
  </name>
  <category>
   Sweater
  </category>
  <size>
   L
  </size>
  <color>
   Оранжевый
  </color>
  <material>
   Лен
  </material>
  <price>
   907334
  </price>
  <rating>
   1.4
  </rating>
  <reviews>
   883781
  </reviews>
  <exclusive>
   yes
  </exclusive>
  <sporty>
   yes
  </sporty>
 </clothing>
 <clothing>
  <id>
   570739171
  </id>
  <name>
   New Balance Jacket F-8582
  </name>
  <category>
   Jacket
  </category>
  <size>
   XXL
  </size>
  <color>
   Желтый
  </color>
  <material>
   Шерсть
  </material>
  <price>
   501591
  </price>
  <rating>
   3.57
  </rating>
  <reviews>
   257713
  </reviews>
  <new>
   +
  </new>
 </clothing>
 <clothing>
  <id>
   359845753
  </id>
  <name>
   Adidas Skirt Q-3082
  </name>
  <category>
   Skirt
  </category>
  <size>
   XL
  </size>
  <color>
   Синий
  </color>
  <material>
   Полиэстер
  </material>
  <price>
   307223
  </price>
  <rating>
   1.36
  </rating>
  <reviews>
   112587
  </reviews>
  <new>
   -
  </new>
  <exclusive>
   no
  </exclusive>
  <sporty>
   no
  </sporty>
 </clothing>
 <clothing>
  <id>
   117177037
  </id>
  <name>
   Lacoste Hat N-7474
  </name>
  <category>
   Hat
  </category>
  <size>
   XL
  </size>
  <color>
   Оранжевый
  </color>
  <material>
   Лен
  </material>
  <price>
   459320
  </price>
  <rating>
   3.18
  </rating>
  <reviews>
   598315
  </reviews>
  <new>
   +
  </new>
  <exclusive>
   yes
  </exclusive>
  <sporty>
   no
  </sporty>
 </clothing>
 <clothing>
  <id>
   213575938
  </id>
  <name>
   New Balance Gloves H-4474
  </name>
  <category>
   Gloves
  </category>
  <size>
   L
  </size>
  <color>
   Красный
  </color>
  <material>
   Хлопок
  </material>
  <price>
   371107
  </price>
  <rating>
   4.88
  </rating>
  <reviews>
   273461
  </reviews>
  <new>
   -
  </new>
  <exclusive>
   yes
  </exclusive>
  <sporty>
   yes
  </sporty>
 </clothing>
 <clothing>
  <id>
   262029349
  </id>
  <name>
   Converse Gloves R-5430
  </name>
  <category>
   Gloves
  </category>
  <size>
   S
  </size>
  <color>
   Фиолетовый
  </color>
  <material>
   Хлопок
  </material>
  <price>
   321226
  </price>
  <rating>
   4.79
  </rating>
  <reviews>
   448083
  </reviews>
  <new>
   +
  </new>
  <sporty>
   yes
  </sporty>
 </clothing>
 <clothing>
  <id>
   122955372
  </id>
  <name>
   DC Belts H-6088
  </name>
  <category>
   Belts
  </category>
  <size>
   S
  </size>
  <color>
   Красный
  </color>
  <material>
   Вискоза
  </material>
  <price>
   421867
  </price>
  <rating>
   2.18
  </rating>
  <reviews>
   379388
  </reviews>
  <exclusive>
   yes
  </exclusive>
  <sporty>
   no
  </sporty>
 </clothing>
 <clothing>
  <id>
   201821757
  </id>
  <name>
   DC Shoes F-2045
  </name>
  <category>
   Shoes
  </category>
  <size>
   XXL
  </size>
  <color>
   Красный
  </color>
  <material>
   Шерсть
  </material>
  <price>
   611127
  </price>
  <rating>
   2.18
  </rating>
  <reviews>
   219748
  </reviews>
  <new>
   -
  </new>
 </clothing>
 <clothing>
  <id>
   752646673
  </id>
  <name>
   Puma Shirt W-5895
  </name>
  <category>
   Shirt
  </category>
  <size>
   XL
  </size>
  <color>
   Синий
  </color>
  <material>
   Лен
  </material>
  <price>
   461838
  </price>
  <rating>
   1.82
  </rating>
  <reviews>
   952386
  </reviews>
  <sporty>
   no
  </sporty>
 </clothing>
 <clothing>
  <id>
   524439798
  </id>
  <name>
   Reebok Sweater M-7444
  </name>
  <category>
   Sweater
  </category>
  <size>
   M
  </size>
  <color>
   Синий
  </color>
  <material>
   Нейлон
  </material>
  <price>
   107069
  </price>
  <rating>
   3.4
  </rating>
  <reviews>
   616705
  </reviews>
  <new>
   +
  </new>
  <sporty>
   no
  </sporty>
 </clothing>
 <clothing>
  <id>
   170509268
  </id>
  <name>
   Puma Skirt R-9241
  </name>
  <category>
   Skirt
  </category>
  <size>
   XL
  </size>
  <color>
   Оранжевый
  </color>
  <material>
   Нейлон
  </material>
  <price>
   360818
  </price>
  <rating>
   1.19
  </rating>
  <reviews>
   462627
  </reviews>
  <sporty>
   no
  </sporty>
 </clothing>
 <clothing>
  <id>
   649713411
  </id>
  <name>
   DC Jacket G-2761
  </name>
  <category>
   Jacket
  </category>
  <size>
   XL
  </size>
  <color>
   Фиолетовый
  </color>
  <material>
   Нейлон
  </material>
  <price>
   533790
  </price>
  <rating>
   1.04
  </rating>
  <reviews>
   320457
  </reviews>
  <new>
   +
  </new>
  <exclusive>
   no
  </exclusive>
 </clothing>
 <clothing>
  <id>
   679071384
  </id>
  <name>
   New Balance Shirt M-4400
  </name>
  <category>
   Shirt
  </category>
  <size>
   L
  </size>
  <color>
   Зеленый
  </color>
  <material>
   Лен
  </material>
  <price>
   381036
  </price>
  <rating>
   2.59
  </rating>
  <reviews>
   729190
  </reviews>
  <new>
   +
  </new>
  <sporty>
   no
  </sporty>
 </clothing>
 <clothing>
  <id>
   167104763
  </id>
  <name>
   Nike Belts S-7832
  </name>
  <category>
   Belts
  </category>
  <size>
   XXL
  </size>
  <color>
   Красный
  </color>
  <material>
   Хлопок
  </material>
  <price>
   813223
  </price>
  <rating>
   1.98
  </rating>
  <reviews>
   5492
  </reviews>
  <sporty>
   yes
  </sporty>
 </clothing>
 <clothing>
  <id>
   183623477
  </id>
  <name>
   Under Armour Shoes U-4152
  </name>
  <category>
   Shoes
  </category>
  <size>
   XL
  </size>
  <color>
   Голубой
  </color>
  <material>
   Лен
  </material>
  <price>
   229420
  </price>
  <rating>
   2.64
  </rating>
  <reviews>
   841022
  </reviews>
  <new>
   -
  </new>
  <exclusive>
   no
  </exclusive>
 </clothing>
 <clothing>
  <id>
   661740702
  </id>
  <name>
   Under Armour Sweater M-2161
  </name>
  <category>
   Sweater
  </category>
  <size>
   XL
  </size>
  <color>
   Голубой
  </color>
  <material>
   Шерсть
  </material>
  <price>
   812728
  </price>
  <rating>
   3.96
  </rating>
  <reviews>
   441609
  </reviews>
  <new>
   -
  </new>
  <exclusive>
   no
  </exclusive>
  <sporty>
   no
  </sporty>
 </clothing>
 <clothing>
  <id>
   687672757
  </id>
  <name>
   Adidas Blouse Q-6343
  </name>
  <category>
   Blouse
  </category>
  <size>
   XXL
  </size>
  <color>
   Красный
  </color>
  <material>
   Кожа
  </material>
  <price>
   640853
  </price>
  <rating>
   4.61
  </rating>
  <reviews>
   606396
  </reviews>
  <new>
   -
  </new>
  <exclusive>
   no
  </exclusive>
 </clothing>
 <clothing>
  <id>
   843682761
  </id>
  <name>
   Reebok Shoes P-9076
  </name>
  <category>
   Shoes
  </category>
  <size>
   XL
  </size>
  <color>
   Фиолетовый
  </color>
  <material>
   Шерсть
  </material>
  <price>
   346557
  </price>
  <rating>
   2.82
  </rating>
  <reviews>
   358418
  </reviews>
  <new>
   -
  </new>
  <sporty>
   no
  </sporty>
 </clothing>
</clothing-items>
