<?xml version="1.0" encoding="utf-8"?>
<clothing-items>
 <clothing>
  <id>
   544474573
  </id>
  <name>
   Lacoste Blouse V-1274
  </name>
  <category>
   Blouse
  </category>
  <size>
   M
  </size>
  <color>
   Желтый
  </color>
  <material>
   Лен
  </material>
  <price>
   339112
  </price>
  <rating>
   1.47
  </rating>
  <reviews>
   842848
  </reviews>
  <exclusive>
   no
  </exclusive>
 </clothing>
 <clothing>
  <id>
   707396870
  </id>
  <name>
   Vans Gloves U-1106
  </name>
  <category>
   Gloves
  </category>
  <size>
   XL
  </size>
  <color>
   Голубой
  </color>
  <material>
   Хлопок
  </material>
  <price>
   999901
  </price>
  <rating>
   3.11
  </rating>
  <reviews>
   785100
  </reviews>
  <new>
   -
  </new>
  <exclusive>
   yes
  </exclusive>
 </clothing>
 <clothing>
  <id>
   294765654
  </id>
  <name>
   Fila Dress G-7386
  </name>
  <category>
   Dress
  </category>
  <size>
   XL
  </size>
  <color>
   Голубой
  </color>
  <material>
   Лен
  </material>
  <price>
   953138
  </price>
  <rating>
   3.29
  </rating>
  <reviews>
   174387
  </reviews>
  <exclusive>
   no
  </exclusive>
 </clothing>
 <clothing>
  <id>
   250765340
  </id>
  <name>
   Lacoste Shirt Z-6640
  </name>
  <category>
   Shirt
  </category>
  <size>
   S
  </size>
  <color>
   Оранжевый
  </color>
  <material>
   Шелк
  </material>
  <price>
   248814
  </price>
  <rating>
   2.2
  </rating>
  <reviews>
   472142
  </reviews>
  <exclusive>
   no
  </exclusive>
  <sporty>
   no
  </sporty>
 </clothing>
 <clothing>
  <id>
   124293129
  </id>
  <name>
   Brooks Jacket Y-5563
  </name>
  <category>
   Jacket
  </category>
  <size>
   L
  </size>
  <color>
   Красный
  </color>
  <material>
   Шелк
  </material>
  <price>
   731970
  </price>
  <rating>
   1.09
  </rating>
  <reviews>
   615884
  </reviews>
  <new>
   +
  </new>
 </clothing>
 <clothing>
  <id>
   730855774
  </id>
  <name>
   Addidas T-shirt T-7230
  </name>
  <category>
   T-shirt
  </category>
  <size>
   XXL
  </size>
  <color>
   Оранжевый
  </color>
  <material>
   Полиэстер
  </material>
  <price>
   613641
  </price>
  <rating>
   4.76
  </rating>
  <reviews>
   185420
  </reviews>
  <new>
   -
  </new>
  <exclusive>
   yes
  </exclusive>
  <sporty>
   no
  </sporty>
 </clothing>
 <clothing>
  <id>
   967552407
  </id>
  <name>
   Reebok Umbrellas J-3774
  </name>
  <category>
   Umbrellas
  </category>
  <size>
   L
  </size>
  <color>
   Синий
  </color>
  <material>
   Полиэстер
  </material>
  <price>
   359845
  </price>
  <rating>
   3.08
  </rating>
  <reviews>
   661362
  </reviews>
  <new>
   -
  </new>
  <exclusive>
   yes
  </exclusive>
 </clothing>
 <clothing>
  <id>
   859836162
  </id>
  <name>
   Lacoste Shoes F-2217
  </name>
  <category>
   Shoes
  </category>
  <size>
   M
  </size>
  <color>
   Красный
  </color>
  <material>
   Шерсть
  </material>
  <price>
   639222
  </price>
  <rating>
   4.93
  </rating>
  <reviews>
   545739
  </reviews>
  <sporty>
   no
  </sporty>
 </clothing>
 <clothing>
  <id>
   886560858
  </id>
  <name>
   Brooks Pants U-2400
  </name>
  <category>
   Pants
  </category>
  <size>
   L
  </size>
  <color>
   Красный
  </color>
  <material>
   Шерсть
  </material>
  <price>
   517612
  </price>
  <rating>
   3.35
  </rating>
  <reviews>
   439440
  </reviews>
  <exclusive>
   yes
  </exclusive>
  <sporty>
   no
  </sporty>
 </clothing>
 <clothing>
  <id>
   357463039
  </id>
  <name>
   Vans T-shirt M-4481
  </name>
  <category>
   T-shirt
  </category>
  <size>
   XL
  </size>
  <color>
   Желтый
  </color>
  <material>
   Нейлон
  </material>
  <price>
   885732
  </price>
  <rating>
   4.84
  </rating>
  <reviews>
   69758
  </reviews>
 </clothing>
 <clothing>
  <id>
   809260726
  </id>
  <name>
   Under Armour Blouse R-6227
  </name>
  <category>
   Blouse
  </category>
  <size>
   S
  </size>
  <color>
   Синий
  </color>
  <material>
   Кожа
  </material>
  <price>
   248953
  </price>
  <rating>
   4.86
  </rating>
  <reviews>
   151600
  </reviews>
  <new>
   +
  </new>
  <sporty>
   yes
  </sporty>
 </clothing>
 <clothing>
  <id>
   272153367
  </id>
  <name>
   DC Blouse L-8604
  </name>
  <category>
   Blouse
  </category>
  <size>
   S
  </size>
  <color>
   Синий
  </color>
  <material>
   Вискоза
  </material>
  <price>
   143517
  </price>
  <rating>
   1.42
  </rating>
  <reviews>
   550088
  </reviews>
  <exclusive>
   yes
  </exclusive>
  <sporty>
   yes
  </sporty>
 </clothing>
 <clothing>
  <id>
   456132811
  </id>
  <name>
   Ellesse Belts C-4670
  </name>
  <category>
   Belts
  </category>
  <size>
   M
  </size>
  <color>
   Зеленый
  </color>
  <material>
   Нейлон
  </material>
  <price>
   229530
  </price>
  <rating>
   3.78
  </rating>
  <reviews>
   709453
  </reviews>
  <new>
   -
  </new>
 </clothing>
 <clothing>
  <id>
   307129060
  </id>
  <name>
   Under Armour Shoes U-6402
  </name>
  <category>
   Shoes
  </category>
  <size>
   M
  </size>
  <color>
   Оранжевый
  </color>
  <material>
   Шерсть
  </material>
  <price>
   962701
  </price>
  <rating>
   2.89
  </rating>
  <reviews>
   844289
  </reviews>
  <new>
   -
  </new>
  <exclusive>
   no
  </exclusive>
  <sporty>
   yes
  </sporty>
 </clothing>
 <clothing>
  <id>
   666959352
  </id>
  <name>
   DC Jeans P-4400
  </name>
  <category>
   Jeans
  </category>
  <size>
   XL
  </size>
  <color>
   Фиолетовый
  </color>
  <material>
   Полиэстер
  </material>
  <price>
   187619
  </price>
  <rating>
   2.89
  </rating>
  <reviews>
   409893
  </reviews>
  <new>
   +
  </new>
  <sporty>
   no
  </sporty>
 </clothing>
 <clothing>
  <id>
   444217582
  </id>
  <name>
   Lacoste T-shirt P-2026
  </name>
  <category>
   T-shirt
  </category>
  <size>
   L
  </size>
  <color>
   Красный
  </color>
  <material>
   Лен
  </material>
  <price>
   263267
  </price>
  <rating>
   4.06
  </rating>
  <reviews>
   459986
  </reviews>
  <sporty>
   no
  </sporty>
 </clothing>
 <clothing>
  <id>
   760261054
  </id>
  <name>
   Lacoste Blouse H-3227
  </name>
  <category>
   Blouse
  </category>
  <size>
   XL
  </size>
  <color>
   Желтый
  </color>
  <material>
   Хлопок
  </material>
  <price>
   912079
  </price>
  <rating>
   1.03
  </rating>
  <reviews>
   909770
  </reviews>
  <sporty>
   yes
  </sporty>
 </clothing>
 <clothing>
  <id>
   549767214
  </id>
  <name>
   Nike Hat T-6427
  </name>
  <category>
   Hat
  </category>
  <size>
   XL
  </size>
  <color>
   Желтый
  </color>
  <material>
   Вискоза
  </material>
  <price>
   200848
  </price>
  <rating>
   1.86
  </rating>
  <reviews>
   281003
  </reviews>
  <exclusive>
   yes
  </exclusive>
 </clothing>
 <clothing>
  <id>
   333577559
  </id>
  <name>
   Under Armour Blouse O-4105
  </name>
  <category>
   Blouse
  </category>
  <size>
   L
  </size>
  <color>
   Фиолетовый
  </color>
  <material>
   Шелк
  </material>
  <price>
   202364
  </price>
  <rating>
   3.52
  </rating>
  <reviews>
   692338
  </reviews>
  <exclusive>
   yes
  </exclusive>
 </clothing>
 <clothing>
  <id>
   428673832
  </id>
  <name>
   Brooks Skirt K-2804
  </name>
  <category>
   Skirt
  </category>
  <size>
   XL
  </size>
  <color>
   Оранжевый
  </color>
  <material>
   Шелк
  </material>
  <price>
   172663
  </price>
  <rating>
   3.61
  </rating>
  <reviews>
   249134
  </reviews>
  <new>
   +
  </new>
  <exclusive>
   no
  </exclusive>
  <sporty>
   no
  </sporty>
 </clothing>
 <clothing>
  <id>
   309922864
  </id>
  <name>
   Vans Shirt A-2515
  </name>
  <category>
   Shirt
  </category>
  <size>
   M
  </size>
  <color>
   Фиолетовый
  </color>
  <material>
   Полиэстер
  </material>
  <price>
   506247
  </price>
  <rating>
   1.55
  </rating>
  <reviews>
   582958
  </reviews>
  <exclusive>
   no
  </exclusive>
  <sporty>
   no
  </sporty>
 </clothing>
 <clothing>
  <id>
   333028387
  </id>
  <name>
   Addidas Pants K-1306
  </name>
  <category>
   Pants
  </category>
  <size>
   XXL
  </size>
  <color>
   Голубой
  </color>
  <material>
   Шерсть
  </material>
  <price>
   551698
  </price>
  <rating>
   3.26
  </rating>
  <reviews>
   436109
  </reviews>
  <new>
   +
  </new>
  <sporty>
   no
  </sporty>
 </clothing>
 <clothing>
  <id>
   274224509
  </id>
  <name>
   Adidas Skirt C-1755
  </name>
  <category>
   Skirt
  </category>
  <size>
   M
  </size>
  <color>
   Оранжевый
  </color>
  <material>
   Нейлон
  </material>
  <price>
   529685
  </price>
  <rating>
   4.37
  </rating>
  <reviews>
   740308
  </reviews>
  <new>
   -
  </new>
  <exclusive>
   no
  </exclusive>
  <sporty>
   no
  </sporty>
 </clothing>
 <clothing>
  <id>
   777631111
  </id>
  <name>
   PleinSport Gloves N-4538
  </name>
  <category>
   Gloves
  </category>
  <size>
   S
  </size>
  <color>
   Оранжевый
  </color>
  <material>
   Лен
  </material>
  <price>
   136670
  </price>
  <rating>
   4.02
  </rating>
  <reviews>
   159226
  </reviews>
  <new>
   +
  </new>
  <exclusive>
   no
  </exclusive>
  <sporty>
   no
  </sporty>
 </clothing>
 <clothing>
  <id>
   154449059
  </id>
  <name>
   Vans Umbrellas B-4717
  </name>
  <category>
   Umbrellas
  </category>
  <size>
   L
  </size>
  <color>
   Красный
  </color>
  <material>
   Кожа
  </material>
  <price>
   195076
  </price>
  <rating>
   4.87
  </rating>
  <reviews>
   127956
  </reviews>
  <new>
   +
  </new>
  <exclusive>
   no
  </exclusive>
  <sporty>
   yes
  </sporty>
 </clothing>
 <clothing>
  <id>
   217454448
  </id>
  <name>
   New Balance Gloves T-8069
  </name>
  <category>
   Gloves
  </category>
  <size>
   S
  </size>
  <color>
   Зеленый
  </color>
  <material>
   Шелк
  </material>
  <price>
   995732
  </price>
  <rating>
   2.49
  </rating>
  <reviews>
   397336
  </reviews>
  <new>
   -
  </new>
  <exclusive>
   yes
  </exclusive>
 </clothing>
 <clothing>
  <id>
   955119882
  </id>
  <name>
   Ellesse Umbrellas C-6126
  </name>
  <category>
   Umbrellas
  </category>
  <size>
   S
  </size>
  <color>
   Красный
  </color>
  <material>
   Хлопок
  </material>
  <price>
   723075
  </price>
  <rating>
   2.63
  </rating>
  <reviews>
   493578
  </reviews>
  <exclusive>
   no
  </exclusive>
  <sporty>
   no
  </sporty>
 </clothing>
 <clothing>
  <id>
   373595152
  </id>
  <name>
   Vans Jacket P-4392
  </name>
  <category>
   Jacket
  </category>
  <size>
   M
  </size>
  <color>
   Синий
  </color>
  <material>
   Нейлон
  </material>
  <price>
   251890
  </price>
  <rating>
   3.3
  </rating>
  <reviews>
   119673
  </reviews>
  <exclusive>
   no
  </exclusive>
  <sporty>
   no
  </sporty>
 </clothing>
 <clothing>
  <id>
   150711671
  </id>
  <name>
   New Balance Pants G-7015
  </name>
  <category>
   Pants
  </category>
  <size>
   XXL
  </size>
  <color>
   Желтый
  </color>
  <material>
   Лен
  </material>
  <price>
   845007
  </price>
  <rating>
   2.7
  </rating>
  <reviews>
   142904
  </reviews>
  <exclusive>
   no
  </exclusive>
  <sporty>
   no
  </sporty>
 </clothing>
 <clothing>
  <id>
   163679802
  </id>
  <name>
   Addidas Socks N-7172
  </name>
  <category>
   Socks
  </category>
  <size>
   M
  </size>
  <color>
   Оранжевый
  </color>
  <material>
   Нейлон
  </material>
  <price>
   281462
  </price>
  <rating>
   2.97
  </rating>
  <reviews>
   184870
  </reviews>
  <new>
   -
  </new>
 </clothing>
 <clothing>
  <id>
   994626666
  </id>
  <name>
   Fila Blouse O-6473
  </name>
  <category>
   Blouse
  </category>
  <size>
   L
  </size>
  <color>
   Фиолетовый
  </color>
  <material>
   Хлопок
  </material>
  <price>
   165512
  </price>
  <rating>
   2.53
  </rating>
  <reviews>
   915311
  </reviews>
  <exclusive>
   yes
  </exclusive>
 </clothing>
 <clothing>
  <id>
   408177251
  </id>
  <name>
   PleinSport Socks J-8193
  </name>
  <category>
   Socks
  </category>
  <size>
   XXL
  </size>
  <color>
   Синий
  </color>
  <material>
   Хлопок
  </material>
  <price>
   301438
  </price>
  <rating>
   2.83
  </rating>
  <reviews>
   282432
  </reviews>
 </clothing>
 <clothing>
  <id>
   792677261
  </id>
  <name>
   Lacoste Dress N-4339
  </name>
  <category>
   Dress
  </category>
  <size>
   L
  </size>
  <color>
   Красный
  </color>
  <material>
   Нейлон
  </material>
  <price>
   214488
  </price>
  <rating>
   1.85
  </rating>
  <reviews>
   643967
  </reviews>
  <new>
   +
  </new>
  <exclusive>
   no
  </exclusive>
  <sporty>
   yes
  </sporty>
 </clothing>
 <clothing>
  <id>
   607716832
  </id>
  <name>
   Adidas Sweater A-2723
  </name>
  <category>
   Sweater
  </category>
  <size>
   XL
  </size>
  <color>
   Синий
  </color>
  <material>
   Шелк
  </material>
  <price>
   465266
  </price>
  <rating>
   2.89
  </rating>
  <reviews>
   777569
  </reviews>
 </clothing>
 <clothing>
  <id>
   901171605
  </id>
  <name>
   Adidas Blouse M-3195
  </name>
  <category>
   Blouse
  </category>
  <size>
   L
  </size>
  <color>
   Зеленый
  </color>
  <material>
   Полиэстер
  </material>
  <price>
   185905
  </price>
  <rating>
   2.75
  </rating>
  <reviews>
   788839
  </reviews>
  <sporty>
   yes
  </sporty>
 </clothing>
 <clothing>
  <id>
   551961737
  </id>
  <name>
   Addidas Shirt P-2773
  </name>
  <category>
   Shirt
  </category>
  <size>
   XL
  </size>
  <color>
   Синий
  </color>
  <material>
   Шерсть
  </material>
  <price>
   416134
  </price>
  <rating>
   1.8
  </rating>
  <reviews>
   325301
  </reviews>
  <exclusive>
   no
  </exclusive>
  <sporty>
   yes
  </sporty>
 </clothing>
 <clothing>
  <id>
   587551806
  </id>
  <name>
   Lacoste Blouse J-1284
  </name>
  <category>
   Blouse
  </category>
  <size>
   M
  </size>
  <color>
   Зеленый
  </color>
  <material>
   Вискоза
  </material>
  <price>
   747627
  </price>
  <rating>
   3.95
  </rating>
  <reviews>
   310276
  </reviews>
  <sporty>
   yes
  </sporty>
 </clothing>
 <clothing>
  <id>
   168648826
  </id>
  <name>
   Brooks Shirt S-2532
  </name>
  <category>
   Shirt
  </category>
  <size>
   XXL
  </size>
  <color>
   Оранжевый
  </color>
  <material>
   Шерсть
  </material>
  <price>
   600571
  </price>
  <rating>
   3.78
  </rating>
  <reviews>
   270707
  </reviews>
  <sporty>
   no
  </sporty>
 </clothing>
</clothing-items>
