<?xml version="1.0" encoding="utf-8"?>
<clothing-items>
 <clothing>
  <id>
   574537484
  </id>
  <name>
   Addidas Shoes V-9822
  </name>
  <category>
   Shoes
  </category>
  <size>
   XL
  </size>
  <color>
   Красный
  </color>
  <material>
   Кожа
  </material>
  <price>
   665032
  </price>
  <rating>
   4.17
  </rating>
  <reviews>
   798937
  </reviews>
  <new>
   +
  </new>
  <sporty>
   yes
  </sporty>
 </clothing>
 <clothing>
  <id>
   524015013
  </id>
  <name>
   Puma Belts B-4854
  </name>
  <category>
   Belts
  </category>
  <size>
   L
  </size>
  <color>
   Фиолетовый
  </color>
  <material>
   Лен
  </material>
  <price>
   386092
  </price>
  <rating>
   1.88
  </rating>
  <reviews>
   149181
  </reviews>
  <new>
   -
  </new>
  <exclusive>
   yes
  </exclusive>
  <sporty>
   no
  </sporty>
 </clothing>
 <clothing>
  <id>
   695787911
  </id>
  <name>
   Reebok Sweater S-2665
  </name>
  <category>
   Sweater
  </category>
  <size>
   XXL
  </size>
  <color>
   Оранжевый
  </color>
  <material>
   Кожа
  </material>
  <price>
   633691
  </price>
  <rating>
   1.14
  </rating>
  <reviews>
   859444
  </reviews>
  <new>
   -
  </new>
  <sporty>
   yes
  </sporty>
 </clothing>
 <clothing>
  <id>
   673550420
  </id>
  <name>
   Reebok Socks M-4718
  </name>
  <category>
   Socks
  </category>
  <size>
   S
  </size>
  <color>
   Красный
  </color>
  <material>
   Вискоза
  </material>
  <price>
   474548
  </price>
  <rating>
   3.92
  </rating>
  <reviews>
   310967
  </reviews>
  <sporty>
   yes
  </sporty>
 </clothing>
 <clothing>
  <id>
   953953571
  </id>
  <name>
   New Balance Sweater K-1400
  </name>
  <category>
   Sweater
  </category>
  <size>
   L
  </size>
  <color>
   Желтый
  </color>
  <material>
   Кожа
  </material>
  <price>
   736821
  </price>
  <rating>
   1.05
  </rating>
  <reviews>
   749000
  </reviews>
  <sporty>
   no
  </sporty>
 </clothing>
 <clothing>
  <id>
   733355974
  </id>
  <name>
   Lacoste Sweater U-3509
  </name>
  <category>
   Sweater
  </category>
  <size>
   M
  </size>
  <color>
   Желтый
  </color>
  <material>
   Шерсть
  </material>
  <price>
   697542
  </price>
  <rating>
   3.75
  </rating>
  <reviews>
   67691
  </reviews>
  <exclusive>
   yes
  </exclusive>
  <sporty>
   no
  </sporty>
 </clothing>
 <clothing>
  <id>
   800399078
  </id>
  <name>
   Ellesse Jacket E-2535
  </name>
  <category>
   Jacket
  </category>
  <size>
   XXL
  </size>
  <color>
   Зеленый
  </color>
  <material>
   Полиэстер
  </material>
  <price>
   792483
  </price>
  <rating>
   1.74
  </rating>
  <reviews>
   402444
  </reviews>
  <new>
   +
  </new>
  <exclusive>
   no
  </exclusive>
  <sporty>
   yes
  </sporty>
 </clothing>
 <clothing>
  <id>
   581389934
  </id>
  <name>
   Lacoste Blouse Z-6682
  </name>
  <category>
   Blouse
  </category>
  <size>
   M
  </size>
  <color>
   Зеленый
  </color>
  <material>
   Шелк
  </material>
  <price>
   885232
  </price>
  <rating>
   2.58
  </rating>
  <reviews>
   942079
  </reviews>
  <new>
   -
  </new>
  <exclusive>
   yes
  </exclusive>
  <sporty>
   yes
  </sporty>
 </clothing>
 <clothing>
  <id>
   801758902
  </id>
  <name>
   Puma Shoes H-7012
  </name>
  <category>
   Shoes
  </category>
  <size>
   M
  </size>
  <color>
   Желтый
  </color>
  <material>
   Нейлон
  </material>
  <price>
   923778
  </price>
  <rating>
   2.08
  </rating>
  <reviews>
   347301
  </reviews>
  <exclusive>
   no
  </exclusive>
 </clothing>
 <clothing>
  <id>
   611592861
  </id>
  <name>
   Asics Handbags W-3868
  </name>
  <category>
   Handbags
  </category>
  <size>
   XL
  </size>
  <color>
   Фиолетовый
  </color>
  <material>
   Нейлон
  </material>
  <price>
   422705
  </price>
  <rating>
   4.6
  </rating>
  <reviews>
   524151
  </reviews>
  <new>
   -
  </new>
 </clothing>
 <clothing>
  <id>
   388010888
  </id>
  <name>
   Reebok Sweater Z-2587
  </name>
  <category>
   Sweater
  </category>
  <size>
   S
  </size>
  <color>
   Синий
  </color>
  <material>
   Вискоза
  </material>
  <price>
   365632
  </price>
  <rating>
   3.86
  </rating>
  <reviews>
   188658
  </reviews>
  <new>
   -
  </new>
  <sporty>
   yes
  </sporty>
 </clothing>
 <clothing>
  <id>
   653317846
  </id>
  <name>
   Vans Dress Y-1340
  </name>
  <category>
   Dress
  </category>
  <size>
   XXL
  </size>
  <color>
   Зеленый
  </color>
  <material>
   Вискоза
  </material>
  <price>
   924492
  </price>
  <rating>
   4.91
  </rating>
  <reviews>
   234809
  </reviews>
  <exclusive>
   no
  </exclusive>
 </clothing>
 <clothing>
  <id>
   680800504
  </id>
  <name>
   Brooks Belts V-9975
  </name>
  <category>
   Belts
  </category>
  <size>
   M
  </size>
  <color>
   Красный
  </color>
  <material>
   Полиэстер
  </material>
  <price>
   556893
  </price>
  <rating>
   2.66
  </rating>
  <reviews>
   529613
  </reviews>
  <new>
   -
  </new>
  <sporty>
   yes
  </sporty>
 </clothing>
 <clothing>
  <id>
   710754779
  </id>
  <name>
   PleinSport Shirt J-3134
  </name>
  <category>
   Shirt
  </category>
  <size>
   L
  </size>
  <color>
   Фиолетовый
  </color>
  <material>
   Хлопок
  </material>
  <price>
   370423
  </price>
  <rating>
   4.62
  </rating>
  <reviews>
   72786
  </reviews>
  <new>
   -
  </new>
  <exclusive>
   yes
  </exclusive>
  <sporty>
   no
  </sporty>
 </clothing>
 <clothing>
  <id>
   665058461
  </id>
  <name>
   Brooks Gloves S-4591
  </name>
  <category>
   Gloves
  </category>
  <size>
   M
  </size>
  <color>
   Красный
  </color>
  <material>
   Хлопок
  </material>
  <price>
   945957
  </price>
  <rating>
   2.81
  </rating>
  <reviews>
   390688
  </reviews>
  <new>
   -
  </new>
  <exclusive>
   no
  </exclusive>
  <sporty>
   no
  </sporty>
 </clothing>
 <clothing>
  <id>
   638863118
  </id>
  <name>
   Ellesse Umbrellas U-1989
  </name>
  <category>
   Umbrellas
  </category>
  <size>
   L
  </size>
  <color>
   Голубой
  </color>
  <material>
   Вискоза
  </material>
  <price>
   512856
  </price>
  <rating>
   1.45
  </rating>
  <reviews>
   137424
  </reviews>
  <new>
   +
  </new>
  <exclusive>
   no
  </exclusive>
 </clothing>
 <clothing>
  <id>
   167672002
  </id>
  <name>
   PleinSport Dress Y-7033
  </name>
  <category>
   Dress
  </category>
  <size>
   XXL
  </size>
  <color>
   Зеленый
  </color>
  <material>
   Лен
  </material>
  <price>
   879811
  </price>
  <rating>
   1.85
  </rating>
  <reviews>
   327751
  </reviews>
  <exclusive>
   no
  </exclusive>
  <sporty>
   no
  </sporty>
 </clothing>
 <clothing>
  <id>
   729631723
  </id>
  <name>
   Fila Umbrellas E-1652
  </name>
  <category>
   Umbrellas
  </category>
  <size>
   XL
  </size>
  <color>
   Оранжевый
  </color>
  <material>
   Кожа
  </material>
  <price>
   880349
  </price>
  <rating>
   2.24
  </rating>
  <reviews>
   284890
  </reviews>
  <exclusive>
   yes
  </exclusive>
  <sporty>
   no
  </sporty>
 </clothing>
 <clothing>
  <id>
   667631007
  </id>
  <name>
   Converse Handbags Y-4487
  </name>
  <category>
   Handbags
  </category>
  <size>
   XXL
  </size>
  <color>
   Фиолетовый
  </color>
  <material>
   Полиэстер
  </material>
  <price>
   488471
  </price>
  <rating>
   1.79
  </rating>
  <reviews>
   466575
  </reviews>
  <sporty>
   yes
  </sporty>
 </clothing>
 <clothing>
  <id>
   610431869
  </id>
  <name>
   Vans Dress L-9965
  </name>
  <category>
   Dress
  </category>
  <size>
   XL
  </size>
  <color>
   Синий
  </color>
  <material>
   Лен
  </material>
  <price>
   134037
  </price>
  <rating>
   4.33
  </rating>
  <reviews>
   379375
  </reviews>
  <exclusive>
   yes
  </exclusive>
  <sporty>
   no
  </sporty>
 </clothing>
</clothing-items>
