<?xml version="1.0" encoding="utf-8"?>
<clothing-items>
 <clothing>
  <id>
   676404711
  </id>
  <name>
   Adidas Shirt Q-2987
  </name>
  <category>
   Shirt
  </category>
  <size>
   XL
  </size>
  <color>
   Оранжевый
  </color>
  <material>
   Хлопок
  </material>
  <price>
   362772
  </price>
  <rating>
   3.32
  </rating>
  <reviews>
   215274
  </reviews>
  <new>
   -
  </new>
  <sporty>
   yes
  </sporty>
 </clothing>
 <clothing>
  <id>
   845332104
  </id>
  <name>
   Brooks Jacket F-8985
  </name>
  <category>
   Jacket
  </category>
  <size>
   XXL
  </size>
  <color>
   Красный
  </color>
  <material>
   Лен
  </material>
  <price>
   310538
  </price>
  <rating>
   1.0
  </rating>
  <reviews>
   578710
  </reviews>
  <new>
   -
  </new>
  <sporty>
   yes
  </sporty>
 </clothing>
 <clothing>
  <id>
   112127642
  </id>
  <name>
   Under Armour Pants C-2833
  </name>
  <category>
   Pants
  </category>
  <size>
   L
  </size>
  <color>
   Красный
  </color>
  <material>
   Кожа
  </material>
  <price>
   958136
  </price>
  <rating>
   2.41
  </rating>
  <reviews>
   950638
  </reviews>
  <new>
   -
  </new>
 </clothing>
 <clothing>
  <id>
   762399520
  </id>
  <name>
   Addidas Umbrellas V-5747
  </name>
  <category>
   Umbrellas
  </category>
  <size>
   L
  </size>
  <color>
   Голубой
  </color>
  <material>
   Нейлон
  </material>
  <price>
   993926
  </price>
  <rating>
   4.4
  </rating>
  <reviews>
   563540
  </reviews>
 </clothing>
 <clothing>
  <id>
   751045544
  </id>
  <name>
   Vans Shoes D-8109
  </name>
  <category>
   Shoes
  </category>
  <size>
   XL
  </size>
  <color>
   Зеленый
  </color>
  <material>
   Шелк
  </material>
  <price>
   678142
  </price>
  <rating>
   2.55
  </rating>
  <reviews>
   109379
  </reviews>
  <sporty>
   no
  </sporty>
 </clothing>
 <clothing>
  <id>
   347718303
  </id>
  <name>
   Asics Skirt C-7045
  </name>
  <category>
   Skirt
  </category>
  <size>
   L
  </size>
  <color>
   Желтый
  </color>
  <material>
   Полиэстер
  </material>
  <price>
   682224
  </price>
  <rating>
   2.68
  </rating>
  <reviews>
   558735
  </reviews>
  <new>
   +
  </new>
  <exclusive>
   yes
  </exclusive>
 </clothing>
 <clothing>
  <id>
   818033042
  </id>
  <name>
   Under Armour Jeans H-6456
  </name>
  <category>
   Jeans
  </category>
  <size>
   XL
  </size>
  <color>
   Синий
  </color>
  <material>
   Шелк
  </material>
  <price>
   417867
  </price>
  <rating>
   4.62
  </rating>
  <reviews>
   643290
  </reviews>
 </clothing>
 <clothing>
  <id>
   506184817
  </id>
  <name>
   Addidas Pants I-3635
  </name>
  <category>
   Pants
  </category>
  <size>
   L
  </size>
  <color>
   Оранжевый
  </color>
  <material>
   Лен
  </material>
  <price>
   801149
  </price>
  <rating>
   1.46
  </rating>
  <reviews>
   103824
  </reviews>
  <new>
   -
  </new>
  <exclusive>
   no
  </exclusive>
 </clothing>
 <clothing>
  <id>
   283436632
  </id>
  <name>
   Vans Umbrellas Q-1728
  </name>
  <category>
   Umbrellas
  </category>
  <size>
   XXL
  </size>
  <color>
   Красный
  </color>
  <material>
   Вискоза
  </material>
  <price>
   708447
  </price>
  <rating>
   1.09
  </rating>
  <reviews>
   742489
  </reviews>
  <exclusive>
   yes
  </exclusive>
 </clothing>
 <clothing>
  <id>
   905821196
  </id>
  <name>
   Asics Skirt I-4384
  </name>
  <category>
   Skirt
  </category>
  <size>
   L
  </size>
  <color>
   Красный
  </color>
  <material>
   Полиэстер
  </material>
  <price>
   541334
  </price>
  <rating>
   3.49
  </rating>
  <reviews>
   858781
  </reviews>
  <new>
   -
  </new>
  <exclusive>
   yes
  </exclusive>
 </clothing>
 <clothing>
  <id>
   598524479
  </id>
  <name>
   Addidas Sweater M-1619
  </name>
  <category>
   Sweater
  </category>
  <size>
   S
  </size>
  <color>
   Фиолетовый
  </color>
  <material>
   Кожа
  </material>
  <price>
   719080
  </price>
  <rating>
   1.23
  </rating>
  <reviews>
   264920
  </reviews>
  <new>
   -
  </new>
  <exclusive>
   no
  </exclusive>
  <sporty>
   yes
  </sporty>
 </clothing>
 <clothing>
  <id>
   953813894
  </id>
  <name>
   Addidas Belts W-9307
  </name>
  <category>
   Belts
  </category>
  <size>
   L
  </size>
  <color>
   Фиолетовый
  </color>
  <material>
   Вискоза
  </material>
  <price>
   406267
  </price>
  <rating>
   1.4
  </rating>
  <reviews>
   880889
  </reviews>
  <new>
   +
  </new>
  <sporty>
   no
  </sporty>
 </clothing>
 <clothing>
  <id>
   157729294
  </id>
  <name>
   Lacoste Pants N-8541
  </name>
  <category>
   Pants
  </category>
  <size>
   S
  </size>
  <color>
   Красный
  </color>
  <material>
   Кожа
  </material>
  <price>
   466073
  </price>
  <rating>
   3.85
  </rating>
  <reviews>
   710779
  </reviews>
  <exclusive>
   no
  </exclusive>
  <sporty>
   no
  </sporty>
 </clothing>
 <clothing>
  <id>
   205721896
  </id>
  <name>
   Brooks Socks P-3574
  </name>
  <category>
   Socks
  </category>
  <size>
   XL
  </size>
  <color>
   Красный
  </color>
  <material>
   Полиэстер
  </material>
  <price>
   258282
  </price>
  <rating>
   3.34
  </rating>
  <reviews>
   734286
  </reviews>
  <exclusive>
   no
  </exclusive>
  <sporty>
   no
  </sporty>
 </clothing>
 <clothing>
  <id>
   608418534
  </id>
  <name>
   Brooks Jacket F-7066
  </name>
  <category>
   Jacket
  </category>
  <size>
   S
  </size>
  <color>
   Желтый
  </color>
  <material>
   Шерсть
  </material>
  <price>
   621298
  </price>
  <rating>
   4.94
  </rating>
  <reviews>
   536768
  </reviews>
  <new>
   +
  </new>
 </clothing>
 <clothing>
  <id>
   648863972
  </id>
  <name>
   Addidas Umbrellas I-8638
  </name>
  <category>
   Umbrellas
  </category>
  <size>
   XXL
  </size>
  <color>
   Фиолетовый
  </color>
  <material>
   Вискоза
  </material>
  <price>
   742380
  </price>
  <rating>
   1.12
  </rating>
  <reviews>
   100749
  </reviews>
  <new>
   +
  </new>
  <exclusive>
   no
  </exclusive>
  <sporty>
   no
  </sporty>
 </clothing>
 <clothing>
  <id>
   327817230
  </id>
  <name>
   Asics Belts K-4761
  </name>
  <category>
   Belts
  </category>
  <size>
   XXL
  </size>
  <color>
   Фиолетовый
  </color>
  <material>
   Вискоза
  </material>
  <price>
   103032
  </price>
  <rating>
   4.38
  </rating>
  <reviews>
   151116
  </reviews>
  <exclusive>
   yes
  </exclusive>
 </clothing>
 <clothing>
  <id>
   589118752
  </id>
  <name>
   Vans Skirt O-8955
  </name>
  <category>
   Skirt
  </category>
  <size>
   S
  </size>
  <color>
   Синий
  </color>
  <material>
   Лен
  </material>
  <price>
   873731
  </price>
  <rating>
   2.0
  </rating>
  <reviews>
   499581
  </reviews>
  <new>
   +
  </new>
  <sporty>
   yes
  </sporty>
 </clothing>
 <clothing>
  <id>
   330094529
  </id>
  <name>
   Brooks Shoes J-9999
  </name>
  <category>
   Shoes
  </category>
  <size>
   L
  </size>
  <color>
   Фиолетовый
  </color>
  <material>
   Нейлон
  </material>
  <price>
   591029
  </price>
  <rating>
   4.54
  </rating>
  <reviews>
   282528
  </reviews>
  <new>
   -
  </new>
 </clothing>
 <clothing>
  <id>
   947129977
  </id>
  <name>
   Vans Socks Q-7344
  </name>
  <category>
   Socks
  </category>
  <size>
   M
  </size>
  <color>
   Зеленый
  </color>
  <material>
   Вискоза
  </material>
  <price>
   737191
  </price>
  <rating>
   1.81
  </rating>
  <reviews>
   113916
  </reviews>
  <new>
   -
  </new>
  <exclusive>
   yes
  </exclusive>
 </clothing>
 <clothing>
  <id>
   934939805
  </id>
  <name>
   DC Hat T-7001
  </name>
  <category>
   Hat
  </category>
  <size>
   XL
  </size>
  <color>
   Голубой
  </color>
  <material>
   Вискоза
  </material>
  <price>
   455351
  </price>
  <rating>
   1.87
  </rating>
  <reviews>
   574837
  </reviews>
  <exclusive>
   yes
  </exclusive>
 </clothing>
 <clothing>
  <id>
   962786201
  </id>
  <name>
   Addidas Umbrellas T-3035
  </name>
  <category>
   Umbrellas
  </category>
  <size>
   S
  </size>
  <color>
   Фиолетовый
  </color>
  <material>
   Кожа
  </material>
  <price>
   311730
  </price>
  <rating>
   4.24
  </rating>
  <reviews>
   182280
  </reviews>
  <new>
   -
  </new>
  <exclusive>
   yes
  </exclusive>
  <sporty>
   no
  </sporty>
 </clothing>
 <clothing>
  <id>
   394048659
  </id>
  <name>
   Brooks Shoes K-8934
  </name>
  <category>
   Shoes
  </category>
  <size>
   M
  </size>
  <color>
   Зеленый
  </color>
  <material>
   Шерсть
  </material>
  <price>
   352223
  </price>
  <rating>
   2.32
  </rating>
  <reviews>
   433487
  </reviews>
  <new>
   -
  </new>
  <exclusive>
   no
  </exclusive>
  <sporty>
   no
  </sporty>
 </clothing>
 <clothing>
  <id>
   258237644
  </id>
  <name>
   Brooks Jeans W-6165
  </name>
  <category>
   Jeans
  </category>
  <size>
   XXL
  </size>
  <color>
   Оранжевый
  </color>
  <material>
   Вискоза
  </material>
  <price>
   847942
  </price>
  <rating>
   4.17
  </rating>
  <reviews>
   703302
  </reviews>
  <new>
   +
  </new>
  <exclusive>
   no
  </exclusive>
  <sporty>
   no
  </sporty>
 </clothing>
 <clothing>
  <id>
   726451058
  </id>
  <name>
   Asics Jeans Y-8804
  </name>
  <category>
   Jeans
  </category>
  <size>
   S
  </size>
  <color>
   Голубой
  </color>
  <material>
   Хлопок
  </material>
  <price>
   284030
  </price>
  <rating>
   4.87
  </rating>
  <reviews>
   714002
  </reviews>
  <exclusive>
   yes
  </exclusive>
  <sporty>
   yes
  </sporty>
 </clothing>
 <clothing>
  <id>
   287617716
  </id>
  <name>
   Addidas Umbrellas K-5304
  </name>
  <category>
   Umbrellas
  </category>
  <size>
   M
  </size>
  <color>
   Синий
  </color>
  <material>
   Лен
  </material>
  <price>
   185847
  </price>
  <rating>
   1.52
  </rating>
  <reviews>
   239182
  </reviews>
  <exclusive>
   no
  </exclusive>
  <sporty>
   no
  </sporty>
 </clothing>
 <clothing>
  <id>
   443977461
  </id>
  <name>
   Addidas Hat H-7949
  </name>
  <category>
   Hat
  </category>
  <size>
   M
  </size>
  <color>
   Красный
  </color>
  <material>
   Шелк
  </material>
  <price>
   167547
  </price>
  <rating>
   3.52
  </rating>
  <reviews>
   932965
  </reviews>
  <new>
   +
  </new>
  <exclusive>
   no
  </exclusive>
 </clothing>
 <clothing>
  <id>
   129566243
  </id>
  <name>
   Nike Skirt I-3312
  </name>
  <category>
   Skirt
  </category>
  <size>
   XXL
  </size>
  <color>
   Голубой
  </color>
  <material>
   Нейлон
  </material>
  <price>
   600293
  </price>
  <rating>
   3.1
  </rating>
  <reviews>
   845307
  </reviews>
  <new>
   +
  </new>
  <exclusive>
   yes
  </exclusive>
 </clothing>
 <clothing>
  <id>
   667488893
  </id>
  <name>
   Fila Umbrellas P-9091
  </name>
  <category>
   Umbrellas
  </category>
  <size>
   XL
  </size>
  <color>
   Фиолетовый
  </color>
  <material>
   Хлопок
  </material>
  <price>
   787217
  </price>
  <rating>
   1.74
  </rating>
  <reviews>
   139399
  </reviews>
  <exclusive>
   no
  </exclusive>
  <sporty>
   no
  </sporty>
 </clothing>
 <clothing>
  <id>
   764634905
  </id>
  <name>
   DC Handbags Z-4678
  </name>
  <category>
   Handbags
  </category>
  <size>
   XXL
  </size>
  <color>
   Зеленый
  </color>
  <material>
   Хлопок
  </material>
  <price>
   167190
  </price>
  <rating>
   4.09
  </rating>
  <reviews>
   305130
  </reviews>
 </clothing>
 <clothing>
  <id>
   358753478
  </id>
  <name>
   DC Socks Y-6848
  </name>
  <category>
   Socks
  </category>
  <size>
   XL
  </size>
  <color>
   Оранжевый
  </color>
  <material>
   Лен
  </material>
  <price>
   182080
  </price>
  <rating>
   1.13
  </rating>
  <reviews>
   297246
  </reviews>
  <new>
   -
  </new>
  <exclusive>
   no
  </exclusive>
  <sporty>
   yes
  </sporty>
 </clothing>
 <clothing>
  <id>
   551783021
  </id>
  <name>
   Ellesse Hat G-6839
  </name>
  <category>
   Hat
  </category>
  <size>
   XXL
  </size>
  <color>
   Фиолетовый
  </color>
  <material>
   Вискоза
  </material>
  <price>
   233838
  </price>
  <rating>
   1.93
  </rating>
  <reviews>
   476224
  </reviews>
 </clothing>
 <clothing>
  <id>
   593922665
  </id>
  <name>
   Under Armour Hat R-6864
  </name>
  <category>
   Hat
  </category>
  <size>
   XXL
  </size>
  <color>
   Желтый
  </color>
  <material>
   Полиэстер
  </material>
  <price>
   809090
  </price>
  <rating>
   3.1
  </rating>
  <reviews>
   398220
  </reviews>
  <sporty>
   no
  </sporty>
 </clothing>
 <clothing>
  <id>
   398331993
  </id>
  <name>
   Addidas Pants P-3586
  </name>
  <category>
   Pants
  </category>
  <size>
   M
  </size>
  <color>
   Желтый
  </color>
  <material>
   Шерсть
  </material>
  <price>
   857086
  </price>
  <rating>
   3.52
  </rating>
  <reviews>
   31924
  </reviews>
 </clothing>
 <clothing>
  <id>
   296194790
  </id>
  <name>
   Lacoste T-shirt H-7574
  </name>
  <category>
   T-shirt
  </category>
  <size>
   M
  </size>
  <color>
   Голубой
  </color>
  <material>
   Нейлон
  </material>
  <price>
   366075
  </price>
  <rating>
   2.0
  </rating>
  <reviews>
   981001
  </reviews>
  <exclusive>
   no
  </exclusive>
 </clothing>
 <clothing>
  <id>
   106792431
  </id>
  <name>
   PleinSport Shirt Y-1855
  </name>
  <category>
   Shirt
  </category>
  <size>
   XL
  </size>
  <color>
   Голубой
  </color>
  <material>
   Кожа
  </material>
  <price>
   733717
  </price>
  <rating>
   4.8
  </rating>
  <reviews>
   817259
  </reviews>
  <new>
   +
  </new>
  <exclusive>
   yes
  </exclusive>
  <sporty>
   no
  </sporty>
 </clothing>
 <clothing>
  <id>
   830861218
  </id>
  <name>
   Adidas Gloves Y-2395
  </name>
  <category>
   Gloves
  </category>
  <size>
   S
  </size>
  <color>
   Зеленый
  </color>
  <material>
   Шерсть
  </material>
  <price>
   753692
  </price>
  <rating>
   2.96
  </rating>
  <reviews>
   796675
  </reviews>
 </clothing>
 <clothing>
  <id>
   923095728
  </id>
  <name>
   Brooks Handbags F-6998
  </name>
  <category>
   Handbags
  </category>
  <size>
   XL
  </size>
  <color>
   Желтый
  </color>
  <material>
   Лен
  </material>
  <price>
   110679
  </price>
  <rating>
   1.44
  </rating>
  <reviews>
   227598
  </reviews>
  <new>
   -
  </new>
  <sporty>
   yes
  </sporty>
 </clothing>
 <clothing>
  <id>
   851181988
  </id>
  <name>
   Nike Shirt L-4845
  </name>
  <category>
   Shirt
  </category>
  <size>
   XL
  </size>
  <color>
   Красный
  </color>
  <material>
   Кожа
  </material>
  <price>
   368930
  </price>
  <rating>
   2.3
  </rating>
  <reviews>
   488850
  </reviews>
  <sporty>
   no
  </sporty>
 </clothing>
 <clothing>
  <id>
   990357126
  </id>
  <name>
   New Balance Skirt S-6029
  </name>
  <category>
   Skirt
  </category>
  <size>
   S
  </size>
  <color>
   Голубой
  </color>
  <material>
   Кожа
  </material>
  <price>
   699514
  </price>
  <rating>
   3.9
  </rating>
  <reviews>
   441351
  </reviews>
  <new>
   -
  </new>
  <exclusive>
   yes
  </exclusive>
 </clothing>
 <clothing>
  <id>
   988617716
  </id>
  <name>
   Fila Sweater O-7412
  </name>
  <category>
   Sweater
  </category>
  <size>
   L
  </size>
  <color>
   Фиолетовый
  </color>
  <material>
   Лен
  </material>
  <price>
   377028
  </price>
  <rating>
   2.61
  </rating>
  <reviews>
   540383
  </reviews>
  <new>
   -
  </new>
  <exclusive>
   no
  </exclusive>
 </clothing>
 <clothing>
  <id>
   243014937
  </id>
  <name>
   Brooks Sweater A-4574
  </name>
  <category>
   Sweater
  </category>
  <size>
   S
  </size>
  <color>
   Голубой
  </color>
  <material>
   Вискоза
  </material>
  <price>
   747429
  </price>
  <rating>
   2.61
  </rating>
  <reviews>
   858822
  </reviews>
  <new>
   +
  </new>
  <exclusive>
   no
  </exclusive>
  <sporty>
   no
  </sporty>
 </clothing>
 <clothing>
  <id>
   304277246
  </id>
  <name>
   New Balance Skirt Q-6723
  </name>
  <category>
   Skirt
  </category>
  <size>
   XL
  </size>
  <color>
   Зеленый
  </color>
  <material>
   Лен
  </material>
  <price>
   103323
  </price>
  <rating>
   4.39
  </rating>
  <reviews>
   449943
  </reviews>
  <new>
   +
  </new>
  <exclusive>
   yes
  </exclusive>
 </clothing>
 <clothing>
  <id>
   910467578
  </id>
  <name>
   PleinSport Socks U-8506
  </name>
  <category>
   Socks
  </category>
  <size>
   L
  </size>
  <color>
   Желтый
  </color>
  <material>
   Нейлон
  </material>
  <price>
   966840
  </price>
  <rating>
   1.02
  </rating>
  <reviews>
   616087
  </reviews>
  <sporty>
   yes
  </sporty>
 </clothing>
 <clothing>
  <id>
   511906309
  </id>
  <name>
   Adidas Shirt U-6956
  </name>
  <category>
   Shirt
  </category>
  <size>
   M
  </size>
  <color>
   Желтый
  </color>
  <material>
   Полиэстер
  </material>
  <price>
   457182
  </price>
  <rating>
   4.93
  </rating>
  <reviews>
   240252
  </reviews>
  <exclusive>
   yes
  </exclusive>
  <sporty>
   yes
  </sporty>
 </clothing>
 <clothing>
  <id>
   453468923
  </id>
  <name>
   Puma Sweater C-2124
  </name>
  <category>
   Sweater
  </category>
  <size>
   M
  </size>
  <color>
   Голубой
  </color>
  <material>
   Шерсть
  </material>
  <price>
   978480
  </price>
  <rating>
   4.98
  </rating>
  <reviews>
   495098
  </reviews>
  <exclusive>
   no
  </exclusive>
  <sporty>
   yes
  </sporty>
 </clothing>
 <clothing>
  <id>
   745206700
  </id>
  <name>
   PleinSport Umbrellas L-6836
  </name>
  <category>
   Umbrellas
  </category>
  <size>
   M
  </size>
  <color>
   Синий
  </color>
  <material>
   Хлопок
  </material>
  <price>
   448639
  </price>
  <rating>
   2.76
  </rating>
  <reviews>
   622438
  </reviews>
  <new>
   -
  </new>
  <sporty>
   yes
  </sporty>
 </clothing>
</clothing-items>
