<?xml version="1.0" encoding="utf-8"?>
<clothing-items>
 <clothing>
  <id>
   228099688
  </id>
  <name>
   Addidas Dress A-6801
  </name>
  <category>
   Dress
  </category>
  <size>
   M
  </size>
  <color>
   Голубой
  </color>
  <material>
   Шелк
  </material>
  <price>
   737916
  </price>
  <rating>
   1.09
  </rating>
  <reviews>
   152289
  </reviews>
  <exclusive>
   yes
  </exclusive>
  <sporty>
   yes
  </sporty>
 </clothing>
 <clothing>
  <id>
   982813863
  </id>
  <name>
   Adidas Socks U-7929
  </name>
  <category>
   Socks
  </category>
  <size>
   XL
  </size>
  <color>
   Красный
  </color>
  <material>
   Лен
  </material>
  <price>
   630422
  </price>
  <rating>
   4.33
  </rating>
  <reviews>
   851819
  </reviews>
  <exclusive>
   no
  </exclusive>
  <sporty>
   no
  </sporty>
 </clothing>
 <clothing>
  <id>
   170874097
  </id>
  <name>
   Nike Handbags D-3451
  </name>
  <category>
   Handbags
  </category>
  <size>
   XXL
  </size>
  <color>
   Желтый
  </color>
  <material>
   Нейлон
  </material>
  <price>
   873904
  </price>
  <rating>
   4.25
  </rating>
  <reviews>
   382683
  </reviews>
  <new>
   +
  </new>
  <exclusive>
   yes
  </exclusive>
  <sporty>
   yes
  </sporty>
 </clothing>
 <clothing>
  <id>
   681072939
  </id>
  <name>
   Under Armour Pants F-6097
  </name>
  <category>
   Pants
  </category>
  <size>
   M
  </size>
  <color>
   Фиолетовый
  </color>
  <material>
   Шерсть
  </material>
  <price>
   349778
  </price>
  <rating>
   3.38
  </rating>
  <reviews>
   402673
  </reviews>
  <new>
   -
  </new>
 </clothing>
 <clothing>
  <id>
   548992718
  </id>
  <name>
   Brooks Gloves U-5355
  </name>
  <category>
   Gloves
  </category>
  <size>
   XL
  </size>
  <color>
   Оранжевый
  </color>
  <material>
   Шелк
  </material>
  <price>
   943765
  </price>
  <rating>
   4.99
  </rating>
  <reviews>
   948816
  </reviews>
  <new>
   +
  </new>
  <sporty>
   no
  </sporty>
 </clothing>
 <clothing>
  <id>
   459551662
  </id>
  <name>
   Ellesse Umbrellas D-9903
  </name>
  <category>
   Umbrellas
  </category>
  <size>
   M
  </size>
  <color>
   Оранжевый
  </color>
  <material>
   Полиэстер
  </material>
  <price>
   390689
  </price>
  <rating>
   4.91
  </rating>
  <reviews>
   274188
  </reviews>
  <sporty>
   yes
  </sporty>
 </clothing>
 <clothing>
  <id>
   876513194
  </id>
  <name>
   Adidas Pants P-5602
  </name>
  <category>
   Pants
  </category>
  <size>
   XXL
  </size>
  <color>
   Голубой
  </color>
  <material>
   Вискоза
  </material>
  <price>
   279806
  </price>
  <rating>
   3.35
  </rating>
  <reviews>
   271684
  </reviews>
  <exclusive>
   no
  </exclusive>
  <sporty>
   yes
  </sporty>
 </clothing>
 <clothing>
  <id>
   719166845
  </id>
  <name>
   PleinSport Jeans A-3086
  </name>
  <category>
   Jeans
  </category>
  <size>
   S
  </size>
  <color>
   Голубой
  </color>
  <material>
   Нейлон
  </material>
  <price>
   747904
  </price>
  <rating>
   3.38
  </rating>
  <reviews>
   261276
  </reviews>
 </clothing>
 <clothing>
  <id>
   301306360
  </id>
  <name>
   Adidas Shirt Q-4624
  </name>
  <category>
   Shirt
  </category>
  <size>
   M
  </size>
  <color>
   Зеленый
  </color>
  <material>
   Хлопок
  </material>
  <price>
   202671
  </price>
  <rating>
   1.42
  </rating>
  <reviews>
   250039
  </reviews>
  <new>
   -
  </new>
  <exclusive>
   no
  </exclusive>
 </clothing>
 <clothing>
  <id>
   953625969
  </id>
  <name>
   Fila Jacket K-2238
  </name>
  <category>
   Jacket
  </category>
  <size>
   XXL
  </size>
  <color>
   Зеленый
  </color>
  <material>
   Вискоза
  </material>
  <price>
   927264
  </price>
  <rating>
   1.69
  </rating>
  <reviews>
   789230
  </reviews>
  <sporty>
   no
  </sporty>
 </clothing>
 <clothing>
  <id>
   715983337
  </id>
  <name>
   Fila Jeans I-5895
  </name>
  <category>
   Jeans
  </category>
  <size>
   XL
  </size>
  <color>
   Оранжевый
  </color>
  <material>
   Вискоза
  </material>
  <price>
   973920
  </price>
  <rating>
   4.98
  </rating>
  <reviews>
   241883
  </reviews>
  <new>
   +
  </new>
  <exclusive>
   no
  </exclusive>
  <sporty>
   no
  </sporty>
 </clothing>
 <clothing>
  <id>
   863634476
  </id>
  <name>
   Nike Handbags G-6021
  </name>
  <category>
   Handbags
  </category>
  <size>
   M
  </size>
  <color>
   Синий
  </color>
  <material>
   Шерсть
  </material>
  <price>
   950121
  </price>
  <rating>
   1.11
  </rating>
  <reviews>
   731163
  </reviews>
  <new>
   +
  </new>
 </clothing>
 <clothing>
  <id>
   541202897
  </id>
  <name>
   Puma Dress Z-8869
  </name>
  <category>
   Dress
  </category>
  <size>
   S
  </size>
  <color>
   Синий
  </color>
  <material>
   Нейлон
  </material>
  <price>
   175735
  </price>
  <rating>
   3.9
  </rating>
  <reviews>
   505969
  </reviews>
  <new>
   +
  </new>
  <exclusive>
   no
  </exclusive>
  <sporty>
   no
  </sporty>
 </clothing>
</clothing-items>
