<?xml version="1.0" encoding="utf-8"?>
<clothing-items>
 <clothing>
  <id>
   216275819
  </id>
  <name>
   Lacoste Skirt Q-1168
  </name>
  <category>
   Skirt
  </category>
  <size>
   XL
  </size>
  <color>
   Красный
  </color>
  <material>
   Вискоза
  </material>
  <price>
   756116
  </price>
  <rating>
   4.73
  </rating>
  <reviews>
   592693
  </reviews>
  <new>
   -
  </new>
  <sporty>
   no
  </sporty>
 </clothing>
 <clothing>
  <id>
   624538329
  </id>
  <name>
   Converse Hat S-9182
  </name>
  <category>
   Hat
  </category>
  <size>
   XXL
  </size>
  <color>
   Желтый
  </color>
  <material>
   Вискоза
  </material>
  <price>
   590977
  </price>
  <rating>
   3.94
  </rating>
  <reviews>
   199810
  </reviews>
  <new>
   -
  </new>
  <exclusive>
   yes
  </exclusive>
 </clothing>
 <clothing>
  <id>
   811149634
  </id>
  <name>
   Ellesse Hat X-7630
  </name>
  <category>
   Hat
  </category>
  <size>
   M
  </size>
  <color>
   Красный
  </color>
  <material>
   Кожа
  </material>
  <price>
   378490
  </price>
  <rating>
   4.91
  </rating>
  <reviews>
   965355
  </reviews>
  <new>
   +
  </new>
 </clothing>
 <clothing>
  <id>
   227455328
  </id>
  <name>
   Reebok Handbags G-4435
  </name>
  <category>
   Handbags
  </category>
  <size>
   M
  </size>
  <color>
   Голубой
  </color>
  <material>
   Полиэстер
  </material>
  <price>
   161209
  </price>
  <rating>
   1.48
  </rating>
  <reviews>
   97935
  </reviews>
  <exclusive>
   yes
  </exclusive>
 </clothing>
 <clothing>
  <id>
   325899749
  </id>
  <name>
   Addidas Belts J-5755
  </name>
  <category>
   Belts
  </category>
  <size>
   XL
  </size>
  <color>
   Желтый
  </color>
  <material>
   Кожа
  </material>
  <price>
   223701
  </price>
  <rating>
   1.9
  </rating>
  <reviews>
   124302
  </reviews>
  <exclusive>
   no
  </exclusive>
 </clothing>
 <clothing>
  <id>
   460639094
  </id>
  <name>
   Addidas Shirt B-8347
  </name>
  <category>
   Shirt
  </category>
  <size>
   L
  </size>
  <color>
   Синий
  </color>
  <material>
   Вискоза
  </material>
  <price>
   890065
  </price>
  <rating>
   2.32
  </rating>
  <reviews>
   674868
  </reviews>
  <exclusive>
   no
  </exclusive>
 </clothing>
 <clothing>
  <id>
   472967788
  </id>
  <name>
   Lacoste Hat R-2681
  </name>
  <category>
   Hat
  </category>
  <size>
   XXL
  </size>
  <color>
   Голубой
  </color>
  <material>
   Вискоза
  </material>
  <price>
   757887
  </price>
  <rating>
   1.57
  </rating>
  <reviews>
   490829
  </reviews>
  <new>
   +
  </new>
  <exclusive>
   no
  </exclusive>
  <sporty>
   yes
  </sporty>
 </clothing>
 <clothing>
  <id>
   363380718
  </id>
  <name>
   Brooks T-shirt A-6859
  </name>
  <category>
   T-shirt
  </category>
  <size>
   L
  </size>
  <color>
   Голубой
  </color>
  <material>
   Шелк
  </material>
  <price>
   101676
  </price>
  <rating>
   1.46
  </rating>
  <reviews>
   529230
  </reviews>
  <new>
   -
  </new>
  <exclusive>
   no
  </exclusive>
  <sporty>
   no
  </sporty>
 </clothing>
 <clothing>
  <id>
   168773605
  </id>
  <name>
   Reebok Jeans P-8963
  </name>
  <category>
   Jeans
  </category>
  <size>
   M
  </size>
  <color>
   Зеленый
  </color>
  <material>
   Полиэстер
  </material>
  <price>
   702567
  </price>
  <rating>
   1.59
  </rating>
  <reviews>
   347000
  </reviews>
  <exclusive>
   no
  </exclusive>
  <sporty>
   no
  </sporty>
 </clothing>
 <clothing>
  <id>
   443968695
  </id>
  <name>
   Asics Umbrellas J-1278
  </name>
  <category>
   Umbrellas
  </category>
  <size>
   L
  </size>
  <color>
   Зеленый
  </color>
  <material>
   Вискоза
  </material>
  <price>
   969899
  </price>
  <rating>
   4.79
  </rating>
  <reviews>
   374605
  </reviews>
  <new>
   -
  </new>
  <exclusive>
   no
  </exclusive>
 </clothing>
 <clothing>
  <id>
   121429514
  </id>
  <name>
   PleinSport Gloves X-2194
  </name>
  <category>
   Gloves
  </category>
  <size>
   XXL
  </size>
  <color>
   Оранжевый
  </color>
  <material>
   Вискоза
  </material>
  <price>
   803218
  </price>
  <rating>
   3.85
  </rating>
  <reviews>
   608680
  </reviews>
  <new>
   +
  </new>
  <exclusive>
   yes
  </exclusive>
  <sporty>
   yes
  </sporty>
 </clothing>
 <clothing>
  <id>
   580598751
  </id>
  <name>
   Puma Pants Z-8070
  </name>
  <category>
   Pants
  </category>
  <size>
   S
  </size>
  <color>
   Оранжевый
  </color>
  <material>
   Шелк
  </material>
  <price>
   469282
  </price>
  <rating>
   1.85
  </rating>
  <reviews>
   913099
  </reviews>
  <new>
   +
  </new>
  <exclusive>
   yes
  </exclusive>
 </clothing>
 <clothing>
  <id>
   340499639
  </id>
  <name>
   Fila Jacket X-9575
  </name>
  <category>
   Jacket
  </category>
  <size>
   S
  </size>
  <color>
   Желтый
  </color>
  <material>
   Полиэстер
  </material>
  <price>
   391212
  </price>
  <rating>
   2.3
  </rating>
  <reviews>
   372645
  </reviews>
  <new>
   +
  </new>
  <exclusive>
   yes
  </exclusive>
  <sporty>
   yes
  </sporty>
 </clothing>
 <clothing>
  <id>
   896931431
  </id>
  <name>
   DC Gloves F-7305
  </name>
  <category>
   Gloves
  </category>
  <size>
   S
  </size>
  <color>
   Голубой
  </color>
  <material>
   Нейлон
  </material>
  <price>
   710972
  </price>
  <rating>
   1.48
  </rating>
  <reviews>
   768434
  </reviews>
 </clothing>
 <clothing>
  <id>
   188446428
  </id>
  <name>
   PleinSport Hat N-2974
  </name>
  <category>
   Hat
  </category>
  <size>
   XXL
  </size>
  <color>
   Фиолетовый
  </color>
  <material>
   Кожа
  </material>
  <price>
   345505
  </price>
  <rating>
   4.41
  </rating>
  <reviews>
   324110
  </reviews>
  <exclusive>
   no
  </exclusive>
  <sporty>
   yes
  </sporty>
 </clothing>
 <clothing>
  <id>
   792527750
  </id>
  <name>
   Reebok Dress J-4434
  </name>
  <category>
   Dress
  </category>
  <size>
   L
  </size>
  <color>
   Оранжевый
  </color>
  <material>
   Нейлон
  </material>
  <price>
   288908
  </price>
  <rating>
   2.24
  </rating>
  <reviews>
   770634
  </reviews>
  <sporty>
   no
  </sporty>
 </clothing>
 <clothing>
  <id>
   479030537
  </id>
  <name>
   Puma Dress J-1724
  </name>
  <category>
   Dress
  </category>
  <size>
   L
  </size>
  <color>
   Желтый
  </color>
  <material>
   Шерсть
  </material>
  <price>
   346486
  </price>
  <rating>
   3.37
  </rating>
  <reviews>
   9150
  </reviews>
  <new>
   +
  </new>
  <exclusive>
   yes
  </exclusive>
  <sporty>
   yes
  </sporty>
 </clothing>
 <clothing>
  <id>
   413971311
  </id>
  <name>
   PleinSport Belts Z-6778
  </name>
  <category>
   Belts
  </category>
  <size>
   S
  </size>
  <color>
   Зеленый
  </color>
  <material>
   Кожа
  </material>
  <price>
   619441
  </price>
  <rating>
   3.51
  </rating>
  <reviews>
   350723
  </reviews>
  <new>
   -
  </new>
 </clothing>
 <clothing>
  <id>
   608653289
  </id>
  <name>
   New Balance Sweater N-4674
  </name>
  <category>
   Sweater
  </category>
  <size>
   S
  </size>
  <color>
   Зеленый
  </color>
  <material>
   Хлопок
  </material>
  <price>
   213993
  </price>
  <rating>
   2.85
  </rating>
  <reviews>
   884811
  </reviews>
  <new>
   -
  </new>
  <exclusive>
   no
  </exclusive>
 </clothing>
 <clothing>
  <id>
   385769022
  </id>
  <name>
   Brooks Umbrellas I-7517
  </name>
  <category>
   Umbrellas
  </category>
  <size>
   XXL
  </size>
  <color>
   Синий
  </color>
  <material>
   Кожа
  </material>
  <price>
   218213
  </price>
  <rating>
   1.82
  </rating>
  <reviews>
   748370
  </reviews>
  <exclusive>
   yes
  </exclusive>
  <sporty>
   yes
  </sporty>
 </clothing>
 <clothing>
  <id>
   428860871
  </id>
  <name>
   Lacoste Gloves A-6999
  </name>
  <category>
   Gloves
  </category>
  <size>
   M
  </size>
  <color>
   Голубой
  </color>
  <material>
   Шерсть
  </material>
  <price>
   128364
  </price>
  <rating>
   1.14
  </rating>
  <reviews>
   955859
  </reviews>
 </clothing>
 <clothing>
  <id>
   418321774
  </id>
  <name>
   Ellesse Skirt I-6329
  </name>
  <category>
   Skirt
  </category>
  <size>
   L
  </size>
  <color>
   Желтый
  </color>
  <material>
   Шерсть
  </material>
  <price>
   938144
  </price>
  <rating>
   2.82
  </rating>
  <reviews>
   554871
  </reviews>
  <exclusive>
   no
  </exclusive>
 </clothing>
 <clothing>
  <id>
   730999640
  </id>
  <name>
   Lacoste Skirt T-3380
  </name>
  <category>
   Skirt
  </category>
  <size>
   M
  </size>
  <color>
   Красный
  </color>
  <material>
   Шерсть
  </material>
  <price>
   291911
  </price>
  <rating>
   3.17
  </rating>
  <reviews>
   374044
  </reviews>
  <sporty>
   no
  </sporty>
 </clothing>
 <clothing>
  <id>
   901868205
  </id>
  <name>
   Reebok Sweater F-8003
  </name>
  <category>
   Sweater
  </category>
  <size>
   L
  </size>
  <color>
   Желтый
  </color>
  <material>
   Шерсть
  </material>
  <price>
   744051
  </price>
  <rating>
   2.4
  </rating>
  <reviews>
   973402
  </reviews>
  <new>
   +
  </new>
  <exclusive>
   no
  </exclusive>
 </clothing>
 <clothing>
  <id>
   947875702
  </id>
  <name>
   Asics Jeans V-5449
  </name>
  <category>
   Jeans
  </category>
  <size>
   L
  </size>
  <color>
   Красный
  </color>
  <material>
   Лен
  </material>
  <price>
   549654
  </price>
  <rating>
   1.86
  </rating>
  <reviews>
   181566
  </reviews>
  <new>
   -
  </new>
  <sporty>
   no
  </sporty>
 </clothing>
</clothing-items>
