<?xml version="1.0" encoding="utf-8"?>
<clothing-items>
 <clothing>
  <id>
   162595938
  </id>
  <name>
   Adidas Gloves H-5846
  </name>
  <category>
   Gloves
  </category>
  <size>
   M
  </size>
  <color>
   Зеленый
  </color>
  <material>
   Шерсть
  </material>
  <price>
   455709
  </price>
  <rating>
   2.69
  </rating>
  <reviews>
   639666
  </reviews>
  <exclusive>
   no
  </exclusive>
 </clothing>
 <clothing>
  <id>
   830340832
  </id>
  <name>
   Puma Belts K-4153
  </name>
  <category>
   Belts
  </category>
  <size>
   S
  </size>
  <color>
   Фиолетовый
  </color>
  <material>
   Вискоза
  </material>
  <price>
   302304
  </price>
  <rating>
   2.38
  </rating>
  <reviews>
   391328
  </reviews>
  <new>
   -
  </new>
  <exclusive>
   no
  </exclusive>
 </clothing>
 <clothing>
  <id>
   295584192
  </id>
  <name>
   Lacoste Handbags R-9100
  </name>
  <category>
   Handbags
  </category>
  <size>
   L
  </size>
  <color>
   Голубой
  </color>
  <material>
   Шерсть
  </material>
  <price>
   622359
  </price>
  <rating>
   1.23
  </rating>
  <reviews>
   177553
  </reviews>
  <sporty>
   yes
  </sporty>
 </clothing>
 <clothing>
  <id>
   323911438
  </id>
  <name>
   DC T-shirt I-5672
  </name>
  <category>
   T-shirt
  </category>
  <size>
   XL
  </size>
  <color>
   Оранжевый
  </color>
  <material>
   Вискоза
  </material>
  <price>
   849178
  </price>
  <rating>
   4.45
  </rating>
  <reviews>
   846359
  </reviews>
  <exclusive>
   yes
  </exclusive>
 </clothing>
 <clothing>
  <id>
   459021878
  </id>
  <name>
   Converse T-shirt K-5240
  </name>
  <category>
   T-shirt
  </category>
  <size>
   XL
  </size>
  <color>
   Желтый
  </color>
  <material>
   Шерсть
  </material>
  <price>
   452819
  </price>
  <rating>
   3.76
  </rating>
  <reviews>
   441038
  </reviews>
  <new>
   +
  </new>
 </clothing>
 <clothing>
  <id>
   363070014
  </id>
  <name>
   PleinSport Dress T-9038
  </name>
  <category>
   Dress
  </category>
  <size>
   L
  </size>
  <color>
   Голубой
  </color>
  <material>
   Шелк
  </material>
  <price>
   667090
  </price>
  <rating>
   3.87
  </rating>
  <reviews>
   155429
  </reviews>
  <new>
   +
  </new>
  <exclusive>
   no
  </exclusive>
  <sporty>
   no
  </sporty>
 </clothing>
 <clothing>
  <id>
   900724407
  </id>
  <name>
   Addidas Belts F-7083
  </name>
  <category>
   Belts
  </category>
  <size>
   XL
  </size>
  <color>
   Синий
  </color>
  <material>
   Шелк
  </material>
  <price>
   998999
  </price>
  <rating>
   4.15
  </rating>
  <reviews>
   878236
  </reviews>
  <new>
   -
  </new>
  <exclusive>
   no
  </exclusive>
 </clothing>
 <clothing>
  <id>
   850505885
  </id>
  <name>
   Vans Pants O-1048
  </name>
  <category>
   Pants
  </category>
  <size>
   XL
  </size>
  <color>
   Голубой
  </color>
  <material>
   Вискоза
  </material>
  <price>
   105909
  </price>
  <rating>
   3.08
  </rating>
  <reviews>
   652383
  </reviews>
  <new>
   -
  </new>
  <sporty>
   yes
  </sporty>
 </clothing>
 <clothing>
  <id>
   420888417
  </id>
  <name>
   DC Shoes H-7937
  </name>
  <category>
   Shoes
  </category>
  <size>
   S
  </size>
  <color>
   Синий
  </color>
  <material>
   Нейлон
  </material>
  <price>
   968185
  </price>
  <rating>
   4.43
  </rating>
  <reviews>
   921261
  </reviews>
  <new>
   -
  </new>
  <exclusive>
   yes
  </exclusive>
  <sporty>
   no
  </sporty>
 </clothing>
 <clothing>
  <id>
   671930384
  </id>
  <name>
   Addidas Jeans J-9615
  </name>
  <category>
   Jeans
  </category>
  <size>
   S
  </size>
  <color>
   Зеленый
  </color>
  <material>
   Полиэстер
  </material>
  <price>
   333648
  </price>
  <rating>
   2.99
  </rating>
  <reviews>
   111089
  </reviews>
  <new>
   -
  </new>
  <sporty>
   no
  </sporty>
 </clothing>
 <clothing>
  <id>
   326200189
  </id>
  <name>
   Addidas Belts B-2803
  </name>
  <category>
   Belts
  </category>
  <size>
   M
  </size>
  <color>
   Синий
  </color>
  <material>
   Нейлон
  </material>
  <price>
   250448
  </price>
  <rating>
   4.94
  </rating>
  <reviews>
   510817
  </reviews>
  <exclusive>
   yes
  </exclusive>
 </clothing>
 <clothing>
  <id>
   113614839
  </id>
  <name>
   Under Armour Blouse R-4898
  </name>
  <category>
   Blouse
  </category>
  <size>
   L
  </size>
  <color>
   Фиолетовый
  </color>
  <material>
   Хлопок
  </material>
  <price>
   472043
  </price>
  <rating>
   4.49
  </rating>
  <reviews>
   275957
  </reviews>
  <new>
   -
  </new>
  <exclusive>
   no
  </exclusive>
  <sporty>
   yes
  </sporty>
 </clothing>
 <clothing>
  <id>
   490542011
  </id>
  <name>
   Converse Sweater K-5109
  </name>
  <category>
   Sweater
  </category>
  <size>
   L
  </size>
  <color>
   Синий
  </color>
  <material>
   Хлопок
  </material>
  <price>
   310978
  </price>
  <rating>
   2.53
  </rating>
  <reviews>
   453359
  </reviews>
  <new>
   -
  </new>
  <sporty>
   yes
  </sporty>
 </clothing>
 <clothing>
  <id>
   407561833
  </id>
  <name>
   Vans Jeans R-9037
  </name>
  <category>
   Jeans
  </category>
  <size>
   S
  </size>
  <color>
   Фиолетовый
  </color>
  <material>
   Вискоза
  </material>
  <price>
   384502
  </price>
  <rating>
   1.87
  </rating>
  <reviews>
   371605
  </reviews>
  <new>
   -
  </new>
  <exclusive>
   no
  </exclusive>
  <sporty>
   no
  </sporty>
 </clothing>
 <clothing>
  <id>
   422132466
  </id>
  <name>
   Vans Jacket D-5448
  </name>
  <category>
   Jacket
  </category>
  <size>
   XXL
  </size>
  <color>
   Зеленый
  </color>
  <material>
   Шелк
  </material>
  <price>
   683090
  </price>
  <rating>
   4.08
  </rating>
  <reviews>
   877684
  </reviews>
  <exclusive>
   no
  </exclusive>
 </clothing>
 <clothing>
  <id>
   893443914
  </id>
  <name>
   DC Sweater B-1085
  </name>
  <category>
   Sweater
  </category>
  <size>
   XXL
  </size>
  <color>
   Голубой
  </color>
  <material>
   Кожа
  </material>
  <price>
   570291
  </price>
  <rating>
   4.08
  </rating>
  <reviews>
   572356
  </reviews>
 </clothing>
 <clothing>
  <id>
   944552521
  </id>
  <name>
   Asics Socks P-7565
  </name>
  <category>
   Socks
  </category>
  <size>
   L
  </size>
  <color>
   Фиолетовый
  </color>
  <material>
   Хлопок
  </material>
  <price>
   340334
  </price>
  <rating>
   2.05
  </rating>
  <reviews>
   514870
  </reviews>
  <new>
   -
  </new>
  <exclusive>
   no
  </exclusive>
  <sporty>
   no
  </sporty>
 </clothing>
 <clothing>
  <id>
   371320698
  </id>
  <name>
   New Balance Handbags N-6089
  </name>
  <category>
   Handbags
  </category>
  <size>
   M
  </size>
  <color>
   Фиолетовый
  </color>
  <material>
   Шерсть
  </material>
  <price>
   173324
  </price>
  <rating>
   2.45
  </rating>
  <reviews>
   589614
  </reviews>
  <new>
   -
  </new>
 </clothing>
 <clothing>
  <id>
   790311792
  </id>
  <name>
   Converse Shoes F-1168
  </name>
  <category>
   Shoes
  </category>
  <size>
   XL
  </size>
  <color>
   Фиолетовый
  </color>
  <material>
   Шерсть
  </material>
  <price>
   836617
  </price>
  <rating>
   1.97
  </rating>
  <reviews>
   951927
  </reviews>
 </clothing>
 <clothing>
  <id>
   487789203
  </id>
  <name>
   New Balance Hat L-9648
  </name>
  <category>
   Hat
  </category>
  <size>
   XL
  </size>
  <color>
   Голубой
  </color>
  <material>
   Шерсть
  </material>
  <price>
   486245
  </price>
  <rating>
   1.86
  </rating>
  <reviews>
   465425
  </reviews>
  <exclusive>
   yes
  </exclusive>
  <sporty>
   no
  </sporty>
 </clothing>
 <clothing>
  <id>
   116298044
  </id>
  <name>
   DC Shoes Y-2105
  </name>
  <category>
   Shoes
  </category>
  <size>
   XXL
  </size>
  <color>
   Желтый
  </color>
  <material>
   Шелк
  </material>
  <price>
   901799
  </price>
  <rating>
   4.64
  </rating>
  <reviews>
   910345
  </reviews>
  <exclusive>
   no
  </exclusive>
  <sporty>
   no
  </sporty>
 </clothing>
 <clothing>
  <id>
   618420607
  </id>
  <name>
   Ellesse Blouse A-3462
  </name>
  <category>
   Blouse
  </category>
  <size>
   S
  </size>
  <color>
   Фиолетовый
  </color>
  <material>
   Хлопок
  </material>
  <price>
   737770
  </price>
  <rating>
   2.01
  </rating>
  <reviews>
   13892
  </reviews>
  <exclusive>
   no
  </exclusive>
  <sporty>
   no
  </sporty>
 </clothing>
 <clothing>
  <id>
   605768255
  </id>
  <name>
   Adidas Jeans P-5091
  </name>
  <category>
   Jeans
  </category>
  <size>
   L
  </size>
  <color>
   Оранжевый
  </color>
  <material>
   Кожа
  </material>
  <price>
   443732
  </price>
  <rating>
   1.97
  </rating>
  <reviews>
   305250
  </reviews>
  <new>
   -
  </new>
  <sporty>
   yes
  </sporty>
 </clothing>
 <clothing>
  <id>
   699950843
  </id>
  <name>
   Adidas Skirt C-5191
  </name>
  <category>
   Skirt
  </category>
  <size>
   XL
  </size>
  <color>
   Голубой
  </color>
  <material>
   Вискоза
  </material>
  <price>
   201759
  </price>
  <rating>
   1.79
  </rating>
  <reviews>
   207282
  </reviews>
  <exclusive>
   yes
  </exclusive>
 </clothing>
 <clothing>
  <id>
   764977966
  </id>
  <name>
   Addidas Skirt I-3040
  </name>
  <category>
   Skirt
  </category>
  <size>
   L
  </size>
  <color>
   Фиолетовый
  </color>
  <material>
   Нейлон
  </material>
  <price>
   819000
  </price>
  <rating>
   1.68
  </rating>
  <reviews>
   820062
  </reviews>
  <new>
   +
  </new>
  <exclusive>
   no
  </exclusive>
  <sporty>
   yes
  </sporty>
 </clothing>
 <clothing>
  <id>
   910978448
  </id>
  <name>
   Addidas Socks M-5721
  </name>
  <category>
   Socks
  </category>
  <size>
   XXL
  </size>
  <color>
   Синий
  </color>
  <material>
   Полиэстер
  </material>
  <price>
   553688
  </price>
  <rating>
   1.22
  </rating>
  <reviews>
   695537
  </reviews>
  <new>
   -
  </new>
  <exclusive>
   yes
  </exclusive>
  <sporty>
   no
  </sporty>
 </clothing>
 <clothing>
  <id>
   272218977
  </id>
  <name>
   Ellesse Handbags L-4209
  </name>
  <category>
   Handbags
  </category>
  <size>
   L
  </size>
  <color>
   Оранжевый
  </color>
  <material>
   Шерсть
  </material>
  <price>
   225385
  </price>
  <rating>
   1.77
  </rating>
  <reviews>
   863858
  </reviews>
  <new>
   +
  </new>
 </clothing>
 <clothing>
  <id>
   627632317
  </id>
  <name>
   Ellesse Jeans X-3129
  </name>
  <category>
   Jeans
  </category>
  <size>
   S
  </size>
  <color>
   Голубой
  </color>
  <material>
   Шерсть
  </material>
  <price>
   118775
  </price>
  <rating>
   1.43
  </rating>
  <reviews>
   974187
  </reviews>
  <new>
   +
  </new>
  <sporty>
   no
  </sporty>
 </clothing>
 <clothing>
  <id>
   783017232
  </id>
  <name>
   DC Umbrellas L-4073
  </name>
  <category>
   Umbrellas
  </category>
  <size>
   XL
  </size>
  <color>
   Оранжевый
  </color>
  <material>
   Лен
  </material>
  <price>
   910171
  </price>
  <rating>
   2.94
  </rating>
  <reviews>
   474000
  </reviews>
  <new>
   -
  </new>
  <exclusive>
   yes
  </exclusive>
  <sporty>
   no
  </sporty>
 </clothing>
 <clothing>
  <id>
   691262349
  </id>
  <name>
   Fila Shoes P-3704
  </name>
  <category>
   Shoes
  </category>
  <size>
   XXL
  </size>
  <color>
   Красный
  </color>
  <material>
   Шелк
  </material>
  <price>
   346430
  </price>
  <rating>
   1.15
  </rating>
  <reviews>
   237783
  </reviews>
  <exclusive>
   yes
  </exclusive>
  <sporty>
   yes
  </sporty>
 </clothing>
 <clothing>
  <id>
   643398082
  </id>
  <name>
   Asics Jacket M-8375
  </name>
  <category>
   Jacket
  </category>
  <size>
   XXL
  </size>
  <color>
   Зеленый
  </color>
  <material>
   Полиэстер
  </material>
  <price>
   873198
  </price>
  <rating>
   4.58
  </rating>
  <reviews>
   175256
  </reviews>
  <new>
   -
  </new>
  <sporty>
   no
  </sporty>
 </clothing>
 <clothing>
  <id>
   606395455
  </id>
  <name>
   Brooks Blouse E-8461
  </name>
  <category>
   Blouse
  </category>
  <size>
   S
  </size>
  <color>
   Оранжевый
  </color>
  <material>
   Шерсть
  </material>
  <price>
   359059
  </price>
  <rating>
   3.07
  </rating>
  <reviews>
   787954
  </reviews>
  <new>
   -
  </new>
  <exclusive>
   no
  </exclusive>
  <sporty>
   no
  </sporty>
 </clothing>
 <clothing>
  <id>
   885221108
  </id>
  <name>
   Reebok Jacket P-8430
  </name>
  <category>
   Jacket
  </category>
  <size>
   XL
  </size>
  <color>
   Голубой
  </color>
  <material>
   Кожа
  </material>
  <price>
   247023
  </price>
  <rating>
   3.45
  </rating>
  <reviews>
   661359
  </reviews>
  <exclusive>
   no
  </exclusive>
  <sporty>
   yes
  </sporty>
 </clothing>
 <clothing>
  <id>
   776466108
  </id>
  <name>
   Reebok Pants T-4030
  </name>
  <category>
   Pants
  </category>
  <size>
   S
  </size>
  <color>
   Зеленый
  </color>
  <material>
   Нейлон
  </material>
  <price>
   388282
  </price>
  <rating>
   4.89
  </rating>
  <reviews>
   252689
  </reviews>
  <exclusive>
   no
  </exclusive>
  <sporty>
   yes
  </sporty>
 </clothing>
 <clothing>
  <id>
   974325376
  </id>
  <name>
   DC Shirt X-8577
  </name>
  <category>
   Shirt
  </category>
  <size>
   XL
  </size>
  <color>
   Оранжевый
  </color>
  <material>
   Кожа
  </material>
  <price>
   995842
  </price>
  <rating>
   1.44
  </rating>
  <reviews>
   207512
  </reviews>
  <new>
   -
  </new>
  <sporty>
   yes
  </sporty>
 </clothing>
 <clothing>
  <id>
   109875924
  </id>
  <name>
   Puma Handbags I-9437
  </name>
  <category>
   Handbags
  </category>
  <size>
   L
  </size>
  <color>
   Оранжевый
  </color>
  <material>
   Вискоза
  </material>
  <price>
   636971
  </price>
  <rating>
   4.06
  </rating>
  <reviews>
   387427
  </reviews>
  <new>
   +
  </new>
  <exclusive>
   yes
  </exclusive>
  <sporty>
   no
  </sporty>
 </clothing>
 <clothing>
  <id>
   228571700
  </id>
  <name>
   Adidas Belts V-8457
  </name>
  <category>
   Belts
  </category>
  <size>
   M
  </size>
  <color>
   Красный
  </color>
  <material>
   Нейлон
  </material>
  <price>
   824505
  </price>
  <rating>
   1.29
  </rating>
  <reviews>
   817815
  </reviews>
  <new>
   -
  </new>
  <exclusive>
   yes
  </exclusive>
  <sporty>
   yes
  </sporty>
 </clothing>
</clothing-items>
