<?xml version="1.0" encoding="utf-8"?>
<clothing-items>
 <clothing>
  <id>
   282425812
  </id>
  <name>
   DC Socks F-6183
  </name>
  <category>
   Socks
  </category>
  <size>
   XL
  </size>
  <color>
   Голубой
  </color>
  <material>
   Нейлон
  </material>
  <price>
   474595
  </price>
  <rating>
   2.15
  </rating>
  <reviews>
   808134
  </reviews>
  <new>
   +
  </new>
 </clothing>
 <clothing>
  <id>
   227387503
  </id>
  <name>
   Ellesse Socks L-3454
  </name>
  <category>
   Socks
  </category>
  <size>
   L
  </size>
  <color>
   Синий
  </color>
  <material>
   Шелк
  </material>
  <price>
   811037
  </price>
  <rating>
   4.81
  </rating>
  <reviews>
   712990
  </reviews>
  <exclusive>
   no
  </exclusive>
  <sporty>
   no
  </sporty>
 </clothing>
 <clothing>
  <id>
   309393548
  </id>
  <name>
   Adidas Dress X-6974
  </name>
  <category>
   Dress
  </category>
  <size>
   XXL
  </size>
  <color>
   Оранжевый
  </color>
  <material>
   Кожа
  </material>
  <price>
   586943
  </price>
  <rating>
   2.95
  </rating>
  <reviews>
   405201
  </reviews>
  <new>
   -
  </new>
 </clothing>
 <clothing>
  <id>
   539353500
  </id>
  <name>
   Brooks Shoes Y-6471
  </name>
  <category>
   Shoes
  </category>
  <size>
   S
  </size>
  <color>
   Голубой
  </color>
  <material>
   Вискоза
  </material>
  <price>
   280111
  </price>
  <rating>
   2.61
  </rating>
  <reviews>
   437606
  </reviews>
  <sporty>
   no
  </sporty>
 </clothing>
 <clothing>
  <id>
   244968937
  </id>
  <name>
   Addidas Pants W-7918
  </name>
  <category>
   Pants
  </category>
  <size>
   M
  </size>
  <color>
   Желтый
  </color>
  <material>
   Вискоза
  </material>
  <price>
   601301
  </price>
  <rating>
   1.19
  </rating>
  <reviews>
   863965
  </reviews>
 </clothing>
 <clothing>
  <id>
   680896727
  </id>
  <name>
   Ellesse Handbags M-7753
  </name>
  <category>
   Handbags
  </category>
  <size>
   S
  </size>
  <color>
   Голубой
  </color>
  <material>
   Шелк
  </material>
  <price>
   301086
  </price>
  <rating>
   2.99
  </rating>
  <reviews>
   26924
  </reviews>
  <exclusive>
   no
  </exclusive>
  <sporty>
   yes
  </sporty>
 </clothing>
 <clothing>
  <id>
   241955583
  </id>
  <name>
   Ellesse Hat Q-3881
  </name>
  <category>
   Hat
  </category>
  <size>
   XXL
  </size>
  <color>
   Желтый
  </color>
  <material>
   Нейлон
  </material>
  <price>
   116473
  </price>
  <rating>
   4.54
  </rating>
  <reviews>
   310663
  </reviews>
  <new>
   -
  </new>
  <exclusive>
   yes
  </exclusive>
  <sporty>
   no
  </sporty>
 </clothing>
 <clothing>
  <id>
   588562801
  </id>
  <name>
   Lacoste Skirt Q-4054
  </name>
  <category>
   Skirt
  </category>
  <size>
   XXL
  </size>
  <color>
   Красный
  </color>
  <material>
   Вискоза
  </material>
  <price>
   201207
  </price>
  <rating>
   3.53
  </rating>
  <reviews>
   544417
  </reviews>
  <new>
   -
  </new>
  <exclusive>
   no
  </exclusive>
  <sporty>
   no
  </sporty>
 </clothing>
 <clothing>
  <id>
   437224951
  </id>
  <name>
   Addidas Jeans K-5470
  </name>
  <category>
   Jeans
  </category>
  <size>
   XXL
  </size>
  <color>
   Синий
  </color>
  <material>
   Шелк
  </material>
  <price>
   142434
  </price>
  <rating>
   2.93
  </rating>
  <reviews>
   567389
  </reviews>
  <exclusive>
   yes
  </exclusive>
  <sporty>
   no
  </sporty>
 </clothing>
 <clothing>
  <id>
   926929273
  </id>
  <name>
   Brooks Handbags U-3079
  </name>
  <category>
   Handbags
  </category>
  <size>
   XXL
  </size>
  <color>
   Желтый
  </color>
  <material>
   Шерсть
  </material>
  <price>
   485847
  </price>
  <rating>
   1.98
  </rating>
  <reviews>
   152602
  </reviews>
  <new>
   +
  </new>
  <exclusive>
   no
  </exclusive>
 </clothing>
 <clothing>
  <id>
   934391345
  </id>
  <name>
   Reebok Jacket S-4865
  </name>
  <category>
   Jacket
  </category>
  <size>
   XXL
  </size>
  <color>
   Синий
  </color>
  <material>
   Вискоза
  </material>
  <price>
   655400
  </price>
  <rating>
   2.97
  </rating>
  <reviews>
   944300
  </reviews>
  <new>
   +
  </new>
  <sporty>
   no
  </sporty>
 </clothing>
 <clothing>
  <id>
   914683304
  </id>
  <name>
   Reebok Hat R-1740
  </name>
  <category>
   Hat
  </category>
  <size>
   L
  </size>
  <color>
   Оранжевый
  </color>
  <material>
   Полиэстер
  </material>
  <price>
   462793
  </price>
  <rating>
   1.79
  </rating>
  <reviews>
   552468
  </reviews>
  <sporty>
   no
  </sporty>
 </clothing>
 <clothing>
  <id>
   244133332
  </id>
  <name>
   PleinSport T-shirt D-9516
  </name>
  <category>
   T-shirt
  </category>
  <size>
   L
  </size>
  <color>
   Синий
  </color>
  <material>
   Шелк
  </material>
  <price>
   906976
  </price>
  <rating>
   4.42
  </rating>
  <reviews>
   675913
  </reviews>
  <exclusive>
   no
  </exclusive>
 </clothing>
 <clothing>
  <id>
   370512977
  </id>
  <name>
   DC Gloves A-2174
  </name>
  <category>
   Gloves
  </category>
  <size>
   S
  </size>
  <color>
   Желтый
  </color>
  <material>
   Лен
  </material>
  <price>
   810424
  </price>
  <rating>
   4.06
  </rating>
  <reviews>
   37294
  </reviews>
  <new>
   -
  </new>
  <exclusive>
   no
  </exclusive>
  <sporty>
   yes
  </sporty>
 </clothing>
 <clothing>
  <id>
   320863349
  </id>
  <name>
   Reebok Dress G-8197
  </name>
  <category>
   Dress
  </category>
  <size>
   XL
  </size>
  <color>
   Оранжевый
  </color>
  <material>
   Кожа
  </material>
  <price>
   931360
  </price>
  <rating>
   1.19
  </rating>
  <reviews>
   696960
  </reviews>
  <new>
   -
  </new>
  <exclusive>
   no
  </exclusive>
  <sporty>
   no
  </sporty>
 </clothing>
 <clothing>
  <id>
   708784080
  </id>
  <name>
   Vans Pants P-4655
  </name>
  <category>
   Pants
  </category>
  <size>
   M
  </size>
  <color>
   Фиолетовый
  </color>
  <material>
   Хлопок
  </material>
  <price>
   846396
  </price>
  <rating>
   3.94
  </rating>
  <reviews>
   603622
  </reviews>
  <sporty>
   no
  </sporty>
 </clothing>
 <clothing>
  <id>
   295511745
  </id>
  <name>
   Nike Umbrellas L-1450
  </name>
  <category>
   Umbrellas
  </category>
  <size>
   L
  </size>
  <color>
   Желтый
  </color>
  <material>
   Кожа
  </material>
  <price>
   982113
  </price>
  <rating>
   3.56
  </rating>
  <reviews>
   978533
  </reviews>
  <new>
   +
  </new>
  <exclusive>
   yes
  </exclusive>
 </clothing>
 <clothing>
  <id>
   642946168
  </id>
  <name>
   Under Armour Blouse F-2006
  </name>
  <category>
   Blouse
  </category>
  <size>
   XL
  </size>
  <color>
   Желтый
  </color>
  <material>
   Шерсть
  </material>
  <price>
   542337
  </price>
  <rating>
   2.31
  </rating>
  <reviews>
   994996
  </reviews>
  <new>
   -
  </new>
  <exclusive>
   no
  </exclusive>
 </clothing>
 <clothing>
  <id>
   191647558
  </id>
  <name>
   New Balance Jeans H-2098
  </name>
  <category>
   Jeans
  </category>
  <size>
   L
  </size>
  <color>
   Фиолетовый
  </color>
  <material>
   Полиэстер
  </material>
  <price>
   738413
  </price>
  <rating>
   3.04
  </rating>
  <reviews>
   67146
  </reviews>
  <new>
   -
  </new>
 </clothing>
 <clothing>
  <id>
   444297309
  </id>
  <name>
   Converse Socks U-6633
  </name>
  <category>
   Socks
  </category>
  <size>
   XL
  </size>
  <color>
   Синий
  </color>
  <material>
   Вискоза
  </material>
  <price>
   115604
  </price>
  <rating>
   3.89
  </rating>
  <reviews>
   134171
  </reviews>
  <new>
   -
  </new>
  <exclusive>
   no
  </exclusive>
  <sporty>
   no
  </sporty>
 </clothing>
 <clothing>
  <id>
   233460549
  </id>
  <name>
   Brooks Pants D-6493
  </name>
  <category>
   Pants
  </category>
  <size>
   XL
  </size>
  <color>
   Зеленый
  </color>
  <material>
   Нейлон
  </material>
  <price>
   339782
  </price>
  <rating>
   2.45
  </rating>
  <reviews>
   994500
  </reviews>
  <new>
   +
  </new>
  <exclusive>
   no
  </exclusive>
  <sporty>
   no
  </sporty>
 </clothing>
 <clothing>
  <id>
   947992461
  </id>
  <name>
   PleinSport T-shirt I-7325
  </name>
  <category>
   T-shirt
  </category>
  <size>
   M
  </size>
  <color>
   Красный
  </color>
  <material>
   Хлопок
  </material>
  <price>
   815854
  </price>
  <rating>
   4.25
  </rating>
  <reviews>
   709480
  </reviews>
 </clothing>
 <clothing>
  <id>
   889866593
  </id>
  <name>
   Puma Socks E-3962
  </name>
  <category>
   Socks
  </category>
  <size>
   S
  </size>
  <color>
   Фиолетовый
  </color>
  <material>
   Лен
  </material>
  <price>
   603657
  </price>
  <rating>
   2.7
  </rating>
  <reviews>
   121635
  </reviews>
  <new>
   -
  </new>
 </clothing>
 <clothing>
  <id>
   480102352
  </id>
  <name>
   New Balance Shirt B-5720
  </name>
  <category>
   Shirt
  </category>
  <size>
   M
  </size>
  <color>
   Красный
  </color>
  <material>
   Шерсть
  </material>
  <price>
   606814
  </price>
  <rating>
   4.94
  </rating>
  <reviews>
   491312
  </reviews>
  <new>
   -
  </new>
  <sporty>
   no
  </sporty>
 </clothing>
 <clothing>
  <id>
   389677780
  </id>
  <name>
   Reebok Gloves T-4470
  </name>
  <category>
   Gloves
  </category>
  <size>
   S
  </size>
  <color>
   Синий
  </color>
  <material>
   Вискоза
  </material>
  <price>
   604913
  </price>
  <rating>
   4.16
  </rating>
  <reviews>
   39466
  </reviews>
  <new>
   -
  </new>
 </clothing>
 <clothing>
  <id>
   557787178
  </id>
  <name>
   Asics Pants G-4809
  </name>
  <category>
   Pants
  </category>
  <size>
   XXL
  </size>
  <color>
   Синий
  </color>
  <material>
   Хлопок
  </material>
  <price>
   545333
  </price>
  <rating>
   2.3
  </rating>
  <reviews>
   542457
  </reviews>
  <new>
   -
  </new>
  <exclusive>
   no
  </exclusive>
  <sporty>
   yes
  </sporty>
 </clothing>
 <clothing>
  <id>
   327022365
  </id>
  <name>
   Adidas Skirt L-4925
  </name>
  <category>
   Skirt
  </category>
  <size>
   L
  </size>
  <color>
   Зеленый
  </color>
  <material>
   Шерсть
  </material>
  <price>
   501607
  </price>
  <rating>
   2.33
  </rating>
  <reviews>
   441471
  </reviews>
  <new>
   +
  </new>
  <sporty>
   yes
  </sporty>
 </clothing>
 <clothing>
  <id>
   827885820
  </id>
  <name>
   Asics Sweater M-9462
  </name>
  <category>
   Sweater
  </category>
  <size>
   XXL
  </size>
  <color>
   Фиолетовый
  </color>
  <material>
   Полиэстер
  </material>
  <price>
   967927
  </price>
  <rating>
   2.07
  </rating>
  <reviews>
   731236
  </reviews>
  <new>
   +
  </new>
  <exclusive>
   no
  </exclusive>
 </clothing>
 <clothing>
  <id>
   541533359
  </id>
  <name>
   Under Armour Skirt G-3889
  </name>
  <category>
   Skirt
  </category>
  <size>
   S
  </size>
  <color>
   Фиолетовый
  </color>
  <material>
   Хлопок
  </material>
  <price>
   319795
  </price>
  <rating>
   2.58
  </rating>
  <reviews>
   458919
  </reviews>
  <exclusive>
   no
  </exclusive>
 </clothing>
 <clothing>
  <id>
   851906774
  </id>
  <name>
   PleinSport Blouse U-7796
  </name>
  <category>
   Blouse
  </category>
  <size>
   S
  </size>
  <color>
   Фиолетовый
  </color>
  <material>
   Кожа
  </material>
  <price>
   472524
  </price>
  <rating>
   2.49
  </rating>
  <reviews>
   252619
  </reviews>
  <exclusive>
   yes
  </exclusive>
 </clothing>
 <clothing>
  <id>
   191953335
  </id>
  <name>
   Nike Sweater Q-7681
  </name>
  <category>
   Sweater
  </category>
  <size>
   S
  </size>
  <color>
   Синий
  </color>
  <material>
   Полиэстер
  </material>
  <price>
   559284
  </price>
  <rating>
   4.42
  </rating>
  <reviews>
   278759
  </reviews>
  <new>
   -
  </new>
  <exclusive>
   no
  </exclusive>
 </clothing>
 <clothing>
  <id>
   597397741
  </id>
  <name>
   DC Gloves B-1147
  </name>
  <category>
   Gloves
  </category>
  <size>
   S
  </size>
  <color>
   Желтый
  </color>
  <material>
   Полиэстер
  </material>
  <price>
   421582
  </price>
  <rating>
   1.04
  </rating>
  <reviews>
   70707
  </reviews>
  <new>
   +
  </new>
  <exclusive>
   yes
  </exclusive>
 </clothing>
 <clothing>
  <id>
   779648107
  </id>
  <name>
   Lacoste Blouse F-8909
  </name>
  <category>
   Blouse
  </category>
  <size>
   M
  </size>
  <color>
   Желтый
  </color>
  <material>
   Шелк
  </material>
  <price>
   995848
  </price>
  <rating>
   1.22
  </rating>
  <reviews>
   828038
  </reviews>
  <new>
   -
  </new>
  <exclusive>
   yes
  </exclusive>
  <sporty>
   no
  </sporty>
 </clothing>
 <clothing>
  <id>
   407526372
  </id>
  <name>
   Adidas Handbags F-3187
  </name>
  <category>
   Handbags
  </category>
  <size>
   L
  </size>
  <color>
   Синий
  </color>
  <material>
   Лен
  </material>
  <price>
   979189
  </price>
  <rating>
   3.02
  </rating>
  <reviews>
   432642
  </reviews>
  <new>
   -
  </new>
  <exclusive>
   no
  </exclusive>
 </clothing>
 <clothing>
  <id>
   883354659
  </id>
  <name>
   DC Belts V-4279
  </name>
  <category>
   Belts
  </category>
  <size>
   S
  </size>
  <color>
   Красный
  </color>
  <material>
   Шелк
  </material>
  <price>
   906518
  </price>
  <rating>
   1.41
  </rating>
  <reviews>
   937637
  </reviews>
  <new>
   -
  </new>
  <exclusive>
   no
  </exclusive>
  <sporty>
   no
  </sporty>
 </clothing>
 <clothing>
  <id>
   233317195
  </id>
  <name>
   Fila Blouse J-2497
  </name>
  <category>
   Blouse
  </category>
  <size>
   M
  </size>
  <color>
   Красный
  </color>
  <material>
   Шерсть
  </material>
  <price>
   190911
  </price>
  <rating>
   4.38
  </rating>
  <reviews>
   745304
  </reviews>
  <exclusive>
   no
  </exclusive>
  <sporty>
   no
  </sporty>
 </clothing>
 <clothing>
  <id>
   663437455
  </id>
  <name>
   Addidas Socks A-9174
  </name>
  <category>
   Socks
  </category>
  <size>
   XXL
  </size>
  <color>
   Оранжевый
  </color>
  <material>
   Хлопок
  </material>
  <price>
   569008
  </price>
  <rating>
   4.42
  </rating>
  <reviews>
   151641
  </reviews>
  <new>
   -
  </new>
  <exclusive>
   no
  </exclusive>
 </clothing>
 <clothing>
  <id>
   921770650
  </id>
  <name>
   Reebok Hat P-9271
  </name>
  <category>
   Hat
  </category>
  <size>
   XL
  </size>
  <color>
   Оранжевый
  </color>
  <material>
   Вискоза
  </material>
  <price>
   700637
  </price>
  <rating>
   4.72
  </rating>
  <reviews>
   93799
  </reviews>
  <new>
   -
  </new>
 </clothing>
 <clothing>
  <id>
   987658006
  </id>
  <name>
   Brooks Belts Q-5992
  </name>
  <category>
   Belts
  </category>
  <size>
   M
  </size>
  <color>
   Оранжевый
  </color>
  <material>
   Хлопок
  </material>
  <price>
   719191
  </price>
  <rating>
   1.53
  </rating>
  <reviews>
   654540
  </reviews>
  <new>
   +
  </new>
  <exclusive>
   yes
  </exclusive>
 </clothing>
 <clothing>
  <id>
   281652457
  </id>
  <name>
   Nike Umbrellas Z-2963
  </name>
  <category>
   Umbrellas
  </category>
  <size>
   XXL
  </size>
  <color>
   Желтый
  </color>
  <material>
   Нейлон
  </material>
  <price>
   239378
  </price>
  <rating>
   1.24
  </rating>
  <reviews>
   315965
  </reviews>
  <new>
   -
  </new>
  <exclusive>
   no
  </exclusive>
  <sporty>
   yes
  </sporty>
 </clothing>
 <clothing>
  <id>
   577150934
  </id>
  <name>
   Nike Jeans F-8629
  </name>
  <category>
   Jeans
  </category>
  <size>
   XL
  </size>
  <color>
   Синий
  </color>
  <material>
   Вискоза
  </material>
  <price>
   333560
  </price>
  <rating>
   3.3
  </rating>
  <reviews>
   688592
  </reviews>
  <sporty>
   yes
  </sporty>
 </clothing>
 <clothing>
  <id>
   828844420
  </id>
  <name>
   Addidas Jacket Z-2621
  </name>
  <category>
   Jacket
  </category>
  <size>
   XL
  </size>
  <color>
   Зеленый
  </color>
  <material>
   Кожа
  </material>
  <price>
   134726
  </price>
  <rating>
   2.47
  </rating>
  <reviews>
   257942
  </reviews>
  <sporty>
   no
  </sporty>
 </clothing>
</clothing-items>
