<?xml version="1.0" encoding="utf-8"?>
<clothing-items>
 <clothing>
  <id>
   582201482
  </id>
  <name>
   Reebok Hat T-4320
  </name>
  <category>
   Hat
  </category>
  <size>
   L
  </size>
  <color>
   Красный
  </color>
  <material>
   Шерсть
  </material>
  <price>
   405433
  </price>
  <rating>
   3.4
  </rating>
  <reviews>
   262874
  </reviews>
  <sporty>
   yes
  </sporty>
 </clothing>
 <clothing>
  <id>
   865205290
  </id>
  <name>
   PleinSport Skirt Y-7037
  </name>
  <category>
   Skirt
  </category>
  <size>
   M
  </size>
  <color>
   Фиолетовый
  </color>
  <material>
   Полиэстер
  </material>
  <price>
   634873
  </price>
  <rating>
   3.89
  </rating>
  <reviews>
   483552
  </reviews>
  <exclusive>
   yes
  </exclusive>
  <sporty>
   yes
  </sporty>
 </clothing>
 <clothing>
  <id>
   726865912
  </id>
  <name>
   Asics Belts Y-2925
  </name>
  <category>
   Belts
  </category>
  <size>
   XXL
  </size>
  <color>
   Фиолетовый
  </color>
  <material>
   Лен
  </material>
  <price>
   108541
  </price>
  <rating>
   4.16
  </rating>
  <reviews>
   881096
  </reviews>
  <new>
   -
  </new>
  <exclusive>
   yes
  </exclusive>
  <sporty>
   no
  </sporty>
 </clothing>
 <clothing>
  <id>
   279187495
  </id>
  <name>
   Reebok Shirt Z-2612
  </name>
  <category>
   Shirt
  </category>
  <size>
   M
  </size>
  <color>
   Красный
  </color>
  <material>
   Хлопок
  </material>
  <price>
   528661
  </price>
  <rating>
   1.0
  </rating>
  <reviews>
   553399
  </reviews>
  <exclusive>
   no
  </exclusive>
  <sporty>
   no
  </sporty>
 </clothing>
 <clothing>
  <id>
   104518963
  </id>
  <name>
   Reebok Jacket F-3649
  </name>
  <category>
   Jacket
  </category>
  <size>
   XL
  </size>
  <color>
   Зеленый
  </color>
  <material>
   Шелк
  </material>
  <price>
   210106
  </price>
  <rating>
   1.39
  </rating>
  <reviews>
   441541
  </reviews>
  <sporty>
   no
  </sporty>
 </clothing>
 <clothing>
  <id>
   381552580
  </id>
  <name>
   Fila T-shirt W-5916
  </name>
  <category>
   T-shirt
  </category>
  <size>
   S
  </size>
  <color>
   Синий
  </color>
  <material>
   Кожа
  </material>
  <price>
   725358
  </price>
  <rating>
   3.0
  </rating>
  <reviews>
   511667
  </reviews>
  <exclusive>
   no
  </exclusive>
 </clothing>
 <clothing>
  <id>
   274823957
  </id>
  <name>
   Vans Jeans Y-7785
  </name>
  <category>
   Jeans
  </category>
  <size>
   L
  </size>
  <color>
   Желтый
  </color>
  <material>
   Кожа
  </material>
  <price>
   382943
  </price>
  <rating>
   2.51
  </rating>
  <reviews>
   155034
  </reviews>
  <exclusive>
   yes
  </exclusive>
  <sporty>
   yes
  </sporty>
 </clothing>
 <clothing>
  <id>
   612448477
  </id>
  <name>
   PleinSport Jeans R-8534
  </name>
  <category>
   Jeans
  </category>
  <size>
   XL
  </size>
  <color>
   Красный
  </color>
  <material>
   Вискоза
  </material>
  <price>
   500808
  </price>
  <rating>
   2.86
  </rating>
  <reviews>
   267937
  </reviews>
  <new>
   -
  </new>
  <exclusive>
   no
  </exclusive>
 </clothing>
 <clothing>
  <id>
   111805860
  </id>
  <name>
   Vans T-shirt P-8336
  </name>
  <category>
   T-shirt
  </category>
  <size>
   M
  </size>
  <color>
   Оранжевый
  </color>
  <material>
   Нейлон
  </material>
  <price>
   411581
  </price>
  <rating>
   2.54
  </rating>
  <reviews>
   774575
  </reviews>
  <new>
   +
  </new>
  <exclusive>
   no
  </exclusive>
 </clothing>
 <clothing>
  <id>
   395345740
  </id>
  <name>
   Ellesse T-shirt W-5757
  </name>
  <category>
   T-shirt
  </category>
  <size>
   XL
  </size>
  <color>
   Синий
  </color>
  <material>
   Кожа
  </material>
  <price>
   885681
  </price>
  <rating>
   1.44
  </rating>
  <reviews>
   453437
  </reviews>
  <new>
   -
  </new>
  <exclusive>
   no
  </exclusive>
 </clothing>
 <clothing>
  <id>
   805408753
  </id>
  <name>
   Brooks Hat X-5626
  </name>
  <category>
   Hat
  </category>
  <size>
   XL
  </size>
  <color>
   Голубой
  </color>
  <material>
   Шерсть
  </material>
  <price>
   670920
  </price>
  <rating>
   3.13
  </rating>
  <reviews>
   759591
  </reviews>
  <new>
   +
  </new>
  <sporty>
   yes
  </sporty>
 </clothing>
 <clothing>
  <id>
   540040613
  </id>
  <name>
   Lacoste T-shirt M-9970
  </name>
  <category>
   T-shirt
  </category>
  <size>
   XL
  </size>
  <color>
   Голубой
  </color>
  <material>
   Шелк
  </material>
  <price>
   334461
  </price>
  <rating>
   2.37
  </rating>
  <reviews>
   75747
  </reviews>
  <exclusive>
   no
  </exclusive>
 </clothing>
 <clothing>
  <id>
   137396889
  </id>
  <name>
   Under Armour Sweater M-5199
  </name>
  <category>
   Sweater
  </category>
  <size>
   L
  </size>
  <color>
   Оранжевый
  </color>
  <material>
   Кожа
  </material>
  <price>
   720026
  </price>
  <rating>
   4.57
  </rating>
  <reviews>
   420031
  </reviews>
  <new>
   -
  </new>
  <exclusive>
   no
  </exclusive>
 </clothing>
 <clothing>
  <id>
   812948734
  </id>
  <name>
   Converse Pants T-3783
  </name>
  <category>
   Pants
  </category>
  <size>
   L
  </size>
  <color>
   Оранжевый
  </color>
  <material>
   Шерсть
  </material>
  <price>
   494916
  </price>
  <rating>
   3.05
  </rating>
  <reviews>
   713252
  </reviews>
  <sporty>
   yes
  </sporty>
 </clothing>
 <clothing>
  <id>
   551025830
  </id>
  <name>
   Vans Dress A-7145
  </name>
  <category>
   Dress
  </category>
  <size>
   XXL
  </size>
  <color>
   Желтый
  </color>
  <material>
   Шерсть
  </material>
  <price>
   841397
  </price>
  <rating>
   4.28
  </rating>
  <reviews>
   222107
  </reviews>
  <sporty>
   no
  </sporty>
 </clothing>
 <clothing>
  <id>
   450251599
  </id>
  <name>
   Adidas Dress L-9818
  </name>
  <category>
   Dress
  </category>
  <size>
   M
  </size>
  <color>
   Зеленый
  </color>
  <material>
   Нейлон
  </material>
  <price>
   497512
  </price>
  <rating>
   2.78
  </rating>
  <reviews>
   839739
  </reviews>
  <new>
   -
  </new>
  <sporty>
   no
  </sporty>
 </clothing>
 <clothing>
  <id>
   665534069
  </id>
  <name>
   Nike Dress A-7473
  </name>
  <category>
   Dress
  </category>
  <size>
   L
  </size>
  <color>
   Красный
  </color>
  <material>
   Шерсть
  </material>
  <price>
   199671
  </price>
  <rating>
   2.27
  </rating>
  <reviews>
   475160
  </reviews>
  <new>
   +
  </new>
  <exclusive>
   no
  </exclusive>
 </clothing>
 <clothing>
  <id>
   732226715
  </id>
  <name>
   Fila Gloves C-4450
  </name>
  <category>
   Gloves
  </category>
  <size>
   XL
  </size>
  <color>
   Голубой
  </color>
  <material>
   Шелк
  </material>
  <price>
   183667
  </price>
  <rating>
   2.83
  </rating>
  <reviews>
   857293
  </reviews>
  <exclusive>
   no
  </exclusive>
 </clothing>
 <clothing>
  <id>
   229995345
  </id>
  <name>
   Converse Shirt K-5463
  </name>
  <category>
   Shirt
  </category>
  <size>
   XXL
  </size>
  <color>
   Фиолетовый
  </color>
  <material>
   Кожа
  </material>
  <price>
   672177
  </price>
  <rating>
   4.26
  </rating>
  <reviews>
   863525
  </reviews>
 </clothing>
 <clothing>
  <id>
   411745099
  </id>
  <name>
   Reebok Shoes F-1251
  </name>
  <category>
   Shoes
  </category>
  <size>
   S
  </size>
  <color>
   Синий
  </color>
  <material>
   Лен
  </material>
  <price>
   209847
  </price>
  <rating>
   3.53
  </rating>
  <reviews>
   64450
  </reviews>
  <new>
   +
  </new>
 </clothing>
 <clothing>
  <id>
   162165864
  </id>
  <name>
   DC Umbrellas C-8000
  </name>
  <category>
   Umbrellas
  </category>
  <size>
   L
  </size>
  <color>
   Синий
  </color>
  <material>
   Хлопок
  </material>
  <price>
   729865
  </price>
  <rating>
   2.42
  </rating>
  <reviews>
   343103
  </reviews>
  <new>
   +
  </new>
  <exclusive>
   yes
  </exclusive>
  <sporty>
   yes
  </sporty>
 </clothing>
 <clothing>
  <id>
   325713751
  </id>
  <name>
   New Balance Shoes Z-3185
  </name>
  <category>
   Shoes
  </category>
  <size>
   XL
  </size>
  <color>
   Желтый
  </color>
  <material>
   Лен
  </material>
  <price>
   158354
  </price>
  <rating>
   1.96
  </rating>
  <reviews>
   31340
  </reviews>
  <sporty>
   yes
  </sporty>
 </clothing>
 <clothing>
  <id>
   231491509
  </id>
  <name>
   Ellesse Skirt H-5320
  </name>
  <category>
   Skirt
  </category>
  <size>
   L
  </size>
  <color>
   Фиолетовый
  </color>
  <material>
   Шелк
  </material>
  <price>
   107187
  </price>
  <rating>
   1.67
  </rating>
  <reviews>
   511809
  </reviews>
  <new>
   -
  </new>
  <exclusive>
   no
  </exclusive>
  <sporty>
   no
  </sporty>
 </clothing>
 <clothing>
  <id>
   703437350
  </id>
  <name>
   Adidas Hat Y-8163
  </name>
  <category>
   Hat
  </category>
  <size>
   XXL
  </size>
  <color>
   Оранжевый
  </color>
  <material>
   Хлопок
  </material>
  <price>
   815733
  </price>
  <rating>
   4.1
  </rating>
  <reviews>
   814182
  </reviews>
  <new>
   +
  </new>
  <exclusive>
   yes
  </exclusive>
 </clothing>
 <clothing>
  <id>
   608250998
  </id>
  <name>
   Converse Handbags I-1156
  </name>
  <category>
   Handbags
  </category>
  <size>
   XXL
  </size>
  <color>
   Желтый
  </color>
  <material>
   Хлопок
  </material>
  <price>
   963664
  </price>
  <rating>
   2.42
  </rating>
  <reviews>
   756753
  </reviews>
  <exclusive>
   no
  </exclusive>
 </clothing>
 <clothing>
  <id>
   833011900
  </id>
  <name>
   New Balance Shirt C-2485
  </name>
  <category>
   Shirt
  </category>
  <size>
   L
  </size>
  <color>
   Желтый
  </color>
  <material>
   Шелк
  </material>
  <price>
   967157
  </price>
  <rating>
   4.08
  </rating>
  <reviews>
   968844
  </reviews>
  <new>
   +
  </new>
  <sporty>
   no
  </sporty>
 </clothing>
 <clothing>
  <id>
   858366385
  </id>
  <name>
   Asics Sweater O-5980
  </name>
  <category>
   Sweater
  </category>
  <size>
   XL
  </size>
  <color>
   Желтый
  </color>
  <material>
   Вискоза
  </material>
  <price>
   279127
  </price>
  <rating>
   4.4
  </rating>
  <reviews>
   569779
  </reviews>
  <exclusive>
   yes
  </exclusive>
 </clothing>
 <clothing>
  <id>
   814114719
  </id>
  <name>
   Lacoste Jeans R-8060
  </name>
  <category>
   Jeans
  </category>
  <size>
   S
  </size>
  <color>
   Желтый
  </color>
  <material>
   Лен
  </material>
  <price>
   699682
  </price>
  <rating>
   4.03
  </rating>
  <reviews>
   481593
  </reviews>
  <new>
   +
  </new>
  <exclusive>
   no
  </exclusive>
 </clothing>
 <clothing>
  <id>
   227055783
  </id>
  <name>
   Asics Dress Z-9995
  </name>
  <category>
   Dress
  </category>
  <size>
   XL
  </size>
  <color>
   Зеленый
  </color>
  <material>
   Шерсть
  </material>
  <price>
   312404
  </price>
  <rating>
   2.24
  </rating>
  <reviews>
   691747
  </reviews>
 </clothing>
 <clothing>
  <id>
   470782152
  </id>
  <name>
   Nike Sweater R-1578
  </name>
  <category>
   Sweater
  </category>
  <size>
   XXL
  </size>
  <color>
   Оранжевый
  </color>
  <material>
   Вискоза
  </material>
  <price>
   105897
  </price>
  <rating>
   1.65
  </rating>
  <reviews>
   715004
  </reviews>
  <new>
   -
  </new>
  <exclusive>
   no
  </exclusive>
  <sporty>
   no
  </sporty>
 </clothing>
 <clothing>
  <id>
   991262976
  </id>
  <name>
   Vans Jeans T-1503
  </name>
  <category>
   Jeans
  </category>
  <size>
   XXL
  </size>
  <color>
   Красный
  </color>
  <material>
   Кожа
  </material>
  <price>
   890999
  </price>
  <rating>
   2.43
  </rating>
  <reviews>
   487244
  </reviews>
  <new>
   +
  </new>
  <exclusive>
   no
  </exclusive>
  <sporty>
   yes
  </sporty>
 </clothing>
 <clothing>
  <id>
   231408202
  </id>
  <name>
   DC Umbrellas L-9130
  </name>
  <category>
   Umbrellas
  </category>
  <size>
   L
  </size>
  <color>
   Красный
  </color>
  <material>
   Лен
  </material>
  <price>
   185007
  </price>
  <rating>
   2.57
  </rating>
  <reviews>
   84254
  </reviews>
  <new>
   -
  </new>
  <exclusive>
   no
  </exclusive>
 </clothing>
 <clothing>
  <id>
   836332362
  </id>
  <name>
   DC Socks T-8872
  </name>
  <category>
   Socks
  </category>
  <size>
   M
  </size>
  <color>
   Голубой
  </color>
  <material>
   Шелк
  </material>
  <price>
   599574
  </price>
  <rating>
   2.83
  </rating>
  <reviews>
   947035
  </reviews>
  <exclusive>
   no
  </exclusive>
  <sporty>
   no
  </sporty>
 </clothing>
 <clothing>
  <id>
   583238518
  </id>
  <name>
   Ellesse Gloves A-7748
  </name>
  <category>
   Gloves
  </category>
  <size>
   L
  </size>
  <color>
   Синий
  </color>
  <material>
   Кожа
  </material>
  <price>
   213320
  </price>
  <rating>
   1.85
  </rating>
  <reviews>
   906160
  </reviews>
  <sporty>
   no
  </sporty>
 </clothing>
 <clothing>
  <id>
   347879372
  </id>
  <name>
   Under Armour Shoes Q-5531
  </name>
  <category>
   Shoes
  </category>
  <size>
   XL
  </size>
  <color>
   Зеленый
  </color>
  <material>
   Полиэстер
  </material>
  <price>
   254286
  </price>
  <rating>
   3.7
  </rating>
  <reviews>
   892669
  </reviews>
  <new>
   -
  </new>
  <exclusive>
   yes
  </exclusive>
 </clothing>
 <clothing>
  <id>
   966882905
  </id>
  <name>
   Under Armour Skirt C-3200
  </name>
  <category>
   Skirt
  </category>
  <size>
   XXL
  </size>
  <color>
   Голубой
  </color>
  <material>
   Шерсть
  </material>
  <price>
   212451
  </price>
  <rating>
   4.67
  </rating>
  <reviews>
   201452
  </reviews>
  <new>
   +
  </new>
  <exclusive>
   yes
  </exclusive>
  <sporty>
   no
  </sporty>
 </clothing>
 <clothing>
  <id>
   758711357
  </id>
  <name>
   PleinSport Blouse X-1568
  </name>
  <category>
   Blouse
  </category>
  <size>
   S
  </size>
  <color>
   Фиолетовый
  </color>
  <material>
   Нейлон
  </material>
  <price>
   250224
  </price>
  <rating>
   1.41
  </rating>
  <reviews>
   921100
  </reviews>
  <new>
   +
  </new>
  <exclusive>
   yes
  </exclusive>
  <sporty>
   no
  </sporty>
 </clothing>
 <clothing>
  <id>
   753622075
  </id>
  <name>
   Reebok Shirt W-6502
  </name>
  <category>
   Shirt
  </category>
  <size>
   XL
  </size>
  <color>
   Зеленый
  </color>
  <material>
   Кожа
  </material>
  <price>
   192809
  </price>
  <rating>
   4.78
  </rating>
  <reviews>
   42401
  </reviews>
  <new>
   -
  </new>
  <exclusive>
   no
  </exclusive>
  <sporty>
   no
  </sporty>
 </clothing>
 <clothing>
  <id>
   530982247
  </id>
  <name>
   Asics Pants I-2948
  </name>
  <category>
   Pants
  </category>
  <size>
   XXL
  </size>
  <color>
   Фиолетовый
  </color>
  <material>
   Вискоза
  </material>
  <price>
   299799
  </price>
  <rating>
   4.33
  </rating>
  <reviews>
   221592
  </reviews>
  <new>
   -
  </new>
  <sporty>
   yes
  </sporty>
 </clothing>
 <clothing>
  <id>
   152600791
  </id>
  <name>
   Adidas Belts J-4734
  </name>
  <category>
   Belts
  </category>
  <size>
   XL
  </size>
  <color>
   Синий
  </color>
  <material>
   Кожа
  </material>
  <price>
   833063
  </price>
  <rating>
   3.37
  </rating>
  <reviews>
   376265
  </reviews>
  <new>
   -
  </new>
  <sporty>
   yes
  </sporty>
 </clothing>
 <clothing>
  <id>
   103827317
  </id>
  <name>
   Adidas Handbags M-8857
  </name>
  <category>
   Handbags
  </category>
  <size>
   XL
  </size>
  <color>
   Красный
  </color>
  <material>
   Хлопок
  </material>
  <price>
   951318
  </price>
  <rating>
   1.33
  </rating>
  <reviews>
   228700
  </reviews>
  <new>
   +
  </new>
  <sporty>
   yes
  </sporty>
 </clothing>
 <clothing>
  <id>
   373353944
  </id>
  <name>
   PleinSport Hat Y-6482
  </name>
  <category>
   Hat
  </category>
  <size>
   XL
  </size>
  <color>
   Голубой
  </color>
  <material>
   Полиэстер
  </material>
  <price>
   739520
  </price>
  <rating>
   2.94
  </rating>
  <reviews>
   830743
  </reviews>
  <new>
   +
  </new>
  <sporty>
   yes
  </sporty>
 </clothing>
</clothing-items>
