<?xml version="1.0" encoding="utf-8"?>
<clothing-items>
 <clothing>
  <id>
   203630391
  </id>
  <name>
   DC Jeans O-6677
  </name>
  <category>
   Jeans
  </category>
  <size>
   S
  </size>
  <color>
   Голубой
  </color>
  <material>
   Вискоза
  </material>
  <price>
   697719
  </price>
  <rating>
   3.47
  </rating>
  <reviews>
   700937
  </reviews>
  <new>
   -
  </new>
  <exclusive>
   no
  </exclusive>
  <sporty>
   yes
  </sporty>
 </clothing>
 <clothing>
  <id>
   451202841
  </id>
  <name>
   Addidas Hat S-8121
  </name>
  <category>
   Hat
  </category>
  <size>
   S
  </size>
  <color>
   Фиолетовый
  </color>
  <material>
   Нейлон
  </material>
  <price>
   771660
  </price>
  <rating>
   3.84
  </rating>
  <reviews>
   647445
  </reviews>
  <exclusive>
   yes
  </exclusive>
  <sporty>
   no
  </sporty>
 </clothing>
 <clothing>
  <id>
   105684834
  </id>
  <name>
   Vans T-shirt V-8671
  </name>
  <category>
   T-shirt
  </category>
  <size>
   S
  </size>
  <color>
   Красный
  </color>
  <material>
   Лен
  </material>
  <price>
   175092
  </price>
  <rating>
   2.28
  </rating>
  <reviews>
   261188
  </reviews>
  <new>
   -
  </new>
  <sporty>
   no
  </sporty>
 </clothing>
 <clothing>
  <id>
   215090591
  </id>
  <name>
   New Balance Gloves D-3523
  </name>
  <category>
   Gloves
  </category>
  <size>
   L
  </size>
  <color>
   Оранжевый
  </color>
  <material>
   Хлопок
  </material>
  <price>
   721955
  </price>
  <rating>
   1.93
  </rating>
  <reviews>
   215335
  </reviews>
  <sporty>
   yes
  </sporty>
 </clothing>
 <clothing>
  <id>
   792630295
  </id>
  <name>
   Under Armour T-shirt M-9397
  </name>
  <category>
   T-shirt
  </category>
  <size>
   L
  </size>
  <color>
   Оранжевый
  </color>
  <material>
   Лен
  </material>
  <price>
   401573
  </price>
  <rating>
   4.14
  </rating>
  <reviews>
   258735
  </reviews>
  <new>
   +
  </new>
  <exclusive>
   no
  </exclusive>
 </clothing>
 <clothing>
  <id>
   112285601
  </id>
  <name>
   Adidas Socks Z-6177
  </name>
  <category>
   Socks
  </category>
  <size>
   XXL
  </size>
  <color>
   Зеленый
  </color>
  <material>
   Шелк
  </material>
  <price>
   238755
  </price>
  <rating>
   4.28
  </rating>
  <reviews>
   64882
  </reviews>
  <new>
   +
  </new>
  <exclusive>
   no
  </exclusive>
  <sporty>
   no
  </sporty>
 </clothing>
 <clothing>
  <id>
   207078024
  </id>
  <name>
   Adidas Dress D-3230
  </name>
  <category>
   Dress
  </category>
  <size>
   XL
  </size>
  <color>
   Оранжевый
  </color>
  <material>
   Шелк
  </material>
  <price>
   854517
  </price>
  <rating>
   2.56
  </rating>
  <reviews>
   588810
  </reviews>
  <exclusive>
   yes
  </exclusive>
 </clothing>
 <clothing>
  <id>
   204464112
  </id>
  <name>
   Puma Gloves G-2435
  </name>
  <category>
   Gloves
  </category>
  <size>
   XL
  </size>
  <color>
   Зеленый
  </color>
  <material>
   Кожа
  </material>
  <price>
   231914
  </price>
  <rating>
   3.02
  </rating>
  <reviews>
   549372
  </reviews>
  <new>
   +
  </new>
  <exclusive>
   yes
  </exclusive>
  <sporty>
   no
  </sporty>
 </clothing>
 <clothing>
  <id>
   771039710
  </id>
  <name>
   Vans Jeans A-7673
  </name>
  <category>
   Jeans
  </category>
  <size>
   XXL
  </size>
  <color>
   Синий
  </color>
  <material>
   Кожа
  </material>
  <price>
   300790
  </price>
  <rating>
   1.93
  </rating>
  <reviews>
   995033
  </reviews>
  <exclusive>
   yes
  </exclusive>
 </clothing>
 <clothing>
  <id>
   543569988
  </id>
  <name>
   Adidas Shirt P-1646
  </name>
  <category>
   Shirt
  </category>
  <size>
   S
  </size>
  <color>
   Оранжевый
  </color>
  <material>
   Полиэстер
  </material>
  <price>
   603459
  </price>
  <rating>
   4.81
  </rating>
  <reviews>
   464797
  </reviews>
  <new>
   +
  </new>
  <sporty>
   no
  </sporty>
 </clothing>
 <clothing>
  <id>
   400957493
  </id>
  <name>
   Vans Dress M-6883
  </name>
  <category>
   Dress
  </category>
  <size>
   XXL
  </size>
  <color>
   Желтый
  </color>
  <material>
   Шерсть
  </material>
  <price>
   535351
  </price>
  <rating>
   3.53
  </rating>
  <reviews>
   187011
  </reviews>
  <new>
   -
  </new>
 </clothing>
 <clothing>
  <id>
   921782705
  </id>
  <name>
   Under Armour Socks U-7642
  </name>
  <category>
   Socks
  </category>
  <size>
   XXL
  </size>
  <color>
   Голубой
  </color>
  <material>
   Полиэстер
  </material>
  <price>
   909046
  </price>
  <rating>
   2.2
  </rating>
  <reviews>
   471987
  </reviews>
  <new>
   -
  </new>
  <sporty>
   yes
  </sporty>
 </clothing>
 <clothing>
  <id>
   917938519
  </id>
  <name>
   Brooks Jeans V-1174
  </name>
  <category>
   Jeans
  </category>
  <size>
   L
  </size>
  <color>
   Фиолетовый
  </color>
  <material>
   Хлопок
  </material>
  <price>
   768735
  </price>
  <rating>
   3.66
  </rating>
  <reviews>
   281188
  </reviews>
  <new>
   +
  </new>
  <sporty>
   no
  </sporty>
 </clothing>
 <clothing>
  <id>
   322260642
  </id>
  <name>
   DC Jeans Y-9004
  </name>
  <category>
   Jeans
  </category>
  <size>
   XXL
  </size>
  <color>
   Оранжевый
  </color>
  <material>
   Шерсть
  </material>
  <price>
   418663
  </price>
  <rating>
   4.1
  </rating>
  <reviews>
   351669
  </reviews>
  <exclusive>
   no
  </exclusive>
 </clothing>
 <clothing>
  <id>
   163791970
  </id>
  <name>
   Adidas T-shirt U-2458
  </name>
  <category>
   T-shirt
  </category>
  <size>
   M
  </size>
  <color>
   Фиолетовый
  </color>
  <material>
   Лен
  </material>
  <price>
   169570
  </price>
  <rating>
   3.21
  </rating>
  <reviews>
   854677
  </reviews>
  <sporty>
   no
  </sporty>
 </clothing>
 <clothing>
  <id>
   600334456
  </id>
  <name>
   Nike Belts O-5593
  </name>
  <category>
   Belts
  </category>
  <size>
   L
  </size>
  <color>
   Голубой
  </color>
  <material>
   Шелк
  </material>
  <price>
   220784
  </price>
  <rating>
   1.93
  </rating>
  <reviews>
   490106
  </reviews>
  <new>
   +
  </new>
  <sporty>
   no
  </sporty>
 </clothing>
 <clothing>
  <id>
   805233039
  </id>
  <name>
   PleinSport Socks S-6297
  </name>
  <category>
   Socks
  </category>
  <size>
   M
  </size>
  <color>
   Голубой
  </color>
  <material>
   Вискоза
  </material>
  <price>
   205088
  </price>
  <rating>
   1.06
  </rating>
  <reviews>
   580910
  </reviews>
  <new>
   +
  </new>
  <exclusive>
   yes
  </exclusive>
  <sporty>
   no
  </sporty>
 </clothing>
 <clothing>
  <id>
   118845014
  </id>
  <name>
   Brooks Handbags Y-5033
  </name>
  <category>
   Handbags
  </category>
  <size>
   L
  </size>
  <color>
   Красный
  </color>
  <material>
   Шерсть
  </material>
  <price>
   927120
  </price>
  <rating>
   2.02
  </rating>
  <reviews>
   349272
  </reviews>
  <exclusive>
   no
  </exclusive>
  <sporty>
   no
  </sporty>
 </clothing>
 <clothing>
  <id>
   701196786
  </id>
  <name>
   Addidas Sweater F-6069
  </name>
  <category>
   Sweater
  </category>
  <size>
   L
  </size>
  <color>
   Голубой
  </color>
  <material>
   Шерсть
  </material>
  <price>
   292609
  </price>
  <rating>
   3.38
  </rating>
  <reviews>
   850417
  </reviews>
  <new>
   +
  </new>
 </clothing>
 <clothing>
  <id>
   777980393
  </id>
  <name>
   Lacoste Gloves E-8764
  </name>
  <category>
   Gloves
  </category>
  <size>
   XL
  </size>
  <color>
   Голубой
  </color>
  <material>
   Хлопок
  </material>
  <price>
   148475
  </price>
  <rating>
   2.8
  </rating>
  <reviews>
   244443
  </reviews>
  <new>
   -
  </new>
  <exclusive>
   no
  </exclusive>
  <sporty>
   no
  </sporty>
 </clothing>
 <clothing>
  <id>
   504210749
  </id>
  <name>
   Ellesse Hat U-8043
  </name>
  <category>
   Hat
  </category>
  <size>
   M
  </size>
  <color>
   Голубой
  </color>
  <material>
   Лен
  </material>
  <price>
   272390
  </price>
  <rating>
   2.73
  </rating>
  <reviews>
   541610
  </reviews>
  <exclusive>
   yes
  </exclusive>
  <sporty>
   yes
  </sporty>
 </clothing>
 <clothing>
  <id>
   316901627
  </id>
  <name>
   Puma T-shirt Z-8897
  </name>
  <category>
   T-shirt
  </category>
  <size>
   S
  </size>
  <color>
   Фиолетовый
  </color>
  <material>
   Полиэстер
  </material>
  <price>
   934248
  </price>
  <rating>
   3.58
  </rating>
  <reviews>
   432911
  </reviews>
  <exclusive>
   no
  </exclusive>
  <sporty>
   yes
  </sporty>
 </clothing>
 <clothing>
  <id>
   507850503
  </id>
  <name>
   Vans Blouse S-4645
  </name>
  <category>
   Blouse
  </category>
  <size>
   XXL
  </size>
  <color>
   Синий
  </color>
  <material>
   Шелк
  </material>
  <price>
   901385
  </price>
  <rating>
   2.25
  </rating>
  <reviews>
   969518
  </reviews>
  <new>
   +
  </new>
  <exclusive>
   no
  </exclusive>
  <sporty>
   no
  </sporty>
 </clothing>
 <clothing>
  <id>
   722971452
  </id>
  <name>
   DC Shirt E-5391
  </name>
  <category>
   Shirt
  </category>
  <size>
   S
  </size>
  <color>
   Зеленый
  </color>
  <material>
   Кожа
  </material>
  <price>
   589741
  </price>
  <rating>
   2.1
  </rating>
  <reviews>
   153104
  </reviews>
  <exclusive>
   no
  </exclusive>
  <sporty>
   no
  </sporty>
 </clothing>
 <clothing>
  <id>
   432447836
  </id>
  <name>
   New Balance Hat X-5412
  </name>
  <category>
   Hat
  </category>
  <size>
   XL
  </size>
  <color>
   Синий
  </color>
  <material>
   Вискоза
  </material>
  <price>
   194896
  </price>
  <rating>
   2.52
  </rating>
  <reviews>
   366221
  </reviews>
  <new>
   -
  </new>
  <exclusive>
   yes
  </exclusive>
 </clothing>
 <clothing>
  <id>
   426227016
  </id>
  <name>
   DC Dress W-2461
  </name>
  <category>
   Dress
  </category>
  <size>
   XXL
  </size>
  <color>
   Голубой
  </color>
  <material>
   Кожа
  </material>
  <price>
   333124
  </price>
  <rating>
   2.01
  </rating>
  <reviews>
   485976
  </reviews>
  <sporty>
   no
  </sporty>
 </clothing>
 <clothing>
  <id>
   839964327
  </id>
  <name>
   Adidas Gloves M-8977
  </name>
  <category>
   Gloves
  </category>
  <size>
   XXL
  </size>
  <color>
   Голубой
  </color>
  <material>
   Вискоза
  </material>
  <price>
   810726
  </price>
  <rating>
   3.0
  </rating>
  <reviews>
   914749
  </reviews>
  <sporty>
   no
  </sporty>
 </clothing>
</clothing-items>
