<?xml version="1.0" encoding="utf-8"?>
<clothing-items>
 <clothing>
  <id>
   741925011
  </id>
  <name>
   New Balance Pants C-3656
  </name>
  <category>
   Pants
  </category>
  <size>
   M
  </size>
  <color>
   Красный
  </color>
  <material>
   Шерсть
  </material>
  <price>
   497540
  </price>
  <rating>
   4.89
  </rating>
  <reviews>
   809181
  </reviews>
  <new>
   +
  </new>
  <sporty>
   yes
  </sporty>
 </clothing>
 <clothing>
  <id>
   916646700
  </id>
  <name>
   New Balance T-shirt W-6714
  </name>
  <category>
   T-shirt
  </category>
  <size>
   M
  </size>
  <color>
   Желтый
  </color>
  <material>
   Кожа
  </material>
  <price>
   333784
  </price>
  <rating>
   2.65
  </rating>
  <reviews>
   257764
  </reviews>
  <new>
   -
  </new>
  <sporty>
   no
  </sporty>
 </clothing>
 <clothing>
  <id>
   212033661
  </id>
  <name>
   New Balance T-shirt X-8329
  </name>
  <category>
   T-shirt
  </category>
  <size>
   XXL
  </size>
  <color>
   Фиолетовый
  </color>
  <material>
   Полиэстер
  </material>
  <price>
   494575
  </price>
  <rating>
   2.58
  </rating>
  <reviews>
   977147
  </reviews>
  <new>
   +
  </new>
  <exclusive>
   yes
  </exclusive>
 </clothing>
 <clothing>
  <id>
   827719874
  </id>
  <name>
   Under Armour Pants R-9911
  </name>
  <category>
   Pants
  </category>
  <size>
   M
  </size>
  <color>
   Оранжевый
  </color>
  <material>
   Хлопок
  </material>
  <price>
   858291
  </price>
  <rating>
   4.94
  </rating>
  <reviews>
   782017
  </reviews>
 </clothing>
 <clothing>
  <id>
   331396586
  </id>
  <name>
   New Balance Skirt O-2628
  </name>
  <category>
   Skirt
  </category>
  <size>
   S
  </size>
  <color>
   Голубой
  </color>
  <material>
   Кожа
  </material>
  <price>
   984895
  </price>
  <rating>
   3.93
  </rating>
  <reviews>
   685226
  </reviews>
 </clothing>
 <clothing>
  <id>
   861475073
  </id>
  <name>
   Nike Hat P-7758
  </name>
  <category>
   Hat
  </category>
  <size>
   M
  </size>
  <color>
   Оранжевый
  </color>
  <material>
   Хлопок
  </material>
  <price>
   269224
  </price>
  <rating>
   4.44
  </rating>
  <reviews>
   129545
  </reviews>
  <exclusive>
   yes
  </exclusive>
  <sporty>
   yes
  </sporty>
 </clothing>
 <clothing>
  <id>
   846029350
  </id>
  <name>
   Vans Dress X-5727
  </name>
  <category>
   Dress
  </category>
  <size>
   XL
  </size>
  <color>
   Желтый
  </color>
  <material>
   Шелк
  </material>
  <price>
   400119
  </price>
  <rating>
   2.39
  </rating>
  <reviews>
   764464
  </reviews>
  <new>
   -
  </new>
  <exclusive>
   yes
  </exclusive>
  <sporty>
   no
  </sporty>
 </clothing>
 <clothing>
  <id>
   183296434
  </id>
  <name>
   Nike Sweater B-3839
  </name>
  <category>
   Sweater
  </category>
  <size>
   M
  </size>
  <color>
   Желтый
  </color>
  <material>
   Хлопок
  </material>
  <price>
   355130
  </price>
  <rating>
   3.87
  </rating>
  <reviews>
   572139
  </reviews>
  <new>
   -
  </new>
  <exclusive>
   no
  </exclusive>
  <sporty>
   no
  </sporty>
 </clothing>
 <clothing>
  <id>
   467436943
  </id>
  <name>
   PleinSport Shirt B-5283
  </name>
  <category>
   Shirt
  </category>
  <size>
   L
  </size>
  <color>
   Голубой
  </color>
  <material>
   Кожа
  </material>
  <price>
   480447
  </price>
  <rating>
   1.31
  </rating>
  <reviews>
   932885
  </reviews>
  <new>
   -
  </new>
  <exclusive>
   no
  </exclusive>
 </clothing>
 <clothing>
  <id>
   903300176
  </id>
  <name>
   Converse Shirt T-9722
  </name>
  <category>
   Shirt
  </category>
  <size>
   M
  </size>
  <color>
   Желтый
  </color>
  <material>
   Кожа
  </material>
  <price>
   185003
  </price>
  <rating>
   3.15
  </rating>
  <reviews>
   610215
  </reviews>
  <new>
   +
  </new>
  <exclusive>
   no
  </exclusive>
 </clothing>
 <clothing>
  <id>
   446364644
  </id>
  <name>
   DC Hat J-8934
  </name>
  <category>
   Hat
  </category>
  <size>
   L
  </size>
  <color>
   Голубой
  </color>
  <material>
   Хлопок
  </material>
  <price>
   368196
  </price>
  <rating>
   1.73
  </rating>
  <reviews>
   77467
  </reviews>
  <new>
   -
  </new>
  <exclusive>
   no
  </exclusive>
  <sporty>
   yes
  </sporty>
 </clothing>
 <clothing>
  <id>
   117696512
  </id>
  <name>
   Nike Socks X-9963
  </name>
  <category>
   Socks
  </category>
  <size>
   L
  </size>
  <color>
   Фиолетовый
  </color>
  <material>
   Лен
  </material>
  <price>
   602412
  </price>
  <rating>
   1.79
  </rating>
  <reviews>
   782177
  </reviews>
  <new>
   -
  </new>
  <exclusive>
   yes
  </exclusive>
  <sporty>
   no
  </sporty>
 </clothing>
 <clothing>
  <id>
   527986580
  </id>
  <name>
   Reebok Gloves Z-2711
  </name>
  <category>
   Gloves
  </category>
  <size>
   S
  </size>
  <color>
   Синий
  </color>
  <material>
   Вискоза
  </material>
  <price>
   904240
  </price>
  <rating>
   4.04
  </rating>
  <reviews>
   995238
  </reviews>
  <new>
   -
  </new>
  <sporty>
   no
  </sporty>
 </clothing>
 <clothing>
  <id>
   668646730
  </id>
  <name>
   Asics Pants I-6072
  </name>
  <category>
   Pants
  </category>
  <size>
   M
  </size>
  <color>
   Зеленый
  </color>
  <material>
   Шелк
  </material>
  <price>
   118374
  </price>
  <rating>
   2.18
  </rating>
  <reviews>
   107478
  </reviews>
  <new>
   -
  </new>
  <exclusive>
   no
  </exclusive>
  <sporty>
   no
  </sporty>
 </clothing>
 <clothing>
  <id>
   298940752
  </id>
  <name>
   PleinSport Shoes L-5554
  </name>
  <category>
   Shoes
  </category>
  <size>
   S
  </size>
  <color>
   Зеленый
  </color>
  <material>
   Лен
  </material>
  <price>
   345638
  </price>
  <rating>
   3.56
  </rating>
  <reviews>
   882689
  </reviews>
  <exclusive>
   yes
  </exclusive>
  <sporty>
   no
  </sporty>
 </clothing>
 <clothing>
  <id>
   165234648
  </id>
  <name>
   Nike Shoes G-7541
  </name>
  <category>
   Shoes
  </category>
  <size>
   L
  </size>
  <color>
   Зеленый
  </color>
  <material>
   Лен
  </material>
  <price>
   318137
  </price>
  <rating>
   1.92
  </rating>
  <reviews>
   68848
  </reviews>
  <new>
   -
  </new>
  <sporty>
   yes
  </sporty>
 </clothing>
 <clothing>
  <id>
   277630601
  </id>
  <name>
   PleinSport Belts B-7668
  </name>
  <category>
   Belts
  </category>
  <size>
   M
  </size>
  <color>
   Синий
  </color>
  <material>
   Шелк
  </material>
  <price>
   843550
  </price>
  <rating>
   2.86
  </rating>
  <reviews>
   665348
  </reviews>
  <new>
   +
  </new>
  <exclusive>
   yes
  </exclusive>
  <sporty>
   no
  </sporty>
 </clothing>
 <clothing>
  <id>
   840940532
  </id>
  <name>
   Under Armour Sweater Z-6742
  </name>
  <category>
   Sweater
  </category>
  <size>
   XL
  </size>
  <color>
   Оранжевый
  </color>
  <material>
   Нейлон
  </material>
  <price>
   637935
  </price>
  <rating>
   3.52
  </rating>
  <reviews>
   392579
  </reviews>
  <new>
   -
  </new>
 </clothing>
 <clothing>
  <id>
   462935248
  </id>
  <name>
   Brooks Jacket N-7846
  </name>
  <category>
   Jacket
  </category>
  <size>
   XXL
  </size>
  <color>
   Оранжевый
  </color>
  <material>
   Полиэстер
  </material>
  <price>
   715629
  </price>
  <rating>
   1.99
  </rating>
  <reviews>
   400623
  </reviews>
  <new>
   -
  </new>
  <sporty>
   yes
  </sporty>
 </clothing>
 <clothing>
  <id>
   213666631
  </id>
  <name>
   Under Armour Dress W-3622
  </name>
  <category>
   Dress
  </category>
  <size>
   S
  </size>
  <color>
   Синий
  </color>
  <material>
   Хлопок
  </material>
  <price>
   916055
  </price>
  <rating>
   1.97
  </rating>
  <reviews>
   77055
  </reviews>
  <new>
   +
  </new>
  <sporty>
   yes
  </sporty>
 </clothing>
 <clothing>
  <id>
   972002344
  </id>
  <name>
   Puma Jacket X-8900
  </name>
  <category>
   Jacket
  </category>
  <size>
   M
  </size>
  <color>
   Оранжевый
  </color>
  <material>
   Нейлон
  </material>
  <price>
   974712
  </price>
  <rating>
   1.2
  </rating>
  <reviews>
   329124
  </reviews>
  <new>
   +
  </new>
 </clothing>
 <clothing>
  <id>
   447666215
  </id>
  <name>
   PleinSport Belts Y-1053
  </name>
  <category>
   Belts
  </category>
  <size>
   XXL
  </size>
  <color>
   Фиолетовый
  </color>
  <material>
   Вискоза
  </material>
  <price>
   264691
  </price>
  <rating>
   3.21
  </rating>
  <reviews>
   495318
  </reviews>
  <new>
   -
  </new>
  <exclusive>
   yes
  </exclusive>
  <sporty>
   no
  </sporty>
 </clothing>
</clothing-items>
