<?xml version="1.0" encoding="utf-8"?>
<clothing-items>
 <clothing>
  <id>
   765664120
  </id>
  <name>
   Adidas Shoes Q-3943
  </name>
  <category>
   Shoes
  </category>
  <size>
   S
  </size>
  <color>
   Зеленый
  </color>
  <material>
   Вискоза
  </material>
  <price>
   822201
  </price>
  <rating>
   2.44
  </rating>
  <reviews>
   312124
  </reviews>
  <sporty>
   yes
  </sporty>
 </clothing>
 <clothing>
  <id>
   128718723
  </id>
  <name>
   PleinSport Gloves G-2520
  </name>
  <category>
   Gloves
  </category>
  <size>
   XL
  </size>
  <color>
   Зеленый
  </color>
  <material>
   Полиэстер
  </material>
  <price>
   822291
  </price>
  <rating>
   4.66
  </rating>
  <reviews>
   614892
  </reviews>
 </clothing>
 <clothing>
  <id>
   122550705
  </id>
  <name>
   Brooks Skirt Q-3863
  </name>
  <category>
   Skirt
  </category>
  <size>
   XL
  </size>
  <color>
   Синий
  </color>
  <material>
   Кожа
  </material>
  <price>
   500988
  </price>
  <rating>
   3.65
  </rating>
  <reviews>
   92594
  </reviews>
  <exclusive>
   yes
  </exclusive>
 </clothing>
 <clothing>
  <id>
   465581154
  </id>
  <name>
   Fila Blouse M-2349
  </name>
  <category>
   Blouse
  </category>
  <size>
   XXL
  </size>
  <color>
   Голубой
  </color>
  <material>
   Шелк
  </material>
  <price>
   997959
  </price>
  <rating>
   2.54
  </rating>
  <reviews>
   546875
  </reviews>
  <new>
   -
  </new>
  <exclusive>
   yes
  </exclusive>
 </clothing>
 <clothing>
  <id>
   730192742
  </id>
  <name>
   Fila Skirt S-1794
  </name>
  <category>
   Skirt
  </category>
  <size>
   XXL
  </size>
  <color>
   Фиолетовый
  </color>
  <material>
   Шерсть
  </material>
  <price>
   497194
  </price>
  <rating>
   1.65
  </rating>
  <reviews>
   793508
  </reviews>
  <exclusive>
   yes
  </exclusive>
  <sporty>
   yes
  </sporty>
 </clothing>
 <clothing>
  <id>
   348871689
  </id>
  <name>
   Addidas T-shirt B-8060
  </name>
  <category>
   T-shirt
  </category>
  <size>
   S
  </size>
  <color>
   Красный
  </color>
  <material>
   Лен
  </material>
  <price>
   557587
  </price>
  <rating>
   3.17
  </rating>
  <reviews>
   876923
  </reviews>
  <new>
   -
  </new>
  <exclusive>
   no
  </exclusive>
 </clothing>
 <clothing>
  <id>
   626659661
  </id>
  <name>
   Vans T-shirt B-6599
  </name>
  <category>
   T-shirt
  </category>
  <size>
   S
  </size>
  <color>
   Фиолетовый
  </color>
  <material>
   Шелк
  </material>
  <price>
   130886
  </price>
  <rating>
   2.68
  </rating>
  <reviews>
   180744
  </reviews>
  <new>
   -
  </new>
  <exclusive>
   no
  </exclusive>
  <sporty>
   no
  </sporty>
 </clothing>
 <clothing>
  <id>
   583619952
  </id>
  <name>
   Vans Pants C-6083
  </name>
  <category>
   Pants
  </category>
  <size>
   XL
  </size>
  <color>
   Синий
  </color>
  <material>
   Лен
  </material>
  <price>
   363565
  </price>
  <rating>
   2.38
  </rating>
  <reviews>
   698521
  </reviews>
 </clothing>
 <clothing>
  <id>
   848384226
  </id>
  <name>
   Puma T-shirt Y-3992
  </name>
  <category>
   T-shirt
  </category>
  <size>
   M
  </size>
  <color>
   Оранжевый
  </color>
  <material>
   Шелк
  </material>
  <price>
   351749
  </price>
  <rating>
   1.61
  </rating>
  <reviews>
   562881
  </reviews>
  <exclusive>
   no
  </exclusive>
 </clothing>
 <clothing>
  <id>
   904619180
  </id>
  <name>
   Fila Dress Q-2009
  </name>
  <category>
   Dress
  </category>
  <size>
   XL
  </size>
  <color>
   Зеленый
  </color>
  <material>
   Нейлон
  </material>
  <price>
   522135
  </price>
  <rating>
   4.83
  </rating>
  <reviews>
   900224
  </reviews>
  <new>
   +
  </new>
  <exclusive>
   no
  </exclusive>
  <sporty>
   yes
  </sporty>
 </clothing>
 <clothing>
  <id>
   568845489
  </id>
  <name>
   Ellesse Dress D-2999
  </name>
  <category>
   Dress
  </category>
  <size>
   L
  </size>
  <color>
   Оранжевый
  </color>
  <material>
   Полиэстер
  </material>
  <price>
   622917
  </price>
  <rating>
   4.2
  </rating>
  <reviews>
   374377
  </reviews>
  <new>
   -
  </new>
  <exclusive>
   yes
  </exclusive>
 </clothing>
 <clothing>
  <id>
   359156562
  </id>
  <name>
   Vans Skirt D-9518
  </name>
  <category>
   Skirt
  </category>
  <size>
   XL
  </size>
  <color>
   Фиолетовый
  </color>
  <material>
   Полиэстер
  </material>
  <price>
   298038
  </price>
  <rating>
   3.21
  </rating>
  <reviews>
   55639
  </reviews>
  <new>
   +
  </new>
  <exclusive>
   yes
  </exclusive>
  <sporty>
   yes
  </sporty>
 </clothing>
 <clothing>
  <id>
   279308653
  </id>
  <name>
   Adidas Dress Y-2841
  </name>
  <category>
   Dress
  </category>
  <size>
   XL
  </size>
  <color>
   Фиолетовый
  </color>
  <material>
   Вискоза
  </material>
  <price>
   267355
  </price>
  <rating>
   3.24
  </rating>
  <reviews>
   606139
  </reviews>
  <exclusive>
   no
  </exclusive>
 </clothing>
 <clothing>
  <id>
   155900446
  </id>
  <name>
   Fila Gloves G-6216
  </name>
  <category>
   Gloves
  </category>
  <size>
   L
  </size>
  <color>
   Зеленый
  </color>
  <material>
   Шерсть
  </material>
  <price>
   312405
  </price>
  <rating>
   2.88
  </rating>
  <reviews>
   593118
  </reviews>
  <new>
   -
  </new>
  <sporty>
   no
  </sporty>
 </clothing>
 <clothing>
  <id>
   946699303
  </id>
  <name>
   Converse Socks L-8264
  </name>
  <category>
   Socks
  </category>
  <size>
   L
  </size>
  <color>
   Оранжевый
  </color>
  <material>
   Шерсть
  </material>
  <price>
   252936
  </price>
  <rating>
   2.0
  </rating>
  <reviews>
   811793
  </reviews>
  <new>
   -
  </new>
  <sporty>
   no
  </sporty>
 </clothing>
 <clothing>
  <id>
   176595149
  </id>
  <name>
   Nike Hat D-1213
  </name>
  <category>
   Hat
  </category>
  <size>
   L
  </size>
  <color>
   Фиолетовый
  </color>
  <material>
   Шелк
  </material>
  <price>
   418073
  </price>
  <rating>
   4.13
  </rating>
  <reviews>
   290167
  </reviews>
  <sporty>
   no
  </sporty>
 </clothing>
 <clothing>
  <id>
   233290313
  </id>
  <name>
   Addidas Gloves I-9380
  </name>
  <category>
   Gloves
  </category>
  <size>
   XXL
  </size>
  <color>
   Оранжевый
  </color>
  <material>
   Нейлон
  </material>
  <price>
   435415
  </price>
  <rating>
   1.24
  </rating>
  <reviews>
   260723
  </reviews>
  <new>
   -
  </new>
 </clothing>
 <clothing>
  <id>
   672922740
  </id>
  <name>
   Lacoste Shoes Y-8376
  </name>
  <category>
   Shoes
  </category>
  <size>
   M
  </size>
  <color>
   Синий
  </color>
  <material>
   Кожа
  </material>
  <price>
   985306
  </price>
  <rating>
   2.12
  </rating>
  <reviews>
   660539
  </reviews>
  <new>
   -
  </new>
  <exclusive>
   no
  </exclusive>
 </clothing>
 <clothing>
  <id>
   296338843
  </id>
  <name>
   Lacoste Pants Q-7215
  </name>
  <category>
   Pants
  </category>
  <size>
   M
  </size>
  <color>
   Зеленый
  </color>
  <material>
   Кожа
  </material>
  <price>
   835406
  </price>
  <rating>
   2.65
  </rating>
  <reviews>
   169484
  </reviews>
  <new>
   +
  </new>
  <exclusive>
   no
  </exclusive>
 </clothing>
 <clothing>
  <id>
   786342736
  </id>
  <name>
   Ellesse Jacket A-6224
  </name>
  <category>
   Jacket
  </category>
  <size>
   M
  </size>
  <color>
   Фиолетовый
  </color>
  <material>
   Полиэстер
  </material>
  <price>
   518576
  </price>
  <rating>
   1.28
  </rating>
  <reviews>
   131263
  </reviews>
  <new>
   -
  </new>
  <exclusive>
   no
  </exclusive>
  <sporty>
   no
  </sporty>
 </clothing>
 <clothing>
  <id>
   705049542
  </id>
  <name>
   Vans Gloves Q-9230
  </name>
  <category>
   Gloves
  </category>
  <size>
   M
  </size>
  <color>
   Синий
  </color>
  <material>
   Хлопок
  </material>
  <price>
   903189
  </price>
  <rating>
   1.32
  </rating>
  <reviews>
   202491
  </reviews>
  <exclusive>
   no
  </exclusive>
 </clothing>
 <clothing>
  <id>
   559964641
  </id>
  <name>
   Converse Dress E-8195
  </name>
  <category>
   Dress
  </category>
  <size>
   XL
  </size>
  <color>
   Красный
  </color>
  <material>
   Лен
  </material>
  <price>
   723888
  </price>
  <rating>
   3.44
  </rating>
  <reviews>
   979496
  </reviews>
  <new>
   -
  </new>
  <exclusive>
   no
  </exclusive>
 </clothing>
 <clothing>
  <id>
   530846579
  </id>
  <name>
   Nike Jeans P-4276
  </name>
  <category>
   Jeans
  </category>
  <size>
   M
  </size>
  <color>
   Оранжевый
  </color>
  <material>
   Полиэстер
  </material>
  <price>
   637244
  </price>
  <rating>
   4.26
  </rating>
  <reviews>
   652217
  </reviews>
  <new>
   +
  </new>
  <sporty>
   no
  </sporty>
 </clothing>
 <clothing>
  <id>
   746186553
  </id>
  <name>
   Addidas Sweater M-1315
  </name>
  <category>
   Sweater
  </category>
  <size>
   L
  </size>
  <color>
   Красный
  </color>
  <material>
   Вискоза
  </material>
  <price>
   686101
  </price>
  <rating>
   2.28
  </rating>
  <reviews>
   553870
  </reviews>
  <sporty>
   no
  </sporty>
 </clothing>
 <clothing>
  <id>
   294025399
  </id>
  <name>
   Converse Umbrellas W-7655
  </name>
  <category>
   Umbrellas
  </category>
  <size>
   XL
  </size>
  <color>
   Красный
  </color>
  <material>
   Хлопок
  </material>
  <price>
   939472
  </price>
  <rating>
   2.53
  </rating>
  <reviews>
   858923
  </reviews>
  <sporty>
   no
  </sporty>
 </clothing>
 <clothing>
  <id>
   157272420
  </id>
  <name>
   DC Skirt V-5922
  </name>
  <category>
   Skirt
  </category>
  <size>
   XXL
  </size>
  <color>
   Желтый
  </color>
  <material>
   Кожа
  </material>
  <price>
   234946
  </price>
  <rating>
   1.98
  </rating>
  <reviews>
   394639
  </reviews>
  <new>
   -
  </new>
  <exclusive>
   yes
  </exclusive>
 </clothing>
 <clothing>
  <id>
   776552702
  </id>
  <name>
   Lacoste Shoes Q-7669
  </name>
  <category>
   Shoes
  </category>
  <size>
   XXL
  </size>
  <color>
   Желтый
  </color>
  <material>
   Кожа
  </material>
  <price>
   614329
  </price>
  <rating>
   2.31
  </rating>
  <reviews>
   332658
  </reviews>
  <new>
   +
  </new>
  <exclusive>
   no
  </exclusive>
  <sporty>
   no
  </sporty>
 </clothing>
 <clothing>
  <id>
   293473044
  </id>
  <name>
   Brooks Sweater X-9543
  </name>
  <category>
   Sweater
  </category>
  <size>
   L
  </size>
  <color>
   Синий
  </color>
  <material>
   Нейлон
  </material>
  <price>
   604784
  </price>
  <rating>
   4.94
  </rating>
  <reviews>
   105934
  </reviews>
  <exclusive>
   no
  </exclusive>
 </clothing>
 <clothing>
  <id>
   776415260
  </id>
  <name>
   Ellesse Handbags Z-5840
  </name>
  <category>
   Handbags
  </category>
  <size>
   L
  </size>
  <color>
   Зеленый
  </color>
  <material>
   Полиэстер
  </material>
  <price>
   293123
  </price>
  <rating>
   2.39
  </rating>
  <reviews>
   792465
  </reviews>
  <new>
   +
  </new>
  <exclusive>
   no
  </exclusive>
  <sporty>
   no
  </sporty>
 </clothing>
 <clothing>
  <id>
   468234707
  </id>
  <name>
   Converse Jeans G-5106
  </name>
  <category>
   Jeans
  </category>
  <size>
   XL
  </size>
  <color>
   Фиолетовый
  </color>
  <material>
   Нейлон
  </material>
  <price>
   637762
  </price>
  <rating>
   2.64
  </rating>
  <reviews>
   822554
  </reviews>
  <new>
   -
  </new>
  <sporty>
   no
  </sporty>
 </clothing>
 <clothing>
  <id>
   368900635
  </id>
  <name>
   Converse Umbrellas G-8729
  </name>
  <category>
   Umbrellas
  </category>
  <size>
   S
  </size>
  <color>
   Голубой
  </color>
  <material>
   Шелк
  </material>
  <price>
   869789
  </price>
  <rating>
   4.7
  </rating>
  <reviews>
   159061
  </reviews>
  <new>
   -
  </new>
  <exclusive>
   yes
  </exclusive>
  <sporty>
   yes
  </sporty>
 </clothing>
 <clothing>
  <id>
   294221831
  </id>
  <name>
   Under Armour Shoes I-2092
  </name>
  <category>
   Shoes
  </category>
  <size>
   XXL
  </size>
  <color>
   Синий
  </color>
  <material>
   Шерсть
  </material>
  <price>
   479051
  </price>
  <rating>
   4.36
  </rating>
  <reviews>
   631456
  </reviews>
  <new>
   -
  </new>
 </clothing>
 <clothing>
  <id>
   622426844
  </id>
  <name>
   Puma Socks N-6015
  </name>
  <category>
   Socks
  </category>
  <size>
   S
  </size>
  <color>
   Зеленый
  </color>
  <material>
   Кожа
  </material>
  <price>
   574224
  </price>
  <rating>
   1.87
  </rating>
  <reviews>
   209775
  </reviews>
  <sporty>
   no
  </sporty>
 </clothing>
 <clothing>
  <id>
   614727804
  </id>
  <name>
   PleinSport Jacket X-8083
  </name>
  <category>
   Jacket
  </category>
  <size>
   XL
  </size>
  <color>
   Оранжевый
  </color>
  <material>
   Вискоза
  </material>
  <price>
   227965
  </price>
  <rating>
   4.68
  </rating>
  <reviews>
   919521
  </reviews>
  <exclusive>
   no
  </exclusive>
 </clothing>
 <clothing>
  <id>
   104271850
  </id>
  <name>
   Adidas Sweater O-3566
  </name>
  <category>
   Sweater
  </category>
  <size>
   L
  </size>
  <color>
   Голубой
  </color>
  <material>
   Хлопок
  </material>
  <price>
   517527
  </price>
  <rating>
   2.98
  </rating>
  <reviews>
   380575
  </reviews>
  <new>
   -
  </new>
  <exclusive>
   yes
  </exclusive>
 </clothing>
 <clothing>
  <id>
   234778043
  </id>
  <name>
   Nike Handbags S-1844
  </name>
  <category>
   Handbags
  </category>
  <size>
   XXL
  </size>
  <color>
   Желтый
  </color>
  <material>
   Шерсть
  </material>
  <price>
   274842
  </price>
  <rating>
   1.66
  </rating>
  <reviews>
   929583
  </reviews>
 </clothing>
 <clothing>
  <id>
   381816532
  </id>
  <name>
   Adidas Skirt K-5250
  </name>
  <category>
   Skirt
  </category>
  <size>
   S
  </size>
  <color>
   Фиолетовый
  </color>
  <material>
   Вискоза
  </material>
  <price>
   826124
  </price>
  <rating>
   4.81
  </rating>
  <reviews>
   785551
  </reviews>
  <new>
   -
  </new>
  <exclusive>
   no
  </exclusive>
  <sporty>
   no
  </sporty>
 </clothing>
 <clothing>
  <id>
   347540990
  </id>
  <name>
   Converse Socks N-2945
  </name>
  <category>
   Socks
  </category>
  <size>
   XL
  </size>
  <color>
   Оранжевый
  </color>
  <material>
   Шелк
  </material>
  <price>
   335905
  </price>
  <rating>
   4.43
  </rating>
  <reviews>
   418737
  </reviews>
  <new>
   +
  </new>
  <exclusive>
   yes
  </exclusive>
  <sporty>
   yes
  </sporty>
 </clothing>
 <clothing>
  <id>
   649078173
  </id>
  <name>
   Adidas Jacket O-2836
  </name>
  <category>
   Jacket
  </category>
  <size>
   L
  </size>
  <color>
   Синий
  </color>
  <material>
   Хлопок
  </material>
  <price>
   715977
  </price>
  <rating>
   1.75
  </rating>
  <reviews>
   120457
  </reviews>
  <new>
   -
  </new>
  <exclusive>
   no
  </exclusive>
  <sporty>
   no
  </sporty>
 </clothing>
 <clothing>
  <id>
   347779807
  </id>
  <name>
   New Balance Pants F-8706
  </name>
  <category>
   Pants
  </category>
  <size>
   S
  </size>
  <color>
   Красный
  </color>
  <material>
   Лен
  </material>
  <price>
   740328
  </price>
  <rating>
   1.35
  </rating>
  <reviews>
   954842
  </reviews>
  <new>
   +
  </new>
  <exclusive>
   no
  </exclusive>
  <sporty>
   yes
  </sporty>
 </clothing>
 <clothing>
  <id>
   671859685
  </id>
  <name>
   New Balance Pants M-4791
  </name>
  <category>
   Pants
  </category>
  <size>
   L
  </size>
  <color>
   Зеленый
  </color>
  <material>
   Нейлон
  </material>
  <price>
   630734
  </price>
  <rating>
   2.3
  </rating>
  <reviews>
   767343
  </reviews>
  <new>
   -
  </new>
  <exclusive>
   yes
  </exclusive>
 </clothing>
 <clothing>
  <id>
   654762025
  </id>
  <name>
   Ellesse Shoes N-4824
  </name>
  <category>
   Shoes
  </category>
  <size>
   S
  </size>
  <color>
   Голубой
  </color>
  <material>
   Хлопок
  </material>
  <price>
   273382
  </price>
  <rating>
   1.67
  </rating>
  <reviews>
   159185
  </reviews>
  <new>
   -
  </new>
  <exclusive>
   no
  </exclusive>
 </clothing>
 <clothing>
  <id>
   565719285
  </id>
  <name>
   New Balance Skirt S-4793
  </name>
  <category>
   Skirt
  </category>
  <size>
   XXL
  </size>
  <color>
   Оранжевый
  </color>
  <material>
   Полиэстер
  </material>
  <price>
   739160
  </price>
  <rating>
   1.92
  </rating>
  <reviews>
   36681
  </reviews>
  <sporty>
   yes
  </sporty>
 </clothing>
 <clothing>
  <id>
   580091066
  </id>
  <name>
   Nike Skirt F-4021
  </name>
  <category>
   Skirt
  </category>
  <size>
   XXL
  </size>
  <color>
   Синий
  </color>
  <material>
   Шерсть
  </material>
  <price>
   277133
  </price>
  <rating>
   3.04
  </rating>
  <reviews>
   725498
  </reviews>
  <new>
   +
  </new>
  <sporty>
   yes
  </sporty>
 </clothing>
 <clothing>
  <id>
   931473220
  </id>
  <name>
   Puma Shirt J-5542
  </name>
  <category>
   Shirt
  </category>
  <size>
   XL
  </size>
  <color>
   Зеленый
  </color>
  <material>
   Шерсть
  </material>
  <price>
   925205
  </price>
  <rating>
   1.34
  </rating>
  <reviews>
   862384
  </reviews>
  <new>
   -
  </new>
  <exclusive>
   no
  </exclusive>
  <sporty>
   no
  </sporty>
 </clothing>
 <clothing>
  <id>
   706430404
  </id>
  <name>
   Addidas Umbrellas T-8280
  </name>
  <category>
   Umbrellas
  </category>
  <size>
   S
  </size>
  <color>
   Фиолетовый
  </color>
  <material>
   Полиэстер
  </material>
  <price>
   880435
  </price>
  <rating>
   5.0
  </rating>
  <reviews>
   741374
  </reviews>
  <new>
   -
  </new>
  <exclusive>
   yes
  </exclusive>
  <sporty>
   yes
  </sporty>
 </clothing>
 <clothing>
  <id>
   253305920
  </id>
  <name>
   Puma Hat U-2784
  </name>
  <category>
   Hat
  </category>
  <size>
   S
  </size>
  <color>
   Фиолетовый
  </color>
  <material>
   Кожа
  </material>
  <price>
   604040
  </price>
  <rating>
   1.91
  </rating>
  <reviews>
   144212
  </reviews>
  <new>
   +
  </new>
 </clothing>
</clothing-items>
