<?xml version="1.0" encoding="utf-8"?>
<clothing-items>
 <clothing>
  <id>
   728075818
  </id>
  <name>
   Lacoste Jacket N-1154
  </name>
  <category>
   Jacket
  </category>
  <size>
   XL
  </size>
  <color>
   Красный
  </color>
  <material>
   Нейлон
  </material>
  <price>
   620079
  </price>
  <rating>
   4.73
  </rating>
  <reviews>
   139114
  </reviews>
  <exclusive>
   no
  </exclusive>
 </clothing>
 <clothing>
  <id>
   352091051
  </id>
  <name>
   Brooks Shirt E-4241
  </name>
  <category>
   Shirt
  </category>
  <size>
   M
  </size>
  <color>
   Красный
  </color>
  <material>
   Нейлон
  </material>
  <price>
   608821
  </price>
  <rating>
   2.7
  </rating>
  <reviews>
   308915
  </reviews>
  <exclusive>
   no
  </exclusive>
 </clothing>
 <clothing>
  <id>
   720335534
  </id>
  <name>
   Nike Shirt T-7869
  </name>
  <category>
   Shirt
  </category>
  <size>
   M
  </size>
  <color>
   Оранжевый
  </color>
  <material>
   Нейлон
  </material>
  <price>
   370846
  </price>
  <rating>
   2.76
  </rating>
  <reviews>
   342727
  </reviews>
  <new>
   -
  </new>
  <sporty>
   no
  </sporty>
 </clothing>
 <clothing>
  <id>
   899244339
  </id>
  <name>
   Lacoste Shoes G-4271
  </name>
  <category>
   Shoes
  </category>
  <size>
   M
  </size>
  <color>
   Синий
  </color>
  <material>
   Вискоза
  </material>
  <price>
   689807
  </price>
  <rating>
   2.35
  </rating>
  <reviews>
   738022
  </reviews>
  <new>
   -
  </new>
  <exclusive>
   no
  </exclusive>
  <sporty>
   no
  </sporty>
 </clothing>
 <clothing>
  <id>
   169359702
  </id>
  <name>
   DC Handbags N-4670
  </name>
  <category>
   Handbags
  </category>
  <size>
   XL
  </size>
  <color>
   Голубой
  </color>
  <material>
   Полиэстер
  </material>
  <price>
   867228
  </price>
  <rating>
   1.52
  </rating>
  <reviews>
   202620
  </reviews>
  <new>
   -
  </new>
  <exclusive>
   no
  </exclusive>
  <sporty>
   no
  </sporty>
 </clothing>
 <clothing>
  <id>
   146265086
  </id>
  <name>
   PleinSport T-shirt B-8198
  </name>
  <category>
   T-shirt
  </category>
  <size>
   XXL
  </size>
  <color>
   Зеленый
  </color>
  <material>
   Шелк
  </material>
  <price>
   315100
  </price>
  <rating>
   3.23
  </rating>
  <reviews>
   483813
  </reviews>
  <exclusive>
   no
  </exclusive>
  <sporty>
   yes
  </sporty>
 </clothing>
 <clothing>
  <id>
   890301574
  </id>
  <name>
   Asics Blouse R-9097
  </name>
  <category>
   Blouse
  </category>
  <size>
   L
  </size>
  <color>
   Желтый
  </color>
  <material>
   Кожа
  </material>
  <price>
   697749
  </price>
  <rating>
   3.21
  </rating>
  <reviews>
   416359
  </reviews>
  <exclusive>
   no
  </exclusive>
 </clothing>
 <clothing>
  <id>
   141157494
  </id>
  <name>
   Nike Shoes F-1467
  </name>
  <category>
   Shoes
  </category>
  <size>
   XXL
  </size>
  <color>
   Синий
  </color>
  <material>
   Вискоза
  </material>
  <price>
   788296
  </price>
  <rating>
   4.88
  </rating>
  <reviews>
   998923
  </reviews>
  <exclusive>
   no
  </exclusive>
 </clothing>
 <clothing>
  <id>
   290848842
  </id>
  <name>
   Adidas Shirt A-2739
  </name>
  <category>
   Shirt
  </category>
  <size>
   S
  </size>
  <color>
   Синий
  </color>
  <material>
   Шерсть
  </material>
  <price>
   695931
  </price>
  <rating>
   2.36
  </rating>
  <reviews>
   145053
  </reviews>
  <new>
   +
  </new>
  <sporty>
   no
  </sporty>
 </clothing>
 <clothing>
  <id>
   441635012
  </id>
  <name>
   New Balance Shoes C-5030
  </name>
  <category>
   Shoes
  </category>
  <size>
   L
  </size>
  <color>
   Оранжевый
  </color>
  <material>
   Полиэстер
  </material>
  <price>
   469168
  </price>
  <rating>
   2.79
  </rating>
  <reviews>
   544948
  </reviews>
  <sporty>
   no
  </sporty>
 </clothing>
 <clothing>
  <id>
   882399570
  </id>
  <name>
   Ellesse Umbrellas K-4247
  </name>
  <category>
   Umbrellas
  </category>
  <size>
   L
  </size>
  <color>
   Красный
  </color>
  <material>
   Лен
  </material>
  <price>
   159375
  </price>
  <rating>
   2.67
  </rating>
  <reviews>
   38051
  </reviews>
  <new>
   -
  </new>
 </clothing>
 <clothing>
  <id>
   925547264
  </id>
  <name>
   DC Umbrellas C-2972
  </name>
  <category>
   Umbrellas
  </category>
  <size>
   S
  </size>
  <color>
   Синий
  </color>
  <material>
   Шелк
  </material>
  <price>
   504304
  </price>
  <rating>
   2.47
  </rating>
  <reviews>
   352759
  </reviews>
  <new>
   +
  </new>
  <exclusive>
   no
  </exclusive>
  <sporty>
   no
  </sporty>
 </clothing>
 <clothing>
  <id>
   477936647
  </id>
  <name>
   Fila Shirt S-1392
  </name>
  <category>
   Shirt
  </category>
  <size>
   XL
  </size>
  <color>
   Фиолетовый
  </color>
  <material>
   Хлопок
  </material>
  <price>
   726029
  </price>
  <rating>
   4.18
  </rating>
  <reviews>
   270381
  </reviews>
  <sporty>
   no
  </sporty>
 </clothing>
 <clothing>
  <id>
   738847912
  </id>
  <name>
   Adidas T-shirt Z-4419
  </name>
  <category>
   T-shirt
  </category>
  <size>
   M
  </size>
  <color>
   Оранжевый
  </color>
  <material>
   Кожа
  </material>
  <price>
   711150
  </price>
  <rating>
   4.45
  </rating>
  <reviews>
   763915
  </reviews>
  <new>
   -
  </new>
 </clothing>
 <clothing>
  <id>
   997735133
  </id>
  <name>
   Converse Dress Q-1199
  </name>
  <category>
   Dress
  </category>
  <size>
   L
  </size>
  <color>
   Оранжевый
  </color>
  <material>
   Хлопок
  </material>
  <price>
   562257
  </price>
  <rating>
   1.21
  </rating>
  <reviews>
   31760
  </reviews>
  <new>
   +
  </new>
 </clothing>
 <clothing>
  <id>
   742949726
  </id>
  <name>
   Puma Blouse E-5473
  </name>
  <category>
   Blouse
  </category>
  <size>
   XL
  </size>
  <color>
   Голубой
  </color>
  <material>
   Нейлон
  </material>
  <price>
   423983
  </price>
  <rating>
   1.26
  </rating>
  <reviews>
   607453
  </reviews>
 </clothing>
 <clothing>
  <id>
   243671166
  </id>
  <name>
   Reebok Gloves R-6142
  </name>
  <category>
   Gloves
  </category>
  <size>
   M
  </size>
  <color>
   Зеленый
  </color>
  <material>
   Шерсть
  </material>
  <price>
   330059
  </price>
  <rating>
   1.54
  </rating>
  <reviews>
   549862
  </reviews>
  <exclusive>
   no
  </exclusive>
 </clothing>
 <clothing>
  <id>
   624091221
  </id>
  <name>
   Lacoste Sweater S-3455
  </name>
  <category>
   Sweater
  </category>
  <size>
   S
  </size>
  <color>
   Фиолетовый
  </color>
  <material>
   Полиэстер
  </material>
  <price>
   187145
  </price>
  <rating>
   3.19
  </rating>
  <reviews>
   693699
  </reviews>
  <new>
   +
  </new>
 </clothing>
 <clothing>
  <id>
   422553317
  </id>
  <name>
   DC Hat Q-2148
  </name>
  <category>
   Hat
  </category>
  <size>
   S
  </size>
  <color>
   Фиолетовый
  </color>
  <material>
   Кожа
  </material>
  <price>
   701718
  </price>
  <rating>
   2.4
  </rating>
  <reviews>
   64858
  </reviews>
  <exclusive>
   no
  </exclusive>
 </clothing>
 <clothing>
  <id>
   814148514
  </id>
  <name>
   Converse Gloves Z-8834
  </name>
  <category>
   Gloves
  </category>
  <size>
   L
  </size>
  <color>
   Зеленый
  </color>
  <material>
   Хлопок
  </material>
  <price>
   182977
  </price>
  <rating>
   1.17
  </rating>
  <reviews>
   994688
  </reviews>
  <sporty>
   no
  </sporty>
 </clothing>
 <clothing>
  <id>
   515135689
  </id>
  <name>
   Addidas Blouse V-4757
  </name>
  <category>
   Blouse
  </category>
  <size>
   XL
  </size>
  <color>
   Зеленый
  </color>
  <material>
   Шерсть
  </material>
  <price>
   867651
  </price>
  <rating>
   4.34
  </rating>
  <reviews>
   570453
  </reviews>
 </clothing>
 <clothing>
  <id>
   599876321
  </id>
  <name>
   Asics Shirt C-2564
  </name>
  <category>
   Shirt
  </category>
  <size>
   XXL
  </size>
  <color>
   Оранжевый
  </color>
  <material>
   Полиэстер
  </material>
  <price>
   714748
  </price>
  <rating>
   2.47
  </rating>
  <reviews>
   823188
  </reviews>
  <exclusive>
   no
  </exclusive>
  <sporty>
   yes
  </sporty>
 </clothing>
 <clothing>
  <id>
   753396913
  </id>
  <name>
   Converse Shirt W-7379
  </name>
  <category>
   Shirt
  </category>
  <size>
   M
  </size>
  <color>
   Красный
  </color>
  <material>
   Полиэстер
  </material>
  <price>
   692069
  </price>
  <rating>
   1.92
  </rating>
  <reviews>
   117991
  </reviews>
  <new>
   -
  </new>
  <exclusive>
   yes
  </exclusive>
 </clothing>
 <clothing>
  <id>
   365105630
  </id>
  <name>
   Adidas Handbags B-6195
  </name>
  <category>
   Handbags
  </category>
  <size>
   M
  </size>
  <color>
   Синий
  </color>
  <material>
   Хлопок
  </material>
  <price>
   658382
  </price>
  <rating>
   4.98
  </rating>
  <reviews>
   146948
  </reviews>
  <new>
   -
  </new>
 </clothing>
 <clothing>
  <id>
   284206519
  </id>
  <name>
   Nike Belts E-1295
  </name>
  <category>
   Belts
  </category>
  <size>
   XL
  </size>
  <color>
   Красный
  </color>
  <material>
   Лен
  </material>
  <price>
   859088
  </price>
  <rating>
   1.48
  </rating>
  <reviews>
   715241
  </reviews>
  <new>
   -
  </new>
  <exclusive>
   yes
  </exclusive>
  <sporty>
   no
  </sporty>
 </clothing>
 <clothing>
  <id>
   990177263
  </id>
  <name>
   PleinSport Socks A-4473
  </name>
  <category>
   Socks
  </category>
  <size>
   XL
  </size>
  <color>
   Оранжевый
  </color>
  <material>
   Кожа
  </material>
  <price>
   233148
  </price>
  <rating>
   1.15
  </rating>
  <reviews>
   742301
  </reviews>
  <new>
   -
  </new>
  <sporty>
   yes
  </sporty>
 </clothing>
 <clothing>
  <id>
   932751778
  </id>
  <name>
   Addidas Shirt D-1186
  </name>
  <category>
   Shirt
  </category>
  <size>
   S
  </size>
  <color>
   Голубой
  </color>
  <material>
   Шерсть
  </material>
  <price>
   423665
  </price>
  <rating>
   1.92
  </rating>
  <reviews>
   876514
  </reviews>
  <sporty>
   no
  </sporty>
 </clothing>
 <clothing>
  <id>
   528880713
  </id>
  <name>
   Vans Jacket G-4400
  </name>
  <category>
   Jacket
  </category>
  <size>
   L
  </size>
  <color>
   Голубой
  </color>
  <material>
   Нейлон
  </material>
  <price>
   377820
  </price>
  <rating>
   1.34
  </rating>
  <reviews>
   549317
  </reviews>
  <exclusive>
   no
  </exclusive>
 </clothing>
 <clothing>
  <id>
   864620761
  </id>
  <name>
   Vans Shoes M-1828
  </name>
  <category>
   Shoes
  </category>
  <size>
   S
  </size>
  <color>
   Желтый
  </color>
  <material>
   Кожа
  </material>
  <price>
   398441
  </price>
  <rating>
   1.3
  </rating>
  <reviews>
   301825
  </reviews>
 </clothing>
 <clothing>
  <id>
   838288771
  </id>
  <name>
   Asics Gloves G-7543
  </name>
  <category>
   Gloves
  </category>
  <size>
   XL
  </size>
  <color>
   Красный
  </color>
  <material>
   Вискоза
  </material>
  <price>
   234843
  </price>
  <rating>
   3.65
  </rating>
  <reviews>
   407369
  </reviews>
  <new>
   -
  </new>
  <exclusive>
   yes
  </exclusive>
  <sporty>
   no
  </sporty>
 </clothing>
 <clothing>
  <id>
   186479809
  </id>
  <name>
   Lacoste Socks I-7960
  </name>
  <category>
   Socks
  </category>
  <size>
   M
  </size>
  <color>
   Фиолетовый
  </color>
  <material>
   Хлопок
  </material>
  <price>
   187945
  </price>
  <rating>
   3.8
  </rating>
  <reviews>
   242181
  </reviews>
  <exclusive>
   no
  </exclusive>
  <sporty>
   yes
  </sporty>
 </clothing>
 <clothing>
  <id>
   512094748
  </id>
  <name>
   PleinSport Shirt G-9769
  </name>
  <category>
   Shirt
  </category>
  <size>
   S
  </size>
  <color>
   Фиолетовый
  </color>
  <material>
   Полиэстер
  </material>
  <price>
   995276
  </price>
  <rating>
   2.51
  </rating>
  <reviews>
   443845
  </reviews>
  <sporty>
   yes
  </sporty>
 </clothing>
 <clothing>
  <id>
   227207998
  </id>
  <name>
   Under Armour Belts X-4616
  </name>
  <category>
   Belts
  </category>
  <size>
   XL
  </size>
  <color>
   Синий
  </color>
  <material>
   Нейлон
  </material>
  <price>
   643745
  </price>
  <rating>
   3.99
  </rating>
  <reviews>
   830919
  </reviews>
  <new>
   -
  </new>
  <exclusive>
   no
  </exclusive>
  <sporty>
   no
  </sporty>
 </clothing>
 <clothing>
  <id>
   656724735
  </id>
  <name>
   Ellesse Shirt A-3018
  </name>
  <category>
   Shirt
  </category>
  <size>
   XL
  </size>
  <color>
   Голубой
  </color>
  <material>
   Лен
  </material>
  <price>
   764538
  </price>
  <rating>
   2.59
  </rating>
  <reviews>
   301814
  </reviews>
  <new>
   -
  </new>
  <exclusive>
   no
  </exclusive>
 </clothing>
 <clothing>
  <id>
   805990932
  </id>
  <name>
   Adidas Dress G-3044
  </name>
  <category>
   Dress
  </category>
  <size>
   S
  </size>
  <color>
   Желтый
  </color>
  <material>
   Шерсть
  </material>
  <price>
   463650
  </price>
  <rating>
   2.79
  </rating>
  <reviews>
   388926
  </reviews>
  <new>
   +
  </new>
  <sporty>
   no
  </sporty>
 </clothing>
 <clothing>
  <id>
   884122799
  </id>
  <name>
   Under Armour Jacket F-9484
  </name>
  <category>
   Jacket
  </category>
  <size>
   L
  </size>
  <color>
   Желтый
  </color>
  <material>
   Шерсть
  </material>
  <price>
   589918
  </price>
  <rating>
   2.92
  </rating>
  <reviews>
   925768
  </reviews>
  <new>
   -
  </new>
  <exclusive>
   yes
  </exclusive>
  <sporty>
   no
  </sporty>
 </clothing>
 <clothing>
  <id>
   873523272
  </id>
  <name>
   Under Armour Dress T-1120
  </name>
  <category>
   Dress
  </category>
  <size>
   L
  </size>
  <color>
   Зеленый
  </color>
  <material>
   Вискоза
  </material>
  <price>
   720282
  </price>
  <rating>
   2.66
  </rating>
  <reviews>
   213136
  </reviews>
  <sporty>
   yes
  </sporty>
 </clothing>
 <clothing>
  <id>
   344641361
  </id>
  <name>
   Converse Dress Z-5134
  </name>
  <category>
   Dress
  </category>
  <size>
   XL
  </size>
  <color>
   Синий
  </color>
  <material>
   Полиэстер
  </material>
  <price>
   946585
  </price>
  <rating>
   3.57
  </rating>
  <reviews>
   142709
  </reviews>
  <new>
   +
  </new>
  <exclusive>
   no
  </exclusive>
 </clothing>
 <clothing>
  <id>
   579020101
  </id>
  <name>
   Ellesse Hat J-4930
  </name>
  <category>
   Hat
  </category>
  <size>
   XL
  </size>
  <color>
   Красный
  </color>
  <material>
   Шерсть
  </material>
  <price>
   154618
  </price>
  <rating>
   2.09
  </rating>
  <reviews>
   759949
  </reviews>
 </clothing>
</clothing-items>
