<?xml version="1.0" encoding="utf-8"?>
<clothing-items>
 <clothing>
  <id>
   581584800
  </id>
  <name>
   Ellesse Handbags B-6297
  </name>
  <category>
   Handbags
  </category>
  <size>
   L
  </size>
  <color>
   Синий
  </color>
  <material>
   Полиэстер
  </material>
  <price>
   813047
  </price>
  <rating>
   1.16
  </rating>
  <reviews>
   140620
  </reviews>
  <new>
   -
  </new>
  <sporty>
   yes
  </sporty>
 </clothing>
 <clothing>
  <id>
   144454934
  </id>
  <name>
   Vans Belts A-6676
  </name>
  <category>
   Belts
  </category>
  <size>
   L
  </size>
  <color>
   Зеленый
  </color>
  <material>
   Шерсть
  </material>
  <price>
   145639
  </price>
  <rating>
   3.54
  </rating>
  <reviews>
   703277
  </reviews>
  <exclusive>
   no
  </exclusive>
  <sporty>
   no
  </sporty>
 </clothing>
 <clothing>
  <id>
   820728803
  </id>
  <name>
   Reebok T-shirt Z-9070
  </name>
  <category>
   T-shirt
  </category>
  <size>
   XXL
  </size>
  <color>
   Красный
  </color>
  <material>
   Лен
  </material>
  <price>
   960131
  </price>
  <rating>
   1.28
  </rating>
  <reviews>
   410146
  </reviews>
 </clothing>
 <clothing>
  <id>
   195658902
  </id>
  <name>
   Lacoste Umbrellas G-7983
  </name>
  <category>
   Umbrellas
  </category>
  <size>
   L
  </size>
  <color>
   Фиолетовый
  </color>
  <material>
   Кожа
  </material>
  <price>
   558570
  </price>
  <rating>
   2.29
  </rating>
  <reviews>
   96436
  </reviews>
 </clothing>
 <clothing>
  <id>
   377096556
  </id>
  <name>
   Brooks Umbrellas G-1024
  </name>
  <category>
   Umbrellas
  </category>
  <size>
   L
  </size>
  <color>
   Синий
  </color>
  <material>
   Нейлон
  </material>
  <price>
   381120
  </price>
  <rating>
   1.28
  </rating>
  <reviews>
   360599
  </reviews>
  <new>
   -
  </new>
  <exclusive>
   no
  </exclusive>
 </clothing>
 <clothing>
  <id>
   540770048
  </id>
  <name>
   Adidas Dress Z-6838
  </name>
  <category>
   Dress
  </category>
  <size>
   XL
  </size>
  <color>
   Желтый
  </color>
  <material>
   Лен
  </material>
  <price>
   797202
  </price>
  <rating>
   3.04
  </rating>
  <reviews>
   164753
  </reviews>
 </clothing>
 <clothing>
  <id>
   855468912
  </id>
  <name>
   Brooks Handbags U-2068
  </name>
  <category>
   Handbags
  </category>
  <size>
   M
  </size>
  <color>
   Фиолетовый
  </color>
  <material>
   Нейлон
  </material>
  <price>
   680754
  </price>
  <rating>
   3.3
  </rating>
  <reviews>
   648710
  </reviews>
  <new>
   +
  </new>
  <exclusive>
   yes
  </exclusive>
 </clothing>
 <clothing>
  <id>
   908455684
  </id>
  <name>
   Fila Skirt D-3246
  </name>
  <category>
   Skirt
  </category>
  <size>
   XXL
  </size>
  <color>
   Голубой
  </color>
  <material>
   Кожа
  </material>
  <price>
   490770
  </price>
  <rating>
   3.33
  </rating>
  <reviews>
   513973
  </reviews>
  <new>
   -
  </new>
  <exclusive>
   yes
  </exclusive>
  <sporty>
   no
  </sporty>
 </clothing>
 <clothing>
  <id>
   780787173
  </id>
  <name>
   Under Armour Dress Q-8245
  </name>
  <category>
   Dress
  </category>
  <size>
   S
  </size>
  <color>
   Зеленый
  </color>
  <material>
   Нейлон
  </material>
  <price>
   128150
  </price>
  <rating>
   4.13
  </rating>
  <reviews>
   441945
  </reviews>
  <new>
   -
  </new>
  <exclusive>
   yes
  </exclusive>
 </clothing>
 <clothing>
  <id>
   988510103
  </id>
  <name>
   Converse Blouse Y-6988
  </name>
  <category>
   Blouse
  </category>
  <size>
   L
  </size>
  <color>
   Красный
  </color>
  <material>
   Шерсть
  </material>
  <price>
   524399
  </price>
  <rating>
   2.57
  </rating>
  <reviews>
   208726
  </reviews>
  <new>
   -
  </new>
 </clothing>
 <clothing>
  <id>
   529018265
  </id>
  <name>
   Nike Belts K-5641
  </name>
  <category>
   Belts
  </category>
  <size>
   L
  </size>
  <color>
   Синий
  </color>
  <material>
   Хлопок
  </material>
  <price>
   681411
  </price>
  <rating>
   3.29
  </rating>
  <reviews>
   522381
  </reviews>
  <new>
   +
  </new>
  <sporty>
   yes
  </sporty>
 </clothing>
 <clothing>
  <id>
   286472154
  </id>
  <name>
   Nike Belts N-3374
  </name>
  <category>
   Belts
  </category>
  <size>
   M
  </size>
  <color>
   Синий
  </color>
  <material>
   Нейлон
  </material>
  <price>
   452695
  </price>
  <rating>
   3.08
  </rating>
  <reviews>
   661471
  </reviews>
  <exclusive>
   no
  </exclusive>
  <sporty>
   no
  </sporty>
 </clothing>
 <clothing>
  <id>
   687205160
  </id>
  <name>
   Under Armour Shirt J-2573
  </name>
  <category>
   Shirt
  </category>
  <size>
   L
  </size>
  <color>
   Желтый
  </color>
  <material>
   Кожа
  </material>
  <price>
   841852
  </price>
  <rating>
   1.4
  </rating>
  <reviews>
   350701
  </reviews>
  <exclusive>
   no
  </exclusive>
  <sporty>
   no
  </sporty>
 </clothing>
 <clothing>
  <id>
   546354283
  </id>
  <name>
   New Balance Gloves R-2591
  </name>
  <category>
   Gloves
  </category>
  <size>
   S
  </size>
  <color>
   Синий
  </color>
  <material>
   Шерсть
  </material>
  <price>
   877156
  </price>
  <rating>
   4.59
  </rating>
  <reviews>
   462165
  </reviews>
  <sporty>
   no
  </sporty>
 </clothing>
 <clothing>
  <id>
   504254854
  </id>
  <name>
   Reebok Sweater S-9350
  </name>
  <category>
   Sweater
  </category>
  <size>
   L
  </size>
  <color>
   Зеленый
  </color>
  <material>
   Шелк
  </material>
  <price>
   883050
  </price>
  <rating>
   3.77
  </rating>
  <reviews>
   13498
  </reviews>
  <exclusive>
   yes
  </exclusive>
 </clothing>
 <clothing>
  <id>
   671997243
  </id>
  <name>
   Asics Jacket X-9804
  </name>
  <category>
   Jacket
  </category>
  <size>
   S
  </size>
  <color>
   Синий
  </color>
  <material>
   Хлопок
  </material>
  <price>
   804333
  </price>
  <rating>
   4.27
  </rating>
  <reviews>
   464725
  </reviews>
  <new>
   +
  </new>
  <sporty>
   no
  </sporty>
 </clothing>
 <clothing>
  <id>
   417676466
  </id>
  <name>
   Nike Shirt F-4770
  </name>
  <category>
   Shirt
  </category>
  <size>
   XXL
  </size>
  <color>
   Оранжевый
  </color>
  <material>
   Шерсть
  </material>
  <price>
   657684
  </price>
  <rating>
   2.38
  </rating>
  <reviews>
   554630
  </reviews>
  <sporty>
   no
  </sporty>
 </clothing>
 <clothing>
  <id>
   308855888
  </id>
  <name>
   DC Shirt W-7232
  </name>
  <category>
   Shirt
  </category>
  <size>
   M
  </size>
  <color>
   Желтый
  </color>
  <material>
   Хлопок
  </material>
  <price>
   409741
  </price>
  <rating>
   4.4
  </rating>
  <reviews>
   549997
  </reviews>
  <new>
   +
  </new>
  <exclusive>
   no
  </exclusive>
  <sporty>
   yes
  </sporty>
 </clothing>
 <clothing>
  <id>
   142751999
  </id>
  <name>
   Brooks Skirt T-2908
  </name>
  <category>
   Skirt
  </category>
  <size>
   XL
  </size>
  <color>
   Фиолетовый
  </color>
  <material>
   Лен
  </material>
  <price>
   805360
  </price>
  <rating>
   1.03
  </rating>
  <reviews>
   908491
  </reviews>
  <sporty>
   no
  </sporty>
 </clothing>
 <clothing>
  <id>
   483280305
  </id>
  <name>
   Reebok Jacket F-1380
  </name>
  <category>
   Jacket
  </category>
  <size>
   XXL
  </size>
  <color>
   Зеленый
  </color>
  <material>
   Хлопок
  </material>
  <price>
   146839
  </price>
  <rating>
   2.85
  </rating>
  <reviews>
   982253
  </reviews>
  <new>
   +
  </new>
  <exclusive>
   no
  </exclusive>
 </clothing>
 <clothing>
  <id>
   545700819
  </id>
  <name>
   Converse Jacket V-3114
  </name>
  <category>
   Jacket
  </category>
  <size>
   S
  </size>
  <color>
   Зеленый
  </color>
  <material>
   Кожа
  </material>
  <price>
   630862
  </price>
  <rating>
   4.59
  </rating>
  <reviews>
   584000
  </reviews>
  <new>
   -
  </new>
  <exclusive>
   yes
  </exclusive>
 </clothing>
 <clothing>
  <id>
   507844812
  </id>
  <name>
   Adidas Jacket C-1073
  </name>
  <category>
   Jacket
  </category>
  <size>
   S
  </size>
  <color>
   Голубой
  </color>
  <material>
   Вискоза
  </material>
  <price>
   965874
  </price>
  <rating>
   4.73
  </rating>
  <reviews>
   324438
  </reviews>
  <new>
   -
  </new>
  <sporty>
   yes
  </sporty>
 </clothing>
 <clothing>
  <id>
   209125211
  </id>
  <name>
   Lacoste Umbrellas M-4177
  </name>
  <category>
   Umbrellas
  </category>
  <size>
   XXL
  </size>
  <color>
   Красный
  </color>
  <material>
   Кожа
  </material>
  <price>
   389505
  </price>
  <rating>
   1.62
  </rating>
  <reviews>
   639631
  </reviews>
  <sporty>
   yes
  </sporty>
 </clothing>
 <clothing>
  <id>
   100940453
  </id>
  <name>
   Under Armour Shirt N-2473
  </name>
  <category>
   Shirt
  </category>
  <size>
   L
  </size>
  <color>
   Красный
  </color>
  <material>
   Нейлон
  </material>
  <price>
   979677
  </price>
  <rating>
   1.55
  </rating>
  <reviews>
   285666
  </reviews>
  <sporty>
   no
  </sporty>
 </clothing>
 <clothing>
  <id>
   273097702
  </id>
  <name>
   New Balance Pants F-5053
  </name>
  <category>
   Pants
  </category>
  <size>
   S
  </size>
  <color>
   Голубой
  </color>
  <material>
   Лен
  </material>
  <price>
   506740
  </price>
  <rating>
   1.4
  </rating>
  <reviews>
   600125
  </reviews>
  <sporty>
   no
  </sporty>
 </clothing>
 <clothing>
  <id>
   573647001
  </id>
  <name>
   Vans Blouse E-5917
  </name>
  <category>
   Blouse
  </category>
  <size>
   XL
  </size>
  <color>
   Красный
  </color>
  <material>
   Полиэстер
  </material>
  <price>
   811766
  </price>
  <rating>
   1.13
  </rating>
  <reviews>
   341591
  </reviews>
  <exclusive>
   no
  </exclusive>
  <sporty>
   yes
  </sporty>
 </clothing>
 <clothing>
  <id>
   370966675
  </id>
  <name>
   DC Dress D-5398
  </name>
  <category>
   Dress
  </category>
  <size>
   XL
  </size>
  <color>
   Оранжевый
  </color>
  <material>
   Кожа
  </material>
  <price>
   671671
  </price>
  <rating>
   4.86
  </rating>
  <reviews>
   658434
  </reviews>
  <new>
   -
  </new>
  <sporty>
   yes
  </sporty>
 </clothing>
 <clothing>
  <id>
   383829934
  </id>
  <name>
   Adidas Shoes C-9412
  </name>
  <category>
   Shoes
  </category>
  <size>
   XL
  </size>
  <color>
   Фиолетовый
  </color>
  <material>
   Шелк
  </material>
  <price>
   797249
  </price>
  <rating>
   4.32
  </rating>
  <reviews>
   436036
  </reviews>
  <new>
   +
  </new>
  <exclusive>
   no
  </exclusive>
  <sporty>
   no
  </sporty>
 </clothing>
 <clothing>
  <id>
   219115906
  </id>
  <name>
   Lacoste Shirt Q-2130
  </name>
  <category>
   Shirt
  </category>
  <size>
   L
  </size>
  <color>
   Зеленый
  </color>
  <material>
   Нейлон
  </material>
  <price>
   860111
  </price>
  <rating>
   2.16
  </rating>
  <reviews>
   694971
  </reviews>
  <exclusive>
   yes
  </exclusive>
  <sporty>
   no
  </sporty>
 </clothing>
 <clothing>
  <id>
   785904886
  </id>
  <name>
   Nike T-shirt Y-9034
  </name>
  <category>
   T-shirt
  </category>
  <size>
   S
  </size>
  <color>
   Желтый
  </color>
  <material>
   Кожа
  </material>
  <price>
   197509
  </price>
  <rating>
   1.92
  </rating>
  <reviews>
   922669
  </reviews>
  <new>
   +
  </new>
 </clothing>
 <clothing>
  <id>
   947085875
  </id>
  <name>
   Asics Belts V-6767
  </name>
  <category>
   Belts
  </category>
  <size>
   XXL
  </size>
  <color>
   Оранжевый
  </color>
  <material>
   Хлопок
  </material>
  <price>
   923607
  </price>
  <rating>
   4.87
  </rating>
  <reviews>
   82565
  </reviews>
  <new>
   +
  </new>
  <sporty>
   no
  </sporty>
 </clothing>
 <clothing>
  <id>
   161453078
  </id>
  <name>
   Fila Gloves Z-2326
  </name>
  <category>
   Gloves
  </category>
  <size>
   XXL
  </size>
  <color>
   Оранжевый
  </color>
  <material>
   Лен
  </material>
  <price>
   242662
  </price>
  <rating>
   4.14
  </rating>
  <reviews>
   899763
  </reviews>
  <new>
   -
  </new>
  <exclusive>
   yes
  </exclusive>
 </clothing>
 <clothing>
  <id>
   970401353
  </id>
  <name>
   Addidas Jeans I-6675
  </name>
  <category>
   Jeans
  </category>
  <size>
   XL
  </size>
  <color>
   Зеленый
  </color>
  <material>
   Шелк
  </material>
  <price>
   914874
  </price>
  <rating>
   3.07
  </rating>
  <reviews>
   131641
  </reviews>
  <new>
   +
  </new>
  <exclusive>
   no
  </exclusive>
  <sporty>
   yes
  </sporty>
 </clothing>
 <clothing>
  <id>
   737626548
  </id>
  <name>
   Addidas T-shirt R-6437
  </name>
  <category>
   T-shirt
  </category>
  <size>
   XXL
  </size>
  <color>
   Синий
  </color>
  <material>
   Шерсть
  </material>
  <price>
   572273
  </price>
  <rating>
   2.96
  </rating>
  <reviews>
   621483
  </reviews>
 </clothing>
 <clothing>
  <id>
   226543658
  </id>
  <name>
   Asics Hat A-3402
  </name>
  <category>
   Hat
  </category>
  <size>
   XL
  </size>
  <color>
   Зеленый
  </color>
  <material>
   Нейлон
  </material>
  <price>
   146981
  </price>
  <rating>
   1.51
  </rating>
  <reviews>
   88713
  </reviews>
  <sporty>
   no
  </sporty>
 </clothing>
 <clothing>
  <id>
   770627886
  </id>
  <name>
   Under Armour Umbrellas J-6396
  </name>
  <category>
   Umbrellas
  </category>
  <size>
   XXL
  </size>
  <color>
   Фиолетовый
  </color>
  <material>
   Хлопок
  </material>
  <price>
   417360
  </price>
  <rating>
   4.83
  </rating>
  <reviews>
   651495
  </reviews>
 </clothing>
 <clothing>
  <id>
   678319963
  </id>
  <name>
   Puma Belts T-7477
  </name>
  <category>
   Belts
  </category>
  <size>
   XL
  </size>
  <color>
   Синий
  </color>
  <material>
   Полиэстер
  </material>
  <price>
   808886
  </price>
  <rating>
   3.9
  </rating>
  <reviews>
   322959
  </reviews>
  <new>
   -
  </new>
  <sporty>
   no
  </sporty>
 </clothing>
 <clothing>
  <id>
   124839204
  </id>
  <name>
   DC Dress O-1541
  </name>
  <category>
   Dress
  </category>
  <size>
   XL
  </size>
  <color>
   Оранжевый
  </color>
  <material>
   Лен
  </material>
  <price>
   234471
  </price>
  <rating>
   1.55
  </rating>
  <reviews>
   622409
  </reviews>
  <sporty>
   no
  </sporty>
 </clothing>
 <clothing>
  <id>
   175993118
  </id>
  <name>
   Puma Jeans U-1343
  </name>
  <category>
   Jeans
  </category>
  <size>
   L
  </size>
  <color>
   Фиолетовый
  </color>
  <material>
   Лен
  </material>
  <price>
   435043
  </price>
  <rating>
   4.33
  </rating>
  <reviews>
   659153
  </reviews>
  <sporty>
   no
  </sporty>
 </clothing>
 <clothing>
  <id>
   951616114
  </id>
  <name>
   Puma Pants I-5161
  </name>
  <category>
   Pants
  </category>
  <size>
   S
  </size>
  <color>
   Красный
  </color>
  <material>
   Вискоза
  </material>
  <price>
   113904
  </price>
  <rating>
   3.78
  </rating>
  <reviews>
   784335
  </reviews>
  <exclusive>
   no
  </exclusive>
 </clothing>
 <clothing>
  <id>
   343607383
  </id>
  <name>
   Nike Socks J-3260
  </name>
  <category>
   Socks
  </category>
  <size>
   S
  </size>
  <color>
   Синий
  </color>
  <material>
   Полиэстер
  </material>
  <price>
   197407
  </price>
  <rating>
   3.37
  </rating>
  <reviews>
   642379
  </reviews>
  <new>
   -
  </new>
  <exclusive>
   yes
  </exclusive>
 </clothing>
 <clothing>
  <id>
   785245844
  </id>
  <name>
   Brooks T-shirt K-9829
  </name>
  <category>
   T-shirt
  </category>
  <size>
   S
  </size>
  <color>
   Оранжевый
  </color>
  <material>
   Полиэстер
  </material>
  <price>
   191155
  </price>
  <rating>
   2.16
  </rating>
  <reviews>
   490842
  </reviews>
  <new>
   -
  </new>
 </clothing>
 <clothing>
  <id>
   904523768
  </id>
  <name>
   Addidas Shirt R-7875
  </name>
  <category>
   Shirt
  </category>
  <size>
   XL
  </size>
  <color>
   Зеленый
  </color>
  <material>
   Лен
  </material>
  <price>
   802532
  </price>
  <rating>
   4.58
  </rating>
  <reviews>
   262498
  </reviews>
  <exclusive>
   no
  </exclusive>
  <sporty>
   no
  </sporty>
 </clothing>
 <clothing>
  <id>
   744556328
  </id>
  <name>
   Puma Skirt C-2361
  </name>
  <category>
   Skirt
  </category>
  <size>
   L
  </size>
  <color>
   Красный
  </color>
  <material>
   Нейлон
  </material>
  <price>
   719347
  </price>
  <rating>
   2.19
  </rating>
  <reviews>
   633575
  </reviews>
  <sporty>
   yes
  </sporty>
 </clothing>
</clothing-items>
