<?xml version="1.0" encoding="utf-8"?>
<clothing-items>
 <clothing>
  <id>
   396006703
  </id>
  <name>
   New Balance Gloves T-6800
  </name>
  <category>
   Gloves
  </category>
  <size>
   M
  </size>
  <color>
   Красный
  </color>
  <material>
   Полиэстер
  </material>
  <price>
   126773
  </price>
  <rating>
   3.12
  </rating>
  <reviews>
   502237
  </reviews>
  <new>
   +
  </new>
 </clothing>
 <clothing>
  <id>
   285373239
  </id>
  <name>
   Puma Gloves C-3180
  </name>
  <category>
   Gloves
  </category>
  <size>
   XXL
  </size>
  <color>
   Оранжевый
  </color>
  <material>
   Шерсть
  </material>
  <price>
   155205
  </price>
  <rating>
   1.85
  </rating>
  <reviews>
   874971
  </reviews>
  <exclusive>
   no
  </exclusive>
 </clothing>
 <clothing>
  <id>
   499553869
  </id>
  <name>
   Reebok Skirt T-9039
  </name>
  <category>
   Skirt
  </category>
  <size>
   XXL
  </size>
  <color>
   Зеленый
  </color>
  <material>
   Кожа
  </material>
  <price>
   579293
  </price>
  <rating>
   1.15
  </rating>
  <reviews>
   97785
  </reviews>
  <new>
   -
  </new>
  <exclusive>
   yes
  </exclusive>
  <sporty>
   no
  </sporty>
 </clothing>
 <clothing>
  <id>
   544301923
  </id>
  <name>
   Converse Jeans H-8635
  </name>
  <category>
   Jeans
  </category>
  <size>
   L
  </size>
  <color>
   Синий
  </color>
  <material>
   Кожа
  </material>
  <price>
   810562
  </price>
  <rating>
   3.53
  </rating>
  <reviews>
   575831
  </reviews>
  <new>
   +
  </new>
  <sporty>
   no
  </sporty>
 </clothing>
 <clothing>
  <id>
   972343386
  </id>
  <name>
   Addidas Jacket F-1761
  </name>
  <category>
   Jacket
  </category>
  <size>
   M
  </size>
  <color>
   Синий
  </color>
  <material>
   Кожа
  </material>
  <price>
   644691
  </price>
  <rating>
   2.65
  </rating>
  <reviews>
   895852
  </reviews>
  <new>
   -
  </new>
 </clothing>
 <clothing>
  <id>
   726515513
  </id>
  <name>
   Ellesse T-shirt R-7481
  </name>
  <category>
   T-shirt
  </category>
  <size>
   S
  </size>
  <color>
   Синий
  </color>
  <material>
   Шелк
  </material>
  <price>
   669677
  </price>
  <rating>
   1.42
  </rating>
  <reviews>
   221944
  </reviews>
  <new>
   +
  </new>
  <sporty>
   no
  </sporty>
 </clothing>
 <clothing>
  <id>
   103292059
  </id>
  <name>
   Reebok Gloves S-1555
  </name>
  <category>
   Gloves
  </category>
  <size>
   XL
  </size>
  <color>
   Фиолетовый
  </color>
  <material>
   Кожа
  </material>
  <price>
   649897
  </price>
  <rating>
   3.31
  </rating>
  <reviews>
   601775
  </reviews>
  <exclusive>
   no
  </exclusive>
 </clothing>
 <clothing>
  <id>
   524671663
  </id>
  <name>
   Lacoste Sweater S-8171
  </name>
  <category>
   Sweater
  </category>
  <size>
   XXL
  </size>
  <color>
   Фиолетовый
  </color>
  <material>
   Шерсть
  </material>
  <price>
   472597
  </price>
  <rating>
   3.64
  </rating>
  <reviews>
   712152
  </reviews>
  <new>
   +
  </new>
  <exclusive>
   yes
  </exclusive>
 </clothing>
 <clothing>
  <id>
   332552362
  </id>
  <name>
   Adidas Sweater E-7002
  </name>
  <category>
   Sweater
  </category>
  <size>
   XXL
  </size>
  <color>
   Желтый
  </color>
  <material>
   Полиэстер
  </material>
  <price>
   469740
  </price>
  <rating>
   4.45
  </rating>
  <reviews>
   60936
  </reviews>
  <new>
   -
  </new>
  <exclusive>
   no
  </exclusive>
 </clothing>
 <clothing>
  <id>
   509353323
  </id>
  <name>
   DC Hat G-4282
  </name>
  <category>
   Hat
  </category>
  <size>
   XL
  </size>
  <color>
   Фиолетовый
  </color>
  <material>
   Вискоза
  </material>
  <price>
   861816
  </price>
  <rating>
   4.24
  </rating>
  <reviews>
   868405
  </reviews>
 </clothing>
 <clothing>
  <id>
   647695076
  </id>
  <name>
   Puma Shirt I-9989
  </name>
  <category>
   Shirt
  </category>
  <size>
   S
  </size>
  <color>
   Синий
  </color>
  <material>
   Полиэстер
  </material>
  <price>
   370736
  </price>
  <rating>
   2.94
  </rating>
  <reviews>
   6600
  </reviews>
  <new>
   +
  </new>
  <exclusive>
   no
  </exclusive>
 </clothing>
 <clothing>
  <id>
   634206114
  </id>
  <name>
   DC Shoes T-8182
  </name>
  <category>
   Shoes
  </category>
  <size>
   XXL
  </size>
  <color>
   Красный
  </color>
  <material>
   Полиэстер
  </material>
  <price>
   994954
  </price>
  <rating>
   2.05
  </rating>
  <reviews>
   938494
  </reviews>
  <exclusive>
   no
  </exclusive>
 </clothing>
 <clothing>
  <id>
   404283045
  </id>
  <name>
   Addidas Jeans H-9658
  </name>
  <category>
   Jeans
  </category>
  <size>
   L
  </size>
  <color>
   Красный
  </color>
  <material>
   Шерсть
  </material>
  <price>
   522504
  </price>
  <rating>
   2.85
  </rating>
  <reviews>
   866112
  </reviews>
  <exclusive>
   no
  </exclusive>
 </clothing>
 <clothing>
  <id>
   686007958
  </id>
  <name>
   New Balance Sweater D-9400
  </name>
  <category>
   Sweater
  </category>
  <size>
   XL
  </size>
  <color>
   Красный
  </color>
  <material>
   Лен
  </material>
  <price>
   319515
  </price>
  <rating>
   3.98
  </rating>
  <reviews>
   888967
  </reviews>
  <exclusive>
   no
  </exclusive>
  <sporty>
   no
  </sporty>
 </clothing>
 <clothing>
  <id>
   203291748
  </id>
  <name>
   Nike Blouse E-1488
  </name>
  <category>
   Blouse
  </category>
  <size>
   XL
  </size>
  <color>
   Зеленый
  </color>
  <material>
   Полиэстер
  </material>
  <price>
   321184
  </price>
  <rating>
   3.79
  </rating>
  <reviews>
   87593
  </reviews>
  <new>
   +
  </new>
  <exclusive>
   no
  </exclusive>
  <sporty>
   yes
  </sporty>
 </clothing>
 <clothing>
  <id>
   310410057
  </id>
  <name>
   DC T-shirt F-4851
  </name>
  <category>
   T-shirt
  </category>
  <size>
   XL
  </size>
  <color>
   Зеленый
  </color>
  <material>
   Шерсть
  </material>
  <price>
   468929
  </price>
  <rating>
   3.95
  </rating>
  <reviews>
   235846
  </reviews>
  <new>
   +
  </new>
  <exclusive>
   no
  </exclusive>
  <sporty>
   no
  </sporty>
 </clothing>
 <clothing>
  <id>
   539317287
  </id>
  <name>
   Asics Sweater J-7447
  </name>
  <category>
   Sweater
  </category>
  <size>
   XXL
  </size>
  <color>
   Зеленый
  </color>
  <material>
   Нейлон
  </material>
  <price>
   145209
  </price>
  <rating>
   2.63
  </rating>
  <reviews>
   660992
  </reviews>
  <new>
   -
  </new>
  <exclusive>
   no
  </exclusive>
 </clothing>
 <clothing>
  <id>
   606515121
  </id>
  <name>
   Adidas Belts A-5514
  </name>
  <category>
   Belts
  </category>
  <size>
   M
  </size>
  <color>
   Зеленый
  </color>
  <material>
   Лен
  </material>
  <price>
   141630
  </price>
  <rating>
   3.78
  </rating>
  <reviews>
   463099
  </reviews>
  <new>
   +
  </new>
  <exclusive>
   no
  </exclusive>
  <sporty>
   yes
  </sporty>
 </clothing>
 <clothing>
  <id>
   248517082
  </id>
  <name>
   New Balance Sweater H-2984
  </name>
  <category>
   Sweater
  </category>
  <size>
   XXL
  </size>
  <color>
   Фиолетовый
  </color>
  <material>
   Шелк
  </material>
  <price>
   687863
  </price>
  <rating>
   2.9
  </rating>
  <reviews>
   243146
  </reviews>
  <new>
   -
  </new>
  <exclusive>
   yes
  </exclusive>
  <sporty>
   no
  </sporty>
 </clothing>
 <clothing>
  <id>
   429963353
  </id>
  <name>
   Puma Dress I-5211
  </name>
  <category>
   Dress
  </category>
  <size>
   XL
  </size>
  <color>
   Оранжевый
  </color>
  <material>
   Нейлон
  </material>
  <price>
   816478
  </price>
  <rating>
   2.9
  </rating>
  <reviews>
   498557
  </reviews>
 </clothing>
 <clothing>
  <id>
   187656145
  </id>
  <name>
   Reebok Belts Q-4907
  </name>
  <category>
   Belts
  </category>
  <size>
   L
  </size>
  <color>
   Зеленый
  </color>
  <material>
   Хлопок
  </material>
  <price>
   591094
  </price>
  <rating>
   1.89
  </rating>
  <reviews>
   773453
  </reviews>
  <exclusive>
   no
  </exclusive>
 </clothing>
 <clothing>
  <id>
   859948860
  </id>
  <name>
   DC Umbrellas I-3545
  </name>
  <category>
   Umbrellas
  </category>
  <size>
   S
  </size>
  <color>
   Оранжевый
  </color>
  <material>
   Шерсть
  </material>
  <price>
   861601
  </price>
  <rating>
   4.87
  </rating>
  <reviews>
   260913
  </reviews>
  <exclusive>
   no
  </exclusive>
  <sporty>
   no
  </sporty>
 </clothing>
 <clothing>
  <id>
   779118361
  </id>
  <name>
   Fila T-shirt W-6862
  </name>
  <category>
   T-shirt
  </category>
  <size>
   S
  </size>
  <color>
   Желтый
  </color>
  <material>
   Шелк
  </material>
  <price>
   726110
  </price>
  <rating>
   2.79
  </rating>
  <reviews>
   186530
  </reviews>
  <new>
   +
  </new>
  <exclusive>
   yes
  </exclusive>
  <sporty>
   no
  </sporty>
 </clothing>
 <clothing>
  <id>
   544584201
  </id>
  <name>
   Puma Shoes F-2219
  </name>
  <category>
   Shoes
  </category>
  <size>
   XXL
  </size>
  <color>
   Оранжевый
  </color>
  <material>
   Шелк
  </material>
  <price>
   274740
  </price>
  <rating>
   4.58
  </rating>
  <reviews>
   583516
  </reviews>
  <sporty>
   no
  </sporty>
 </clothing>
 <clothing>
  <id>
   119095860
  </id>
  <name>
   Puma Dress T-4112
  </name>
  <category>
   Dress
  </category>
  <size>
   S
  </size>
  <color>
   Зеленый
  </color>
  <material>
   Шерсть
  </material>
  <price>
   863350
  </price>
  <rating>
   4.59
  </rating>
  <reviews>
   446164
  </reviews>
  <exclusive>
   no
  </exclusive>
  <sporty>
   yes
  </sporty>
 </clothing>
 <clothing>
  <id>
   283183425
  </id>
  <name>
   Adidas Gloves R-5656
  </name>
  <category>
   Gloves
  </category>
  <size>
   L
  </size>
  <color>
   Красный
  </color>
  <material>
   Кожа
  </material>
  <price>
   108363
  </price>
  <rating>
   3.21
  </rating>
  <reviews>
   250123
  </reviews>
  <new>
   -
  </new>
  <exclusive>
   no
  </exclusive>
 </clothing>
 <clothing>
  <id>
   931967748
  </id>
  <name>
   Asics Shoes R-4879
  </name>
  <category>
   Shoes
  </category>
  <size>
   M
  </size>
  <color>
   Желтый
  </color>
  <material>
   Лен
  </material>
  <price>
   914739
  </price>
  <rating>
   2.91
  </rating>
  <reviews>
   818787
  </reviews>
  <new>
   +
  </new>
  <exclusive>
   yes
  </exclusive>
  <sporty>
   yes
  </sporty>
 </clothing>
 <clothing>
  <id>
   815017898
  </id>
  <name>
   Under Armour Dress I-9924
  </name>
  <category>
   Dress
  </category>
  <size>
   S
  </size>
  <color>
   Оранжевый
  </color>
  <material>
   Нейлон
  </material>
  <price>
   599903
  </price>
  <rating>
   4.13
  </rating>
  <reviews>
   513603
  </reviews>
  <exclusive>
   no
  </exclusive>
  <sporty>
   no
  </sporty>
 </clothing>
 <clothing>
  <id>
   436236469
  </id>
  <name>
   Under Armour Jacket N-8727
  </name>
  <category>
   Jacket
  </category>
  <size>
   S
  </size>
  <color>
   Красный
  </color>
  <material>
   Кожа
  </material>
  <price>
   888013
  </price>
  <rating>
   4.9
  </rating>
  <reviews>
   585936
  </reviews>
  <new>
   -
  </new>
 </clothing>
 <clothing>
  <id>
   839457338
  </id>
  <name>
   Addidas Socks G-1743
  </name>
  <category>
   Socks
  </category>
  <size>
   L
  </size>
  <color>
   Зеленый
  </color>
  <material>
   Нейлон
  </material>
  <price>
   176299
  </price>
  <rating>
   3.8
  </rating>
  <reviews>
   878966
  </reviews>
  <new>
   -
  </new>
  <exclusive>
   no
  </exclusive>
  <sporty>
   yes
  </sporty>
 </clothing>
 <clothing>
  <id>
   169686937
  </id>
  <name>
   Nike Jacket M-9764
  </name>
  <category>
   Jacket
  </category>
  <size>
   L
  </size>
  <color>
   Фиолетовый
  </color>
  <material>
   Шерсть
  </material>
  <price>
   451505
  </price>
  <rating>
   4.51
  </rating>
  <reviews>
   305789
  </reviews>
  <new>
   -
  </new>
  <exclusive>
   no
  </exclusive>
  <sporty>
   no
  </sporty>
 </clothing>
 <clothing>
  <id>
   611829598
  </id>
  <name>
   Nike Shoes Y-9590
  </name>
  <category>
   Shoes
  </category>
  <size>
   L
  </size>
  <color>
   Зеленый
  </color>
  <material>
   Кожа
  </material>
  <price>
   240658
  </price>
  <rating>
   3.18
  </rating>
  <reviews>
   84733
  </reviews>
  <new>
   +
  </new>
  <exclusive>
   no
  </exclusive>
 </clothing>
 <clothing>
  <id>
   223005006
  </id>
  <name>
   Asics Shoes H-7620
  </name>
  <category>
   Shoes
  </category>
  <size>
   XXL
  </size>
  <color>
   Желтый
  </color>
  <material>
   Шерсть
  </material>
  <price>
   634381
  </price>
  <rating>
   4.59
  </rating>
  <reviews>
   686731
  </reviews>
  <new>
   -
  </new>
  <exclusive>
   no
  </exclusive>
  <sporty>
   yes
  </sporty>
 </clothing>
 <clothing>
  <id>
   843426186
  </id>
  <name>
   Puma Blouse K-2858
  </name>
  <category>
   Blouse
  </category>
  <size>
   XL
  </size>
  <color>
   Желтый
  </color>
  <material>
   Хлопок
  </material>
  <price>
   972875
  </price>
  <rating>
   3.33
  </rating>
  <reviews>
   468155
  </reviews>
  <new>
   -
  </new>
 </clothing>
 <clothing>
  <id>
   250658794
  </id>
  <name>
   Converse T-shirt O-4831
  </name>
  <category>
   T-shirt
  </category>
  <size>
   L
  </size>
  <color>
   Оранжевый
  </color>
  <material>
   Шелк
  </material>
  <price>
   720718
  </price>
  <rating>
   3.98
  </rating>
  <reviews>
   345935
  </reviews>
  <new>
   -
  </new>
 </clothing>
 <clothing>
  <id>
   251234086
  </id>
  <name>
   New Balance Umbrellas U-3241
  </name>
  <category>
   Umbrellas
  </category>
  <size>
   XXL
  </size>
  <color>
   Синий
  </color>
  <material>
   Полиэстер
  </material>
  <price>
   640925
  </price>
  <rating>
   1.03
  </rating>
  <reviews>
   443383
  </reviews>
  <new>
   +
  </new>
  <exclusive>
   no
  </exclusive>
  <sporty>
   yes
  </sporty>
 </clothing>
 <clothing>
  <id>
   817722538
  </id>
  <name>
   Vans Jacket H-9280
  </name>
  <category>
   Jacket
  </category>
  <size>
   M
  </size>
  <color>
   Зеленый
  </color>
  <material>
   Шелк
  </material>
  <price>
   937052
  </price>
  <rating>
   2.08
  </rating>
  <reviews>
   83414
  </reviews>
  <new>
   +
  </new>
  <exclusive>
   yes
  </exclusive>
  <sporty>
   no
  </sporty>
 </clothing>
 <clothing>
  <id>
   926867572
  </id>
  <name>
   Ellesse Shirt W-7237
  </name>
  <category>
   Shirt
  </category>
  <size>
   L
  </size>
  <color>
   Фиолетовый
  </color>
  <material>
   Шерсть
  </material>
  <price>
   352198
  </price>
  <rating>
   3.25
  </rating>
  <reviews>
   251860
  </reviews>
  <exclusive>
   yes
  </exclusive>
 </clothing>
 <clothing>
  <id>
   848281022
  </id>
  <name>
   PleinSport Dress A-1739
  </name>
  <category>
   Dress
  </category>
  <size>
   XL
  </size>
  <color>
   Оранжевый
  </color>
  <material>
   Полиэстер
  </material>
  <price>
   347354
  </price>
  <rating>
   2.86
  </rating>
  <reviews>
   311679
  </reviews>
  <new>
   -
  </new>
  <sporty>
   no
  </sporty>
 </clothing>
 <clothing>
  <id>
   147306239
  </id>
  <name>
   Reebok Jeans K-4831
  </name>
  <category>
   Jeans
  </category>
  <size>
   S
  </size>
  <color>
   Желтый
  </color>
  <material>
   Шерсть
  </material>
  <price>
   636781
  </price>
  <rating>
   3.82
  </rating>
  <reviews>
   657330
  </reviews>
  <new>
   -
  </new>
  <sporty>
   no
  </sporty>
 </clothing>
 <clothing>
  <id>
   170512124
  </id>
  <name>
   Brooks Blouse X-9205
  </name>
  <category>
   Blouse
  </category>
  <size>
   L
  </size>
  <color>
   Голубой
  </color>
  <material>
   Вискоза
  </material>
  <price>
   993180
  </price>
  <rating>
   4.23
  </rating>
  <reviews>
   683459
  </reviews>
  <new>
   -
  </new>
  <exclusive>
   yes
  </exclusive>
  <sporty>
   no
  </sporty>
 </clothing>
 <clothing>
  <id>
   432995337
  </id>
  <name>
   DC Handbags Q-4893
  </name>
  <category>
   Handbags
  </category>
  <size>
   XL
  </size>
  <color>
   Синий
  </color>
  <material>
   Полиэстер
  </material>
  <price>
   341813
  </price>
  <rating>
   3.39
  </rating>
  <reviews>
   399367
  </reviews>
  <exclusive>
   yes
  </exclusive>
  <sporty>
   yes
  </sporty>
 </clothing>
 <clothing>
  <id>
   322357476
  </id>
  <name>
   Fila Sweater X-3060
  </name>
  <category>
   Sweater
  </category>
  <size>
   S
  </size>
  <color>
   Красный
  </color>
  <material>
   Полиэстер
  </material>
  <price>
   767546
  </price>
  <rating>
   3.82
  </rating>
  <reviews>
   19648
  </reviews>
  <exclusive>
   no
  </exclusive>
  <sporty>
   no
  </sporty>
 </clothing>
 <clothing>
  <id>
   794937188
  </id>
  <name>
   Converse Skirt M-8661
  </name>
  <category>
   Skirt
  </category>
  <size>
   XL
  </size>
  <color>
   Фиолетовый
  </color>
  <material>
   Шелк
  </material>
  <price>
   562172
  </price>
  <rating>
   3.12
  </rating>
  <reviews>
   515584
  </reviews>
  <exclusive>
   yes
  </exclusive>
  <sporty>
   no
  </sporty>
 </clothing>
 <clothing>
  <id>
   352866261
  </id>
  <name>
   Ellesse Belts O-7486
  </name>
  <category>
   Belts
  </category>
  <size>
   L
  </size>
  <color>
   Фиолетовый
  </color>
  <material>
   Лен
  </material>
  <price>
   741357
  </price>
  <rating>
   2.86
  </rating>
  <reviews>
   335291
  </reviews>
  <new>
   -
  </new>
  <exclusive>
   no
  </exclusive>
  <sporty>
   no
  </sporty>
 </clothing>
 <clothing>
  <id>
   431510341
  </id>
  <name>
   DC Skirt E-4083
  </name>
  <category>
   Skirt
  </category>
  <size>
   S
  </size>
  <color>
   Голубой
  </color>
  <material>
   Шерсть
  </material>
  <price>
   306479
  </price>
  <rating>
   2.63
  </rating>
  <reviews>
   980151
  </reviews>
  <exclusive>
   yes
  </exclusive>
  <sporty>
   no
  </sporty>
 </clothing>
 <clothing>
  <id>
   275854322
  </id>
  <name>
   Adidas Handbags M-5935
  </name>
  <category>
   Handbags
  </category>
  <size>
   XXL
  </size>
  <color>
   Красный
  </color>
  <material>
   Хлопок
  </material>
  <price>
   701215
  </price>
  <rating>
   3.72
  </rating>
  <reviews>
   851960
  </reviews>
  <exclusive>
   yes
  </exclusive>
 </clothing>
</clothing-items>
