<?xml version="1.0" encoding="utf-8"?>
<clothing-items>
 <clothing>
  <id>
   604402623
  </id>
  <name>
   Ellesse Handbags M-2114
  </name>
  <category>
   Handbags
  </category>
  <size>
   XL
  </size>
  <color>
   Красный
  </color>
  <material>
   Шерсть
  </material>
  <price>
   993427
  </price>
  <rating>
   2.77
  </rating>
  <reviews>
   751237
  </reviews>
  <new>
   -
  </new>
  <exclusive>
   no
  </exclusive>
 </clothing>
 <clothing>
  <id>
   729439699
  </id>
  <name>
   DC Skirt N-6145
  </name>
  <category>
   Skirt
  </category>
  <size>
   M
  </size>
  <color>
   Желтый
  </color>
  <material>
   Шелк
  </material>
  <price>
   969065
  </price>
  <rating>
   1.47
  </rating>
  <reviews>
   756471
  </reviews>
  <new>
   -
  </new>
  <exclusive>
   no
  </exclusive>
 </clothing>
 <clothing>
  <id>
   920757321
  </id>
  <name>
   Under Armour Shirt X-8357
  </name>
  <category>
   Shirt
  </category>
  <size>
   M
  </size>
  <color>
   Голубой
  </color>
  <material>
   Лен
  </material>
  <price>
   167162
  </price>
  <rating>
   3.4
  </rating>
  <reviews>
   714728
  </reviews>
  <new>
   -
  </new>
  <sporty>
   yes
  </sporty>
 </clothing>
 <clothing>
  <id>
   784976052
  </id>
  <name>
   Addidas Dress B-3257
  </name>
  <category>
   Dress
  </category>
  <size>
   S
  </size>
  <color>
   Оранжевый
  </color>
  <material>
   Полиэстер
  </material>
  <price>
   910960
  </price>
  <rating>
   1.34
  </rating>
  <reviews>
   463290
  </reviews>
  <new>
   +
  </new>
  <exclusive>
   no
  </exclusive>
 </clothing>
 <clothing>
  <id>
   790036802
  </id>
  <name>
   Adidas Hat R-3572
  </name>
  <category>
   Hat
  </category>
  <size>
   S
  </size>
  <color>
   Фиолетовый
  </color>
  <material>
   Лен
  </material>
  <price>
   791312
  </price>
  <rating>
   1.55
  </rating>
  <reviews>
   13393
  </reviews>
  <exclusive>
   no
  </exclusive>
  <sporty>
   no
  </sporty>
 </clothing>
 <clothing>
  <id>
   911655841
  </id>
  <name>
   Under Armour Hat G-7860
  </name>
  <category>
   Hat
  </category>
  <size>
   XXL
  </size>
  <color>
   Голубой
  </color>
  <material>
   Кожа
  </material>
  <price>
   211615
  </price>
  <rating>
   1.49
  </rating>
  <reviews>
   423062
  </reviews>
  <new>
   +
  </new>
 </clothing>
 <clothing>
  <id>
   230767850
  </id>
  <name>
   Asics Jacket D-1344
  </name>
  <category>
   Jacket
  </category>
  <size>
   XL
  </size>
  <color>
   Желтый
  </color>
  <material>
   Лен
  </material>
  <price>
   934619
  </price>
  <rating>
   4.42
  </rating>
  <reviews>
   46242
  </reviews>
  <new>
   -
  </new>
 </clothing>
 <clothing>
  <id>
   355076103
  </id>
  <name>
   Converse Umbrellas P-3781
  </name>
  <category>
   Umbrellas
  </category>
  <size>
   XXL
  </size>
  <color>
   Оранжевый
  </color>
  <material>
   Лен
  </material>
  <price>
   381891
  </price>
  <rating>
   4.68
  </rating>
  <reviews>
   93507
  </reviews>
 </clothing>
 <clothing>
  <id>
   464043729
  </id>
  <name>
   PleinSport Belts D-5078
  </name>
  <category>
   Belts
  </category>
  <size>
   M
  </size>
  <color>
   Красный
  </color>
  <material>
   Шелк
  </material>
  <price>
   298741
  </price>
  <rating>
   4.31
  </rating>
  <reviews>
   483007
  </reviews>
  <new>
   -
  </new>
  <exclusive>
   no
  </exclusive>
  <sporty>
   no
  </sporty>
 </clothing>
 <clothing>
  <id>
   837784174
  </id>
  <name>
   Lacoste Belts E-1880
  </name>
  <category>
   Belts
  </category>
  <size>
   M
  </size>
  <color>
   Красный
  </color>
  <material>
   Кожа
  </material>
  <price>
   500532
  </price>
  <rating>
   2.75
  </rating>
  <reviews>
   628409
  </reviews>
  <new>
   +
  </new>
 </clothing>
 <clothing>
  <id>
   753932241
  </id>
  <name>
   Converse Pants D-3631
  </name>
  <category>
   Pants
  </category>
  <size>
   XXL
  </size>
  <color>
   Зеленый
  </color>
  <material>
   Хлопок
  </material>
  <price>
   824526
  </price>
  <rating>
   4.19
  </rating>
  <reviews>
   838023
  </reviews>
  <new>
   -
  </new>
  <exclusive>
   yes
  </exclusive>
 </clothing>
 <clothing>
  <id>
   813426897
  </id>
  <name>
   PleinSport Shirt Y-5427
  </name>
  <category>
   Shirt
  </category>
  <size>
   M
  </size>
  <color>
   Голубой
  </color>
  <material>
   Шелк
  </material>
  <price>
   795192
  </price>
  <rating>
   4.87
  </rating>
  <reviews>
   48961
  </reviews>
  <exclusive>
   no
  </exclusive>
 </clothing>
 <clothing>
  <id>
   409814078
  </id>
  <name>
   Fila Jacket I-2924
  </name>
  <category>
   Jacket
  </category>
  <size>
   XXL
  </size>
  <color>
   Фиолетовый
  </color>
  <material>
   Лен
  </material>
  <price>
   866949
  </price>
  <rating>
   1.2
  </rating>
  <reviews>
   703746
  </reviews>
  <new>
   -
  </new>
  <exclusive>
   no
  </exclusive>
  <sporty>
   no
  </sporty>
 </clothing>
 <clothing>
  <id>
   408610452
  </id>
  <name>
   DC Shirt G-9430
  </name>
  <category>
   Shirt
  </category>
  <size>
   S
  </size>
  <color>
   Зеленый
  </color>
  <material>
   Лен
  </material>
  <price>
   599262
  </price>
  <rating>
   2.04
  </rating>
  <reviews>
   675311
  </reviews>
  <exclusive>
   yes
  </exclusive>
  <sporty>
   no
  </sporty>
 </clothing>
 <clothing>
  <id>
   999728332
  </id>
  <name>
   Under Armour Gloves U-5889
  </name>
  <category>
   Gloves
  </category>
  <size>
   M
  </size>
  <color>
   Оранжевый
  </color>
  <material>
   Шерсть
  </material>
  <price>
   412766
  </price>
  <rating>
   2.68
  </rating>
  <reviews>
   459487
  </reviews>
  <sporty>
   no
  </sporty>
 </clothing>
 <clothing>
  <id>
   534197018
  </id>
  <name>
   Lacoste Socks B-1564
  </name>
  <category>
   Socks
  </category>
  <size>
   S
  </size>
  <color>
   Синий
  </color>
  <material>
   Вискоза
  </material>
  <price>
   420975
  </price>
  <rating>
   2.97
  </rating>
  <reviews>
   524513
  </reviews>
  <exclusive>
   no
  </exclusive>
  <sporty>
   no
  </sporty>
 </clothing>
 <clothing>
  <id>
   752796126
  </id>
  <name>
   Adidas Socks O-6243
  </name>
  <category>
   Socks
  </category>
  <size>
   XXL
  </size>
  <color>
   Голубой
  </color>
  <material>
   Кожа
  </material>
  <price>
   207372
  </price>
  <rating>
   4.03
  </rating>
  <reviews>
   690989
  </reviews>
  <new>
   +
  </new>
  <sporty>
   yes
  </sporty>
 </clothing>
 <clothing>
  <id>
   172333653
  </id>
  <name>
   Lacoste Shoes E-2758
  </name>
  <category>
   Shoes
  </category>
  <size>
   S
  </size>
  <color>
   Фиолетовый
  </color>
  <material>
   Нейлон
  </material>
  <price>
   381087
  </price>
  <rating>
   3.15
  </rating>
  <reviews>
   519230
  </reviews>
 </clothing>
 <clothing>
  <id>
   140017096
  </id>
  <name>
   Vans Hat A-6843
  </name>
  <category>
   Hat
  </category>
  <size>
   L
  </size>
  <color>
   Фиолетовый
  </color>
  <material>
   Кожа
  </material>
  <price>
   127301
  </price>
  <rating>
   4.95
  </rating>
  <reviews>
   546090
  </reviews>
  <new>
   +
  </new>
  <exclusive>
   no
  </exclusive>
  <sporty>
   yes
  </sporty>
 </clothing>
 <clothing>
  <id>
   925814659
  </id>
  <name>
   Ellesse T-shirt L-1688
  </name>
  <category>
   T-shirt
  </category>
  <size>
   S
  </size>
  <color>
   Красный
  </color>
  <material>
   Вискоза
  </material>
  <price>
   909960
  </price>
  <rating>
   1.12
  </rating>
  <reviews>
   947651
  </reviews>
  <exclusive>
   yes
  </exclusive>
  <sporty>
   no
  </sporty>
 </clothing>
 <clothing>
  <id>
   316046145
  </id>
  <name>
   Asics Shoes N-2918
  </name>
  <category>
   Shoes
  </category>
  <size>
   L
  </size>
  <color>
   Желтый
  </color>
  <material>
   Нейлон
  </material>
  <price>
   506575
  </price>
  <rating>
   4.34
  </rating>
  <reviews>
   793346
  </reviews>
  <exclusive>
   no
  </exclusive>
  <sporty>
   no
  </sporty>
 </clothing>
 <clothing>
  <id>
   437007439
  </id>
  <name>
   Addidas Skirt Q-3240
  </name>
  <category>
   Skirt
  </category>
  <size>
   XL
  </size>
  <color>
   Желтый
  </color>
  <material>
   Шелк
  </material>
  <price>
   218151
  </price>
  <rating>
   2.56
  </rating>
  <reviews>
   699205
  </reviews>
  <exclusive>
   no
  </exclusive>
  <sporty>
   no
  </sporty>
 </clothing>
 <clothing>
  <id>
   562317737
  </id>
  <name>
   Adidas Hat A-5929
  </name>
  <category>
   Hat
  </category>
  <size>
   XXL
  </size>
  <color>
   Зеленый
  </color>
  <material>
   Кожа
  </material>
  <price>
   872923
  </price>
  <rating>
   3.93
  </rating>
  <reviews>
   785959
  </reviews>
  <new>
   -
  </new>
  <sporty>
   yes
  </sporty>
 </clothing>
 <clothing>
  <id>
   439996996
  </id>
  <name>
   New Balance Dress B-8452
  </name>
  <category>
   Dress
  </category>
  <size>
   L
  </size>
  <color>
   Красный
  </color>
  <material>
   Нейлон
  </material>
  <price>
   404474
  </price>
  <rating>
   1.8
  </rating>
  <reviews>
   843165
  </reviews>
  <new>
   -
  </new>
  <exclusive>
   yes
  </exclusive>
 </clothing>
 <clothing>
  <id>
   496127971
  </id>
  <name>
   Nike Handbags S-2847
  </name>
  <category>
   Handbags
  </category>
  <size>
   M
  </size>
  <color>
   Фиолетовый
  </color>
  <material>
   Хлопок
  </material>
  <price>
   527357
  </price>
  <rating>
   3.75
  </rating>
  <reviews>
   345905
  </reviews>
  <new>
   -
  </new>
  <exclusive>
   no
  </exclusive>
  <sporty>
   no
  </sporty>
 </clothing>
 <clothing>
  <id>
   266441285
  </id>
  <name>
   Asics Blouse L-3767
  </name>
  <category>
   Blouse
  </category>
  <size>
   XXL
  </size>
  <color>
   Синий
  </color>
  <material>
   Шелк
  </material>
  <price>
   118397
  </price>
  <rating>
   3.66
  </rating>
  <reviews>
   217107
  </reviews>
  <new>
   -
  </new>
  <sporty>
   yes
  </sporty>
 </clothing>
 <clothing>
  <id>
   187139236
  </id>
  <name>
   Lacoste Hat C-5260
  </name>
  <category>
   Hat
  </category>
  <size>
   XL
  </size>
  <color>
   Синий
  </color>
  <material>
   Шелк
  </material>
  <price>
   562000
  </price>
  <rating>
   4.11
  </rating>
  <reviews>
   951672
  </reviews>
  <exclusive>
   no
  </exclusive>
 </clothing>
 <clothing>
  <id>
   762623687
  </id>
  <name>
   Addidas Shirt J-6508
  </name>
  <category>
   Shirt
  </category>
  <size>
   S
  </size>
  <color>
   Желтый
  </color>
  <material>
   Полиэстер
  </material>
  <price>
   455234
  </price>
  <rating>
   1.77
  </rating>
  <reviews>
   18046
  </reviews>
  <new>
   +
  </new>
  <exclusive>
   no
  </exclusive>
  <sporty>
   yes
  </sporty>
 </clothing>
 <clothing>
  <id>
   416372456
  </id>
  <name>
   Nike T-shirt Y-7850
  </name>
  <category>
   T-shirt
  </category>
  <size>
   S
  </size>
  <color>
   Зеленый
  </color>
  <material>
   Полиэстер
  </material>
  <price>
   220112
  </price>
  <rating>
   3.36
  </rating>
  <reviews>
   384486
  </reviews>
  <new>
   -
  </new>
  <sporty>
   yes
  </sporty>
 </clothing>
 <clothing>
  <id>
   709232785
  </id>
  <name>
   Converse Jeans X-8344
  </name>
  <category>
   Jeans
  </category>
  <size>
   L
  </size>
  <color>
   Оранжевый
  </color>
  <material>
   Полиэстер
  </material>
  <price>
   570760
  </price>
  <rating>
   2.77
  </rating>
  <reviews>
   645595
  </reviews>
  <new>
   -
  </new>
  <exclusive>
   yes
  </exclusive>
  <sporty>
   yes
  </sporty>
 </clothing>
 <clothing>
  <id>
   962932465
  </id>
  <name>
   Under Armour Shirt S-3716
  </name>
  <category>
   Shirt
  </category>
  <size>
   M
  </size>
  <color>
   Красный
  </color>
  <material>
   Нейлон
  </material>
  <price>
   539783
  </price>
  <rating>
   3.21
  </rating>
  <reviews>
   322317
  </reviews>
  <new>
   -
  </new>
 </clothing>
 <clothing>
  <id>
   383768353
  </id>
  <name>
   Under Armour Shoes M-5610
  </name>
  <category>
   Shoes
  </category>
  <size>
   L
  </size>
  <color>
   Зеленый
  </color>
  <material>
   Лен
  </material>
  <price>
   323074
  </price>
  <rating>
   1.67
  </rating>
  <reviews>
   108318
  </reviews>
  <new>
   +
  </new>
  <exclusive>
   yes
  </exclusive>
  <sporty>
   no
  </sporty>
 </clothing>
 <clothing>
  <id>
   515145457
  </id>
  <name>
   Ellesse Handbags C-1755
  </name>
  <category>
   Handbags
  </category>
  <size>
   XL
  </size>
  <color>
   Синий
  </color>
  <material>
   Шелк
  </material>
  <price>
   635384
  </price>
  <rating>
   3.2
  </rating>
  <reviews>
   779447
  </reviews>
  <exclusive>
   no
  </exclusive>
  <sporty>
   no
  </sporty>
 </clothing>
 <clothing>
  <id>
   129972938
  </id>
  <name>
   Asics Pants M-3604
  </name>
  <category>
   Pants
  </category>
  <size>
   M
  </size>
  <color>
   Фиолетовый
  </color>
  <material>
   Шерсть
  </material>
  <price>
   432541
  </price>
  <rating>
   3.02
  </rating>
  <reviews>
   254404
  </reviews>
  <new>
   -
  </new>
  <sporty>
   yes
  </sporty>
 </clothing>
 <clothing>
  <id>
   350341431
  </id>
  <name>
   Fila Socks B-5919
  </name>
  <category>
   Socks
  </category>
  <size>
   XL
  </size>
  <color>
   Зеленый
  </color>
  <material>
   Хлопок
  </material>
  <price>
   184378
  </price>
  <rating>
   2.06
  </rating>
  <reviews>
   405289
  </reviews>
  <new>
   -
  </new>
 </clothing>
 <clothing>
  <id>
   253481364
  </id>
  <name>
   New Balance Handbags X-6481
  </name>
  <category>
   Handbags
  </category>
  <size>
   XXL
  </size>
  <color>
   Зеленый
  </color>
  <material>
   Лен
  </material>
  <price>
   929987
  </price>
  <rating>
   4.45
  </rating>
  <reviews>
   679271
  </reviews>
  <exclusive>
   no
  </exclusive>
 </clothing>
 <clothing>
  <id>
   670388666
  </id>
  <name>
   Nike Belts K-4631
  </name>
  <category>
   Belts
  </category>
  <size>
   XXL
  </size>
  <color>
   Оранжевый
  </color>
  <material>
   Шерсть
  </material>
  <price>
   306667
  </price>
  <rating>
   4.33
  </rating>
  <reviews>
   621375
  </reviews>
  <new>
   -
  </new>
 </clothing>
 <clothing>
  <id>
   688696980
  </id>
  <name>
   Fila Gloves T-6915
  </name>
  <category>
   Gloves
  </category>
  <size>
   XL
  </size>
  <color>
   Оранжевый
  </color>
  <material>
   Шелк
  </material>
  <price>
   417257
  </price>
  <rating>
   4.11
  </rating>
  <reviews>
   899221
  </reviews>
  <new>
   -
  </new>
  <exclusive>
   yes
  </exclusive>
  <sporty>
   yes
  </sporty>
 </clothing>
 <clothing>
  <id>
   621418785
  </id>
  <name>
   PleinSport Jacket E-7438
  </name>
  <category>
   Jacket
  </category>
  <size>
   XL
  </size>
  <color>
   Зеленый
  </color>
  <material>
   Шелк
  </material>
  <price>
   239874
  </price>
  <rating>
   3.18
  </rating>
  <reviews>
   977055
  </reviews>
  <exclusive>
   yes
  </exclusive>
  <sporty>
   no
  </sporty>
 </clothing>
 <clothing>
  <id>
   644303923
  </id>
  <name>
   New Balance Belts C-2399
  </name>
  <category>
   Belts
  </category>
  <size>
   S
  </size>
  <color>
   Голубой
  </color>
  <material>
   Хлопок
  </material>
  <price>
   569450
  </price>
  <rating>
   1.34
  </rating>
  <reviews>
   223750
  </reviews>
  <new>
   -
  </new>
  <exclusive>
   yes
  </exclusive>
 </clothing>
 <clothing>
  <id>
   841351593
  </id>
  <name>
   PleinSport Handbags P-5491
  </name>
  <category>
   Handbags
  </category>
  <size>
   S
  </size>
  <color>
   Синий
  </color>
  <material>
   Кожа
  </material>
  <price>
   987688
  </price>
  <rating>
   2.28
  </rating>
  <reviews>
   242736
  </reviews>
  <new>
   -
  </new>
  <exclusive>
   no
  </exclusive>
  <sporty>
   yes
  </sporty>
 </clothing>
 <clothing>
  <id>
   801635293
  </id>
  <name>
   Brooks Shoes H-4895
  </name>
  <category>
   Shoes
  </category>
  <size>
   L
  </size>
  <color>
   Фиолетовый
  </color>
  <material>
   Хлопок
  </material>
  <price>
   275288
  </price>
  <rating>
   1.48
  </rating>
  <reviews>
   391291
  </reviews>
  <new>
   -
  </new>
  <exclusive>
   no
  </exclusive>
  <sporty>
   no
  </sporty>
 </clothing>
 <clothing>
  <id>
   258126403
  </id>
  <name>
   Puma Jeans O-3249
  </name>
  <category>
   Jeans
  </category>
  <size>
   XL
  </size>
  <color>
   Желтый
  </color>
  <material>
   Шелк
  </material>
  <price>
   697450
  </price>
  <rating>
   5.0
  </rating>
  <reviews>
   151824
  </reviews>
  <new>
   +
  </new>
 </clothing>
 <clothing>
  <id>
   325139259
  </id>
  <name>
   Converse Pants E-8332
  </name>
  <category>
   Pants
  </category>
  <size>
   S
  </size>
  <color>
   Голубой
  </color>
  <material>
   Нейлон
  </material>
  <price>
   865070
  </price>
  <rating>
   4.07
  </rating>
  <reviews>
   574261
  </reviews>
  <new>
   -
  </new>
  <exclusive>
   no
  </exclusive>
 </clothing>
 <clothing>
  <id>
   406147726
  </id>
  <name>
   Lacoste Blouse O-1338
  </name>
  <category>
   Blouse
  </category>
  <size>
   L
  </size>
  <color>
   Оранжевый
  </color>
  <material>
   Вискоза
  </material>
  <price>
   991628
  </price>
  <rating>
   2.2
  </rating>
  <reviews>
   596882
  </reviews>
  <exclusive>
   no
  </exclusive>
 </clothing>
</clothing-items>
