<?xml version="1.0" encoding="utf-8"?>
<clothing-items>
 <clothing>
  <id>
   289279212
  </id>
  <name>
   Addidas Belts Q-8814
  </name>
  <category>
   Belts
  </category>
  <size>
   XL
  </size>
  <color>
   Зеленый
  </color>
  <material>
   Хлопок
  </material>
  <price>
   369753
  </price>
  <rating>
   1.98
  </rating>
  <reviews>
   523803
  </reviews>
  <new>
   +
  </new>
  <exclusive>
   yes
  </exclusive>
 </clothing>
 <clothing>
  <id>
   262200155
  </id>
  <name>
   Asics Jeans W-2897
  </name>
  <category>
   Jeans
  </category>
  <size>
   S
  </size>
  <color>
   Желтый
  </color>
  <material>
   Лен
  </material>
  <price>
   584337
  </price>
  <rating>
   4.24
  </rating>
  <reviews>
   135437
  </reviews>
  <exclusive>
   yes
  </exclusive>
 </clothing>
 <clothing>
  <id>
   679279608
  </id>
  <name>
   Nike Jacket F-3333
  </name>
  <category>
   Jacket
  </category>
  <size>
   M
  </size>
  <color>
   Голубой
  </color>
  <material>
   Шерсть
  </material>
  <price>
   223126
  </price>
  <rating>
   3.72
  </rating>
  <reviews>
   770954
  </reviews>
  <new>
   -
  </new>
 </clothing>
 <clothing>
  <id>
   194011468
  </id>
  <name>
   Asics Handbags O-9066
  </name>
  <category>
   Handbags
  </category>
  <size>
   XXL
  </size>
  <color>
   Зеленый
  </color>
  <material>
   Шелк
  </material>
  <price>
   595620
  </price>
  <rating>
   3.65
  </rating>
  <reviews>
   726060
  </reviews>
  <exclusive>
   no
  </exclusive>
  <sporty>
   yes
  </sporty>
 </clothing>
 <clothing>
  <id>
   928962641
  </id>
  <name>
   Fila Pants W-3810
  </name>
  <category>
   Pants
  </category>
  <size>
   M
  </size>
  <color>
   Голубой
  </color>
  <material>
   Лен
  </material>
  <price>
   660281
  </price>
  <rating>
   2.51
  </rating>
  <reviews>
   311862
  </reviews>
  <exclusive>
   yes
  </exclusive>
 </clothing>
 <clothing>
  <id>
   359474470
  </id>
  <name>
   Nike Hat L-1518
  </name>
  <category>
   Hat
  </category>
  <size>
   S
  </size>
  <color>
   Зеленый
  </color>
  <material>
   Лен
  </material>
  <price>
   830793
  </price>
  <rating>
   4.45
  </rating>
  <reviews>
   589416
  </reviews>
  <exclusive>
   yes
  </exclusive>
  <sporty>
   no
  </sporty>
 </clothing>
 <clothing>
  <id>
   241874526
  </id>
  <name>
   Ellesse Pants Y-6636
  </name>
  <category>
   Pants
  </category>
  <size>
   S
  </size>
  <color>
   Оранжевый
  </color>
  <material>
   Вискоза
  </material>
  <price>
   712834
  </price>
  <rating>
   4.29
  </rating>
  <reviews>
   298510
  </reviews>
 </clothing>
 <clothing>
  <id>
   978073537
  </id>
  <name>
   Lacoste Blouse S-5771
  </name>
  <category>
   Blouse
  </category>
  <size>
   XL
  </size>
  <color>
   Красный
  </color>
  <material>
   Хлопок
  </material>
  <price>
   648096
  </price>
  <rating>
   1.84
  </rating>
  <reviews>
   452248
  </reviews>
  <new>
   +
  </new>
  <exclusive>
   no
  </exclusive>
  <sporty>
   yes
  </sporty>
 </clothing>
 <clothing>
  <id>
   559232173
  </id>
  <name>
   Ellesse Handbags X-7146
  </name>
  <category>
   Handbags
  </category>
  <size>
   M
  </size>
  <color>
   Голубой
  </color>
  <material>
   Лен
  </material>
  <price>
   620086
  </price>
  <rating>
   4.21
  </rating>
  <reviews>
   936504
  </reviews>
  <new>
   -
  </new>
  <exclusive>
   yes
  </exclusive>
  <sporty>
   no
  </sporty>
 </clothing>
 <clothing>
  <id>
   469527142
  </id>
  <name>
   Lacoste Umbrellas Y-5325
  </name>
  <category>
   Umbrellas
  </category>
  <size>
   L
  </size>
  <color>
   Зеленый
  </color>
  <material>
   Кожа
  </material>
  <price>
   500602
  </price>
  <rating>
   4.76
  </rating>
  <reviews>
   207008
  </reviews>
  <new>
   -
  </new>
  <exclusive>
   yes
  </exclusive>
  <sporty>
   no
  </sporty>
 </clothing>
 <clothing>
  <id>
   813281383
  </id>
  <name>
   Ellesse Hat R-2255
  </name>
  <category>
   Hat
  </category>
  <size>
   XXL
  </size>
  <color>
   Голубой
  </color>
  <material>
   Нейлон
  </material>
  <price>
   581954
  </price>
  <rating>
   3.2
  </rating>
  <reviews>
   159295
  </reviews>
  <sporty>
   no
  </sporty>
 </clothing>
 <clothing>
  <id>
   732842633
  </id>
  <name>
   Converse Hat K-7319
  </name>
  <category>
   Hat
  </category>
  <size>
   XL
  </size>
  <color>
   Оранжевый
  </color>
  <material>
   Шелк
  </material>
  <price>
   444935
  </price>
  <rating>
   1.0
  </rating>
  <reviews>
   519839
  </reviews>
  <sporty>
   yes
  </sporty>
 </clothing>
</clothing-items>
