<?xml version="1.0" encoding="utf-8"?>
<clothing-items>
 <clothing>
  <id>
   523543977
  </id>
  <name>
   Addidas Shirt N-4177
  </name>
  <category>
   Shirt
  </category>
  <size>
   XL
  </size>
  <color>
   Голубой
  </color>
  <material>
   Вискоза
  </material>
  <price>
   534791
  </price>
  <rating>
   3.22
  </rating>
  <reviews>
   44657
  </reviews>
  <new>
   +
  </new>
  <exclusive>
   yes
  </exclusive>
  <sporty>
   no
  </sporty>
 </clothing>
 <clothing>
  <id>
   947304284
  </id>
  <name>
   Vans Dress B-1705
  </name>
  <category>
   Dress
  </category>
  <size>
   S
  </size>
  <color>
   Зеленый
  </color>
  <material>
   Хлопок
  </material>
  <price>
   681792
  </price>
  <rating>
   3.97
  </rating>
  <reviews>
   127907
  </reviews>
  <new>
   +
  </new>
  <exclusive>
   no
  </exclusive>
  <sporty>
   yes
  </sporty>
 </clothing>
 <clothing>
  <id>
   365999019
  </id>
  <name>
   Ellesse Jeans O-4128
  </name>
  <category>
   Jeans
  </category>
  <size>
   XL
  </size>
  <color>
   Зеленый
  </color>
  <material>
   Шерсть
  </material>
  <price>
   163548
  </price>
  <rating>
   3.55
  </rating>
  <reviews>
   309727
  </reviews>
  <new>
   +
  </new>
 </clothing>
 <clothing>
  <id>
   620609141
  </id>
  <name>
   DC Handbags D-6219
  </name>
  <category>
   Handbags
  </category>
  <size>
   S
  </size>
  <color>
   Голубой
  </color>
  <material>
   Шерсть
  </material>
  <price>
   277610
  </price>
  <rating>
   1.9
  </rating>
  <reviews>
   788681
  </reviews>
  <new>
   +
  </new>
  <exclusive>
   yes
  </exclusive>
  <sporty>
   no
  </sporty>
 </clothing>
 <clothing>
  <id>
   953158938
  </id>
  <name>
   Addidas Belts N-1834
  </name>
  <category>
   Belts
  </category>
  <size>
   XL
  </size>
  <color>
   Красный
  </color>
  <material>
   Нейлон
  </material>
  <price>
   127758
  </price>
  <rating>
   3.44
  </rating>
  <reviews>
   10201
  </reviews>
  <new>
   -
  </new>
  <exclusive>
   no
  </exclusive>
  <sporty>
   yes
  </sporty>
 </clothing>
 <clothing>
  <id>
   544401604
  </id>
  <name>
   Lacoste Skirt B-4048
  </name>
  <category>
   Skirt
  </category>
  <size>
   S
  </size>
  <color>
   Красный
  </color>
  <material>
   Кожа
  </material>
  <price>
   158547
  </price>
  <rating>
   3.61
  </rating>
  <reviews>
   474762
  </reviews>
  <new>
   +
  </new>
 </clothing>
 <clothing>
  <id>
   738770934
  </id>
  <name>
   Converse Dress V-9869
  </name>
  <category>
   Dress
  </category>
  <size>
   M
  </size>
  <color>
   Красный
  </color>
  <material>
   Шелк
  </material>
  <price>
   833964
  </price>
  <rating>
   4.36
  </rating>
  <reviews>
   855077
  </reviews>
  <new>
   -
  </new>
  <exclusive>
   yes
  </exclusive>
  <sporty>
   no
  </sporty>
 </clothing>
 <clothing>
  <id>
   927834696
  </id>
  <name>
   Adidas Hat F-4680
  </name>
  <category>
   Hat
  </category>
  <size>
   L
  </size>
  <color>
   Фиолетовый
  </color>
  <material>
   Лен
  </material>
  <price>
   640264
  </price>
  <rating>
   3.32
  </rating>
  <reviews>
   537181
  </reviews>
  <sporty>
   no
  </sporty>
 </clothing>
 <clothing>
  <id>
   644539843
  </id>
  <name>
   New Balance Shirt W-7764
  </name>
  <category>
   Shirt
  </category>
  <size>
   L
  </size>
  <color>
   Красный
  </color>
  <material>
   Шелк
  </material>
  <price>
   618052
  </price>
  <rating>
   2.95
  </rating>
  <reviews>
   375555
  </reviews>
  <new>
   -
  </new>
  <exclusive>
   no
  </exclusive>
  <sporty>
   yes
  </sporty>
 </clothing>
 <clothing>
  <id>
   330533861
  </id>
  <name>
   Reebok Hat O-9688
  </name>
  <category>
   Hat
  </category>
  <size>
   L
  </size>
  <color>
   Желтый
  </color>
  <material>
   Кожа
  </material>
  <price>
   102999
  </price>
  <rating>
   2.35
  </rating>
  <reviews>
   714418
  </reviews>
  <new>
   +
  </new>
  <exclusive>
   no
  </exclusive>
 </clothing>
 <clothing>
  <id>
   134738663
  </id>
  <name>
   Addidas Belts T-7239
  </name>
  <category>
   Belts
  </category>
  <size>
   XXL
  </size>
  <color>
   Красный
  </color>
  <material>
   Нейлон
  </material>
  <price>
   274596
  </price>
  <rating>
   3.54
  </rating>
  <reviews>
   8242
  </reviews>
  <new>
   -
  </new>
  <exclusive>
   yes
  </exclusive>
  <sporty>
   no
  </sporty>
 </clothing>
 <clothing>
  <id>
   687356925
  </id>
  <name>
   Fila Handbags I-9887
  </name>
  <category>
   Handbags
  </category>
  <size>
   S
  </size>
  <color>
   Голубой
  </color>
  <material>
   Шелк
  </material>
  <price>
   861690
  </price>
  <rating>
   3.83
  </rating>
  <reviews>
   936605
  </reviews>
  <exclusive>
   no
  </exclusive>
  <sporty>
   yes
  </sporty>
 </clothing>
 <clothing>
  <id>
   779986797
  </id>
  <name>
   Addidas Shoes X-8701
  </name>
  <category>
   Shoes
  </category>
  <size>
   XXL
  </size>
  <color>
   Оранжевый
  </color>
  <material>
   Хлопок
  </material>
  <price>
   720091
  </price>
  <rating>
   2.87
  </rating>
  <reviews>
   817301
  </reviews>
  <new>
   -
  </new>
  <exclusive>
   yes
  </exclusive>
  <sporty>
   yes
  </sporty>
 </clothing>
 <clothing>
  <id>
   827862969
  </id>
  <name>
   Converse Pants B-4000
  </name>
  <category>
   Pants
  </category>
  <size>
   L
  </size>
  <color>
   Зеленый
  </color>
  <material>
   Кожа
  </material>
  <price>
   927280
  </price>
  <rating>
   3.1
  </rating>
  <reviews>
   596490
  </reviews>
 </clothing>
 <clothing>
  <id>
   847471404
  </id>
  <name>
   Under Armour Sweater N-5736
  </name>
  <category>
   Sweater
  </category>
  <size>
   L
  </size>
  <color>
   Голубой
  </color>
  <material>
   Шелк
  </material>
  <price>
   375353
  </price>
  <rating>
   2.43
  </rating>
  <reviews>
   883586
  </reviews>
  <exclusive>
   no
  </exclusive>
 </clothing>
 <clothing>
  <id>
   570374427
  </id>
  <name>
   Asics Blouse T-9928
  </name>
  <category>
   Blouse
  </category>
  <size>
   M
  </size>
  <color>
   Желтый
  </color>
  <material>
   Шерсть
  </material>
  <price>
   488179
  </price>
  <rating>
   4.18
  </rating>
  <reviews>
   375457
  </reviews>
  <new>
   -
  </new>
  <exclusive>
   no
  </exclusive>
  <sporty>
   no
  </sporty>
 </clothing>
 <clothing>
  <id>
   937784539
  </id>
  <name>
   Brooks Pants T-8548
  </name>
  <category>
   Pants
  </category>
  <size>
   XXL
  </size>
  <color>
   Синий
  </color>
  <material>
   Полиэстер
  </material>
  <price>
   562262
  </price>
  <rating>
   4.6
  </rating>
  <reviews>
   30667
  </reviews>
  <sporty>
   no
  </sporty>
 </clothing>
 <clothing>
  <id>
   330282125
  </id>
  <name>
   PleinSport Dress J-2806
  </name>
  <category>
   Dress
  </category>
  <size>
   XXL
  </size>
  <color>
   Голубой
  </color>
  <material>
   Нейлон
  </material>
  <price>
   893163
  </price>
  <rating>
   4.62
  </rating>
  <reviews>
   932408
  </reviews>
  <new>
   -
  </new>
  <exclusive>
   no
  </exclusive>
  <sporty>
   no
  </sporty>
 </clothing>
 <clothing>
  <id>
   678921820
  </id>
  <name>
   Adidas Skirt M-6182
  </name>
  <category>
   Skirt
  </category>
  <size>
   XXL
  </size>
  <color>
   Голубой
  </color>
  <material>
   Шерсть
  </material>
  <price>
   880608
  </price>
  <rating>
   2.73
  </rating>
  <reviews>
   223969
  </reviews>
  <sporty>
   yes
  </sporty>
 </clothing>
 <clothing>
  <id>
   303226246
  </id>
  <name>
   Lacoste Jacket G-9816
  </name>
  <category>
   Jacket
  </category>
  <size>
   S
  </size>
  <color>
   Желтый
  </color>
  <material>
   Хлопок
  </material>
  <price>
   775187
  </price>
  <rating>
   2.87
  </rating>
  <reviews>
   516502
  </reviews>
  <new>
   +
  </new>
  <exclusive>
   yes
  </exclusive>
  <sporty>
   no
  </sporty>
 </clothing>
 <clothing>
  <id>
   437554011
  </id>
  <name>
   Puma Pants P-6077
  </name>
  <category>
   Pants
  </category>
  <size>
   M
  </size>
  <color>
   Зеленый
  </color>
  <material>
   Шелк
  </material>
  <price>
   943399
  </price>
  <rating>
   4.46
  </rating>
  <reviews>
   130650
  </reviews>
 </clothing>
 <clothing>
  <id>
   312381169
  </id>
  <name>
   Ellesse Gloves V-5572
  </name>
  <category>
   Gloves
  </category>
  <size>
   M
  </size>
  <color>
   Синий
  </color>
  <material>
   Шерсть
  </material>
  <price>
   303730
  </price>
  <rating>
   3.5
  </rating>
  <reviews>
   320179
  </reviews>
  <new>
   -
  </new>
  <sporty>
   no
  </sporty>
 </clothing>
 <clothing>
  <id>
   860913684
  </id>
  <name>
   Reebok Shoes E-1507
  </name>
  <category>
   Shoes
  </category>
  <size>
   L
  </size>
  <color>
   Красный
  </color>
  <material>
   Вискоза
  </material>
  <price>
   672048
  </price>
  <rating>
   2.87
  </rating>
  <reviews>
   486653
  </reviews>
  <new>
   +
  </new>
  <exclusive>
   no
  </exclusive>
  <sporty>
   no
  </sporty>
 </clothing>
 <clothing>
  <id>
   759330227
  </id>
  <name>
   Addidas Dress K-6862
  </name>
  <category>
   Dress
  </category>
  <size>
   XL
  </size>
  <color>
   Желтый
  </color>
  <material>
   Нейлон
  </material>
  <price>
   697212
  </price>
  <rating>
   1.85
  </rating>
  <reviews>
   418903
  </reviews>
  <sporty>
   no
  </sporty>
 </clothing>
 <clothing>
  <id>
   745832890
  </id>
  <name>
   Fila Socks H-1564
  </name>
  <category>
   Socks
  </category>
  <size>
   XXL
  </size>
  <color>
   Фиолетовый
  </color>
  <material>
   Нейлон
  </material>
  <price>
   526966
  </price>
  <rating>
   2.39
  </rating>
  <reviews>
   83891
  </reviews>
  <exclusive>
   yes
  </exclusive>
  <sporty>
   yes
  </sporty>
 </clothing>
 <clothing>
  <id>
   121132797
  </id>
  <name>
   Converse Shoes Z-7494
  </name>
  <category>
   Shoes
  </category>
  <size>
   XL
  </size>
  <color>
   Красный
  </color>
  <material>
   Шерсть
  </material>
  <price>
   421712
  </price>
  <rating>
   2.92
  </rating>
  <reviews>
   653645
  </reviews>
  <new>
   +
  </new>
  <exclusive>
   no
  </exclusive>
  <sporty>
   no
  </sporty>
 </clothing>
 <clothing>
  <id>
   681476437
  </id>
  <name>
   Addidas T-shirt O-1084
  </name>
  <category>
   T-shirt
  </category>
  <size>
   L
  </size>
  <color>
   Красный
  </color>
  <material>
   Шерсть
  </material>
  <price>
   497919
  </price>
  <rating>
   3.48
  </rating>
  <reviews>
   313128
  </reviews>
  <new>
   -
  </new>
  <exclusive>
   yes
  </exclusive>
 </clothing>
 <clothing>
  <id>
   564976591
  </id>
  <name>
   PleinSport Hat E-7063
  </name>
  <category>
   Hat
  </category>
  <size>
   S
  </size>
  <color>
   Красный
  </color>
  <material>
   Вискоза
  </material>
  <price>
   932459
  </price>
  <rating>
   4.92
  </rating>
  <reviews>
   785936
  </reviews>
  <new>
   -
  </new>
  <exclusive>
   no
  </exclusive>
  <sporty>
   no
  </sporty>
 </clothing>
 <clothing>
  <id>
   877226381
  </id>
  <name>
   Converse Blouse D-4568
  </name>
  <category>
   Blouse
  </category>
  <size>
   S
  </size>
  <color>
   Голубой
  </color>
  <material>
   Нейлон
  </material>
  <price>
   327975
  </price>
  <rating>
   1.88
  </rating>
  <reviews>
   402752
  </reviews>
  <new>
   -
  </new>
  <exclusive>
   yes
  </exclusive>
  <sporty>
   yes
  </sporty>
 </clothing>
 <clothing>
  <id>
   973057428
  </id>
  <name>
   Adidas Umbrellas T-7268
  </name>
  <category>
   Umbrellas
  </category>
  <size>
   M
  </size>
  <color>
   Оранжевый
  </color>
  <material>
   Вискоза
  </material>
  <price>
   136286
  </price>
  <rating>
   3.19
  </rating>
  <reviews>
   411912
  </reviews>
  <new>
   +
  </new>
 </clothing>
 <clothing>
  <id>
   313731872
  </id>
  <name>
   DC T-shirt P-1903
  </name>
  <category>
   T-shirt
  </category>
  <size>
   L
  </size>
  <color>
   Красный
  </color>
  <material>
   Полиэстер
  </material>
  <price>
   260827
  </price>
  <rating>
   1.72
  </rating>
  <reviews>
   307620
  </reviews>
 </clothing>
 <clothing>
  <id>
   295529562
  </id>
  <name>
   Puma Handbags Q-8226
  </name>
  <category>
   Handbags
  </category>
  <size>
   M
  </size>
  <color>
   Зеленый
  </color>
  <material>
   Лен
  </material>
  <price>
   251880
  </price>
  <rating>
   3.83
  </rating>
  <reviews>
   952618
  </reviews>
  <new>
   -
  </new>
  <exclusive>
   no
  </exclusive>
 </clothing>
 <clothing>
  <id>
   309843257
  </id>
  <name>
   Adidas Skirt C-8409
  </name>
  <category>
   Skirt
  </category>
  <size>
   S
  </size>
  <color>
   Фиолетовый
  </color>
  <material>
   Хлопок
  </material>
  <price>
   381733
  </price>
  <rating>
   4.46
  </rating>
  <reviews>
   196542
  </reviews>
  <new>
   -
  </new>
  <sporty>
   no
  </sporty>
 </clothing>
 <clothing>
  <id>
   694493252
  </id>
  <name>
   Asics Handbags Q-4353
  </name>
  <category>
   Handbags
  </category>
  <size>
   L
  </size>
  <color>
   Фиолетовый
  </color>
  <material>
   Хлопок
  </material>
  <price>
   607863
  </price>
  <rating>
   2.48
  </rating>
  <reviews>
   516991
  </reviews>
  <exclusive>
   yes
  </exclusive>
  <sporty>
   yes
  </sporty>
 </clothing>
 <clothing>
  <id>
   689632475
  </id>
  <name>
   Vans Dress Q-6297
  </name>
  <category>
   Dress
  </category>
  <size>
   XXL
  </size>
  <color>
   Зеленый
  </color>
  <material>
   Полиэстер
  </material>
  <price>
   403953
  </price>
  <rating>
   4.13
  </rating>
  <reviews>
   642306
  </reviews>
 </clothing>
 <clothing>
  <id>
   696636873
  </id>
  <name>
   DC Pants X-9138
  </name>
  <category>
   Pants
  </category>
  <size>
   XXL
  </size>
  <color>
   Синий
  </color>
  <material>
   Хлопок
  </material>
  <price>
   707156
  </price>
  <rating>
   3.88
  </rating>
  <reviews>
   762435
  </reviews>
  <new>
   -
  </new>
 </clothing>
</clothing-items>
