<?xml version="1.0" encoding="utf-8"?>
<clothing-items>
 <clothing>
  <id>
   653806789
  </id>
  <name>
   Fila Shirt L-5877
  </name>
  <category>
   Shirt
  </category>
  <size>
   XL
  </size>
  <color>
   Голубой
  </color>
  <material>
   Шерсть
  </material>
  <price>
   527959
  </price>
  <rating>
   1.52
  </rating>
  <reviews>
   611042
  </reviews>
  <new>
   -
  </new>
  <exclusive>
   yes
  </exclusive>
  <sporty>
   no
  </sporty>
 </clothing>
 <clothing>
  <id>
   583408020
  </id>
  <name>
   Fila Shirt T-6301
  </name>
  <category>
   Shirt
  </category>
  <size>
   XL
  </size>
  <color>
   Оранжевый
  </color>
  <material>
   Нейлон
  </material>
  <price>
   382024
  </price>
  <rating>
   1.8
  </rating>
  <reviews>
   381697
  </reviews>
  <sporty>
   no
  </sporty>
 </clothing>
 <clothing>
  <id>
   797783163
  </id>
  <name>
   Puma Shirt L-9616
  </name>
  <category>
   Shirt
  </category>
  <size>
   XXL
  </size>
  <color>
   Красный
  </color>
  <material>
   Полиэстер
  </material>
  <price>
   108329
  </price>
  <rating>
   3.73
  </rating>
  <reviews>
   735846
  </reviews>
  <new>
   +
  </new>
 </clothing>
 <clothing>
  <id>
   255372338
  </id>
  <name>
   Lacoste Shirt C-7632
  </name>
  <category>
   Shirt
  </category>
  <size>
   M
  </size>
  <color>
   Зеленый
  </color>
  <material>
   Вискоза
  </material>
  <price>
   200411
  </price>
  <rating>
   1.82
  </rating>
  <reviews>
   305886
  </reviews>
  <new>
   -
  </new>
  <exclusive>
   yes
  </exclusive>
 </clothing>
 <clothing>
  <id>
   103126769
  </id>
  <name>
   Fila Shirt J-2009
  </name>
  <category>
   Shirt
  </category>
  <size>
   M
  </size>
  <color>
   Голубой
  </color>
  <material>
   Лен
  </material>
  <price>
   319230
  </price>
  <rating>
   2.31
  </rating>
  <reviews>
   242794
  </reviews>
  <sporty>
   no
  </sporty>
 </clothing>
 <clothing>
  <id>
   407612850
  </id>
  <name>
   Vans Shoes U-6000
  </name>
  <category>
   Shoes
  </category>
  <size>
   S
  </size>
  <color>
   Голубой
  </color>
  <material>
   Шелк
  </material>
  <price>
   776728
  </price>
  <rating>
   4.36
  </rating>
  <reviews>
   398111
  </reviews>
  <new>
   +
  </new>
  <exclusive>
   yes
  </exclusive>
  <sporty>
   no
  </sporty>
 </clothing>
 <clothing>
  <id>
   369557843
  </id>
  <name>
   Puma Shirt X-4250
  </name>
  <category>
   Shirt
  </category>
  <size>
   L
  </size>
  <color>
   Синий
  </color>
  <material>
   Хлопок
  </material>
  <price>
   656161
  </price>
  <rating>
   1.08
  </rating>
  <reviews>
   540200
  </reviews>
  <new>
   +
  </new>
 </clothing>
 <clothing>
  <id>
   171224971
  </id>
  <name>
   DC Skirt J-1059
  </name>
  <category>
   Skirt
  </category>
  <size>
   XXL
  </size>
  <color>
   Голубой
  </color>
  <material>
   Полиэстер
  </material>
  <price>
   899549
  </price>
  <rating>
   2.09
  </rating>
  <reviews>
   9530
  </reviews>
 </clothing>
 <clothing>
  <id>
   500911552
  </id>
  <name>
   Vans T-shirt N-4366
  </name>
  <category>
   T-shirt
  </category>
  <size>
   L
  </size>
  <color>
   Голубой
  </color>
  <material>
   Лен
  </material>
  <price>
   789073
  </price>
  <rating>
   3.18
  </rating>
  <reviews>
   243325
  </reviews>
  <new>
   -
  </new>
 </clothing>
 <clothing>
  <id>
   986898000
  </id>
  <name>
   Ellesse Sweater F-3270
  </name>
  <category>
   Sweater
  </category>
  <size>
   M
  </size>
  <color>
   Зеленый
  </color>
  <material>
   Лен
  </material>
  <price>
   662940
  </price>
  <rating>
   4.43
  </rating>
  <reviews>
   263265
  </reviews>
  <new>
   +
  </new>
 </clothing>
 <clothing>
  <id>
   891652069
  </id>
  <name>
   Nike Belts I-2894
  </name>
  <category>
   Belts
  </category>
  <size>
   L
  </size>
  <color>
   Голубой
  </color>
  <material>
   Нейлон
  </material>
  <price>
   173661
  </price>
  <rating>
   2.04
  </rating>
  <reviews>
   305388
  </reviews>
  <new>
   -
  </new>
  <sporty>
   yes
  </sporty>
 </clothing>
 <clothing>
  <id>
   374744935
  </id>
  <name>
   Addidas Sweater Z-4797
  </name>
  <category>
   Sweater
  </category>
  <size>
   XL
  </size>
  <color>
   Желтый
  </color>
  <material>
   Кожа
  </material>
  <price>
   741473
  </price>
  <rating>
   4.98
  </rating>
  <reviews>
   480971
  </reviews>
  <new>
   +
  </new>
  <exclusive>
   yes
  </exclusive>
  <sporty>
   no
  </sporty>
 </clothing>
 <clothing>
  <id>
   390600312
  </id>
  <name>
   Addidas Umbrellas W-2143
  </name>
  <category>
   Umbrellas
  </category>
  <size>
   XL
  </size>
  <color>
   Зеленый
  </color>
  <material>
   Полиэстер
  </material>
  <price>
   504766
  </price>
  <rating>
   1.97
  </rating>
  <reviews>
   873683
  </reviews>
  <exclusive>
   no
  </exclusive>
  <sporty>
   yes
  </sporty>
 </clothing>
 <clothing>
  <id>
   387152113
  </id>
  <name>
   Asics Jacket T-9279
  </name>
  <category>
   Jacket
  </category>
  <size>
   L
  </size>
  <color>
   Желтый
  </color>
  <material>
   Хлопок
  </material>
  <price>
   511192
  </price>
  <rating>
   3.77
  </rating>
  <reviews>
   709732
  </reviews>
  <exclusive>
   yes
  </exclusive>
 </clothing>
 <clothing>
  <id>
   634319496
  </id>
  <name>
   PleinSport Pants I-9598
  </name>
  <category>
   Pants
  </category>
  <size>
   M
  </size>
  <color>
   Фиолетовый
  </color>
  <material>
   Хлопок
  </material>
  <price>
   250689
  </price>
  <rating>
   3.67
  </rating>
  <reviews>
   901153
  </reviews>
  <exclusive>
   no
  </exclusive>
 </clothing>
 <clothing>
  <id>
   110547787
  </id>
  <name>
   PleinSport Gloves T-2973
  </name>
  <category>
   Gloves
  </category>
  <size>
   L
  </size>
  <color>
   Желтый
  </color>
  <material>
   Шелк
  </material>
  <price>
   203728
  </price>
  <rating>
   1.32
  </rating>
  <reviews>
   77682
  </reviews>
  <new>
   -
  </new>
  <sporty>
   yes
  </sporty>
 </clothing>
 <clothing>
  <id>
   428061345
  </id>
  <name>
   Nike Belts J-6494
  </name>
  <category>
   Belts
  </category>
  <size>
   L
  </size>
  <color>
   Оранжевый
  </color>
  <material>
   Вискоза
  </material>
  <price>
   919839
  </price>
  <rating>
   1.92
  </rating>
  <reviews>
   537482
  </reviews>
  <new>
   -
  </new>
  <exclusive>
   no
  </exclusive>
  <sporty>
   yes
  </sporty>
 </clothing>
 <clothing>
  <id>
   191896647
  </id>
  <name>
   Adidas Jacket V-9100
  </name>
  <category>
   Jacket
  </category>
  <size>
   S
  </size>
  <color>
   Оранжевый
  </color>
  <material>
   Вискоза
  </material>
  <price>
   649204
  </price>
  <rating>
   3.23
  </rating>
  <reviews>
   110513
  </reviews>
  <new>
   -
  </new>
  <exclusive>
   yes
  </exclusive>
  <sporty>
   no
  </sporty>
 </clothing>
 <clothing>
  <id>
   409172980
  </id>
  <name>
   Converse Hat H-4270
  </name>
  <category>
   Hat
  </category>
  <size>
   S
  </size>
  <color>
   Оранжевый
  </color>
  <material>
   Шелк
  </material>
  <price>
   795549
  </price>
  <rating>
   4.35
  </rating>
  <reviews>
   398439
  </reviews>
  <new>
   +
  </new>
  <exclusive>
   yes
  </exclusive>
  <sporty>
   no
  </sporty>
 </clothing>
 <clothing>
  <id>
   738648786
  </id>
  <name>
   Nike Umbrellas I-7799
  </name>
  <category>
   Umbrellas
  </category>
  <size>
   S
  </size>
  <color>
   Голубой
  </color>
  <material>
   Кожа
  </material>
  <price>
   427314
  </price>
  <rating>
   3.62
  </rating>
  <reviews>
   381597
  </reviews>
  <new>
   -
  </new>
 </clothing>
 <clothing>
  <id>
   491273697
  </id>
  <name>
   PleinSport Umbrellas A-9151
  </name>
  <category>
   Umbrellas
  </category>
  <size>
   S
  </size>
  <color>
   Синий
  </color>
  <material>
   Нейлон
  </material>
  <price>
   177310
  </price>
  <rating>
   2.91
  </rating>
  <reviews>
   43502
  </reviews>
  <new>
   -
  </new>
 </clothing>
 <clothing>
  <id>
   206960550
  </id>
  <name>
   Reebok Gloves B-6494
  </name>
  <category>
   Gloves
  </category>
  <size>
   XL
  </size>
  <color>
   Оранжевый
  </color>
  <material>
   Вискоза
  </material>
  <price>
   349025
  </price>
  <rating>
   1.26
  </rating>
  <reviews>
   874521
  </reviews>
  <new>
   -
  </new>
  <exclusive>
   no
  </exclusive>
  <sporty>
   yes
  </sporty>
 </clothing>
 <clothing>
  <id>
   484097568
  </id>
  <name>
   Lacoste T-shirt A-9479
  </name>
  <category>
   T-shirt
  </category>
  <size>
   L
  </size>
  <color>
   Зеленый
  </color>
  <material>
   Кожа
  </material>
  <price>
   943361
  </price>
  <rating>
   3.78
  </rating>
  <reviews>
   760494
  </reviews>
  <new>
   -
  </new>
  <exclusive>
   no
  </exclusive>
  <sporty>
   yes
  </sporty>
 </clothing>
 <clothing>
  <id>
   989743773
  </id>
  <name>
   Reebok Jacket U-5587
  </name>
  <category>
   Jacket
  </category>
  <size>
   S
  </size>
  <color>
   Синий
  </color>
  <material>
   Вискоза
  </material>
  <price>
   274123
  </price>
  <rating>
   4.89
  </rating>
  <reviews>
   727859
  </reviews>
  <new>
   +
  </new>
  <exclusive>
   yes
  </exclusive>
  <sporty>
   yes
  </sporty>
 </clothing>
 <clothing>
  <id>
   579522480
  </id>
  <name>
   New Balance Socks E-6516
  </name>
  <category>
   Socks
  </category>
  <size>
   M
  </size>
  <color>
   Желтый
  </color>
  <material>
   Хлопок
  </material>
  <price>
   484215
  </price>
  <rating>
   4.7
  </rating>
  <reviews>
   875520
  </reviews>
  <new>
   -
  </new>
  <exclusive>
   no
  </exclusive>
  <sporty>
   no
  </sporty>
 </clothing>
 <clothing>
  <id>
   449370552
  </id>
  <name>
   Asics Hat F-9563
  </name>
  <category>
   Hat
  </category>
  <size>
   L
  </size>
  <color>
   Фиолетовый
  </color>
  <material>
   Хлопок
  </material>
  <price>
   646657
  </price>
  <rating>
   4.81
  </rating>
  <reviews>
   827443
  </reviews>
  <new>
   +
  </new>
  <exclusive>
   no
  </exclusive>
  <sporty>
   no
  </sporty>
 </clothing>
 <clothing>
  <id>
   387613269
  </id>
  <name>
   Reebok Gloves X-9417
  </name>
  <category>
   Gloves
  </category>
  <size>
   L
  </size>
  <color>
   Голубой
  </color>
  <material>
   Кожа
  </material>
  <price>
   922443
  </price>
  <rating>
   3.38
  </rating>
  <reviews>
   521742
  </reviews>
 </clothing>
 <clothing>
  <id>
   420618896
  </id>
  <name>
   Nike Jacket Z-3984
  </name>
  <category>
   Jacket
  </category>
  <size>
   M
  </size>
  <color>
   Желтый
  </color>
  <material>
   Нейлон
  </material>
  <price>
   306433
  </price>
  <rating>
   3.99
  </rating>
  <reviews>
   470634
  </reviews>
  <new>
   -
  </new>
  <exclusive>
   yes
  </exclusive>
  <sporty>
   yes
  </sporty>
 </clothing>
 <clothing>
  <id>
   544474117
  </id>
  <name>
   Brooks Handbags E-5482
  </name>
  <category>
   Handbags
  </category>
  <size>
   L
  </size>
  <color>
   Зеленый
  </color>
  <material>
   Шерсть
  </material>
  <price>
   543370
  </price>
  <rating>
   3.99
  </rating>
  <reviews>
   308805
  </reviews>
  <new>
   -
  </new>
  <sporty>
   yes
  </sporty>
 </clothing>
 <clothing>
  <id>
   567405243
  </id>
  <name>
   Brooks Gloves W-4251
  </name>
  <category>
   Gloves
  </category>
  <size>
   S
  </size>
  <color>
   Желтый
  </color>
  <material>
   Полиэстер
  </material>
  <price>
   629698
  </price>
  <rating>
   1.81
  </rating>
  <reviews>
   480131
  </reviews>
 </clothing>
 <clothing>
  <id>
   767339507
  </id>
  <name>
   Puma Handbags S-3209
  </name>
  <category>
   Handbags
  </category>
  <size>
   M
  </size>
  <color>
   Красный
  </color>
  <material>
   Шерсть
  </material>
  <price>
   337370
  </price>
  <rating>
   1.82
  </rating>
  <reviews>
   32672
  </reviews>
  <exclusive>
   no
  </exclusive>
 </clothing>
 <clothing>
  <id>
   998309691
  </id>
  <name>
   Nike T-shirt V-4051
  </name>
  <category>
   T-shirt
  </category>
  <size>
   M
  </size>
  <color>
   Голубой
  </color>
  <material>
   Полиэстер
  </material>
  <price>
   174154
  </price>
  <rating>
   1.62
  </rating>
  <reviews>
   177546
  </reviews>
  <exclusive>
   yes
  </exclusive>
 </clothing>
 <clothing>
  <id>
   625406226
  </id>
  <name>
   DC Hat N-3220
  </name>
  <category>
   Hat
  </category>
  <size>
   L
  </size>
  <color>
   Красный
  </color>
  <material>
   Вискоза
  </material>
  <price>
   631760
  </price>
  <rating>
   3.66
  </rating>
  <reviews>
   738011
  </reviews>
  <new>
   +
  </new>
  <exclusive>
   yes
  </exclusive>
 </clothing>
 <clothing>
  <id>
   856084266
  </id>
  <name>
   Nike T-shirt F-7305
  </name>
  <category>
   T-shirt
  </category>
  <size>
   S
  </size>
  <color>
   Желтый
  </color>
  <material>
   Шерсть
  </material>
  <price>
   630924
  </price>
  <rating>
   1.68
  </rating>
  <reviews>
   821034
  </reviews>
  <exclusive>
   no
  </exclusive>
  <sporty>
   no
  </sporty>
 </clothing>
 <clothing>
  <id>
   557925009
  </id>
  <name>
   PleinSport Handbags G-9215
  </name>
  <category>
   Handbags
  </category>
  <size>
   XXL
  </size>
  <color>
   Голубой
  </color>
  <material>
   Нейлон
  </material>
  <price>
   665947
  </price>
  <rating>
   4.01
  </rating>
  <reviews>
   167950
  </reviews>
  <new>
   -
  </new>
  <exclusive>
   no
  </exclusive>
 </clothing>
 <clothing>
  <id>
   932785817
  </id>
  <name>
   Converse Pants Q-9181
  </name>
  <category>
   Pants
  </category>
  <size>
   L
  </size>
  <color>
   Желтый
  </color>
  <material>
   Шелк
  </material>
  <price>
   247741
  </price>
  <rating>
   3.12
  </rating>
  <reviews>
   8467
  </reviews>
  <exclusive>
   yes
  </exclusive>
 </clothing>
 <clothing>
  <id>
   636577723
  </id>
  <name>
   Asics Blouse U-5948
  </name>
  <category>
   Blouse
  </category>
  <size>
   XL
  </size>
  <color>
   Голубой
  </color>
  <material>
   Вискоза
  </material>
  <price>
   778247
  </price>
  <rating>
   3.23
  </rating>
  <reviews>
   718896
  </reviews>
  <new>
   +
  </new>
  <exclusive>
   yes
  </exclusive>
  <sporty>
   no
  </sporty>
 </clothing>
 <clothing>
  <id>
   526834372
  </id>
  <name>
   Addidas Umbrellas X-8313
  </name>
  <category>
   Umbrellas
  </category>
  <size>
   L
  </size>
  <color>
   Зеленый
  </color>
  <material>
   Шерсть
  </material>
  <price>
   719478
  </price>
  <rating>
   2.76
  </rating>
  <reviews>
   320566
  </reviews>
  <sporty>
   yes
  </sporty>
 </clothing>
</clothing-items>
