<?xml version="1.0" encoding="utf-8"?>
<clothing-items>
 <clothing>
  <id>
   619354109
  </id>
  <name>
   Converse Gloves D-3860
  </name>
  <category>
   Gloves
  </category>
  <size>
   M
  </size>
  <color>
   Зеленый
  </color>
  <material>
   Шерсть
  </material>
  <price>
   355970
  </price>
  <rating>
   3.99
  </rating>
  <reviews>
   49139
  </reviews>
  <new>
   -
  </new>
  <exclusive>
   yes
  </exclusive>
 </clothing>
 <clothing>
  <id>
   306037663
  </id>
  <name>
   Adidas Jeans O-1004
  </name>
  <category>
   Jeans
  </category>
  <size>
   M
  </size>
  <color>
   Желтый
  </color>
  <material>
   Шелк
  </material>
  <price>
   846221
  </price>
  <rating>
   1.93
  </rating>
  <reviews>
   674271
  </reviews>
  <new>
   -
  </new>
 </clothing>
 <clothing>
  <id>
   614028375
  </id>
  <name>
   PleinSport Handbags Y-7375
  </name>
  <category>
   Handbags
  </category>
  <size>
   L
  </size>
  <color>
   Оранжевый
  </color>
  <material>
   Шелк
  </material>
  <price>
   645863
  </price>
  <rating>
   4.42
  </rating>
  <reviews>
   798189
  </reviews>
  <exclusive>
   yes
  </exclusive>
 </clothing>
 <clothing>
  <id>
   392651848
  </id>
  <name>
   New Balance Dress M-2586
  </name>
  <category>
   Dress
  </category>
  <size>
   XXL
  </size>
  <color>
   Зеленый
  </color>
  <material>
   Вискоза
  </material>
  <price>
   527984
  </price>
  <rating>
   3.04
  </rating>
  <reviews>
   871193
  </reviews>
  <exclusive>
   no
  </exclusive>
  <sporty>
   yes
  </sporty>
 </clothing>
 <clothing>
  <id>
   483125774
  </id>
  <name>
   Brooks Socks Y-4670
  </name>
  <category>
   Socks
  </category>
  <size>
   L
  </size>
  <color>
   Красный
  </color>
  <material>
   Вискоза
  </material>
  <price>
   755359
  </price>
  <rating>
   4.72
  </rating>
  <reviews>
   311481
  </reviews>
  <sporty>
   no
  </sporty>
 </clothing>
 <clothing>
  <id>
   914812004
  </id>
  <name>
   Asics Hat Y-3511
  </name>
  <category>
   Hat
  </category>
  <size>
   L
  </size>
  <color>
   Голубой
  </color>
  <material>
   Вискоза
  </material>
  <price>
   109912
  </price>
  <rating>
   4.53
  </rating>
  <reviews>
   195567
  </reviews>
  <new>
   +
  </new>
  <exclusive>
   no
  </exclusive>
  <sporty>
   yes
  </sporty>
 </clothing>
 <clothing>
  <id>
   277902775
  </id>
  <name>
   Brooks Umbrellas Z-8674
  </name>
  <category>
   Umbrellas
  </category>
  <size>
   S
  </size>
  <color>
   Желтый
  </color>
  <material>
   Хлопок
  </material>
  <price>
   816051
  </price>
  <rating>
   2.44
  </rating>
  <reviews>
   992684
  </reviews>
  <new>
   -
  </new>
  <sporty>
   no
  </sporty>
 </clothing>
 <clothing>
  <id>
   346309877
  </id>
  <name>
   Puma Dress P-6744
  </name>
  <category>
   Dress
  </category>
  <size>
   M
  </size>
  <color>
   Желтый
  </color>
  <material>
   Хлопок
  </material>
  <price>
   409131
  </price>
  <rating>
   3.57
  </rating>
  <reviews>
   468365
  </reviews>
  <new>
   +
  </new>
 </clothing>
 <clothing>
  <id>
   314017278
  </id>
  <name>
   DC Hat X-5089
  </name>
  <category>
   Hat
  </category>
  <size>
   L
  </size>
  <color>
   Голубой
  </color>
  <material>
   Хлопок
  </material>
  <price>
   834097
  </price>
  <rating>
   2.03
  </rating>
  <reviews>
   408785
  </reviews>
  <new>
   +
  </new>
  <exclusive>
   yes
  </exclusive>
 </clothing>
 <clothing>
  <id>
   729955088
  </id>
  <name>
   Reebok Sweater Q-2339
  </name>
  <category>
   Sweater
  </category>
  <size>
   XL
  </size>
  <color>
   Оранжевый
  </color>
  <material>
   Шерсть
  </material>
  <price>
   652773
  </price>
  <rating>
   3.87
  </rating>
  <reviews>
   734089
  </reviews>
  <sporty>
   no
  </sporty>
 </clothing>
 <clothing>
  <id>
   376521370
  </id>
  <name>
   Lacoste Shirt K-9166
  </name>
  <category>
   Shirt
  </category>
  <size>
   S
  </size>
  <color>
   Красный
  </color>
  <material>
   Шерсть
  </material>
  <price>
   451628
  </price>
  <rating>
   2.48
  </rating>
  <reviews>
   395763
  </reviews>
  <exclusive>
   no
  </exclusive>
  <sporty>
   no
  </sporty>
 </clothing>
 <clothing>
  <id>
   938182810
  </id>
  <name>
   Nike Jeans W-3194
  </name>
  <category>
   Jeans
  </category>
  <size>
   L
  </size>
  <color>
   Голубой
  </color>
  <material>
   Шелк
  </material>
  <price>
   203745
  </price>
  <rating>
   2.5
  </rating>
  <reviews>
   221303
  </reviews>
  <sporty>
   no
  </sporty>
 </clothing>
 <clothing>
  <id>
   228707319
  </id>
  <name>
   Reebok Handbags W-3094
  </name>
  <category>
   Handbags
  </category>
  <size>
   L
  </size>
  <color>
   Желтый
  </color>
  <material>
   Лен
  </material>
  <price>
   421639
  </price>
  <rating>
   2.07
  </rating>
  <reviews>
   685415
  </reviews>
  <exclusive>
   yes
  </exclusive>
  <sporty>
   no
  </sporty>
 </clothing>
 <clothing>
  <id>
   131334540
  </id>
  <name>
   PleinSport Jacket Q-2682
  </name>
  <category>
   Jacket
  </category>
  <size>
   S
  </size>
  <color>
   Зеленый
  </color>
  <material>
   Лен
  </material>
  <price>
   616979
  </price>
  <rating>
   3.54
  </rating>
  <reviews>
   424704
  </reviews>
  <new>
   -
  </new>
  <sporty>
   no
  </sporty>
 </clothing>
 <clothing>
  <id>
   614466966
  </id>
  <name>
   Converse Dress J-4182
  </name>
  <category>
   Dress
  </category>
  <size>
   XL
  </size>
  <color>
   Желтый
  </color>
  <material>
   Полиэстер
  </material>
  <price>
   503368
  </price>
  <rating>
   4.81
  </rating>
  <reviews>
   616816
  </reviews>
  <sporty>
   no
  </sporty>
 </clothing>
 <clothing>
  <id>
   913452166
  </id>
  <name>
   Ellesse Dress O-4939
  </name>
  <category>
   Dress
  </category>
  <size>
   XL
  </size>
  <color>
   Желтый
  </color>
  <material>
   Полиэстер
  </material>
  <price>
   671035
  </price>
  <rating>
   2.78
  </rating>
  <reviews>
   120981
  </reviews>
  <exclusive>
   yes
  </exclusive>
  <sporty>
   no
  </sporty>
 </clothing>
 <clothing>
  <id>
   127269169
  </id>
  <name>
   New Balance Shirt I-3835
  </name>
  <category>
   Shirt
  </category>
  <size>
   XXL
  </size>
  <color>
   Оранжевый
  </color>
  <material>
   Шелк
  </material>
  <price>
   226633
  </price>
  <rating>
   4.76
  </rating>
  <reviews>
   530858
  </reviews>
  <new>
   +
  </new>
 </clothing>
 <clothing>
  <id>
   207154403
  </id>
  <name>
   DC Shoes K-7924
  </name>
  <category>
   Shoes
  </category>
  <size>
   M
  </size>
  <color>
   Красный
  </color>
  <material>
   Полиэстер
  </material>
  <price>
   905920
  </price>
  <rating>
   1.2
  </rating>
  <reviews>
   323592
  </reviews>
 </clothing>
 <clothing>
  <id>
   200924091
  </id>
  <name>
   Asics Handbags O-6282
  </name>
  <category>
   Handbags
  </category>
  <size>
   S
  </size>
  <color>
   Фиолетовый
  </color>
  <material>
   Кожа
  </material>
  <price>
   493496
  </price>
  <rating>
   3.81
  </rating>
  <reviews>
   547425
  </reviews>
  <exclusive>
   no
  </exclusive>
 </clothing>
 <clothing>
  <id>
   285891852
  </id>
  <name>
   New Balance Hat K-1895
  </name>
  <category>
   Hat
  </category>
  <size>
   XL
  </size>
  <color>
   Желтый
  </color>
  <material>
   Полиэстер
  </material>
  <price>
   285229
  </price>
  <rating>
   3.97
  </rating>
  <reviews>
   891199
  </reviews>
  <exclusive>
   no
  </exclusive>
 </clothing>
 <clothing>
  <id>
   239974544
  </id>
  <name>
   Under Armour T-shirt C-3198
  </name>
  <category>
   T-shirt
  </category>
  <size>
   L
  </size>
  <color>
   Красный
  </color>
  <material>
   Лен
  </material>
  <price>
   887565
  </price>
  <rating>
   1.43
  </rating>
  <reviews>
   53147
  </reviews>
  <exclusive>
   yes
  </exclusive>
 </clothing>
 <clothing>
  <id>
   896212004
  </id>
  <name>
   Reebok Belts H-3575
  </name>
  <category>
   Belts
  </category>
  <size>
   L
  </size>
  <color>
   Голубой
  </color>
  <material>
   Шерсть
  </material>
  <price>
   196646
  </price>
  <rating>
   4.55
  </rating>
  <reviews>
   169653
  </reviews>
  <exclusive>
   yes
  </exclusive>
  <sporty>
   no
  </sporty>
 </clothing>
 <clothing>
  <id>
   931036323
  </id>
  <name>
   Asics Sweater T-3379
  </name>
  <category>
   Sweater
  </category>
  <size>
   XXL
  </size>
  <color>
   Желтый
  </color>
  <material>
   Нейлон
  </material>
  <price>
   454101
  </price>
  <rating>
   1.68
  </rating>
  <reviews>
   108995
  </reviews>
  <new>
   +
  </new>
  <exclusive>
   no
  </exclusive>
  <sporty>
   no
  </sporty>
 </clothing>
 <clothing>
  <id>
   687655886
  </id>
  <name>
   Ellesse Skirt U-1295
  </name>
  <category>
   Skirt
  </category>
  <size>
   XL
  </size>
  <color>
   Зеленый
  </color>
  <material>
   Шелк
  </material>
  <price>
   868047
  </price>
  <rating>
   3.04
  </rating>
  <reviews>
   515083
  </reviews>
 </clothing>
 <clothing>
  <id>
   413317828
  </id>
  <name>
   Converse Jacket H-5903
  </name>
  <category>
   Jacket
  </category>
  <size>
   L
  </size>
  <color>
   Фиолетовый
  </color>
  <material>
   Нейлон
  </material>
  <price>
   183727
  </price>
  <rating>
   3.16
  </rating>
  <reviews>
   753297
  </reviews>
  <new>
   -
  </new>
  <exclusive>
   no
  </exclusive>
 </clothing>
 <clothing>
  <id>
   220845580
  </id>
  <name>
   Adidas Pants R-3231
  </name>
  <category>
   Pants
  </category>
  <size>
   XL
  </size>
  <color>
   Желтый
  </color>
  <material>
   Шелк
  </material>
  <price>
   152203
  </price>
  <rating>
   1.08
  </rating>
  <reviews>
   605051
  </reviews>
  <new>
   +
  </new>
  <exclusive>
   no
  </exclusive>
  <sporty>
   no
  </sporty>
 </clothing>
 <clothing>
  <id>
   401393989
  </id>
  <name>
   Asics Sweater Z-7125
  </name>
  <category>
   Sweater
  </category>
  <size>
   M
  </size>
  <color>
   Красный
  </color>
  <material>
   Шелк
  </material>
  <price>
   867996
  </price>
  <rating>
   2.65
  </rating>
  <reviews>
   583340
  </reviews>
  <new>
   -
  </new>
  <exclusive>
   yes
  </exclusive>
 </clothing>
 <clothing>
  <id>
   807216476
  </id>
  <name>
   Fila Socks F-9892
  </name>
  <category>
   Socks
  </category>
  <size>
   XL
  </size>
  <color>
   Голубой
  </color>
  <material>
   Вискоза
  </material>
  <price>
   383376
  </price>
  <rating>
   4.7
  </rating>
  <reviews>
   572587
  </reviews>
  <new>
   -
  </new>
  <exclusive>
   no
  </exclusive>
  <sporty>
   yes
  </sporty>
 </clothing>
 <clothing>
  <id>
   155618840
  </id>
  <name>
   Ellesse Handbags F-6987
  </name>
  <category>
   Handbags
  </category>
  <size>
   S
  </size>
  <color>
   Оранжевый
  </color>
  <material>
   Нейлон
  </material>
  <price>
   190776
  </price>
  <rating>
   1.54
  </rating>
  <reviews>
   763132
  </reviews>
  <new>
   -
  </new>
 </clothing>
 <clothing>
  <id>
   320595747
  </id>
  <name>
   Ellesse T-shirt P-4709
  </name>
  <category>
   T-shirt
  </category>
  <size>
   XL
  </size>
  <color>
   Фиолетовый
  </color>
  <material>
   Лен
  </material>
  <price>
   271466
  </price>
  <rating>
   1.43
  </rating>
  <reviews>
   535120
  </reviews>
  <new>
   +
  </new>
  <exclusive>
   yes
  </exclusive>
  <sporty>
   no
  </sporty>
 </clothing>
 <clothing>
  <id>
   483155862
  </id>
  <name>
   Nike Socks W-4403
  </name>
  <category>
   Socks
  </category>
  <size>
   XXL
  </size>
  <color>
   Оранжевый
  </color>
  <material>
   Нейлон
  </material>
  <price>
   488119
  </price>
  <rating>
   3.49
  </rating>
  <reviews>
   511573
  </reviews>
 </clothing>
 <clothing>
  <id>
   471155734
  </id>
  <name>
   Nike Shirt F-9717
  </name>
  <category>
   Shirt
  </category>
  <size>
   M
  </size>
  <color>
   Фиолетовый
  </color>
  <material>
   Кожа
  </material>
  <price>
   697815
  </price>
  <rating>
   3.81
  </rating>
  <reviews>
   834853
  </reviews>
  <new>
   -
  </new>
  <exclusive>
   yes
  </exclusive>
  <sporty>
   no
  </sporty>
 </clothing>
 <clothing>
  <id>
   680524404
  </id>
  <name>
   Puma Skirt D-7726
  </name>
  <category>
   Skirt
  </category>
  <size>
   M
  </size>
  <color>
   Голубой
  </color>
  <material>
   Нейлон
  </material>
  <price>
   377129
  </price>
  <rating>
   2.07
  </rating>
  <reviews>
   654353
  </reviews>
  <exclusive>
   no
  </exclusive>
  <sporty>
   yes
  </sporty>
 </clothing>
 <clothing>
  <id>
   916064566
  </id>
  <name>
   Ellesse Dress H-3596
  </name>
  <category>
   Dress
  </category>
  <size>
   L
  </size>
  <color>
   Красный
  </color>
  <material>
   Лен
  </material>
  <price>
   796676
  </price>
  <rating>
   1.64
  </rating>
  <reviews>
   207986
  </reviews>
  <exclusive>
   no
  </exclusive>
 </clothing>
 <clothing>
  <id>
   405618192
  </id>
  <name>
   Vans Socks L-9496
  </name>
  <category>
   Socks
  </category>
  <size>
   M
  </size>
  <color>
   Зеленый
  </color>
  <material>
   Нейлон
  </material>
  <price>
   569225
  </price>
  <rating>
   2.84
  </rating>
  <reviews>
   334497
  </reviews>
  <new>
   -
  </new>
  <sporty>
   no
  </sporty>
 </clothing>
 <clothing>
  <id>
   638233938
  </id>
  <name>
   Nike Shirt E-1463
  </name>
  <category>
   Shirt
  </category>
  <size>
   XL
  </size>
  <color>
   Голубой
  </color>
  <material>
   Нейлон
  </material>
  <price>
   513328
  </price>
  <rating>
   4.48
  </rating>
  <reviews>
   320838
  </reviews>
  <new>
   -
  </new>
 </clothing>
 <clothing>
  <id>
   241899352
  </id>
  <name>
   Ellesse Socks G-7266
  </name>
  <category>
   Socks
  </category>
  <size>
   S
  </size>
  <color>
   Зеленый
  </color>
  <material>
   Полиэстер
  </material>
  <price>
   554151
  </price>
  <rating>
   1.09
  </rating>
  <reviews>
   649662
  </reviews>
  <new>
   -
  </new>
  <sporty>
   yes
  </sporty>
 </clothing>
 <clothing>
  <id>
   151357189
  </id>
  <name>
   Brooks Shirt P-8996
  </name>
  <category>
   Shirt
  </category>
  <size>
   M
  </size>
  <color>
   Фиолетовый
  </color>
  <material>
   Хлопок
  </material>
  <price>
   114253
  </price>
  <rating>
   1.52
  </rating>
  <reviews>
   243083
  </reviews>
  <new>
   -
  </new>
  <exclusive>
   yes
  </exclusive>
  <sporty>
   no
  </sporty>
 </clothing>
 <clothing>
  <id>
   561464694
  </id>
  <name>
   Addidas Blouse V-4887
  </name>
  <category>
   Blouse
  </category>
  <size>
   XL
  </size>
  <color>
   Голубой
  </color>
  <material>
   Шерсть
  </material>
  <price>
   475665
  </price>
  <rating>
   1.19
  </rating>
  <reviews>
   656133
  </reviews>
  <new>
   -
  </new>
 </clothing>
 <clothing>
  <id>
   398280217
  </id>
  <name>
   Brooks Jacket N-1820
  </name>
  <category>
   Jacket
  </category>
  <size>
   L
  </size>
  <color>
   Красный
  </color>
  <material>
   Лен
  </material>
  <price>
   611061
  </price>
  <rating>
   1.1
  </rating>
  <reviews>
   222594
  </reviews>
  <sporty>
   no
  </sporty>
 </clothing>
</clothing-items>
