<?xml version="1.0" encoding="utf-8"?>
<clothing-items>
 <clothing>
  <id>
   158860723
  </id>
  <name>
   Puma Handbags J-7528
  </name>
  <category>
   Handbags
  </category>
  <size>
   XXL
  </size>
  <color>
   Фиолетовый
  </color>
  <material>
   Лен
  </material>
  <price>
   385780
  </price>
  <rating>
   4.63
  </rating>
  <reviews>
   15238
  </reviews>
  <new>
   +
  </new>
  <sporty>
   yes
  </sporty>
 </clothing>
 <clothing>
  <id>
   825516274
  </id>
  <name>
   Fila Sweater K-9945
  </name>
  <category>
   Sweater
  </category>
  <size>
   XL
  </size>
  <color>
   Синий
  </color>
  <material>
   Вискоза
  </material>
  <price>
   701292
  </price>
  <rating>
   1.68
  </rating>
  <reviews>
   466825
  </reviews>
  <new>
   -
  </new>
  <exclusive>
   no
  </exclusive>
  <sporty>
   no
  </sporty>
 </clothing>
 <clothing>
  <id>
   889831049
  </id>
  <name>
   New Balance T-shirt J-7478
  </name>
  <category>
   T-shirt
  </category>
  <size>
   XXL
  </size>
  <color>
   Желтый
  </color>
  <material>
   Шелк
  </material>
  <price>
   237085
  </price>
  <rating>
   3.58
  </rating>
  <reviews>
   965000
  </reviews>
  <sporty>
   no
  </sporty>
 </clothing>
 <clothing>
  <id>
   582070055
  </id>
  <name>
   Brooks Skirt C-2271
  </name>
  <category>
   Skirt
  </category>
  <size>
   M
  </size>
  <color>
   Голубой
  </color>
  <material>
   Полиэстер
  </material>
  <price>
   279748
  </price>
  <rating>
   1.69
  </rating>
  <reviews>
   96558
  </reviews>
  <new>
   -
  </new>
  <exclusive>
   no
  </exclusive>
  <sporty>
   no
  </sporty>
 </clothing>
 <clothing>
  <id>
   560616122
  </id>
  <name>
   Ellesse Belts I-1870
  </name>
  <category>
   Belts
  </category>
  <size>
   M
  </size>
  <color>
   Оранжевый
  </color>
  <material>
   Полиэстер
  </material>
  <price>
   114412
  </price>
  <rating>
   2.31
  </rating>
  <reviews>
   489830
  </reviews>
  <new>
   -
  </new>
 </clothing>
 <clothing>
  <id>
   533609534
  </id>
  <name>
   Addidas Pants R-5539
  </name>
  <category>
   Pants
  </category>
  <size>
   M
  </size>
  <color>
   Голубой
  </color>
  <material>
   Шелк
  </material>
  <price>
   993418
  </price>
  <rating>
   3.12
  </rating>
  <reviews>
   314243
  </reviews>
  <exclusive>
   yes
  </exclusive>
  <sporty>
   yes
  </sporty>
 </clothing>
 <clothing>
  <id>
   670500081
  </id>
  <name>
   Asics Socks L-1530
  </name>
  <category>
   Socks
  </category>
  <size>
   S
  </size>
  <color>
   Оранжевый
  </color>
  <material>
   Шелк
  </material>
  <price>
   239858
  </price>
  <rating>
   1.48
  </rating>
  <reviews>
   420913
  </reviews>
  <new>
   -
  </new>
  <sporty>
   no
  </sporty>
 </clothing>
 <clothing>
  <id>
   868296481
  </id>
  <name>
   Addidas Hat C-3694
  </name>
  <category>
   Hat
  </category>
  <size>
   L
  </size>
  <color>
   Желтый
  </color>
  <material>
   Вискоза
  </material>
  <price>
   589955
  </price>
  <rating>
   2.73
  </rating>
  <reviews>
   542907
  </reviews>
  <exclusive>
   no
  </exclusive>
  <sporty>
   no
  </sporty>
 </clothing>
 <clothing>
  <id>
   328713832
  </id>
  <name>
   Lacoste Pants N-9274
  </name>
  <category>
   Pants
  </category>
  <size>
   S
  </size>
  <color>
   Красный
  </color>
  <material>
   Шерсть
  </material>
  <price>
   805139
  </price>
  <rating>
   3.5
  </rating>
  <reviews>
   598937
  </reviews>
  <new>
   +
  </new>
  <sporty>
   no
  </sporty>
 </clothing>
 <clothing>
  <id>
   297971094
  </id>
  <name>
   Under Armour Pants T-2670
  </name>
  <category>
   Pants
  </category>
  <size>
   XL
  </size>
  <color>
   Голубой
  </color>
  <material>
   Нейлон
  </material>
  <price>
   732328
  </price>
  <rating>
   4.79
  </rating>
  <reviews>
   510749
  </reviews>
  <exclusive>
   no
  </exclusive>
  <sporty>
   no
  </sporty>
 </clothing>
 <clothing>
  <id>
   965210062
  </id>
  <name>
   PleinSport Skirt E-4172
  </name>
  <category>
   Skirt
  </category>
  <size>
   XXL
  </size>
  <color>
   Голубой
  </color>
  <material>
   Шелк
  </material>
  <price>
   348988
  </price>
  <rating>
   2.93
  </rating>
  <reviews>
   503594
  </reviews>
  <new>
   -
  </new>
 </clothing>
 <clothing>
  <id>
   860524567
  </id>
  <name>
   Asics Belts T-5286
  </name>
  <category>
   Belts
  </category>
  <size>
   XL
  </size>
  <color>
   Желтый
  </color>
  <material>
   Хлопок
  </material>
  <price>
   941325
  </price>
  <rating>
   2.74
  </rating>
  <reviews>
   651014
  </reviews>
 </clothing>
 <clothing>
  <id>
   999669494
  </id>
  <name>
   PleinSport Hat B-5656
  </name>
  <category>
   Hat
  </category>
  <size>
   XXL
  </size>
  <color>
   Красный
  </color>
  <material>
   Полиэстер
  </material>
  <price>
   303392
  </price>
  <rating>
   4.31
  </rating>
  <reviews>
   954424
  </reviews>
  <new>
   -
  </new>
  <sporty>
   no
  </sporty>
 </clothing>
 <clothing>
  <id>
   284725748
  </id>
  <name>
   Converse Skirt W-6515
  </name>
  <category>
   Skirt
  </category>
  <size>
   M
  </size>
  <color>
   Зеленый
  </color>
  <material>
   Шелк
  </material>
  <price>
   486168
  </price>
  <rating>
   2.56
  </rating>
  <reviews>
   870875
  </reviews>
  <new>
   +
  </new>
  <sporty>
   no
  </sporty>
 </clothing>
 <clothing>
  <id>
   644614098
  </id>
  <name>
   Ellesse Handbags S-5095
  </name>
  <category>
   Handbags
  </category>
  <size>
   L
  </size>
  <color>
   Оранжевый
  </color>
  <material>
   Лен
  </material>
  <price>
   283933
  </price>
  <rating>
   4.51
  </rating>
  <reviews>
   586264
  </reviews>
  <sporty>
   yes
  </sporty>
 </clothing>
 <clothing>
  <id>
   782027730
  </id>
  <name>
   Addidas Shoes T-7667
  </name>
  <category>
   Shoes
  </category>
  <size>
   XL
  </size>
  <color>
   Оранжевый
  </color>
  <material>
   Вискоза
  </material>
  <price>
   735077
  </price>
  <rating>
   1.77
  </rating>
  <reviews>
   724990
  </reviews>
  <new>
   -
  </new>
  <exclusive>
   yes
  </exclusive>
  <sporty>
   no
  </sporty>
 </clothing>
 <clothing>
  <id>
   305085150
  </id>
  <name>
   Nike T-shirt O-7316
  </name>
  <category>
   T-shirt
  </category>
  <size>
   XL
  </size>
  <color>
   Голубой
  </color>
  <material>
   Шерсть
  </material>
  <price>
   472980
  </price>
  <rating>
   2.7
  </rating>
  <reviews>
   515364
  </reviews>
  <new>
   +
  </new>
  <exclusive>
   no
  </exclusive>
  <sporty>
   yes
  </sporty>
 </clothing>
 <clothing>
  <id>
   969690711
  </id>
  <name>
   Addidas Dress T-8253
  </name>
  <category>
   Dress
  </category>
  <size>
   L
  </size>
  <color>
   Оранжевый
  </color>
  <material>
   Хлопок
  </material>
  <price>
   428168
  </price>
  <rating>
   3.05
  </rating>
  <reviews>
   964160
  </reviews>
  <new>
   -
  </new>
  <exclusive>
   no
  </exclusive>
  <sporty>
   no
  </sporty>
 </clothing>
 <clothing>
  <id>
   672150982
  </id>
  <name>
   DC Belts G-8669
  </name>
  <category>
   Belts
  </category>
  <size>
   M
  </size>
  <color>
   Синий
  </color>
  <material>
   Хлопок
  </material>
  <price>
   121464
  </price>
  <rating>
   2.31
  </rating>
  <reviews>
   598567
  </reviews>
  <new>
   -
  </new>
  <exclusive>
   yes
  </exclusive>
 </clothing>
 <clothing>
  <id>
   607983967
  </id>
  <name>
   Lacoste Jacket R-2680
  </name>
  <category>
   Jacket
  </category>
  <size>
   S
  </size>
  <color>
   Фиолетовый
  </color>
  <material>
   Хлопок
  </material>
  <price>
   251942
  </price>
  <rating>
   4.97
  </rating>
  <reviews>
   994133
  </reviews>
 </clothing>
 <clothing>
  <id>
   464472702
  </id>
  <name>
   PleinSport Handbags E-5187
  </name>
  <category>
   Handbags
  </category>
  <size>
   L
  </size>
  <color>
   Желтый
  </color>
  <material>
   Полиэстер
  </material>
  <price>
   482908
  </price>
  <rating>
   4.0
  </rating>
  <reviews>
   252111
  </reviews>
  <sporty>
   yes
  </sporty>
 </clothing>
 <clothing>
  <id>
   275926128
  </id>
  <name>
   Under Armour T-shirt K-7320
  </name>
  <category>
   T-shirt
  </category>
  <size>
   M
  </size>
  <color>
   Красный
  </color>
  <material>
   Полиэстер
  </material>
  <price>
   422243
  </price>
  <rating>
   4.1
  </rating>
  <reviews>
   679528
  </reviews>
  <exclusive>
   no
  </exclusive>
  <sporty>
   no
  </sporty>
 </clothing>
 <clothing>
  <id>
   440174327
  </id>
  <name>
   Brooks Gloves C-7905
  </name>
  <category>
   Gloves
  </category>
  <size>
   XL
  </size>
  <color>
   Зеленый
  </color>
  <material>
   Вискоза
  </material>
  <price>
   674122
  </price>
  <rating>
   1.96
  </rating>
  <reviews>
   553517
  </reviews>
 </clothing>
 <clothing>
  <id>
   773324225
  </id>
  <name>
   Addidas Belts G-5496
  </name>
  <category>
   Belts
  </category>
  <size>
   S
  </size>
  <color>
   Фиолетовый
  </color>
  <material>
   Лен
  </material>
  <price>
   738017
  </price>
  <rating>
   2.71
  </rating>
  <reviews>
   437795
  </reviews>
  <new>
   -
  </new>
 </clothing>
 <clothing>
  <id>
   581686044
  </id>
  <name>
   Fila Sweater F-9039
  </name>
  <category>
   Sweater
  </category>
  <size>
   XL
  </size>
  <color>
   Фиолетовый
  </color>
  <material>
   Шелк
  </material>
  <price>
   689629
  </price>
  <rating>
   3.46
  </rating>
  <reviews>
   281769
  </reviews>
  <new>
   +
  </new>
  <sporty>
   yes
  </sporty>
 </clothing>
 <clothing>
  <id>
   761275010
  </id>
  <name>
   Fila Jeans J-6888
  </name>
  <category>
   Jeans
  </category>
  <size>
   XXL
  </size>
  <color>
   Фиолетовый
  </color>
  <material>
   Полиэстер
  </material>
  <price>
   379104
  </price>
  <rating>
   2.23
  </rating>
  <reviews>
   403188
  </reviews>
  <new>
   -
  </new>
  <exclusive>
   yes
  </exclusive>
  <sporty>
   yes
  </sporty>
 </clothing>
 <clothing>
  <id>
   617211729
  </id>
  <name>
   Addidas Dress E-6792
  </name>
  <category>
   Dress
  </category>
  <size>
   S
  </size>
  <color>
   Голубой
  </color>
  <material>
   Шерсть
  </material>
  <price>
   185780
  </price>
  <rating>
   4.11
  </rating>
  <reviews>
   55755
  </reviews>
  <exclusive>
   no
  </exclusive>
 </clothing>
 <clothing>
  <id>
   257995615
  </id>
  <name>
   Reebok Handbags B-1253
  </name>
  <category>
   Handbags
  </category>
  <size>
   L
  </size>
  <color>
   Синий
  </color>
  <material>
   Шерсть
  </material>
  <price>
   528859
  </price>
  <rating>
   4.63
  </rating>
  <reviews>
   694829
  </reviews>
  <new>
   -
  </new>
  <sporty>
   no
  </sporty>
 </clothing>
 <clothing>
  <id>
   179889337
  </id>
  <name>
   Fila Sweater A-9533
  </name>
  <category>
   Sweater
  </category>
  <size>
   XL
  </size>
  <color>
   Голубой
  </color>
  <material>
   Кожа
  </material>
  <price>
   401573
  </price>
  <rating>
   1.82
  </rating>
  <reviews>
   904322
  </reviews>
  <exclusive>
   no
  </exclusive>
 </clothing>
 <clothing>
  <id>
   363938961
  </id>
  <name>
   DC Sweater V-6969
  </name>
  <category>
   Sweater
  </category>
  <size>
   XXL
  </size>
  <color>
   Красный
  </color>
  <material>
   Шерсть
  </material>
  <price>
   285110
  </price>
  <rating>
   1.23
  </rating>
  <reviews>
   82529
  </reviews>
  <sporty>
   no
  </sporty>
 </clothing>
 <clothing>
  <id>
   165704956
  </id>
  <name>
   Under Armour Gloves G-3570
  </name>
  <category>
   Gloves
  </category>
  <size>
   L
  </size>
  <color>
   Синий
  </color>
  <material>
   Полиэстер
  </material>
  <price>
   700728
  </price>
  <rating>
   3.25
  </rating>
  <reviews>
   171414
  </reviews>
  <exclusive>
   yes
  </exclusive>
 </clothing>
 <clothing>
  <id>
   694890819
  </id>
  <name>
   PleinSport Umbrellas D-8159
  </name>
  <category>
   Umbrellas
  </category>
  <size>
   XXL
  </size>
  <color>
   Желтый
  </color>
  <material>
   Хлопок
  </material>
  <price>
   797517
  </price>
  <rating>
   4.8
  </rating>
  <reviews>
   616374
  </reviews>
  <new>
   +
  </new>
  <exclusive>
   no
  </exclusive>
  <sporty>
   no
  </sporty>
 </clothing>
 <clothing>
  <id>
   218404378
  </id>
  <name>
   Vans Belts A-8096
  </name>
  <category>
   Belts
  </category>
  <size>
   XXL
  </size>
  <color>
   Зеленый
  </color>
  <material>
   Лен
  </material>
  <price>
   436330
  </price>
  <rating>
   1.94
  </rating>
  <reviews>
   103491
  </reviews>
  <new>
   -
  </new>
 </clothing>
 <clothing>
  <id>
   707495104
  </id>
  <name>
   Under Armour Gloves F-2772
  </name>
  <category>
   Gloves
  </category>
  <size>
   XXL
  </size>
  <color>
   Синий
  </color>
  <material>
   Лен
  </material>
  <price>
   737921
  </price>
  <rating>
   1.41
  </rating>
  <reviews>
   815873
  </reviews>
  <new>
   -
  </new>
  <sporty>
   no
  </sporty>
 </clothing>
</clothing-items>
