<?xml version="1.0" encoding="utf-8"?>
<clothing-items>
 <clothing>
  <id>
   552581540
  </id>
  <name>
   Lacoste Jeans O-9914
  </name>
  <category>
   Jeans
  </category>
  <size>
   XL
  </size>
  <color>
   Оранжевый
  </color>
  <material>
   Вискоза
  </material>
  <price>
   756161
  </price>
  <rating>
   1.81
  </rating>
  <reviews>
   198897
  </reviews>
  <new>
   +
  </new>
  <exclusive>
   no
  </exclusive>
  <sporty>
   no
  </sporty>
 </clothing>
 <clothing>
  <id>
   821594360
  </id>
  <name>
   Addidas Pants G-2336
  </name>
  <category>
   Pants
  </category>
  <size>
   XL
  </size>
  <color>
   Фиолетовый
  </color>
  <material>
   Хлопок
  </material>
  <price>
   990070
  </price>
  <rating>
   2.1
  </rating>
  <reviews>
   277994
  </reviews>
  <new>
   +
  </new>
  <exclusive>
   no
  </exclusive>
 </clothing>
 <clothing>
  <id>
   144162219
  </id>
  <name>
   New Balance Shirt U-8298
  </name>
  <category>
   Shirt
  </category>
  <size>
   XXL
  </size>
  <color>
   Зеленый
  </color>
  <material>
   Полиэстер
  </material>
  <price>
   297893
  </price>
  <rating>
   1.35
  </rating>
  <reviews>
   301372
  </reviews>
  <sporty>
   no
  </sporty>
 </clothing>
 <clothing>
  <id>
   894422221
  </id>
  <name>
   Brooks Umbrellas E-3533
  </name>
  <category>
   Umbrellas
  </category>
  <size>
   M
  </size>
  <color>
   Зеленый
  </color>
  <material>
   Полиэстер
  </material>
  <price>
   584929
  </price>
  <rating>
   4.18
  </rating>
  <reviews>
   800906
  </reviews>
  <new>
   +
  </new>
  <exclusive>
   yes
  </exclusive>
  <sporty>
   no
  </sporty>
 </clothing>
 <clothing>
  <id>
   458028952
  </id>
  <name>
   Fila Belts R-2843
  </name>
  <category>
   Belts
  </category>
  <size>
   XL
  </size>
  <color>
   Красный
  </color>
  <material>
   Вискоза
  </material>
  <price>
   132630
  </price>
  <rating>
   2.16
  </rating>
  <reviews>
   682652
  </reviews>
  <new>
   +
  </new>
  <sporty>
   yes
  </sporty>
 </clothing>
 <clothing>
  <id>
   512864052
  </id>
  <name>
   Under Armour Shoes A-5610
  </name>
  <category>
   Shoes
  </category>
  <size>
   L
  </size>
  <color>
   Фиолетовый
  </color>
  <material>
   Вискоза
  </material>
  <price>
   449438
  </price>
  <rating>
   4.43
  </rating>
  <reviews>
   97703
  </reviews>
  <exclusive>
   yes
  </exclusive>
  <sporty>
   no
  </sporty>
 </clothing>
 <clothing>
  <id>
   394901795
  </id>
  <name>
   New Balance Sweater Y-6818
  </name>
  <category>
   Sweater
  </category>
  <size>
   M
  </size>
  <color>
   Голубой
  </color>
  <material>
   Нейлон
  </material>
  <price>
   280877
  </price>
  <rating>
   2.06
  </rating>
  <reviews>
   434409
  </reviews>
  <new>
   +
  </new>
  <exclusive>
   no
  </exclusive>
 </clothing>
 <clothing>
  <id>
   454274734
  </id>
  <name>
   Lacoste Umbrellas Y-6763
  </name>
  <category>
   Umbrellas
  </category>
  <size>
   XXL
  </size>
  <color>
   Фиолетовый
  </color>
  <material>
   Хлопок
  </material>
  <price>
   487803
  </price>
  <rating>
   2.79
  </rating>
  <reviews>
   501304
  </reviews>
 </clothing>
 <clothing>
  <id>
   481071261
  </id>
  <name>
   Ellesse Blouse M-2639
  </name>
  <category>
   Blouse
  </category>
  <size>
   XXL
  </size>
  <color>
   Голубой
  </color>
  <material>
   Кожа
  </material>
  <price>
   326851
  </price>
  <rating>
   3.58
  </rating>
  <reviews>
   37155
  </reviews>
  <new>
   -
  </new>
  <exclusive>
   no
  </exclusive>
 </clothing>
 <clothing>
  <id>
   644283089
  </id>
  <name>
   Puma Shirt S-1880
  </name>
  <category>
   Shirt
  </category>
  <size>
   XL
  </size>
  <color>
   Голубой
  </color>
  <material>
   Кожа
  </material>
  <price>
   645551
  </price>
  <rating>
   3.07
  </rating>
  <reviews>
   597978
  </reviews>
  <sporty>
   no
  </sporty>
 </clothing>
 <clothing>
  <id>
   642484363
  </id>
  <name>
   Reebok Belts K-5543
  </name>
  <category>
   Belts
  </category>
  <size>
   M
  </size>
  <color>
   Голубой
  </color>
  <material>
   Кожа
  </material>
  <price>
   478680
  </price>
  <rating>
   4.53
  </rating>
  <reviews>
   212698
  </reviews>
  <sporty>
   yes
  </sporty>
 </clothing>
 <clothing>
  <id>
   972432164
  </id>
  <name>
   Puma Pants G-6218
  </name>
  <category>
   Pants
  </category>
  <size>
   S
  </size>
  <color>
   Зеленый
  </color>
  <material>
   Хлопок
  </material>
  <price>
   506793
  </price>
  <rating>
   2.38
  </rating>
  <reviews>
   828154
  </reviews>
  <new>
   -
  </new>
  <sporty>
   yes
  </sporty>
 </clothing>
 <clothing>
  <id>
   594674546
  </id>
  <name>
   Under Armour Gloves O-6929
  </name>
  <category>
   Gloves
  </category>
  <size>
   S
  </size>
  <color>
   Голубой
  </color>
  <material>
   Полиэстер
  </material>
  <price>
   321068
  </price>
  <rating>
   3.29
  </rating>
  <reviews>
   426646
  </reviews>
 </clothing>
 <clothing>
  <id>
   939194258
  </id>
  <name>
   Ellesse Jeans X-6717
  </name>
  <category>
   Jeans
  </category>
  <size>
   S
  </size>
  <color>
   Голубой
  </color>
  <material>
   Вискоза
  </material>
  <price>
   611935
  </price>
  <rating>
   4.01
  </rating>
  <reviews>
   225873
  </reviews>
  <exclusive>
   yes
  </exclusive>
  <sporty>
   no
  </sporty>
 </clothing>
 <clothing>
  <id>
   340349514
  </id>
  <name>
   New Balance Shoes G-9238
  </name>
  <category>
   Shoes
  </category>
  <size>
   S
  </size>
  <color>
   Зеленый
  </color>
  <material>
   Хлопок
  </material>
  <price>
   203250
  </price>
  <rating>
   4.2
  </rating>
  <reviews>
   179786
  </reviews>
  <new>
   -
  </new>
  <sporty>
   no
  </sporty>
 </clothing>
 <clothing>
  <id>
   565714325
  </id>
  <name>
   Asics Umbrellas D-9107
  </name>
  <category>
   Umbrellas
  </category>
  <size>
   XL
  </size>
  <color>
   Синий
  </color>
  <material>
   Кожа
  </material>
  <price>
   502209
  </price>
  <rating>
   4.13
  </rating>
  <reviews>
   835712
  </reviews>
  <new>
   -
  </new>
  <exclusive>
   yes
  </exclusive>
  <sporty>
   yes
  </sporty>
 </clothing>
 <clothing>
  <id>
   677212363
  </id>
  <name>
   Brooks Socks Q-6334
  </name>
  <category>
   Socks
  </category>
  <size>
   XXL
  </size>
  <color>
   Фиолетовый
  </color>
  <material>
   Шерсть
  </material>
  <price>
   507022
  </price>
  <rating>
   4.21
  </rating>
  <reviews>
   338169
  </reviews>
  <exclusive>
   yes
  </exclusive>
  <sporty>
   yes
  </sporty>
 </clothing>
 <clothing>
  <id>
   313018486
  </id>
  <name>
   PleinSport Pants S-5356
  </name>
  <category>
   Pants
  </category>
  <size>
   XXL
  </size>
  <color>
   Фиолетовый
  </color>
  <material>
   Кожа
  </material>
  <price>
   749858
  </price>
  <rating>
   4.06
  </rating>
  <reviews>
   896531
  </reviews>
  <new>
   +
  </new>
  <exclusive>
   no
  </exclusive>
 </clothing>
 <clothing>
  <id>
   700330416
  </id>
  <name>
   Nike Umbrellas I-9696
  </name>
  <category>
   Umbrellas
  </category>
  <size>
   S
  </size>
  <color>
   Оранжевый
  </color>
  <material>
   Шелк
  </material>
  <price>
   693972
  </price>
  <rating>
   3.92
  </rating>
  <reviews>
   959275
  </reviews>
  <new>
   +
  </new>
 </clothing>
 <clothing>
  <id>
   335901210
  </id>
  <name>
   Addidas Hat O-3659
  </name>
  <category>
   Hat
  </category>
  <size>
   M
  </size>
  <color>
   Синий
  </color>
  <material>
   Нейлон
  </material>
  <price>
   689314
  </price>
  <rating>
   4.96
  </rating>
  <reviews>
   803675
  </reviews>
  <exclusive>
   yes
  </exclusive>
 </clothing>
 <clothing>
  <id>
   560637022
  </id>
  <name>
   Asics Blouse C-3194
  </name>
  <category>
   Blouse
  </category>
  <size>
   XXL
  </size>
  <color>
   Голубой
  </color>
  <material>
   Лен
  </material>
  <price>
   766717
  </price>
  <rating>
   4.19
  </rating>
  <reviews>
   404243
  </reviews>
  <new>
   -
  </new>
  <exclusive>
   yes
  </exclusive>
 </clothing>
 <clothing>
  <id>
   935062422
  </id>
  <name>
   Puma Skirt Q-8459
  </name>
  <category>
   Skirt
  </category>
  <size>
   XXL
  </size>
  <color>
   Фиолетовый
  </color>
  <material>
   Лен
  </material>
  <price>
   795252
  </price>
  <rating>
   3.83
  </rating>
  <reviews>
   177813
  </reviews>
  <exclusive>
   yes
  </exclusive>
  <sporty>
   no
  </sporty>
 </clothing>
 <clothing>
  <id>
   318743711
  </id>
  <name>
   Adidas Umbrellas Q-4808
  </name>
  <category>
   Umbrellas
  </category>
  <size>
   S
  </size>
  <color>
   Красный
  </color>
  <material>
   Лен
  </material>
  <price>
   430189
  </price>
  <rating>
   3.32
  </rating>
  <reviews>
   573452
  </reviews>
  <new>
   +
  </new>
  <exclusive>
   no
  </exclusive>
  <sporty>
   no
  </sporty>
 </clothing>
 <clothing>
  <id>
   731896312
  </id>
  <name>
   Ellesse Dress C-7859
  </name>
  <category>
   Dress
  </category>
  <size>
   XXL
  </size>
  <color>
   Красный
  </color>
  <material>
   Шерсть
  </material>
  <price>
   514781
  </price>
  <rating>
   4.52
  </rating>
  <reviews>
   469692
  </reviews>
  <new>
   +
  </new>
 </clothing>
 <clothing>
  <id>
   186433004
  </id>
  <name>
   Adidas Shirt U-9984
  </name>
  <category>
   Shirt
  </category>
  <size>
   S
  </size>
  <color>
   Голубой
  </color>
  <material>
   Вискоза
  </material>
  <price>
   340986
  </price>
  <rating>
   2.0
  </rating>
  <reviews>
   209668
  </reviews>
  <exclusive>
   no
  </exclusive>
  <sporty>
   yes
  </sporty>
 </clothing>
 <clothing>
  <id>
   837542089
  </id>
  <name>
   PleinSport Handbags B-6450
  </name>
  <category>
   Handbags
  </category>
  <size>
   M
  </size>
  <color>
   Голубой
  </color>
  <material>
   Шерсть
  </material>
  <price>
   605241
  </price>
  <rating>
   2.03
  </rating>
  <reviews>
   836926
  </reviews>
  <new>
   -
  </new>
  <exclusive>
   no
  </exclusive>
 </clothing>
 <clothing>
  <id>
   805603035
  </id>
  <name>
   DC Jacket M-6325
  </name>
  <category>
   Jacket
  </category>
  <size>
   XXL
  </size>
  <color>
   Оранжевый
  </color>
  <material>
   Нейлон
  </material>
  <price>
   937404
  </price>
  <rating>
   3.56
  </rating>
  <reviews>
   97321
  </reviews>
  <exclusive>
   no
  </exclusive>
 </clothing>
 <clothing>
  <id>
   313513905
  </id>
  <name>
   Reebok Pants V-9492
  </name>
  <category>
   Pants
  </category>
  <size>
   XL
  </size>
  <color>
   Желтый
  </color>
  <material>
   Кожа
  </material>
  <price>
   325560
  </price>
  <rating>
   4.53
  </rating>
  <reviews>
   186636
  </reviews>
  <new>
   +
  </new>
  <exclusive>
   yes
  </exclusive>
  <sporty>
   no
  </sporty>
 </clothing>
 <clothing>
  <id>
   106141388
  </id>
  <name>
   PleinSport T-shirt T-7515
  </name>
  <category>
   T-shirt
  </category>
  <size>
   XXL
  </size>
  <color>
   Голубой
  </color>
  <material>
   Полиэстер
  </material>
  <price>
   873686
  </price>
  <rating>
   2.42
  </rating>
  <reviews>
   613032
  </reviews>
  <new>
   +
  </new>
 </clothing>
 <clothing>
  <id>
   328399209
  </id>
  <name>
   Lacoste T-shirt J-9327
  </name>
  <category>
   T-shirt
  </category>
  <size>
   M
  </size>
  <color>
   Оранжевый
  </color>
  <material>
   Хлопок
  </material>
  <price>
   499789
  </price>
  <rating>
   2.36
  </rating>
  <reviews>
   273936
  </reviews>
  <exclusive>
   no
  </exclusive>
  <sporty>
   yes
  </sporty>
 </clothing>
 <clothing>
  <id>
   611192598
  </id>
  <name>
   PleinSport Belts U-2338
  </name>
  <category>
   Belts
  </category>
  <size>
   XXL
  </size>
  <color>
   Синий
  </color>
  <material>
   Кожа
  </material>
  <price>
   483096
  </price>
  <rating>
   1.26
  </rating>
  <reviews>
   104015
  </reviews>
  <new>
   -
  </new>
 </clothing>
 <clothing>
  <id>
   783456973
  </id>
  <name>
   Vans Belts H-6234
  </name>
  <category>
   Belts
  </category>
  <size>
   XXL
  </size>
  <color>
   Зеленый
  </color>
  <material>
   Шерсть
  </material>
  <price>
   921893
  </price>
  <rating>
   2.72
  </rating>
  <reviews>
   894502
  </reviews>
  <new>
   +
  </new>
  <sporty>
   no
  </sporty>
 </clothing>
 <clothing>
  <id>
   233806033
  </id>
  <name>
   Addidas Shoes D-3689
  </name>
  <category>
   Shoes
  </category>
  <size>
   XL
  </size>
  <color>
   Синий
  </color>
  <material>
   Кожа
  </material>
  <price>
   722147
  </price>
  <rating>
   1.01
  </rating>
  <reviews>
   322075
  </reviews>
  <new>
   +
  </new>
  <exclusive>
   no
  </exclusive>
  <sporty>
   no
  </sporty>
 </clothing>
 <clothing>
  <id>
   993137895
  </id>
  <name>
   Vans Hat M-5993
  </name>
  <category>
   Hat
  </category>
  <size>
   XL
  </size>
  <color>
   Синий
  </color>
  <material>
   Вискоза
  </material>
  <price>
   117025
  </price>
  <rating>
   4.31
  </rating>
  <reviews>
   715018
  </reviews>
  <exclusive>
   no
  </exclusive>
 </clothing>
 <clothing>
  <id>
   202441189
  </id>
  <name>
   Puma Handbags C-2183
  </name>
  <category>
   Handbags
  </category>
  <size>
   M
  </size>
  <color>
   Красный
  </color>
  <material>
   Шелк
  </material>
  <price>
   772418
  </price>
  <rating>
   2.72
  </rating>
  <reviews>
   331285
  </reviews>
  <new>
   +
  </new>
  <exclusive>
   yes
  </exclusive>
  <sporty>
   yes
  </sporty>
 </clothing>
 <clothing>
  <id>
   277012900
  </id>
  <name>
   Nike Pants V-4796
  </name>
  <category>
   Pants
  </category>
  <size>
   L
  </size>
  <color>
   Голубой
  </color>
  <material>
   Нейлон
  </material>
  <price>
   526472
  </price>
  <rating>
   2.77
  </rating>
  <reviews>
   893050
  </reviews>
  <exclusive>
   yes
  </exclusive>
 </clothing>
 <clothing>
  <id>
   992512352
  </id>
  <name>
   Adidas Hat E-8934
  </name>
  <category>
   Hat
  </category>
  <size>
   XXL
  </size>
  <color>
   Красный
  </color>
  <material>
   Шелк
  </material>
  <price>
   135527
  </price>
  <rating>
   1.28
  </rating>
  <reviews>
   913115
  </reviews>
  <new>
   -
  </new>
  <exclusive>
   yes
  </exclusive>
  <sporty>
   yes
  </sporty>
 </clothing>
 <clothing>
  <id>
   314218046
  </id>
  <name>
   Reebok Socks R-1537
  </name>
  <category>
   Socks
  </category>
  <size>
   XXL
  </size>
  <color>
   Красный
  </color>
  <material>
   Нейлон
  </material>
  <price>
   597906
  </price>
  <rating>
   3.74
  </rating>
  <reviews>
   507482
  </reviews>
  <exclusive>
   yes
  </exclusive>
 </clothing>
 <clothing>
  <id>
   705620722
  </id>
  <name>
   DC Hat F-5161
  </name>
  <category>
   Hat
  </category>
  <size>
   M
  </size>
  <color>
   Фиолетовый
  </color>
  <material>
   Хлопок
  </material>
  <price>
   839400
  </price>
  <rating>
   1.9
  </rating>
  <reviews>
   813765
  </reviews>
  <new>
   -
  </new>
  <sporty>
   no
  </sporty>
 </clothing>
 <clothing>
  <id>
   953417914
  </id>
  <name>
   Reebok Skirt P-2462
  </name>
  <category>
   Skirt
  </category>
  <size>
   XXL
  </size>
  <color>
   Желтый
  </color>
  <material>
   Шелк
  </material>
  <price>
   667375
  </price>
  <rating>
   4.31
  </rating>
  <reviews>
   967503
  </reviews>
  <new>
   +
  </new>
  <exclusive>
   yes
  </exclusive>
  <sporty>
   yes
  </sporty>
 </clothing>
 <clothing>
  <id>
   904830015
  </id>
  <name>
   Under Armour Jacket C-6436
  </name>
  <category>
   Jacket
  </category>
  <size>
   L
  </size>
  <color>
   Зеленый
  </color>
  <material>
   Лен
  </material>
  <price>
   635874
  </price>
  <rating>
   4.75
  </rating>
  <reviews>
   695188
  </reviews>
 </clothing>
</clothing-items>
