<?xml version="1.0" encoding="utf-8"?>
<clothing-items>
 <clothing>
  <id>
   555868545
  </id>
  <name>
   Reebok Socks U-8183
  </name>
  <category>
   Socks
  </category>
  <size>
   XXL
  </size>
  <color>
   Красный
  </color>
  <material>
   Кожа
  </material>
  <price>
   228886
  </price>
  <rating>
   4.2
  </rating>
  <reviews>
   348576
  </reviews>
  <new>
   -
  </new>
  <exclusive>
   no
  </exclusive>
 </clothing>
 <clothing>
  <id>
   859278081
  </id>
  <name>
   Vans Handbags P-8867
  </name>
  <category>
   Handbags
  </category>
  <size>
   S
  </size>
  <color>
   Синий
  </color>
  <material>
   Лен
  </material>
  <price>
   462037
  </price>
  <rating>
   2.87
  </rating>
  <reviews>
   555402
  </reviews>
  <exclusive>
   no
  </exclusive>
  <sporty>
   no
  </sporty>
 </clothing>
 <clothing>
  <id>
   144800431
  </id>
  <name>
   Reebok Socks U-5014
  </name>
  <category>
   Socks
  </category>
  <size>
   M
  </size>
  <color>
   Синий
  </color>
  <material>
   Шерсть
  </material>
  <price>
   512102
  </price>
  <rating>
   2.57
  </rating>
  <reviews>
   652774
  </reviews>
  <new>
   -
  </new>
  <exclusive>
   no
  </exclusive>
 </clothing>
 <clothing>
  <id>
   204508963
  </id>
  <name>
   Fila Umbrellas K-2707
  </name>
  <category>
   Umbrellas
  </category>
  <size>
   L
  </size>
  <color>
   Синий
  </color>
  <material>
   Лен
  </material>
  <price>
   333587
  </price>
  <rating>
   1.73
  </rating>
  <reviews>
   199806
  </reviews>
  <new>
   -
  </new>
  <exclusive>
   yes
  </exclusive>
  <sporty>
   no
  </sporty>
 </clothing>
 <clothing>
  <id>
   800818822
  </id>
  <name>
   Vans Skirt H-5344
  </name>
  <category>
   Skirt
  </category>
  <size>
   S
  </size>
  <color>
   Красный
  </color>
  <material>
   Шелк
  </material>
  <price>
   548221
  </price>
  <rating>
   2.87
  </rating>
  <reviews>
   540992
  </reviews>
  <new>
   +
  </new>
  <exclusive>
   no
  </exclusive>
  <sporty>
   no
  </sporty>
 </clothing>
 <clothing>
  <id>
   667012496
  </id>
  <name>
   Brooks Jeans O-3581
  </name>
  <category>
   Jeans
  </category>
  <size>
   XL
  </size>
  <color>
   Оранжевый
  </color>
  <material>
   Лен
  </material>
  <price>
   638503
  </price>
  <rating>
   2.39
  </rating>
  <reviews>
   901553
  </reviews>
  <new>
   +
  </new>
  <exclusive>
   no
  </exclusive>
  <sporty>
   yes
  </sporty>
 </clothing>
 <clothing>
  <id>
   476093671
  </id>
  <name>
   Vans Umbrellas K-1225
  </name>
  <category>
   Umbrellas
  </category>
  <size>
   S
  </size>
  <color>
   Синий
  </color>
  <material>
   Шелк
  </material>
  <price>
   373390
  </price>
  <rating>
   4.67
  </rating>
  <reviews>
   349432
  </reviews>
  <new>
   -
  </new>
  <exclusive>
   yes
  </exclusive>
  <sporty>
   yes
  </sporty>
 </clothing>
 <clothing>
  <id>
   958629041
  </id>
  <name>
   Vans Belts M-4219
  </name>
  <category>
   Belts
  </category>
  <size>
   XL
  </size>
  <color>
   Зеленый
  </color>
  <material>
   Кожа
  </material>
  <price>
   426373
  </price>
  <rating>
   2.59
  </rating>
  <reviews>
   162194
  </reviews>
  <new>
   -
  </new>
  <exclusive>
   yes
  </exclusive>
  <sporty>
   yes
  </sporty>
 </clothing>
 <clothing>
  <id>
   505226103
  </id>
  <name>
   Puma Socks U-1824
  </name>
  <category>
   Socks
  </category>
  <size>
   S
  </size>
  <color>
   Зеленый
  </color>
  <material>
   Хлопок
  </material>
  <price>
   829737
  </price>
  <rating>
   3.0
  </rating>
  <reviews>
   485318
  </reviews>
  <new>
   -
  </new>
  <exclusive>
   yes
  </exclusive>
  <sporty>
   yes
  </sporty>
 </clothing>
 <clothing>
  <id>
   335419226
  </id>
  <name>
   Lacoste Skirt M-5525
  </name>
  <category>
   Skirt
  </category>
  <size>
   XXL
  </size>
  <color>
   Синий
  </color>
  <material>
   Хлопок
  </material>
  <price>
   815496
  </price>
  <rating>
   3.21
  </rating>
  <reviews>
   382112
  </reviews>
  <new>
   -
  </new>
  <sporty>
   yes
  </sporty>
 </clothing>
 <clothing>
  <id>
   546962166
  </id>
  <name>
   Converse Umbrellas P-9396
  </name>
  <category>
   Umbrellas
  </category>
  <size>
   M
  </size>
  <color>
   Оранжевый
  </color>
  <material>
   Хлопок
  </material>
  <price>
   646832
  </price>
  <rating>
   1.4
  </rating>
  <reviews>
   915946
  </reviews>
  <sporty>
   no
  </sporty>
 </clothing>
 <clothing>
  <id>
   343732756
  </id>
  <name>
   Under Armour Jacket X-4186
  </name>
  <category>
   Jacket
  </category>
  <size>
   L
  </size>
  <color>
   Желтый
  </color>
  <material>
   Кожа
  </material>
  <price>
   572734
  </price>
  <rating>
   3.61
  </rating>
  <reviews>
   529492
  </reviews>
  <new>
   -
  </new>
  <sporty>
   no
  </sporty>
 </clothing>
 <clothing>
  <id>
   891168402
  </id>
  <name>
   Lacoste Belts T-6731
  </name>
  <category>
   Belts
  </category>
  <size>
   L
  </size>
  <color>
   Фиолетовый
  </color>
  <material>
   Шелк
  </material>
  <price>
   170339
  </price>
  <rating>
   2.98
  </rating>
  <reviews>
   185332
  </reviews>
  <new>
   +
  </new>
 </clothing>
 <clothing>
  <id>
   578413259
  </id>
  <name>
   Reebok Dress K-4666
  </name>
  <category>
   Dress
  </category>
  <size>
   XL
  </size>
  <color>
   Красный
  </color>
  <material>
   Полиэстер
  </material>
  <price>
   768390
  </price>
  <rating>
   2.54
  </rating>
  <reviews>
   688812
  </reviews>
  <new>
   +
  </new>
  <exclusive>
   yes
  </exclusive>
  <sporty>
   no
  </sporty>
 </clothing>
 <clothing>
  <id>
   157781757
  </id>
  <name>
   Puma Gloves K-3190
  </name>
  <category>
   Gloves
  </category>
  <size>
   M
  </size>
  <color>
   Фиолетовый
  </color>
  <material>
   Вискоза
  </material>
  <price>
   865218
  </price>
  <rating>
   4.07
  </rating>
  <reviews>
   412230
  </reviews>
  <exclusive>
   yes
  </exclusive>
  <sporty>
   yes
  </sporty>
 </clothing>
 <clothing>
  <id>
   221782718
  </id>
  <name>
   Converse Handbags P-7720
  </name>
  <category>
   Handbags
  </category>
  <size>
   XL
  </size>
  <color>
   Синий
  </color>
  <material>
   Кожа
  </material>
  <price>
   448717
  </price>
  <rating>
   2.72
  </rating>
  <reviews>
   435748
  </reviews>
  <new>
   -
  </new>
  <exclusive>
   yes
  </exclusive>
  <sporty>
   no
  </sporty>
 </clothing>
 <clothing>
  <id>
   927959503
  </id>
  <name>
   PleinSport Hat R-5090
  </name>
  <category>
   Hat
  </category>
  <size>
   XXL
  </size>
  <color>
   Фиолетовый
  </color>
  <material>
   Хлопок
  </material>
  <price>
   630132
  </price>
  <rating>
   3.66
  </rating>
  <reviews>
   589710
  </reviews>
  <sporty>
   no
  </sporty>
 </clothing>
 <clothing>
  <id>
   965556511
  </id>
  <name>
   Reebok Shoes N-7785
  </name>
  <category>
   Shoes
  </category>
  <size>
   S
  </size>
  <color>
   Фиолетовый
  </color>
  <material>
   Хлопок
  </material>
  <price>
   233609
  </price>
  <rating>
   2.93
  </rating>
  <reviews>
   514391
  </reviews>
  <sporty>
   no
  </sporty>
 </clothing>
 <clothing>
  <id>
   369397765
  </id>
  <name>
   Reebok Handbags W-9634
  </name>
  <category>
   Handbags
  </category>
  <size>
   M
  </size>
  <color>
   Голубой
  </color>
  <material>
   Нейлон
  </material>
  <price>
   608582
  </price>
  <rating>
   4.59
  </rating>
  <reviews>
   969155
  </reviews>
  <new>
   -
  </new>
 </clothing>
 <clothing>
  <id>
   675285219
  </id>
  <name>
   Vans Blouse I-6378
  </name>
  <category>
   Blouse
  </category>
  <size>
   M
  </size>
  <color>
   Красный
  </color>
  <material>
   Шерсть
  </material>
  <price>
   622600
  </price>
  <rating>
   4.86
  </rating>
  <reviews>
   960720
  </reviews>
  <exclusive>
   yes
  </exclusive>
  <sporty>
   no
  </sporty>
 </clothing>
 <clothing>
  <id>
   430245151
  </id>
  <name>
   Lacoste Dress R-8755
  </name>
  <category>
   Dress
  </category>
  <size>
   L
  </size>
  <color>
   Красный
  </color>
  <material>
   Нейлон
  </material>
  <price>
   267076
  </price>
  <rating>
   4.13
  </rating>
  <reviews>
   693510
  </reviews>
  <exclusive>
   yes
  </exclusive>
  <sporty>
   no
  </sporty>
 </clothing>
 <clothing>
  <id>
   532567911
  </id>
  <name>
   New Balance Shoes Q-2797
  </name>
  <category>
   Shoes
  </category>
  <size>
   M
  </size>
  <color>
   Голубой
  </color>
  <material>
   Вискоза
  </material>
  <price>
   732629
  </price>
  <rating>
   3.0
  </rating>
  <reviews>
   30003
  </reviews>
  <new>
   -
  </new>
  <exclusive>
   no
  </exclusive>
 </clothing>
 <clothing>
  <id>
   629719545
  </id>
  <name>
   Puma Pants W-2341
  </name>
  <category>
   Pants
  </category>
  <size>
   XL
  </size>
  <color>
   Синий
  </color>
  <material>
   Шелк
  </material>
  <price>
   522954
  </price>
  <rating>
   4.96
  </rating>
  <reviews>
   133530
  </reviews>
  <exclusive>
   yes
  </exclusive>
  <sporty>
   yes
  </sporty>
 </clothing>
 <clothing>
  <id>
   311770110
  </id>
  <name>
   DC Hat I-2648
  </name>
  <category>
   Hat
  </category>
  <size>
   S
  </size>
  <color>
   Зеленый
  </color>
  <material>
   Нейлон
  </material>
  <price>
   750303
  </price>
  <rating>
   3.64
  </rating>
  <reviews>
   563204
  </reviews>
  <new>
   -
  </new>
  <exclusive>
   yes
  </exclusive>
 </clothing>
 <clothing>
  <id>
   559831440
  </id>
  <name>
   Puma Jeans E-2479
  </name>
  <category>
   Jeans
  </category>
  <size>
   XXL
  </size>
  <color>
   Красный
  </color>
  <material>
   Полиэстер
  </material>
  <price>
   763782
  </price>
  <rating>
   2.33
  </rating>
  <reviews>
   884846
  </reviews>
  <new>
   -
  </new>
  <exclusive>
   no
  </exclusive>
  <sporty>
   yes
  </sporty>
 </clothing>
 <clothing>
  <id>
   214706084
  </id>
  <name>
   Adidas Shirt P-5589
  </name>
  <category>
   Shirt
  </category>
  <size>
   XXL
  </size>
  <color>
   Голубой
  </color>
  <material>
   Лен
  </material>
  <price>
   404237
  </price>
  <rating>
   4.37
  </rating>
  <reviews>
   974617
  </reviews>
  <exclusive>
   no
  </exclusive>
  <sporty>
   no
  </sporty>
 </clothing>
 <clothing>
  <id>
   735617930
  </id>
  <name>
   New Balance Jacket M-4293
  </name>
  <category>
   Jacket
  </category>
  <size>
   S
  </size>
  <color>
   Зеленый
  </color>
  <material>
   Кожа
  </material>
  <price>
   252975
  </price>
  <rating>
   4.89
  </rating>
  <reviews>
   176620
  </reviews>
  <new>
   +
  </new>
 </clothing>
</clothing-items>
