<?xml version="1.0" encoding="utf-8"?>
<clothing-items>
 <clothing>
  <id>
   895308776
  </id>
  <name>
   Brooks Dress P-6088
  </name>
  <category>
   Dress
  </category>
  <size>
   L
  </size>
  <color>
   Оранжевый
  </color>
  <material>
   Полиэстер
  </material>
  <price>
   393206
  </price>
  <rating>
   2.23
  </rating>
  <reviews>
   5522
  </reviews>
  <exclusive>
   yes
  </exclusive>
 </clothing>
 <clothing>
  <id>
   708891560
  </id>
  <name>
   Fila Handbags E-7165
  </name>
  <category>
   Handbags
  </category>
  <size>
   XL
  </size>
  <color>
   Желтый
  </color>
  <material>
   Полиэстер
  </material>
  <price>
   129963
  </price>
  <rating>
   3.68
  </rating>
  <reviews>
   661732
  </reviews>
  <exclusive>
   yes
  </exclusive>
 </clothing>
 <clothing>
  <id>
   729710325
  </id>
  <name>
   PleinSport Sweater X-5493
  </name>
  <category>
   Sweater
  </category>
  <size>
   M
  </size>
  <color>
   Красный
  </color>
  <material>
   Кожа
  </material>
  <price>
   425259
  </price>
  <rating>
   4.42
  </rating>
  <reviews>
   401196
  </reviews>
  <new>
   +
  </new>
  <exclusive>
   no
  </exclusive>
 </clothing>
 <clothing>
  <id>
   114720765
  </id>
  <name>
   DC Hat H-1037
  </name>
  <category>
   Hat
  </category>
  <size>
   S
  </size>
  <color>
   Фиолетовый
  </color>
  <material>
   Лен
  </material>
  <price>
   768981
  </price>
  <rating>
   3.22
  </rating>
  <reviews>
   189235
  </reviews>
  <new>
   -
  </new>
 </clothing>
 <clothing>
  <id>
   822004897
  </id>
  <name>
   Nike Dress E-9675
  </name>
  <category>
   Dress
  </category>
  <size>
   M
  </size>
  <color>
   Синий
  </color>
  <material>
   Вискоза
  </material>
  <price>
   651182
  </price>
  <rating>
   3.32
  </rating>
  <reviews>
   524136
  </reviews>
  <new>
   +
  </new>
  <sporty>
   yes
  </sporty>
 </clothing>
 <clothing>
  <id>
   189292469
  </id>
  <name>
   DC Shoes J-3389
  </name>
  <category>
   Shoes
  </category>
  <size>
   M
  </size>
  <color>
   Голубой
  </color>
  <material>
   Кожа
  </material>
  <price>
   166927
  </price>
  <rating>
   1.56
  </rating>
  <reviews>
   998274
  </reviews>
  <sporty>
   no
  </sporty>
 </clothing>
 <clothing>
  <id>
   980670255
  </id>
  <name>
   Vans Jacket R-8997
  </name>
  <category>
   Jacket
  </category>
  <size>
   XL
  </size>
  <color>
   Фиолетовый
  </color>
  <material>
   Лен
  </material>
  <price>
   920335
  </price>
  <rating>
   2.74
  </rating>
  <reviews>
   692107
  </reviews>
  <new>
   +
  </new>
  <exclusive>
   no
  </exclusive>
  <sporty>
   no
  </sporty>
 </clothing>
 <clothing>
  <id>
   425007187
  </id>
  <name>
   Asics Shoes D-4447
  </name>
  <category>
   Shoes
  </category>
  <size>
   M
  </size>
  <color>
   Синий
  </color>
  <material>
   Шелк
  </material>
  <price>
   598650
  </price>
  <rating>
   2.36
  </rating>
  <reviews>
   79367
  </reviews>
  <new>
   +
  </new>
 </clothing>
 <clothing>
  <id>
   198366313
  </id>
  <name>
   Vans Sweater Q-6129
  </name>
  <category>
   Sweater
  </category>
  <size>
   M
  </size>
  <color>
   Оранжевый
  </color>
  <material>
   Нейлон
  </material>
  <price>
   985186
  </price>
  <rating>
   2.02
  </rating>
  <reviews>
   151683
  </reviews>
 </clothing>
 <clothing>
  <id>
   221362440
  </id>
  <name>
   Lacoste Handbags L-2280
  </name>
  <category>
   Handbags
  </category>
  <size>
   XL
  </size>
  <color>
   Голубой
  </color>
  <material>
   Шелк
  </material>
  <price>
   469241
  </price>
  <rating>
   4.64
  </rating>
  <reviews>
   471066
  </reviews>
  <exclusive>
   no
  </exclusive>
 </clothing>
 <clothing>
  <id>
   952300005
  </id>
  <name>
   Ellesse Blouse G-5203
  </name>
  <category>
   Blouse
  </category>
  <size>
   XXL
  </size>
  <color>
   Фиолетовый
  </color>
  <material>
   Вискоза
  </material>
  <price>
   601347
  </price>
  <rating>
   1.09
  </rating>
  <reviews>
   413242
  </reviews>
  <exclusive>
   no
  </exclusive>
 </clothing>
 <clothing>
  <id>
   957747211
  </id>
  <name>
   New Balance Blouse D-7347
  </name>
  <category>
   Blouse
  </category>
  <size>
   M
  </size>
  <color>
   Оранжевый
  </color>
  <material>
   Лен
  </material>
  <price>
   995058
  </price>
  <rating>
   4.57
  </rating>
  <reviews>
   437378
  </reviews>
  <new>
   -
  </new>
  <exclusive>
   no
  </exclusive>
 </clothing>
 <clothing>
  <id>
   332783157
  </id>
  <name>
   Addidas Belts D-7954
  </name>
  <category>
   Belts
  </category>
  <size>
   M
  </size>
  <color>
   Синий
  </color>
  <material>
   Кожа
  </material>
  <price>
   299454
  </price>
  <rating>
   2.51
  </rating>
  <reviews>
   522496
  </reviews>
  <new>
   -
  </new>
  <exclusive>
   no
  </exclusive>
 </clothing>
 <clothing>
  <id>
   211311073
  </id>
  <name>
   Ellesse Jeans R-7361
  </name>
  <category>
   Jeans
  </category>
  <size>
   S
  </size>
  <color>
   Зеленый
  </color>
  <material>
   Лен
  </material>
  <price>
   265552
  </price>
  <rating>
   4.11
  </rating>
  <reviews>
   315383
  </reviews>
  <new>
   +
  </new>
  <exclusive>
   no
  </exclusive>
 </clothing>
 <clothing>
  <id>
   175769426
  </id>
  <name>
   Puma Jeans N-7603
  </name>
  <category>
   Jeans
  </category>
  <size>
   S
  </size>
  <color>
   Красный
  </color>
  <material>
   Полиэстер
  </material>
  <price>
   393128
  </price>
  <rating>
   1.13
  </rating>
  <reviews>
   357908
  </reviews>
  <sporty>
   yes
  </sporty>
 </clothing>
 <clothing>
  <id>
   874919114
  </id>
  <name>
   Addidas Shoes M-8162
  </name>
  <category>
   Shoes
  </category>
  <size>
   XXL
  </size>
  <color>
   Синий
  </color>
  <material>
   Вискоза
  </material>
  <price>
   847440
  </price>
  <rating>
   1.14
  </rating>
  <reviews>
   21592
  </reviews>
  <new>
   -
  </new>
  <sporty>
   no
  </sporty>
 </clothing>
 <clothing>
  <id>
   895540165
  </id>
  <name>
   Puma Shirt E-3860
  </name>
  <category>
   Shirt
  </category>
  <size>
   XL
  </size>
  <color>
   Оранжевый
  </color>
  <material>
   Нейлон
  </material>
  <price>
   143075
  </price>
  <rating>
   3.54
  </rating>
  <reviews>
   762630
  </reviews>
  <sporty>
   no
  </sporty>
 </clothing>
 <clothing>
  <id>
   257310602
  </id>
  <name>
   Reebok Pants Z-7217
  </name>
  <category>
   Pants
  </category>
  <size>
   L
  </size>
  <color>
   Желтый
  </color>
  <material>
   Вискоза
  </material>
  <price>
   984734
  </price>
  <rating>
   2.26
  </rating>
  <reviews>
   672863
  </reviews>
  <exclusive>
   no
  </exclusive>
  <sporty>
   yes
  </sporty>
 </clothing>
 <clothing>
  <id>
   690809027
  </id>
  <name>
   Brooks Belts B-6404
  </name>
  <category>
   Belts
  </category>
  <size>
   XXL
  </size>
  <color>
   Зеленый
  </color>
  <material>
   Кожа
  </material>
  <price>
   141318
  </price>
  <rating>
   3.87
  </rating>
  <reviews>
   306910
  </reviews>
  <exclusive>
   no
  </exclusive>
  <sporty>
   yes
  </sporty>
 </clothing>
 <clothing>
  <id>
   541581613
  </id>
  <name>
   Under Armour Jeans V-2372
  </name>
  <category>
   Jeans
  </category>
  <size>
   M
  </size>
  <color>
   Желтый
  </color>
  <material>
   Шерсть
  </material>
  <price>
   680134
  </price>
  <rating>
   2.63
  </rating>
  <reviews>
   131654
  </reviews>
  <new>
   -
  </new>
  <exclusive>
   yes
  </exclusive>
  <sporty>
   no
  </sporty>
 </clothing>
 <clothing>
  <id>
   411312782
  </id>
  <name>
   Fila Shirt T-7299
  </name>
  <category>
   Shirt
  </category>
  <size>
   XL
  </size>
  <color>
   Красный
  </color>
  <material>
   Лен
  </material>
  <price>
   435907
  </price>
  <rating>
   3.71
  </rating>
  <reviews>
   602678
  </reviews>
  <exclusive>
   yes
  </exclusive>
 </clothing>
 <clothing>
  <id>
   952769472
  </id>
  <name>
   Nike Socks N-5049
  </name>
  <category>
   Socks
  </category>
  <size>
   XL
  </size>
  <color>
   Желтый
  </color>
  <material>
   Нейлон
  </material>
  <price>
   539701
  </price>
  <rating>
   3.97
  </rating>
  <reviews>
   107873
  </reviews>
  <new>
   -
  </new>
  <exclusive>
   no
  </exclusive>
  <sporty>
   yes
  </sporty>
 </clothing>
 <clothing>
  <id>
   727599777
  </id>
  <name>
   Brooks Handbags F-4106
  </name>
  <category>
   Handbags
  </category>
  <size>
   S
  </size>
  <color>
   Голубой
  </color>
  <material>
   Полиэстер
  </material>
  <price>
   580619
  </price>
  <rating>
   4.47
  </rating>
  <reviews>
   550513
  </reviews>
  <exclusive>
   no
  </exclusive>
  <sporty>
   yes
  </sporty>
 </clothing>
 <clothing>
  <id>
   583932463
  </id>
  <name>
   PleinSport Jacket N-3188
  </name>
  <category>
   Jacket
  </category>
  <size>
   S
  </size>
  <color>
   Зеленый
  </color>
  <material>
   Нейлон
  </material>
  <price>
   169216
  </price>
  <rating>
   2.3
  </rating>
  <reviews>
   367293
  </reviews>
 </clothing>
 <clothing>
  <id>
   370003981
  </id>
  <name>
   Ellesse Handbags Q-6692
  </name>
  <category>
   Handbags
  </category>
  <size>
   XL
  </size>
  <color>
   Оранжевый
  </color>
  <material>
   Шерсть
  </material>
  <price>
   833086
  </price>
  <rating>
   1.84
  </rating>
  <reviews>
   840159
  </reviews>
  <new>
   +
  </new>
  <exclusive>
   yes
  </exclusive>
  <sporty>
   yes
  </sporty>
 </clothing>
 <clothing>
  <id>
   764566805
  </id>
  <name>
   Ellesse Skirt J-3083
  </name>
  <category>
   Skirt
  </category>
  <size>
   L
  </size>
  <color>
   Голубой
  </color>
  <material>
   Вискоза
  </material>
  <price>
   480709
  </price>
  <rating>
   2.2
  </rating>
  <reviews>
   574501
  </reviews>
  <sporty>
   yes
  </sporty>
 </clothing>
 <clothing>
  <id>
   817483997
  </id>
  <name>
   Lacoste Shoes Y-5602
  </name>
  <category>
   Shoes
  </category>
  <size>
   XXL
  </size>
  <color>
   Фиолетовый
  </color>
  <material>
   Вискоза
  </material>
  <price>
   867259
  </price>
  <rating>
   1.06
  </rating>
  <reviews>
   500700
  </reviews>
  <new>
   -
  </new>
  <exclusive>
   no
  </exclusive>
 </clothing>
 <clothing>
  <id>
   106409144
  </id>
  <name>
   PleinSport Blouse B-1953
  </name>
  <category>
   Blouse
  </category>
  <size>
   XL
  </size>
  <color>
   Фиолетовый
  </color>
  <material>
   Хлопок
  </material>
  <price>
   352965
  </price>
  <rating>
   4.18
  </rating>
  <reviews>
   871817
  </reviews>
  <new>
   +
  </new>
  <exclusive>
   no
  </exclusive>
 </clothing>
 <clothing>
  <id>
   700679857
  </id>
  <name>
   Addidas Belts B-5624
  </name>
  <category>
   Belts
  </category>
  <size>
   S
  </size>
  <color>
   Синий
  </color>
  <material>
   Шелк
  </material>
  <price>
   391597
  </price>
  <rating>
   3.54
  </rating>
  <reviews>
   553161
  </reviews>
  <new>
   -
  </new>
  <sporty>
   yes
  </sporty>
 </clothing>
 <clothing>
  <id>
   727132291
  </id>
  <name>
   Under Armour Blouse I-3610
  </name>
  <category>
   Blouse
  </category>
  <size>
   M
  </size>
  <color>
   Красный
  </color>
  <material>
   Полиэстер
  </material>
  <price>
   862154
  </price>
  <rating>
   1.59
  </rating>
  <reviews>
   889150
  </reviews>
  <new>
   +
  </new>
  <exclusive>
   yes
  </exclusive>
  <sporty>
   yes
  </sporty>
 </clothing>
 <clothing>
  <id>
   392409698
  </id>
  <name>
   Nike Belts U-8395
  </name>
  <category>
   Belts
  </category>
  <size>
   XL
  </size>
  <color>
   Синий
  </color>
  <material>
   Полиэстер
  </material>
  <price>
   732121
  </price>
  <rating>
   3.97
  </rating>
  <reviews>
   165103
  </reviews>
  <exclusive>
   no
  </exclusive>
 </clothing>
 <clothing>
  <id>
   122568452
  </id>
  <name>
   Ellesse Skirt X-3120
  </name>
  <category>
   Skirt
  </category>
  <size>
   L
  </size>
  <color>
   Красный
  </color>
  <material>
   Шелк
  </material>
  <price>
   257529
  </price>
  <rating>
   3.8
  </rating>
  <reviews>
   619007
  </reviews>
  <new>
   +
  </new>
  <sporty>
   no
  </sporty>
 </clothing>
 <clothing>
  <id>
   990602793
  </id>
  <name>
   Vans Jacket Z-8559
  </name>
  <category>
   Jacket
  </category>
  <size>
   S
  </size>
  <color>
   Оранжевый
  </color>
  <material>
   Вискоза
  </material>
  <price>
   364982
  </price>
  <rating>
   4.73
  </rating>
  <reviews>
   310730
  </reviews>
  <new>
   -
  </new>
  <exclusive>
   yes
  </exclusive>
 </clothing>
 <clothing>
  <id>
   745991275
  </id>
  <name>
   Nike Shoes B-7868
  </name>
  <category>
   Shoes
  </category>
  <size>
   L
  </size>
  <color>
   Зеленый
  </color>
  <material>
   Шелк
  </material>
  <price>
   598862
  </price>
  <rating>
   1.87
  </rating>
  <reviews>
   449211
  </reviews>
  <new>
   +
  </new>
 </clothing>
 <clothing>
  <id>
   212073199
  </id>
  <name>
   DC Pants N-4603
  </name>
  <category>
   Pants
  </category>
  <size>
   M
  </size>
  <color>
   Фиолетовый
  </color>
  <material>
   Шелк
  </material>
  <price>
   530327
  </price>
  <rating>
   4.18
  </rating>
  <reviews>
   730379
  </reviews>
  <exclusive>
   no
  </exclusive>
  <sporty>
   no
  </sporty>
 </clothing>
 <clothing>
  <id>
   521520752
  </id>
  <name>
   Puma Dress M-8173
  </name>
  <category>
   Dress
  </category>
  <size>
   XL
  </size>
  <color>
   Красный
  </color>
  <material>
   Кожа
  </material>
  <price>
   113062
  </price>
  <rating>
   3.58
  </rating>
  <reviews>
   238673
  </reviews>
 </clothing>
 <clothing>
  <id>
   129500904
  </id>
  <name>
   Nike Sweater G-5083
  </name>
  <category>
   Sweater
  </category>
  <size>
   M
  </size>
  <color>
   Оранжевый
  </color>
  <material>
   Полиэстер
  </material>
  <price>
   372111
  </price>
  <rating>
   1.12
  </rating>
  <reviews>
   870216
  </reviews>
  <new>
   +
  </new>
  <exclusive>
   no
  </exclusive>
  <sporty>
   no
  </sporty>
 </clothing>
 <clothing>
  <id>
   927084649
  </id>
  <name>
   New Balance Sweater J-8555
  </name>
  <category>
   Sweater
  </category>
  <size>
   M
  </size>
  <color>
   Желтый
  </color>
  <material>
   Шелк
  </material>
  <price>
   854128
  </price>
  <rating>
   1.88
  </rating>
  <reviews>
   136491
  </reviews>
  <exclusive>
   no
  </exclusive>
 </clothing>
 <clothing>
  <id>
   552938077
  </id>
  <name>
   Puma Belts H-7910
  </name>
  <category>
   Belts
  </category>
  <size>
   M
  </size>
  <color>
   Желтый
  </color>
  <material>
   Лен
  </material>
  <price>
   721832
  </price>
  <rating>
   2.04
  </rating>
  <reviews>
   123103
  </reviews>
  <sporty>
   yes
  </sporty>
 </clothing>
 <clothing>
  <id>
   857654644
  </id>
  <name>
   Fila T-shirt B-9032
  </name>
  <category>
   T-shirt
  </category>
  <size>
   XL
  </size>
  <color>
   Голубой
  </color>
  <material>
   Шерсть
  </material>
  <price>
   822086
  </price>
  <rating>
   4.57
  </rating>
  <reviews>
   766560
  </reviews>
  <new>
   +
  </new>
 </clothing>
 <clothing>
  <id>
   103661591
  </id>
  <name>
   Ellesse Gloves P-7116
  </name>
  <category>
   Gloves
  </category>
  <size>
   L
  </size>
  <color>
   Оранжевый
  </color>
  <material>
   Хлопок
  </material>
  <price>
   546681
  </price>
  <rating>
   2.2
  </rating>
  <reviews>
   582411
  </reviews>
  <sporty>
   yes
  </sporty>
 </clothing>
 <clothing>
  <id>
   542170634
  </id>
  <name>
   DC Shirt Q-2297
  </name>
  <category>
   Shirt
  </category>
  <size>
   M
  </size>
  <color>
   Зеленый
  </color>
  <material>
   Шелк
  </material>
  <price>
   941816
  </price>
  <rating>
   3.19
  </rating>
  <reviews>
   868109
  </reviews>
  <sporty>
   yes
  </sporty>
 </clothing>
</clothing-items>
