<?xml version="1.0" encoding="utf-8"?>
<clothing-items>
 <clothing>
  <id>
   544831392
  </id>
  <name>
   PleinSport Belts S-1475
  </name>
  <category>
   Belts
  </category>
  <size>
   L
  </size>
  <color>
   Голубой
  </color>
  <material>
   Шелк
  </material>
  <price>
   945557
  </price>
  <rating>
   2.0
  </rating>
  <reviews>
   317902
  </reviews>
  <exclusive>
   no
  </exclusive>
 </clothing>
 <clothing>
  <id>
   701488838
  </id>
  <name>
   Under Armour Handbags G-5099
  </name>
  <category>
   Handbags
  </category>
  <size>
   XXL
  </size>
  <color>
   Голубой
  </color>
  <material>
   Лен
  </material>
  <price>
   910905
  </price>
  <rating>
   4.42
  </rating>
  <reviews>
   77911
  </reviews>
  <new>
   -
  </new>
 </clothing>
 <clothing>
  <id>
   811343718
  </id>
  <name>
   PleinSport Sweater R-6352
  </name>
  <category>
   Sweater
  </category>
  <size>
   M
  </size>
  <color>
   Голубой
  </color>
  <material>
   Лен
  </material>
  <price>
   402001
  </price>
  <rating>
   3.79
  </rating>
  <reviews>
   234392
  </reviews>
  <new>
   +
  </new>
  <exclusive>
   no
  </exclusive>
  <sporty>
   no
  </sporty>
 </clothing>
 <clothing>
  <id>
   423379293
  </id>
  <name>
   Vans Hat F-1110
  </name>
  <category>
   Hat
  </category>
  <size>
   M
  </size>
  <color>
   Голубой
  </color>
  <material>
   Лен
  </material>
  <price>
   156738
  </price>
  <rating>
   2.1
  </rating>
  <reviews>
   959992
  </reviews>
  <new>
   -
  </new>
  <exclusive>
   no
  </exclusive>
 </clothing>
 <clothing>
  <id>
   449105835
  </id>
  <name>
   Fila Hat F-1982
  </name>
  <category>
   Hat
  </category>
  <size>
   M
  </size>
  <color>
   Фиолетовый
  </color>
  <material>
   Шелк
  </material>
  <price>
   308363
  </price>
  <rating>
   1.51
  </rating>
  <reviews>
   925143
  </reviews>
  <exclusive>
   no
  </exclusive>
  <sporty>
   yes
  </sporty>
 </clothing>
 <clothing>
  <id>
   912801031
  </id>
  <name>
   Vans Dress Y-4566
  </name>
  <category>
   Dress
  </category>
  <size>
   M
  </size>
  <color>
   Оранжевый
  </color>
  <material>
   Шелк
  </material>
  <price>
   174204
  </price>
  <rating>
   4.27
  </rating>
  <reviews>
   152810
  </reviews>
  <exclusive>
   no
  </exclusive>
  <sporty>
   no
  </sporty>
 </clothing>
 <clothing>
  <id>
   743564794
  </id>
  <name>
   Brooks Gloves Q-6193
  </name>
  <category>
   Gloves
  </category>
  <size>
   XXL
  </size>
  <color>
   Зеленый
  </color>
  <material>
   Шерсть
  </material>
  <price>
   195930
  </price>
  <rating>
   4.62
  </rating>
  <reviews>
   910498
  </reviews>
  <new>
   +
  </new>
  <exclusive>
   no
  </exclusive>
  <sporty>
   no
  </sporty>
 </clothing>
 <clothing>
  <id>
   377041847
  </id>
  <name>
   Adidas Belts O-8117
  </name>
  <category>
   Belts
  </category>
  <size>
   L
  </size>
  <color>
   Красный
  </color>
  <material>
   Полиэстер
  </material>
  <price>
   297745
  </price>
  <rating>
   3.52
  </rating>
  <reviews>
   167790
  </reviews>
  <new>
   +
  </new>
  <exclusive>
   no
  </exclusive>
  <sporty>
   yes
  </sporty>
 </clothing>
 <clothing>
  <id>
   756595780
  </id>
  <name>
   New Balance T-shirt D-7007
  </name>
  <category>
   T-shirt
  </category>
  <size>
   L
  </size>
  <color>
   Фиолетовый
  </color>
  <material>
   Шелк
  </material>
  <price>
   201673
  </price>
  <rating>
   3.05
  </rating>
  <reviews>
   34562
  </reviews>
 </clothing>
 <clothing>
  <id>
   387367722
  </id>
  <name>
   Reebok Socks W-1822
  </name>
  <category>
   Socks
  </category>
  <size>
   L
  </size>
  <color>
   Желтый
  </color>
  <material>
   Шерсть
  </material>
  <price>
   156037
  </price>
  <rating>
   1.83
  </rating>
  <reviews>
   667442
  </reviews>
  <new>
   -
  </new>
  <exclusive>
   yes
  </exclusive>
 </clothing>
 <clothing>
  <id>
   925222162
  </id>
  <name>
   Nike Blouse X-6797
  </name>
  <category>
   Blouse
  </category>
  <size>
   S
  </size>
  <color>
   Оранжевый
  </color>
  <material>
   Хлопок
  </material>
  <price>
   298497
  </price>
  <rating>
   3.54
  </rating>
  <reviews>
   204564
  </reviews>
  <exclusive>
   yes
  </exclusive>
  <sporty>
   no
  </sporty>
 </clothing>
 <clothing>
  <id>
   732716690
  </id>
  <name>
   Reebok Jeans G-9284
  </name>
  <category>
   Jeans
  </category>
  <size>
   XXL
  </size>
  <color>
   Голубой
  </color>
  <material>
   Шелк
  </material>
  <price>
   702908
  </price>
  <rating>
   2.06
  </rating>
  <reviews>
   557624
  </reviews>
  <new>
   +
  </new>
  <sporty>
   no
  </sporty>
 </clothing>
 <clothing>
  <id>
   489525190
  </id>
  <name>
   Vans Gloves A-2354
  </name>
  <category>
   Gloves
  </category>
  <size>
   XXL
  </size>
  <color>
   Желтый
  </color>
  <material>
   Лен
  </material>
  <price>
   887360
  </price>
  <rating>
   4.74
  </rating>
  <reviews>
   767960
  </reviews>
  <exclusive>
   no
  </exclusive>
  <sporty>
   no
  </sporty>
 </clothing>
 <clothing>
  <id>
   955656668
  </id>
  <name>
   Nike Jacket Z-6634
  </name>
  <category>
   Jacket
  </category>
  <size>
   S
  </size>
  <color>
   Зеленый
  </color>
  <material>
   Нейлон
  </material>
  <price>
   451316
  </price>
  <rating>
   3.26
  </rating>
  <reviews>
   212565
  </reviews>
  <exclusive>
   yes
  </exclusive>
  <sporty>
   no
  </sporty>
 </clothing>
 <clothing>
  <id>
   121898601
  </id>
  <name>
   New Balance Pants U-8540
  </name>
  <category>
   Pants
  </category>
  <size>
   L
  </size>
  <color>
   Зеленый
  </color>
  <material>
   Нейлон
  </material>
  <price>
   276691
  </price>
  <rating>
   3.7
  </rating>
  <reviews>
   631598
  </reviews>
  <exclusive>
   no
  </exclusive>
 </clothing>
 <clothing>
  <id>
   347764199
  </id>
  <name>
   Asics Hat E-6933
  </name>
  <category>
   Hat
  </category>
  <size>
   XL
  </size>
  <color>
   Оранжевый
  </color>
  <material>
   Вискоза
  </material>
  <price>
   803785
  </price>
  <rating>
   2.25
  </rating>
  <reviews>
   404471
  </reviews>
  <exclusive>
   no
  </exclusive>
  <sporty>
   no
  </sporty>
 </clothing>
 <clothing>
  <id>
   933303991
  </id>
  <name>
   Converse Dress W-5670
  </name>
  <category>
   Dress
  </category>
  <size>
   M
  </size>
  <color>
   Желтый
  </color>
  <material>
   Полиэстер
  </material>
  <price>
   302430
  </price>
  <rating>
   3.06
  </rating>
  <reviews>
   211943
  </reviews>
  <sporty>
   yes
  </sporty>
 </clothing>
 <clothing>
  <id>
   554266797
  </id>
  <name>
   Vans Gloves E-1586
  </name>
  <category>
   Gloves
  </category>
  <size>
   L
  </size>
  <color>
   Желтый
  </color>
  <material>
   Шелк
  </material>
  <price>
   406266
  </price>
  <rating>
   3.44
  </rating>
  <reviews>
   428987
  </reviews>
  <new>
   -
  </new>
  <sporty>
   no
  </sporty>
 </clothing>
 <clothing>
  <id>
   760974916
  </id>
  <name>
   Under Armour Handbags X-9490
  </name>
  <category>
   Handbags
  </category>
  <size>
   XL
  </size>
  <color>
   Синий
  </color>
  <material>
   Шерсть
  </material>
  <price>
   234864
  </price>
  <rating>
   4.7
  </rating>
  <reviews>
   135339
  </reviews>
  <exclusive>
   yes
  </exclusive>
  <sporty>
   yes
  </sporty>
 </clothing>
 <clothing>
  <id>
   339890364
  </id>
  <name>
   Converse Shoes I-4069
  </name>
  <category>
   Shoes
  </category>
  <size>
   XXL
  </size>
  <color>
   Оранжевый
  </color>
  <material>
   Вискоза
  </material>
  <price>
   167998
  </price>
  <rating>
   4.33
  </rating>
  <reviews>
   949447
  </reviews>
  <new>
   +
  </new>
  <exclusive>
   yes
  </exclusive>
  <sporty>
   yes
  </sporty>
 </clothing>
 <clothing>
  <id>
   895734096
  </id>
  <name>
   DC Umbrellas P-3643
  </name>
  <category>
   Umbrellas
  </category>
  <size>
   L
  </size>
  <color>
   Синий
  </color>
  <material>
   Лен
  </material>
  <price>
   375148
  </price>
  <rating>
   2.56
  </rating>
  <reviews>
   43912
  </reviews>
  <exclusive>
   no
  </exclusive>
  <sporty>
   yes
  </sporty>
 </clothing>
 <clothing>
  <id>
   101652254
  </id>
  <name>
   Under Armour Socks N-2222
  </name>
  <category>
   Socks
  </category>
  <size>
   S
  </size>
  <color>
   Голубой
  </color>
  <material>
   Шелк
  </material>
  <price>
   972326
  </price>
  <rating>
   2.17
  </rating>
  <reviews>
   111432
  </reviews>
 </clothing>
 <clothing>
  <id>
   381143080
  </id>
  <name>
   New Balance Sweater T-3390
  </name>
  <category>
   Sweater
  </category>
  <size>
   XL
  </size>
  <color>
   Голубой
  </color>
  <material>
   Нейлон
  </material>
  <price>
   302849
  </price>
  <rating>
   4.06
  </rating>
  <reviews>
   570824
  </reviews>
  <new>
   -
  </new>
  <sporty>
   no
  </sporty>
 </clothing>
 <clothing>
  <id>
   643011201
  </id>
  <name>
   Ellesse Shirt B-5199
  </name>
  <category>
   Shirt
  </category>
  <size>
   S
  </size>
  <color>
   Фиолетовый
  </color>
  <material>
   Кожа
  </material>
  <price>
   397672
  </price>
  <rating>
   2.74
  </rating>
  <reviews>
   163929
  </reviews>
  <sporty>
   yes
  </sporty>
 </clothing>
 <clothing>
  <id>
   237731286
  </id>
  <name>
   Ellesse Gloves Y-5102
  </name>
  <category>
   Gloves
  </category>
  <size>
   XL
  </size>
  <color>
   Оранжевый
  </color>
  <material>
   Полиэстер
  </material>
  <price>
   732494
  </price>
  <rating>
   4.51
  </rating>
  <reviews>
   946582
  </reviews>
  <new>
   +
  </new>
  <exclusive>
   yes
  </exclusive>
  <sporty>
   no
  </sporty>
 </clothing>
 <clothing>
  <id>
   722999505
  </id>
  <name>
   New Balance Gloves A-7413
  </name>
  <category>
   Gloves
  </category>
  <size>
   XXL
  </size>
  <color>
   Зеленый
  </color>
  <material>
   Шелк
  </material>
  <price>
   323375
  </price>
  <rating>
   3.02
  </rating>
  <reviews>
   105461
  </reviews>
  <exclusive>
   yes
  </exclusive>
  <sporty>
   yes
  </sporty>
 </clothing>
 <clothing>
  <id>
   363548002
  </id>
  <name>
   Brooks Pants V-8577
  </name>
  <category>
   Pants
  </category>
  <size>
   S
  </size>
  <color>
   Желтый
  </color>
  <material>
   Вискоза
  </material>
  <price>
   464856
  </price>
  <rating>
   3.62
  </rating>
  <reviews>
   917004
  </reviews>
  <sporty>
   no
  </sporty>
 </clothing>
 <clothing>
  <id>
   662562178
  </id>
  <name>
   Fila Gloves L-1028
  </name>
  <category>
   Gloves
  </category>
  <size>
   S
  </size>
  <color>
   Зеленый
  </color>
  <material>
   Шерсть
  </material>
  <price>
   637167
  </price>
  <rating>
   3.8
  </rating>
  <reviews>
   190371
  </reviews>
  <new>
   +
  </new>
 </clothing>
 <clothing>
  <id>
   737576568
  </id>
  <name>
   PleinSport Skirt L-7269
  </name>
  <category>
   Skirt
  </category>
  <size>
   XXL
  </size>
  <color>
   Желтый
  </color>
  <material>
   Шелк
  </material>
  <price>
   824503
  </price>
  <rating>
   1.11
  </rating>
  <reviews>
   292882
  </reviews>
  <new>
   +
  </new>
  <sporty>
   no
  </sporty>
 </clothing>
 <clothing>
  <id>
   553598687
  </id>
  <name>
   Vans Shoes S-3524
  </name>
  <category>
   Shoes
  </category>
  <size>
   XXL
  </size>
  <color>
   Голубой
  </color>
  <material>
   Шелк
  </material>
  <price>
   248343
  </price>
  <rating>
   1.49
  </rating>
  <reviews>
   739564
  </reviews>
  <new>
   +
  </new>
 </clothing>
 <clothing>
  <id>
   525728043
  </id>
  <name>
   Brooks Shoes C-3284
  </name>
  <category>
   Shoes
  </category>
  <size>
   L
  </size>
  <color>
   Синий
  </color>
  <material>
   Шелк
  </material>
  <price>
   231330
  </price>
  <rating>
   3.76
  </rating>
  <reviews>
   688704
  </reviews>
  <new>
   -
  </new>
  <sporty>
   yes
  </sporty>
 </clothing>
 <clothing>
  <id>
   378916267
  </id>
  <name>
   Fila Hat H-4536
  </name>
  <category>
   Hat
  </category>
  <size>
   S
  </size>
  <color>
   Зеленый
  </color>
  <material>
   Шерсть
  </material>
  <price>
   677338
  </price>
  <rating>
   4.81
  </rating>
  <reviews>
   166867
  </reviews>
  <new>
   +
  </new>
 </clothing>
 <clothing>
  <id>
   450927827
  </id>
  <name>
   Ellesse Handbags A-3582
  </name>
  <category>
   Handbags
  </category>
  <size>
   XXL
  </size>
  <color>
   Красный
  </color>
  <material>
   Шерсть
  </material>
  <price>
   910729
  </price>
  <rating>
   3.61
  </rating>
  <reviews>
   811453
  </reviews>
  <new>
   +
  </new>
  <exclusive>
   yes
  </exclusive>
  <sporty>
   yes
  </sporty>
 </clothing>
 <clothing>
  <id>
   917398737
  </id>
  <name>
   Adidas Umbrellas B-9584
  </name>
  <category>
   Umbrellas
  </category>
  <size>
   XL
  </size>
  <color>
   Голубой
  </color>
  <material>
   Хлопок
  </material>
  <price>
   723222
  </price>
  <rating>
   3.25
  </rating>
  <reviews>
   567418
  </reviews>
  <exclusive>
   yes
  </exclusive>
  <sporty>
   yes
  </sporty>
 </clothing>
 <clothing>
  <id>
   646411852
  </id>
  <name>
   Lacoste Dress W-6644
  </name>
  <category>
   Dress
  </category>
  <size>
   L
  </size>
  <color>
   Оранжевый
  </color>
  <material>
   Кожа
  </material>
  <price>
   379522
  </price>
  <rating>
   4.42
  </rating>
  <reviews>
   183952
  </reviews>
  <new>
   -
  </new>
 </clothing>
 <clothing>
  <id>
   707558776
  </id>
  <name>
   Brooks Gloves X-5952
  </name>
  <category>
   Gloves
  </category>
  <size>
   XL
  </size>
  <color>
   Оранжевый
  </color>
  <material>
   Нейлон
  </material>
  <price>
   809094
  </price>
  <rating>
   2.48
  </rating>
  <reviews>
   790048
  </reviews>
  <sporty>
   no
  </sporty>
 </clothing>
</clothing-items>
