<?xml version="1.0" encoding="utf-8"?>
<clothing-items>
 <clothing>
  <id>
   152964693
  </id>
  <name>
   Puma Hat X-2925
  </name>
  <category>
   Hat
  </category>
  <size>
   XXL
  </size>
  <color>
   Синий
  </color>
  <material>
   Шерсть
  </material>
  <price>
   806665
  </price>
  <rating>
   3.36
  </rating>
  <reviews>
   115710
  </reviews>
 </clothing>
 <clothing>
  <id>
   164873970
  </id>
  <name>
   Reebok Socks T-8405
  </name>
  <category>
   Socks
  </category>
  <size>
   L
  </size>
  <color>
   Фиолетовый
  </color>
  <material>
   Шелк
  </material>
  <price>
   702692
  </price>
  <rating>
   4.24
  </rating>
  <reviews>
   323938
  </reviews>
  <exclusive>
   yes
  </exclusive>
 </clothing>
 <clothing>
  <id>
   720743095
  </id>
  <name>
   PleinSport Blouse F-1956
  </name>
  <category>
   Blouse
  </category>
  <size>
   M
  </size>
  <color>
   Фиолетовый
  </color>
  <material>
   Шелк
  </material>
  <price>
   220874
  </price>
  <rating>
   2.54
  </rating>
  <reviews>
   891903
  </reviews>
  <new>
   -
  </new>
  <exclusive>
   no
  </exclusive>
  <sporty>
   no
  </sporty>
 </clothing>
 <clothing>
  <id>
   212645613
  </id>
  <name>
   Addidas Shirt R-3371
  </name>
  <category>
   Shirt
  </category>
  <size>
   S
  </size>
  <color>
   Фиолетовый
  </color>
  <material>
   Хлопок
  </material>
  <price>
   187892
  </price>
  <rating>
   2.81
  </rating>
  <reviews>
   318626
  </reviews>
  <new>
   -
  </new>
  <exclusive>
   yes
  </exclusive>
  <sporty>
   yes
  </sporty>
 </clothing>
 <clothing>
  <id>
   442698909
  </id>
  <name>
   Addidas Jeans S-9668
  </name>
  <category>
   Jeans
  </category>
  <size>
   S
  </size>
  <color>
   Фиолетовый
  </color>
  <material>
   Кожа
  </material>
  <price>
   134984
  </price>
  <rating>
   4.41
  </rating>
  <reviews>
   89315
  </reviews>
  <new>
   +
  </new>
  <sporty>
   yes
  </sporty>
 </clothing>
 <clothing>
  <id>
   393910960
  </id>
  <name>
   Vans Gloves B-3360
  </name>
  <category>
   Gloves
  </category>
  <size>
   S
  </size>
  <color>
   Желтый
  </color>
  <material>
   Лен
  </material>
  <price>
   577499
  </price>
  <rating>
   3.84
  </rating>
  <reviews>
   403303
  </reviews>
  <new>
   +
  </new>
  <exclusive>
   no
  </exclusive>
 </clothing>
 <clothing>
  <id>
   822868765
  </id>
  <name>
   New Balance Gloves N-1672
  </name>
  <category>
   Gloves
  </category>
  <size>
   M
  </size>
  <color>
   Красный
  </color>
  <material>
   Вискоза
  </material>
  <price>
   866665
  </price>
  <rating>
   2.91
  </rating>
  <reviews>
   425739
  </reviews>
  <exclusive>
   no
  </exclusive>
 </clothing>
 <clothing>
  <id>
   440177959
  </id>
  <name>
   Brooks Socks X-8897
  </name>
  <category>
   Socks
  </category>
  <size>
   L
  </size>
  <color>
   Красный
  </color>
  <material>
   Лен
  </material>
  <price>
   602583
  </price>
  <rating>
   1.29
  </rating>
  <reviews>
   366966
  </reviews>
  <new>
   -
  </new>
 </clothing>
 <clothing>
  <id>
   511963098
  </id>
  <name>
   Vans Socks Y-2090
  </name>
  <category>
   Socks
  </category>
  <size>
   XL
  </size>
  <color>
   Красный
  </color>
  <material>
   Хлопок
  </material>
  <price>
   947558
  </price>
  <rating>
   1.47
  </rating>
  <reviews>
   718529
  </reviews>
  <sporty>
   yes
  </sporty>
 </clothing>
 <clothing>
  <id>
   932098202
  </id>
  <name>
   New Balance Socks J-4309
  </name>
  <category>
   Socks
  </category>
  <size>
   L
  </size>
  <color>
   Зеленый
  </color>
  <material>
   Кожа
  </material>
  <price>
   323179
  </price>
  <rating>
   2.62
  </rating>
  <reviews>
   15076
  </reviews>
 </clothing>
 <clothing>
  <id>
   204369617
  </id>
  <name>
   Vans Gloves L-1029
  </name>
  <category>
   Gloves
  </category>
  <size>
   S
  </size>
  <color>
   Оранжевый
  </color>
  <material>
   Полиэстер
  </material>
  <price>
   367063
  </price>
  <rating>
   2.18
  </rating>
  <reviews>
   784564
  </reviews>
  <new>
   +
  </new>
 </clothing>
 <clothing>
  <id>
   681640883
  </id>
  <name>
   PleinSport Blouse H-2667
  </name>
  <category>
   Blouse
  </category>
  <size>
   M
  </size>
  <color>
   Зеленый
  </color>
  <material>
   Лен
  </material>
  <price>
   738498
  </price>
  <rating>
   2.81
  </rating>
  <reviews>
   56907
  </reviews>
  <new>
   -
  </new>
  <sporty>
   no
  </sporty>
 </clothing>
 <clothing>
  <id>
   620286425
  </id>
  <name>
   Lacoste Umbrellas X-5880
  </name>
  <category>
   Umbrellas
  </category>
  <size>
   S
  </size>
  <color>
   Фиолетовый
  </color>
  <material>
   Хлопок
  </material>
  <price>
   524416
  </price>
  <rating>
   4.95
  </rating>
  <reviews>
   679180
  </reviews>
  <new>
   -
  </new>
  <exclusive>
   yes
  </exclusive>
 </clothing>
 <clothing>
  <id>
   647790702
  </id>
  <name>
   Ellesse Gloves H-4307
  </name>
  <category>
   Gloves
  </category>
  <size>
   S
  </size>
  <color>
   Голубой
  </color>
  <material>
   Хлопок
  </material>
  <price>
   777661
  </price>
  <rating>
   4.52
  </rating>
  <reviews>
   4372
  </reviews>
  <new>
   +
  </new>
  <exclusive>
   yes
  </exclusive>
  <sporty>
   yes
  </sporty>
 </clothing>
 <clothing>
  <id>
   552230663
  </id>
  <name>
   Ellesse Sweater X-4330
  </name>
  <category>
   Sweater
  </category>
  <size>
   XL
  </size>
  <color>
   Зеленый
  </color>
  <material>
   Полиэстер
  </material>
  <price>
   787033
  </price>
  <rating>
   4.54
  </rating>
  <reviews>
   114653
  </reviews>
  <new>
   +
  </new>
  <sporty>
   yes
  </sporty>
 </clothing>
 <clothing>
  <id>
   487090463
  </id>
  <name>
   New Balance Umbrellas S-5863
  </name>
  <category>
   Umbrellas
  </category>
  <size>
   XXL
  </size>
  <color>
   Зеленый
  </color>
  <material>
   Лен
  </material>
  <price>
   490253
  </price>
  <rating>
   1.76
  </rating>
  <reviews>
   706276
  </reviews>
 </clothing>
 <clothing>
  <id>
   410683397
  </id>
  <name>
   PleinSport Skirt H-7164
  </name>
  <category>
   Skirt
  </category>
  <size>
   M
  </size>
  <color>
   Голубой
  </color>
  <material>
   Шерсть
  </material>
  <price>
   726641
  </price>
  <rating>
   1.21
  </rating>
  <reviews>
   297652
  </reviews>
  <new>
   -
  </new>
  <sporty>
   yes
  </sporty>
 </clothing>
 <clothing>
  <id>
   804447603
  </id>
  <name>
   Ellesse Umbrellas G-5817
  </name>
  <category>
   Umbrellas
  </category>
  <size>
   L
  </size>
  <color>
   Голубой
  </color>
  <material>
   Кожа
  </material>
  <price>
   726670
  </price>
  <rating>
   4.52
  </rating>
  <reviews>
   239028
  </reviews>
  <exclusive>
   yes
  </exclusive>
  <sporty>
   no
  </sporty>
 </clothing>
 <clothing>
  <id>
   925478565
  </id>
  <name>
   Brooks Shoes S-2572
  </name>
  <category>
   Shoes
  </category>
  <size>
   XL
  </size>
  <color>
   Желтый
  </color>
  <material>
   Полиэстер
  </material>
  <price>
   956610
  </price>
  <rating>
   3.15
  </rating>
  <reviews>
   881632
  </reviews>
  <exclusive>
   no
  </exclusive>
  <sporty>
   yes
  </sporty>
 </clothing>
 <clothing>
  <id>
   890458807
  </id>
  <name>
   DC Handbags A-1847
  </name>
  <category>
   Handbags
  </category>
  <size>
   L
  </size>
  <color>
   Синий
  </color>
  <material>
   Полиэстер
  </material>
  <price>
   228221
  </price>
  <rating>
   4.34
  </rating>
  <reviews>
   75976
  </reviews>
  <exclusive>
   yes
  </exclusive>
  <sporty>
   yes
  </sporty>
 </clothing>
 <clothing>
  <id>
   460303690
  </id>
  <name>
   Reebok Dress N-7426
  </name>
  <category>
   Dress
  </category>
  <size>
   M
  </size>
  <color>
   Синий
  </color>
  <material>
   Нейлон
  </material>
  <price>
   235247
  </price>
  <rating>
   2.32
  </rating>
  <reviews>
   902644
  </reviews>
  <new>
   -
  </new>
  <exclusive>
   yes
  </exclusive>
  <sporty>
   yes
  </sporty>
 </clothing>
 <clothing>
  <id>
   710590488
  </id>
  <name>
   Adidas Skirt Z-3692
  </name>
  <category>
   Skirt
  </category>
  <size>
   M
  </size>
  <color>
   Фиолетовый
  </color>
  <material>
   Шелк
  </material>
  <price>
   851452
  </price>
  <rating>
   4.73
  </rating>
  <reviews>
   931135
  </reviews>
  <exclusive>
   no
  </exclusive>
  <sporty>
   no
  </sporty>
 </clothing>
 <clothing>
  <id>
   292977848
  </id>
  <name>
   Asics Jeans F-2544
  </name>
  <category>
   Jeans
  </category>
  <size>
   L
  </size>
  <color>
   Желтый
  </color>
  <material>
   Нейлон
  </material>
  <price>
   307744
  </price>
  <rating>
   4.15
  </rating>
  <reviews>
   368695
  </reviews>
  <exclusive>
   yes
  </exclusive>
  <sporty>
   yes
  </sporty>
 </clothing>
 <clothing>
  <id>
   979281476
  </id>
  <name>
   Ellesse Handbags O-6787
  </name>
  <category>
   Handbags
  </category>
  <size>
   M
  </size>
  <color>
   Оранжевый
  </color>
  <material>
   Полиэстер
  </material>
  <price>
   602286
  </price>
  <rating>
   1.49
  </rating>
  <reviews>
   823127
  </reviews>
  <exclusive>
   no
  </exclusive>
  <sporty>
   no
  </sporty>
 </clothing>
 <clothing>
  <id>
   322946775
  </id>
  <name>
   Adidas Jacket T-9706
  </name>
  <category>
   Jacket
  </category>
  <size>
   S
  </size>
  <color>
   Желтый
  </color>
  <material>
   Полиэстер
  </material>
  <price>
   170234
  </price>
  <rating>
   2.12
  </rating>
  <reviews>
   451777
  </reviews>
  <new>
   -
  </new>
 </clothing>
 <clothing>
  <id>
   393984704
  </id>
  <name>
   DC Shirt P-2758
  </name>
  <category>
   Shirt
  </category>
  <size>
   S
  </size>
  <color>
   Красный
  </color>
  <material>
   Шелк
  </material>
  <price>
   389622
  </price>
  <rating>
   1.88
  </rating>
  <reviews>
   806956
  </reviews>
  <new>
   +
  </new>
  <exclusive>
   yes
  </exclusive>
 </clothing>
 <clothing>
  <id>
   488377728
  </id>
  <name>
   Addidas Handbags W-3228
  </name>
  <category>
   Handbags
  </category>
  <size>
   M
  </size>
  <color>
   Зеленый
  </color>
  <material>
   Лен
  </material>
  <price>
   487548
  </price>
  <rating>
   1.99
  </rating>
  <reviews>
   686849
  </reviews>
  <exclusive>
   no
  </exclusive>
  <sporty>
   yes
  </sporty>
 </clothing>
 <clothing>
  <id>
   584606761
  </id>
  <name>
   Adidas Skirt T-2191
  </name>
  <category>
   Skirt
  </category>
  <size>
   L
  </size>
  <color>
   Зеленый
  </color>
  <material>
   Шерсть
  </material>
  <price>
   637942
  </price>
  <rating>
   4.11
  </rating>
  <reviews>
   563819
  </reviews>
  <new>
   +
  </new>
  <exclusive>
   yes
  </exclusive>
  <sporty>
   no
  </sporty>
 </clothing>
 <clothing>
  <id>
   624820921
  </id>
  <name>
   Addidas Umbrellas E-6868
  </name>
  <category>
   Umbrellas
  </category>
  <size>
   XL
  </size>
  <color>
   Оранжевый
  </color>
  <material>
   Шелк
  </material>
  <price>
   873226
  </price>
  <rating>
   3.89
  </rating>
  <reviews>
   242229
  </reviews>
  <exclusive>
   no
  </exclusive>
 </clothing>
 <clothing>
  <id>
   114144822
  </id>
  <name>
   Reebok Skirt P-4723
  </name>
  <category>
   Skirt
  </category>
  <size>
   M
  </size>
  <color>
   Красный
  </color>
  <material>
   Шелк
  </material>
  <price>
   978113
  </price>
  <rating>
   3.73
  </rating>
  <reviews>
   278702
  </reviews>
  <new>
   +
  </new>
 </clothing>
 <clothing>
  <id>
   558936033
  </id>
  <name>
   Brooks Blouse X-9887
  </name>
  <category>
   Blouse
  </category>
  <size>
   XXL
  </size>
  <color>
   Оранжевый
  </color>
  <material>
   Нейлон
  </material>
  <price>
   442675
  </price>
  <rating>
   4.96
  </rating>
  <reviews>
   787210
  </reviews>
  <new>
   -
  </new>
  <sporty>
   yes
  </sporty>
 </clothing>
 <clothing>
  <id>
   887881287
  </id>
  <name>
   Reebok Socks D-9721
  </name>
  <category>
   Socks
  </category>
  <size>
   XL
  </size>
  <color>
   Красный
  </color>
  <material>
   Хлопок
  </material>
  <price>
   888085
  </price>
  <rating>
   3.67
  </rating>
  <reviews>
   784579
  </reviews>
  <new>
   -
  </new>
 </clothing>
 <clothing>
  <id>
   351557782
  </id>
  <name>
   Asics Gloves N-9162
  </name>
  <category>
   Gloves
  </category>
  <size>
   XL
  </size>
  <color>
   Голубой
  </color>
  <material>
   Лен
  </material>
  <price>
   948802
  </price>
  <rating>
   4.44
  </rating>
  <reviews>
   186535
  </reviews>
  <new>
   +
  </new>
  <exclusive>
   no
  </exclusive>
 </clothing>
 <clothing>
  <id>
   970869833
  </id>
  <name>
   Under Armour Sweater I-1661
  </name>
  <category>
   Sweater
  </category>
  <size>
   XXL
  </size>
  <color>
   Голубой
  </color>
  <material>
   Шерсть
  </material>
  <price>
   418554
  </price>
  <rating>
   1.8
  </rating>
  <reviews>
   885212
  </reviews>
  <exclusive>
   yes
  </exclusive>
 </clothing>
</clothing-items>
