<?xml version="1.0" encoding="utf-8"?>
<clothing-items>
 <clothing>
  <id>
   533604572
  </id>
  <name>
   Puma Hat B-9646
  </name>
  <category>
   Hat
  </category>
  <size>
   XL
  </size>
  <color>
   Зеленый
  </color>
  <material>
   Шелк
  </material>
  <price>
   259227
  </price>
  <rating>
   2.8
  </rating>
  <reviews>
   249396
  </reviews>
  <new>
   -
  </new>
 </clothing>
 <clothing>
  <id>
   171844488
  </id>
  <name>
   PleinSport Belts J-5913
  </name>
  <category>
   Belts
  </category>
  <size>
   XXL
  </size>
  <color>
   Голубой
  </color>
  <material>
   Хлопок
  </material>
  <price>
   849231
  </price>
  <rating>
   3.82
  </rating>
  <reviews>
   76684
  </reviews>
  <exclusive>
   no
  </exclusive>
  <sporty>
   no
  </sporty>
 </clothing>
 <clothing>
  <id>
   363379534
  </id>
  <name>
   Nike Shoes N-4451
  </name>
  <category>
   Shoes
  </category>
  <size>
   XL
  </size>
  <color>
   Оранжевый
  </color>
  <material>
   Лен
  </material>
  <price>
   853285
  </price>
  <rating>
   1.77
  </rating>
  <reviews>
   231767
  </reviews>
  <new>
   -
  </new>
  <exclusive>
   no
  </exclusive>
  <sporty>
   yes
  </sporty>
 </clothing>
 <clothing>
  <id>
   870369391
  </id>
  <name>
   PleinSport Blouse Q-6371
  </name>
  <category>
   Blouse
  </category>
  <size>
   M
  </size>
  <color>
   Голубой
  </color>
  <material>
   Вискоза
  </material>
  <price>
   714380
  </price>
  <rating>
   4.27
  </rating>
  <reviews>
   796656
  </reviews>
  <exclusive>
   yes
  </exclusive>
 </clothing>
 <clothing>
  <id>
   400784196
  </id>
  <name>
   Brooks T-shirt S-2057
  </name>
  <category>
   T-shirt
  </category>
  <size>
   S
  </size>
  <color>
   Синий
  </color>
  <material>
   Хлопок
  </material>
  <price>
   893973
  </price>
  <rating>
   1.72
  </rating>
  <reviews>
   929477
  </reviews>
  <exclusive>
   no
  </exclusive>
 </clothing>
 <clothing>
  <id>
   129747435
  </id>
  <name>
   Addidas Dress M-7734
  </name>
  <category>
   Dress
  </category>
  <size>
   L
  </size>
  <color>
   Желтый
  </color>
  <material>
   Полиэстер
  </material>
  <price>
   532994
  </price>
  <rating>
   1.81
  </rating>
  <reviews>
   552637
  </reviews>
  <exclusive>
   no
  </exclusive>
 </clothing>
 <clothing>
  <id>
   243745041
  </id>
  <name>
   Converse Hat T-9720
  </name>
  <category>
   Hat
  </category>
  <size>
   XXL
  </size>
  <color>
   Голубой
  </color>
  <material>
   Нейлон
  </material>
  <price>
   624508
  </price>
  <rating>
   4.59
  </rating>
  <reviews>
   357561
  </reviews>
  <sporty>
   yes
  </sporty>
 </clothing>
 <clothing>
  <id>
   641194269
  </id>
  <name>
   New Balance Umbrellas M-2465
  </name>
  <category>
   Umbrellas
  </category>
  <size>
   S
  </size>
  <color>
   Желтый
  </color>
  <material>
   Шелк
  </material>
  <price>
   867250
  </price>
  <rating>
   4.52
  </rating>
  <reviews>
   911746
  </reviews>
  <new>
   +
  </new>
  <sporty>
   yes
  </sporty>
 </clothing>
 <clothing>
  <id>
   653220195
  </id>
  <name>
   Nike Jacket M-1408
  </name>
  <category>
   Jacket
  </category>
  <size>
   L
  </size>
  <color>
   Зеленый
  </color>
  <material>
   Полиэстер
  </material>
  <price>
   202217
  </price>
  <rating>
   3.57
  </rating>
  <reviews>
   490043
  </reviews>
 </clothing>
 <clothing>
  <id>
   780459120
  </id>
  <name>
   PleinSport Skirt R-2861
  </name>
  <category>
   Skirt
  </category>
  <size>
   L
  </size>
  <color>
   Оранжевый
  </color>
  <material>
   Хлопок
  </material>
  <price>
   602268
  </price>
  <rating>
   4.44
  </rating>
  <reviews>
   938149
  </reviews>
  <sporty>
   no
  </sporty>
 </clothing>
 <clothing>
  <id>
   369068787
  </id>
  <name>
   DC Hat Y-2121
  </name>
  <category>
   Hat
  </category>
  <size>
   XL
  </size>
  <color>
   Желтый
  </color>
  <material>
   Шерсть
  </material>
  <price>
   342837
  </price>
  <rating>
   1.55
  </rating>
  <reviews>
   242818
  </reviews>
 </clothing>
 <clothing>
  <id>
   408500127
  </id>
  <name>
   Nike Hat Q-7855
  </name>
  <category>
   Hat
  </category>
  <size>
   XL
  </size>
  <color>
   Желтый
  </color>
  <material>
   Вискоза
  </material>
  <price>
   762607
  </price>
  <rating>
   2.71
  </rating>
  <reviews>
   197458
  </reviews>
  <exclusive>
   no
  </exclusive>
 </clothing>
 <clothing>
  <id>
   755604736
  </id>
  <name>
   Vans Dress R-5556
  </name>
  <category>
   Dress
  </category>
  <size>
   M
  </size>
  <color>
   Зеленый
  </color>
  <material>
   Вискоза
  </material>
  <price>
   628263
  </price>
  <rating>
   1.42
  </rating>
  <reviews>
   401066
  </reviews>
  <exclusive>
   no
  </exclusive>
  <sporty>
   yes
  </sporty>
 </clothing>
 <clothing>
  <id>
   666294307
  </id>
  <name>
   Converse Sweater V-1227
  </name>
  <category>
   Sweater
  </category>
  <size>
   M
  </size>
  <color>
   Желтый
  </color>
  <material>
   Шерсть
  </material>
  <price>
   716456
  </price>
  <rating>
   4.29
  </rating>
  <reviews>
   520278
  </reviews>
 </clothing>
 <clothing>
  <id>
   199792657
  </id>
  <name>
   Converse Pants B-1567
  </name>
  <category>
   Pants
  </category>
  <size>
   XXL
  </size>
  <color>
   Зеленый
  </color>
  <material>
   Кожа
  </material>
  <price>
   656423
  </price>
  <rating>
   2.66
  </rating>
  <reviews>
   5295
  </reviews>
  <new>
   -
  </new>
  <exclusive>
   yes
  </exclusive>
 </clothing>
 <clothing>
  <id>
   894596516
  </id>
  <name>
   Brooks Jacket T-4172
  </name>
  <category>
   Jacket
  </category>
  <size>
   S
  </size>
  <color>
   Оранжевый
  </color>
  <material>
   Нейлон
  </material>
  <price>
   718450
  </price>
  <rating>
   3.96
  </rating>
  <reviews>
   574766
  </reviews>
  <new>
   -
  </new>
 </clothing>
 <clothing>
  <id>
   479330334
  </id>
  <name>
   PleinSport Shoes T-2467
  </name>
  <category>
   Shoes
  </category>
  <size>
   M
  </size>
  <color>
   Синий
  </color>
  <material>
   Вискоза
  </material>
  <price>
   421267
  </price>
  <rating>
   1.38
  </rating>
  <reviews>
   601976
  </reviews>
  <new>
   +
  </new>
  <exclusive>
   yes
  </exclusive>
  <sporty>
   no
  </sporty>
 </clothing>
 <clothing>
  <id>
   527570302
  </id>
  <name>
   Puma Hat O-8524
  </name>
  <category>
   Hat
  </category>
  <size>
   M
  </size>
  <color>
   Оранжевый
  </color>
  <material>
   Шерсть
  </material>
  <price>
   281011
  </price>
  <rating>
   4.35
  </rating>
  <reviews>
   941797
  </reviews>
  <new>
   +
  </new>
  <exclusive>
   no
  </exclusive>
  <sporty>
   yes
  </sporty>
 </clothing>
 <clothing>
  <id>
   685712033
  </id>
  <name>
   Ellesse Gloves B-7714
  </name>
  <category>
   Gloves
  </category>
  <size>
   XXL
  </size>
  <color>
   Фиолетовый
  </color>
  <material>
   Шелк
  </material>
  <price>
   537036
  </price>
  <rating>
   1.84
  </rating>
  <reviews>
   222359
  </reviews>
  <new>
   +
  </new>
  <exclusive>
   yes
  </exclusive>
  <sporty>
   yes
  </sporty>
 </clothing>
 <clothing>
  <id>
   368307876
  </id>
  <name>
   Vans T-shirt P-9818
  </name>
  <category>
   T-shirt
  </category>
  <size>
   L
  </size>
  <color>
   Голубой
  </color>
  <material>
   Вискоза
  </material>
  <price>
   516441
  </price>
  <rating>
   2.31
  </rating>
  <reviews>
   68088
  </reviews>
  <exclusive>
   no
  </exclusive>
  <sporty>
   yes
  </sporty>
 </clothing>
 <clothing>
  <id>
   587386901
  </id>
  <name>
   Ellesse Sweater H-3158
  </name>
  <category>
   Sweater
  </category>
  <size>
   S
  </size>
  <color>
   Зеленый
  </color>
  <material>
   Шелк
  </material>
  <price>
   130578
  </price>
  <rating>
   1.88
  </rating>
  <reviews>
   680838
  </reviews>
  <new>
   -
  </new>
 </clothing>
 <clothing>
  <id>
   777949796
  </id>
  <name>
   PleinSport Handbags D-7295
  </name>
  <category>
   Handbags
  </category>
  <size>
   XXL
  </size>
  <color>
   Синий
  </color>
  <material>
   Кожа
  </material>
  <price>
   607540
  </price>
  <rating>
   1.66
  </rating>
  <reviews>
   91772
  </reviews>
  <exclusive>
   no
  </exclusive>
  <sporty>
   no
  </sporty>
 </clothing>
 <clothing>
  <id>
   685941330
  </id>
  <name>
   Adidas Pants C-6077
  </name>
  <category>
   Pants
  </category>
  <size>
   XL
  </size>
  <color>
   Фиолетовый
  </color>
  <material>
   Хлопок
  </material>
  <price>
   663665
  </price>
  <rating>
   3.29
  </rating>
  <reviews>
   603532
  </reviews>
  <sporty>
   no
  </sporty>
 </clothing>
 <clothing>
  <id>
   591546536
  </id>
  <name>
   Converse Blouse S-4715
  </name>
  <category>
   Blouse
  </category>
  <size>
   S
  </size>
  <color>
   Желтый
  </color>
  <material>
   Хлопок
  </material>
  <price>
   116098
  </price>
  <rating>
   3.09
  </rating>
  <reviews>
   807360
  </reviews>
  <new>
   -
  </new>
  <sporty>
   yes
  </sporty>
 </clothing>
 <clothing>
  <id>
   222228877
  </id>
  <name>
   Vans Shoes X-3663
  </name>
  <category>
   Shoes
  </category>
  <size>
   M
  </size>
  <color>
   Оранжевый
  </color>
  <material>
   Хлопок
  </material>
  <price>
   459547
  </price>
  <rating>
   3.34
  </rating>
  <reviews>
   977730
  </reviews>
  <new>
   +
  </new>
  <sporty>
   yes
  </sporty>
 </clothing>
 <clothing>
  <id>
   896212054
  </id>
  <name>
   Reebok Socks I-9684
  </name>
  <category>
   Socks
  </category>
  <size>
   L
  </size>
  <color>
   Красный
  </color>
  <material>
   Лен
  </material>
  <price>
   750521
  </price>
  <rating>
   2.14
  </rating>
  <reviews>
   991029
  </reviews>
  <exclusive>
   yes
  </exclusive>
 </clothing>
 <clothing>
  <id>
   908427120
  </id>
  <name>
   Asics Hat H-6662
  </name>
  <category>
   Hat
  </category>
  <size>
   L
  </size>
  <color>
   Фиолетовый
  </color>
  <material>
   Хлопок
  </material>
  <price>
   897337
  </price>
  <rating>
   1.94
  </rating>
  <reviews>
   686424
  </reviews>
  <new>
   +
  </new>
  <sporty>
   no
  </sporty>
 </clothing>
 <clothing>
  <id>
   666236421
  </id>
  <name>
   Lacoste Belts Z-9549
  </name>
  <category>
   Belts
  </category>
  <size>
   M
  </size>
  <color>
   Желтый
  </color>
  <material>
   Полиэстер
  </material>
  <price>
   376399
  </price>
  <rating>
   1.44
  </rating>
  <reviews>
   716797
  </reviews>
 </clothing>
</clothing-items>
