<?xml version="1.0" encoding="utf-8"?>
<clothing-items>
 <clothing>
  <id>
   996922244
  </id>
  <name>
   Addidas Skirt B-5672
  </name>
  <category>
   Skirt
  </category>
  <size>
   M
  </size>
  <color>
   Синий
  </color>
  <material>
   Лен
  </material>
  <price>
   100208
  </price>
  <rating>
   1.19
  </rating>
  <reviews>
   243988
  </reviews>
  <sporty>
   no
  </sporty>
 </clothing>
 <clothing>
  <id>
   354321176
  </id>
  <name>
   Adidas Pants E-7412
  </name>
  <category>
   Pants
  </category>
  <size>
   L
  </size>
  <color>
   Фиолетовый
  </color>
  <material>
   Шелк
  </material>
  <price>
   667908
  </price>
  <rating>
   3.27
  </rating>
  <reviews>
   302986
  </reviews>
  <new>
   +
  </new>
  <sporty>
   yes
  </sporty>
 </clothing>
 <clothing>
  <id>
   157929762
  </id>
  <name>
   Addidas T-shirt Y-8955
  </name>
  <category>
   T-shirt
  </category>
  <size>
   S
  </size>
  <color>
   Оранжевый
  </color>
  <material>
   Вискоза
  </material>
  <price>
   793992
  </price>
  <rating>
   2.88
  </rating>
  <reviews>
   636886
  </reviews>
  <exclusive>
   yes
  </exclusive>
 </clothing>
 <clothing>
  <id>
   582403967
  </id>
  <name>
   Puma Handbags D-3586
  </name>
  <category>
   Handbags
  </category>
  <size>
   XL
  </size>
  <color>
   Желтый
  </color>
  <material>
   Шелк
  </material>
  <price>
   497123
  </price>
  <rating>
   2.45
  </rating>
  <reviews>
   834560
  </reviews>
  <new>
   +
  </new>
  <exclusive>
   no
  </exclusive>
  <sporty>
   no
  </sporty>
 </clothing>
 <clothing>
  <id>
   630669827
  </id>
  <name>
   Brooks Shoes A-7235
  </name>
  <category>
   Shoes
  </category>
  <size>
   XXL
  </size>
  <color>
   Красный
  </color>
  <material>
   Полиэстер
  </material>
  <price>
   894995
  </price>
  <rating>
   4.0
  </rating>
  <reviews>
   559405
  </reviews>
  <new>
   -
  </new>
  <exclusive>
   no
  </exclusive>
 </clothing>
 <clothing>
  <id>
   145275651
  </id>
  <name>
   Adidas Skirt E-6982
  </name>
  <category>
   Skirt
  </category>
  <size>
   S
  </size>
  <color>
   Синий
  </color>
  <material>
   Шелк
  </material>
  <price>
   760133
  </price>
  <rating>
   4.24
  </rating>
  <reviews>
   645812
  </reviews>
  <exclusive>
   yes
  </exclusive>
  <sporty>
   no
  </sporty>
 </clothing>
 <clothing>
  <id>
   383024087
  </id>
  <name>
   Addidas Handbags X-3624
  </name>
  <category>
   Handbags
  </category>
  <size>
   S
  </size>
  <color>
   Зеленый
  </color>
  <material>
   Полиэстер
  </material>
  <price>
   309454
  </price>
  <rating>
   1.18
  </rating>
  <reviews>
   856807
  </reviews>
  <new>
   +
  </new>
  <exclusive>
   no
  </exclusive>
  <sporty>
   no
  </sporty>
 </clothing>
 <clothing>
  <id>
   140222306
  </id>
  <name>
   New Balance Belts X-7410
  </name>
  <category>
   Belts
  </category>
  <size>
   S
  </size>
  <color>
   Оранжевый
  </color>
  <material>
   Хлопок
  </material>
  <price>
   128935
  </price>
  <rating>
   1.26
  </rating>
  <reviews>
   138847
  </reviews>
  <new>
   +
  </new>
 </clothing>
 <clothing>
  <id>
   617922199
  </id>
  <name>
   Vans Belts C-8578
  </name>
  <category>
   Belts
  </category>
  <size>
   L
  </size>
  <color>
   Зеленый
  </color>
  <material>
   Шелк
  </material>
  <price>
   193614
  </price>
  <rating>
   2.27
  </rating>
  <reviews>
   160381
  </reviews>
  <sporty>
   no
  </sporty>
 </clothing>
 <clothing>
  <id>
   685541814
  </id>
  <name>
   New Balance Pants D-4196
  </name>
  <category>
   Pants
  </category>
  <size>
   XL
  </size>
  <color>
   Синий
  </color>
  <material>
   Нейлон
  </material>
  <price>
   366616
  </price>
  <rating>
   1.47
  </rating>
  <reviews>
   71869
  </reviews>
  <new>
   -
  </new>
  <sporty>
   no
  </sporty>
 </clothing>
 <clothing>
  <id>
   463988019
  </id>
  <name>
   New Balance Jacket I-2870
  </name>
  <category>
   Jacket
  </category>
  <size>
   M
  </size>
  <color>
   Зеленый
  </color>
  <material>
   Кожа
  </material>
  <price>
   183675
  </price>
  <rating>
   2.25
  </rating>
  <reviews>
   541216
  </reviews>
  <new>
   -
  </new>
  <sporty>
   no
  </sporty>
 </clothing>
 <clothing>
  <id>
   501015243
  </id>
  <name>
   Fila Pants O-4656
  </name>
  <category>
   Pants
  </category>
  <size>
   S
  </size>
  <color>
   Голубой
  </color>
  <material>
   Шелк
  </material>
  <price>
   211597
  </price>
  <rating>
   4.29
  </rating>
  <reviews>
   648570
  </reviews>
  <exclusive>
   no
  </exclusive>
  <sporty>
   yes
  </sporty>
 </clothing>
 <clothing>
  <id>
   868219011
  </id>
  <name>
   PleinSport Shirt P-6778
  </name>
  <category>
   Shirt
  </category>
  <size>
   XL
  </size>
  <color>
   Голубой
  </color>
  <material>
   Шелк
  </material>
  <price>
   493282
  </price>
  <rating>
   4.99
  </rating>
  <reviews>
   490696
  </reviews>
  <new>
   -
  </new>
  <exclusive>
   yes
  </exclusive>
  <sporty>
   no
  </sporty>
 </clothing>
 <clothing>
  <id>
   463088437
  </id>
  <name>
   PleinSport Pants T-4423
  </name>
  <category>
   Pants
  </category>
  <size>
   XL
  </size>
  <color>
   Фиолетовый
  </color>
  <material>
   Лен
  </material>
  <price>
   620021
  </price>
  <rating>
   3.81
  </rating>
  <reviews>
   360852
  </reviews>
  <new>
   -
  </new>
 </clothing>
 <clothing>
  <id>
   857424682
  </id>
  <name>
   Fila Jeans U-7250
  </name>
  <category>
   Jeans
  </category>
  <size>
   XL
  </size>
  <color>
   Зеленый
  </color>
  <material>
   Хлопок
  </material>
  <price>
   625842
  </price>
  <rating>
   2.56
  </rating>
  <reviews>
   882327
  </reviews>
  <new>
   -
  </new>
  <exclusive>
   yes
  </exclusive>
 </clothing>
 <clothing>
  <id>
   774832348
  </id>
  <name>
   Reebok Hat P-8332
  </name>
  <category>
   Hat
  </category>
  <size>
   XXL
  </size>
  <color>
   Синий
  </color>
  <material>
   Шерсть
  </material>
  <price>
   285434
  </price>
  <rating>
   4.72
  </rating>
  <reviews>
   887044
  </reviews>
  <new>
   +
  </new>
  <exclusive>
   no
  </exclusive>
 </clothing>
 <clothing>
  <id>
   399564558
  </id>
  <name>
   Nike Shoes W-6284
  </name>
  <category>
   Shoes
  </category>
  <size>
   XL
  </size>
  <color>
   Оранжевый
  </color>
  <material>
   Шелк
  </material>
  <price>
   453188
  </price>
  <rating>
   4.43
  </rating>
  <reviews>
   280497
  </reviews>
  <exclusive>
   no
  </exclusive>
  <sporty>
   yes
  </sporty>
 </clothing>
 <clothing>
  <id>
   114639350
  </id>
  <name>
   Converse Umbrellas M-5336
  </name>
  <category>
   Umbrellas
  </category>
  <size>
   S
  </size>
  <color>
   Желтый
  </color>
  <material>
   Нейлон
  </material>
  <price>
   746455
  </price>
  <rating>
   3.3
  </rating>
  <reviews>
   279117
  </reviews>
  <new>
   +
  </new>
  <exclusive>
   no
  </exclusive>
  <sporty>
   yes
  </sporty>
 </clothing>
 <clothing>
  <id>
   283858581
  </id>
  <name>
   Addidas Sweater I-2330
  </name>
  <category>
   Sweater
  </category>
  <size>
   L
  </size>
  <color>
   Зеленый
  </color>
  <material>
   Кожа
  </material>
  <price>
   758755
  </price>
  <rating>
   2.08
  </rating>
  <reviews>
   565355
  </reviews>
  <new>
   +
  </new>
  <exclusive>
   no
  </exclusive>
 </clothing>
 <clothing>
  <id>
   289376871
  </id>
  <name>
   Addidas Blouse K-2020
  </name>
  <category>
   Blouse
  </category>
  <size>
   L
  </size>
  <color>
   Синий
  </color>
  <material>
   Шерсть
  </material>
  <price>
   422615
  </price>
  <rating>
   1.84
  </rating>
  <reviews>
   401159
  </reviews>
  <new>
   -
  </new>
  <exclusive>
   no
  </exclusive>
  <sporty>
   no
  </sporty>
 </clothing>
 <clothing>
  <id>
   917639387
  </id>
  <name>
   Adidas Socks F-9760
  </name>
  <category>
   Socks
  </category>
  <size>
   XL
  </size>
  <color>
   Синий
  </color>
  <material>
   Кожа
  </material>
  <price>
   642678
  </price>
  <rating>
   2.65
  </rating>
  <reviews>
   813102
  </reviews>
  <sporty>
   yes
  </sporty>
 </clothing>
 <clothing>
  <id>
   794062638
  </id>
  <name>
   Fila Handbags U-2749
  </name>
  <category>
   Handbags
  </category>
  <size>
   L
  </size>
  <color>
   Фиолетовый
  </color>
  <material>
   Шелк
  </material>
  <price>
   853491
  </price>
  <rating>
   4.03
  </rating>
  <reviews>
   839042
  </reviews>
  <exclusive>
   no
  </exclusive>
  <sporty>
   no
  </sporty>
 </clothing>
 <clothing>
  <id>
   478868892
  </id>
  <name>
   Brooks Socks K-7448
  </name>
  <category>
   Socks
  </category>
  <size>
   XL
  </size>
  <color>
   Фиолетовый
  </color>
  <material>
   Нейлон
  </material>
  <price>
   869977
  </price>
  <rating>
   2.82
  </rating>
  <reviews>
   293197
  </reviews>
  <new>
   +
  </new>
  <sporty>
   yes
  </sporty>
 </clothing>
 <clothing>
  <id>
   586528921
  </id>
  <name>
   PleinSport Gloves P-7146
  </name>
  <category>
   Gloves
  </category>
  <size>
   XL
  </size>
  <color>
   Красный
  </color>
  <material>
   Лен
  </material>
  <price>
   560516
  </price>
  <rating>
   2.63
  </rating>
  <reviews>
   198307
  </reviews>
  <exclusive>
   yes
  </exclusive>
  <sporty>
   no
  </sporty>
 </clothing>
 <clothing>
  <id>
   351963486
  </id>
  <name>
   New Balance Shoes X-1746
  </name>
  <category>
   Shoes
  </category>
  <size>
   XXL
  </size>
  <color>
   Синий
  </color>
  <material>
   Вискоза
  </material>
  <price>
   841805
  </price>
  <rating>
   1.13
  </rating>
  <reviews>
   619410
  </reviews>
  <sporty>
   no
  </sporty>
 </clothing>
 <clothing>
  <id>
   523097557
  </id>
  <name>
   DC Dress L-6380
  </name>
  <category>
   Dress
  </category>
  <size>
   XXL
  </size>
  <color>
   Красный
  </color>
  <material>
   Лен
  </material>
  <price>
   986542
  </price>
  <rating>
   3.34
  </rating>
  <reviews>
   697491
  </reviews>
  <exclusive>
   no
  </exclusive>
  <sporty>
   yes
  </sporty>
 </clothing>
 <clothing>
  <id>
   336449354
  </id>
  <name>
   Converse Dress O-6485
  </name>
  <category>
   Dress
  </category>
  <size>
   S
  </size>
  <color>
   Желтый
  </color>
  <material>
   Вискоза
  </material>
  <price>
   323002
  </price>
  <rating>
   1.39
  </rating>
  <reviews>
   911143
  </reviews>
  <new>
   -
  </new>
  <sporty>
   yes
  </sporty>
 </clothing>
 <clothing>
  <id>
   683019559
  </id>
  <name>
   Ellesse Socks G-2141
  </name>
  <category>
   Socks
  </category>
  <size>
   M
  </size>
  <color>
   Зеленый
  </color>
  <material>
   Шерсть
  </material>
  <price>
   502754
  </price>
  <rating>
   3.73
  </rating>
  <reviews>
   323488
  </reviews>
  <new>
   -
  </new>
 </clothing>
 <clothing>
  <id>
   699261569
  </id>
  <name>
   Brooks Jacket C-9875
  </name>
  <category>
   Jacket
  </category>
  <size>
   XL
  </size>
  <color>
   Красный
  </color>
  <material>
   Шелк
  </material>
  <price>
   238334
  </price>
  <rating>
   3.68
  </rating>
  <reviews>
   688873
  </reviews>
  <new>
   +
  </new>
  <exclusive>
   no
  </exclusive>
 </clothing>
 <clothing>
  <id>
   885571639
  </id>
  <name>
   Asics Jacket V-4877
  </name>
  <category>
   Jacket
  </category>
  <size>
   XL
  </size>
  <color>
   Голубой
  </color>
  <material>
   Полиэстер
  </material>
  <price>
   596516
  </price>
  <rating>
   3.0
  </rating>
  <reviews>
   90432
  </reviews>
  <new>
   +
  </new>
  <exclusive>
   no
  </exclusive>
 </clothing>
 <clothing>
  <id>
   905211727
  </id>
  <name>
   Lacoste Pants N-9701
  </name>
  <category>
   Pants
  </category>
  <size>
   XXL
  </size>
  <color>
   Желтый
  </color>
  <material>
   Хлопок
  </material>
  <price>
   521257
  </price>
  <rating>
   4.72
  </rating>
  <reviews>
   952398
  </reviews>
  <sporty>
   no
  </sporty>
 </clothing>
 <clothing>
  <id>
   122748259
  </id>
  <name>
   DC Shirt T-4601
  </name>
  <category>
   Shirt
  </category>
  <size>
   L
  </size>
  <color>
   Зеленый
  </color>
  <material>
   Нейлон
  </material>
  <price>
   626383
  </price>
  <rating>
   3.19
  </rating>
  <reviews>
   175246
  </reviews>
  <new>
   -
  </new>
  <exclusive>
   no
  </exclusive>
  <sporty>
   no
  </sporty>
 </clothing>
 <clothing>
  <id>
   856161249
  </id>
  <name>
   Ellesse Shirt C-6482
  </name>
  <category>
   Shirt
  </category>
  <size>
   XXL
  </size>
  <color>
   Желтый
  </color>
  <material>
   Нейлон
  </material>
  <price>
   148448
  </price>
  <rating>
   4.27
  </rating>
  <reviews>
   660506
  </reviews>
  <exclusive>
   yes
  </exclusive>
 </clothing>
 <clothing>
  <id>
   842777963
  </id>
  <name>
   Converse Hat P-5956
  </name>
  <category>
   Hat
  </category>
  <size>
   XXL
  </size>
  <color>
   Красный
  </color>
  <material>
   Хлопок
  </material>
  <price>
   431884
  </price>
  <rating>
   4.58
  </rating>
  <reviews>
   143101
  </reviews>
 </clothing>
 <clothing>
  <id>
   685819869
  </id>
  <name>
   PleinSport Umbrellas M-9220
  </name>
  <category>
   Umbrellas
  </category>
  <size>
   XXL
  </size>
  <color>
   Фиолетовый
  </color>
  <material>
   Полиэстер
  </material>
  <price>
   362256
  </price>
  <rating>
   3.15
  </rating>
  <reviews>
   772288
  </reviews>
  <new>
   -
  </new>
  <sporty>
   yes
  </sporty>
 </clothing>
 <clothing>
  <id>
   519710520
  </id>
  <name>
   DC T-shirt L-9170
  </name>
  <category>
   T-shirt
  </category>
  <size>
   XXL
  </size>
  <color>
   Красный
  </color>
  <material>
   Кожа
  </material>
  <price>
   833723
  </price>
  <rating>
   1.71
  </rating>
  <reviews>
   497166
  </reviews>
  <sporty>
   no
  </sporty>
 </clothing>
 <clothing>
  <id>
   724910160
  </id>
  <name>
   Brooks Handbags G-2271
  </name>
  <category>
   Handbags
  </category>
  <size>
   XXL
  </size>
  <color>
   Фиолетовый
  </color>
  <material>
   Полиэстер
  </material>
  <price>
   586465
  </price>
  <rating>
   2.61
  </rating>
  <reviews>
   547222
  </reviews>
  <new>
   +
  </new>
 </clothing>
 <clothing>
  <id>
   844194604
  </id>
  <name>
   Puma Shirt V-7013
  </name>
  <category>
   Shirt
  </category>
  <size>
   XXL
  </size>
  <color>
   Фиолетовый
  </color>
  <material>
   Лен
  </material>
  <price>
   127264
  </price>
  <rating>
   4.24
  </rating>
  <reviews>
   39713
  </reviews>
  <new>
   -
  </new>
  <exclusive>
   no
  </exclusive>
  <sporty>
   yes
  </sporty>
 </clothing>
 <clothing>
  <id>
   439535785
  </id>
  <name>
   Vans Pants C-1311
  </name>
  <category>
   Pants
  </category>
  <size>
   M
  </size>
  <color>
   Желтый
  </color>
  <material>
   Шелк
  </material>
  <price>
   199987
  </price>
  <rating>
   3.38
  </rating>
  <reviews>
   89469
  </reviews>
  <exclusive>
   no
  </exclusive>
  <sporty>
   no
  </sporty>
 </clothing>
 <clothing>
  <id>
   601488513
  </id>
  <name>
   DC Socks P-1302
  </name>
  <category>
   Socks
  </category>
  <size>
   XL
  </size>
  <color>
   Зеленый
  </color>
  <material>
   Лен
  </material>
  <price>
   932848
  </price>
  <rating>
   4.07
  </rating>
  <reviews>
   502621
  </reviews>
  <sporty>
   no
  </sporty>
 </clothing>
</clothing-items>
