<?xml version="1.0" encoding="utf-8"?>
<clothing-items>
 <clothing>
  <id>
   897475047
  </id>
  <name>
   Under Armour Sweater X-8980
  </name>
  <category>
   Sweater
  </category>
  <size>
   L
  </size>
  <color>
   Красный
  </color>
  <material>
   Нейлон
  </material>
  <price>
   264111
  </price>
  <rating>
   2.07
  </rating>
  <reviews>
   162330
  </reviews>
  <new>
   +
  </new>
 </clothing>
 <clothing>
  <id>
   864704208
  </id>
  <name>
   Converse Shirt W-6764
  </name>
  <category>
   Shirt
  </category>
  <size>
   L
  </size>
  <color>
   Голубой
  </color>
  <material>
   Лен
  </material>
  <price>
   773019
  </price>
  <rating>
   2.0
  </rating>
  <reviews>
   234303
  </reviews>
  <exclusive>
   no
  </exclusive>
  <sporty>
   no
  </sporty>
 </clothing>
 <clothing>
  <id>
   321682372
  </id>
  <name>
   Reebok T-shirt R-9995
  </name>
  <category>
   T-shirt
  </category>
  <size>
   M
  </size>
  <color>
   Красный
  </color>
  <material>
   Вискоза
  </material>
  <price>
   810558
  </price>
  <rating>
   2.78
  </rating>
  <reviews>
   695360
  </reviews>
  <new>
   -
  </new>
  <sporty>
   no
  </sporty>
 </clothing>
 <clothing>
  <id>
   145848174
  </id>
  <name>
   Asics Umbrellas K-3054
  </name>
  <category>
   Umbrellas
  </category>
  <size>
   L
  </size>
  <color>
   Зеленый
  </color>
  <material>
   Шерсть
  </material>
  <price>
   524020
  </price>
  <rating>
   2.67
  </rating>
  <reviews>
   263821
  </reviews>
 </clothing>
 <clothing>
  <id>
   959327971
  </id>
  <name>
   Fila Hat P-2359
  </name>
  <category>
   Hat
  </category>
  <size>
   XXL
  </size>
  <color>
   Голубой
  </color>
  <material>
   Лен
  </material>
  <price>
   231775
  </price>
  <rating>
   1.99
  </rating>
  <reviews>
   134888
  </reviews>
  <new>
   +
  </new>
  <exclusive>
   no
  </exclusive>
  <sporty>
   no
  </sporty>
 </clothing>
 <clothing>
  <id>
   736231170
  </id>
  <name>
   Reebok Jacket H-8653
  </name>
  <category>
   Jacket
  </category>
  <size>
   S
  </size>
  <color>
   Синий
  </color>
  <material>
   Шелк
  </material>
  <price>
   476405
  </price>
  <rating>
   1.19
  </rating>
  <reviews>
   969273
  </reviews>
 </clothing>
 <clothing>
  <id>
   571692837
  </id>
  <name>
   Brooks Umbrellas C-9672
  </name>
  <category>
   Umbrellas
  </category>
  <size>
   M
  </size>
  <color>
   Фиолетовый
  </color>
  <material>
   Шерсть
  </material>
  <price>
   407269
  </price>
  <rating>
   1.66
  </rating>
  <reviews>
   475225
  </reviews>
  <new>
   +
  </new>
 </clothing>
 <clothing>
  <id>
   783972886
  </id>
  <name>
   Asics Pants R-7119
  </name>
  <category>
   Pants
  </category>
  <size>
   XXL
  </size>
  <color>
   Фиолетовый
  </color>
  <material>
   Полиэстер
  </material>
  <price>
   759923
  </price>
  <rating>
   4.62
  </rating>
  <reviews>
   213666
  </reviews>
  <new>
   -
  </new>
 </clothing>
 <clothing>
  <id>
   433765590
  </id>
  <name>
   Fila Belts X-3729
  </name>
  <category>
   Belts
  </category>
  <size>
   S
  </size>
  <color>
   Красный
  </color>
  <material>
   Хлопок
  </material>
  <price>
   478713
  </price>
  <rating>
   3.97
  </rating>
  <reviews>
   953844
  </reviews>
  <new>
   -
  </new>
  <sporty>
   no
  </sporty>
 </clothing>
 <clothing>
  <id>
   558802718
  </id>
  <name>
   Nike Jeans F-7518
  </name>
  <category>
   Jeans
  </category>
  <size>
   M
  </size>
  <color>
   Красный
  </color>
  <material>
   Шелк
  </material>
  <price>
   944186
  </price>
  <rating>
   1.82
  </rating>
  <reviews>
   637814
  </reviews>
  <new>
   -
  </new>
  <sporty>
   yes
  </sporty>
 </clothing>
 <clothing>
  <id>
   704616815
  </id>
  <name>
   Adidas Belts E-5821
  </name>
  <category>
   Belts
  </category>
  <size>
   XL
  </size>
  <color>
   Оранжевый
  </color>
  <material>
   Шерсть
  </material>
  <price>
   234717
  </price>
  <rating>
   1.69
  </rating>
  <reviews>
   802601
  </reviews>
  <new>
   -
  </new>
  <exclusive>
   no
  </exclusive>
  <sporty>
   no
  </sporty>
 </clothing>
 <clothing>
  <id>
   372809074
  </id>
  <name>
   Brooks Socks I-5824
  </name>
  <category>
   Socks
  </category>
  <size>
   L
  </size>
  <color>
   Фиолетовый
  </color>
  <material>
   Шерсть
  </material>
  <price>
   858551
  </price>
  <rating>
   3.66
  </rating>
  <reviews>
   505575
  </reviews>
  <sporty>
   no
  </sporty>
 </clothing>
 <clothing>
  <id>
   534582883
  </id>
  <name>
   Under Armour T-shirt G-8588
  </name>
  <category>
   T-shirt
  </category>
  <size>
   S
  </size>
  <color>
   Желтый
  </color>
  <material>
   Полиэстер
  </material>
  <price>
   350579
  </price>
  <rating>
   2.96
  </rating>
  <reviews>
   664436
  </reviews>
  <new>
   -
  </new>
 </clothing>
 <clothing>
  <id>
   302757310
  </id>
  <name>
   DC Jeans E-9695
  </name>
  <category>
   Jeans
  </category>
  <size>
   L
  </size>
  <color>
   Синий
  </color>
  <material>
   Шерсть
  </material>
  <price>
   480433
  </price>
  <rating>
   2.94
  </rating>
  <reviews>
   940685
  </reviews>
  <new>
   -
  </new>
  <exclusive>
   no
  </exclusive>
 </clothing>
 <clothing>
  <id>
   325384623
  </id>
  <name>
   New Balance Belts Q-1365
  </name>
  <category>
   Belts
  </category>
  <size>
   L
  </size>
  <color>
   Фиолетовый
  </color>
  <material>
   Вискоза
  </material>
  <price>
   701860
  </price>
  <rating>
   3.03
  </rating>
  <reviews>
   700402
  </reviews>
  <new>
   -
  </new>
  <sporty>
   yes
  </sporty>
 </clothing>
 <clothing>
  <id>
   361473405
  </id>
  <name>
   Lacoste T-shirt S-4466
  </name>
  <category>
   T-shirt
  </category>
  <size>
   S
  </size>
  <color>
   Синий
  </color>
  <material>
   Полиэстер
  </material>
  <price>
   477264
  </price>
  <rating>
   2.4
  </rating>
  <reviews>
   261584
  </reviews>
  <new>
   +
  </new>
 </clothing>
 <clothing>
  <id>
   185773138
  </id>
  <name>
   Adidas T-shirt X-6348
  </name>
  <category>
   T-shirt
  </category>
  <size>
   XL
  </size>
  <color>
   Голубой
  </color>
  <material>
   Нейлон
  </material>
  <price>
   461434
  </price>
  <rating>
   4.14
  </rating>
  <reviews>
   781721
  </reviews>
  <exclusive>
   no
  </exclusive>
  <sporty>
   yes
  </sporty>
 </clothing>
 <clothing>
  <id>
   918384361
  </id>
  <name>
   DC T-shirt U-7014
  </name>
  <category>
   T-shirt
  </category>
  <size>
   S
  </size>
  <color>
   Фиолетовый
  </color>
  <material>
   Шерсть
  </material>
  <price>
   404290
  </price>
  <rating>
   3.91
  </rating>
  <reviews>
   136605
  </reviews>
  <exclusive>
   no
  </exclusive>
  <sporty>
   yes
  </sporty>
 </clothing>
 <clothing>
  <id>
   393179159
  </id>
  <name>
   DC T-shirt Z-2956
  </name>
  <category>
   T-shirt
  </category>
  <size>
   XXL
  </size>
  <color>
   Оранжевый
  </color>
  <material>
   Шерсть
  </material>
  <price>
   650428
  </price>
  <rating>
   4.32
  </rating>
  <reviews>
   128981
  </reviews>
  <new>
   +
  </new>
  <sporty>
   yes
  </sporty>
 </clothing>
</clothing-items>
