<?xml version="1.0" encoding="utf-8"?>
<clothing-items>
 <clothing>
  <id>
   615175757
  </id>
  <name>
   New Balance Skirt B-6958
  </name>
  <category>
   Skirt
  </category>
  <size>
   XXL
  </size>
  <color>
   Желтый
  </color>
  <material>
   Шерсть
  </material>
  <price>
   132658
  </price>
  <rating>
   1.93
  </rating>
  <reviews>
   443185
  </reviews>
  <new>
   -
  </new>
  <exclusive>
   no
  </exclusive>
 </clothing>
 <clothing>
  <id>
   563200341
  </id>
  <name>
   Adidas T-shirt L-8198
  </name>
  <category>
   T-shirt
  </category>
  <size>
   XL
  </size>
  <color>
   Синий
  </color>
  <material>
   Вискоза
  </material>
  <price>
   545564
  </price>
  <rating>
   1.35
  </rating>
  <reviews>
   745494
  </reviews>
  <new>
   +
  </new>
  <exclusive>
   yes
  </exclusive>
  <sporty>
   no
  </sporty>
 </clothing>
 <clothing>
  <id>
   924245210
  </id>
  <name>
   DC Umbrellas Z-9051
  </name>
  <category>
   Umbrellas
  </category>
  <size>
   XL
  </size>
  <color>
   Оранжевый
  </color>
  <material>
   Нейлон
  </material>
  <price>
   418590
  </price>
  <rating>
   2.46
  </rating>
  <reviews>
   143749
  </reviews>
  <exclusive>
   yes
  </exclusive>
  <sporty>
   no
  </sporty>
 </clothing>
 <clothing>
  <id>
   733272360
  </id>
  <name>
   Addidas Jeans U-4948
  </name>
  <category>
   Jeans
  </category>
  <size>
   XL
  </size>
  <color>
   Красный
  </color>
  <material>
   Вискоза
  </material>
  <price>
   256270
  </price>
  <rating>
   2.43
  </rating>
  <reviews>
   539874
  </reviews>
  <sporty>
   yes
  </sporty>
 </clothing>
 <clothing>
  <id>
   356870753
  </id>
  <name>
   Adidas Jacket R-1909
  </name>
  <category>
   Jacket
  </category>
  <size>
   M
  </size>
  <color>
   Голубой
  </color>
  <material>
   Шелк
  </material>
  <price>
   364816
  </price>
  <rating>
   2.35
  </rating>
  <reviews>
   732699
  </reviews>
  <new>
   +
  </new>
  <sporty>
   no
  </sporty>
 </clothing>
 <clothing>
  <id>
   149950257
  </id>
  <name>
   Under Armour Gloves L-3342
  </name>
  <category>
   Gloves
  </category>
  <size>
   M
  </size>
  <color>
   Зеленый
  </color>
  <material>
   Полиэстер
  </material>
  <price>
   193376
  </price>
  <rating>
   3.25
  </rating>
  <reviews>
   738908
  </reviews>
  <new>
   -
  </new>
 </clothing>
 <clothing>
  <id>
   488825862
  </id>
  <name>
   Adidas T-shirt D-9071
  </name>
  <category>
   T-shirt
  </category>
  <size>
   L
  </size>
  <color>
   Синий
  </color>
  <material>
   Шерсть
  </material>
  <price>
   828988
  </price>
  <rating>
   4.78
  </rating>
  <reviews>
   325644
  </reviews>
  <new>
   -
  </new>
  <sporty>
   no
  </sporty>
 </clothing>
 <clothing>
  <id>
   637620125
  </id>
  <name>
   Reebok Blouse M-3828
  </name>
  <category>
   Blouse
  </category>
  <size>
   S
  </size>
  <color>
   Зеленый
  </color>
  <material>
   Кожа
  </material>
  <price>
   133723
  </price>
  <rating>
   1.84
  </rating>
  <reviews>
   86081
  </reviews>
 </clothing>
 <clothing>
  <id>
   854390945
  </id>
  <name>
   Ellesse Socks W-8424
  </name>
  <category>
   Socks
  </category>
  <size>
   L
  </size>
  <color>
   Желтый
  </color>
  <material>
   Вискоза
  </material>
  <price>
   291654
  </price>
  <rating>
   4.93
  </rating>
  <reviews>
   496306
  </reviews>
  <new>
   +
  </new>
  <exclusive>
   yes
  </exclusive>
 </clothing>
 <clothing>
  <id>
   643080034
  </id>
  <name>
   New Balance Blouse D-5319
  </name>
  <category>
   Blouse
  </category>
  <size>
   S
  </size>
  <color>
   Желтый
  </color>
  <material>
   Хлопок
  </material>
  <price>
   400725
  </price>
  <rating>
   2.09
  </rating>
  <reviews>
   58521
  </reviews>
  <new>
   -
  </new>
  <sporty>
   no
  </sporty>
 </clothing>
 <clothing>
  <id>
   749436245
  </id>
  <name>
   New Balance Jacket S-8964
  </name>
  <category>
   Jacket
  </category>
  <size>
   S
  </size>
  <color>
   Зеленый
  </color>
  <material>
   Лен
  </material>
  <price>
   196441
  </price>
  <rating>
   4.98
  </rating>
  <reviews>
   45700
  </reviews>
  <exclusive>
   no
  </exclusive>
 </clothing>
 <clothing>
  <id>
   202038066
  </id>
  <name>
   Lacoste Shoes I-8350
  </name>
  <category>
   Shoes
  </category>
  <size>
   S
  </size>
  <color>
   Красный
  </color>
  <material>
   Кожа
  </material>
  <price>
   349733
  </price>
  <rating>
   4.55
  </rating>
  <reviews>
   130158
  </reviews>
  <exclusive>
   no
  </exclusive>
 </clothing>
 <clothing>
  <id>
   740489474
  </id>
  <name>
   Converse Handbags P-4709
  </name>
  <category>
   Handbags
  </category>
  <size>
   XL
  </size>
  <color>
   Зеленый
  </color>
  <material>
   Вискоза
  </material>
  <price>
   687278
  </price>
  <rating>
   3.59
  </rating>
  <reviews>
   663815
  </reviews>
  <new>
   -
  </new>
  <exclusive>
   no
  </exclusive>
  <sporty>
   yes
  </sporty>
 </clothing>
 <clothing>
  <id>
   582967594
  </id>
  <name>
   Vans Shirt X-6702
  </name>
  <category>
   Shirt
  </category>
  <size>
   XXL
  </size>
  <color>
   Фиолетовый
  </color>
  <material>
   Хлопок
  </material>
  <price>
   508675
  </price>
  <rating>
   1.54
  </rating>
  <reviews>
   753218
  </reviews>
 </clothing>
 <clothing>
  <id>
   157760886
  </id>
  <name>
   Addidas Handbags I-1481
  </name>
  <category>
   Handbags
  </category>
  <size>
   XXL
  </size>
  <color>
   Оранжевый
  </color>
  <material>
   Полиэстер
  </material>
  <price>
   958915
  </price>
  <rating>
   3.65
  </rating>
  <reviews>
   557407
  </reviews>
  <new>
   +
  </new>
 </clothing>
 <clothing>
  <id>
   949474227
  </id>
  <name>
   Reebok Sweater J-5668
  </name>
  <category>
   Sweater
  </category>
  <size>
   XL
  </size>
  <color>
   Фиолетовый
  </color>
  <material>
   Полиэстер
  </material>
  <price>
   663185
  </price>
  <rating>
   1.02
  </rating>
  <reviews>
   716813
  </reviews>
  <new>
   -
  </new>
  <exclusive>
   yes
  </exclusive>
  <sporty>
   yes
  </sporty>
 </clothing>
 <clothing>
  <id>
   842806309
  </id>
  <name>
   Brooks T-shirt Z-8107
  </name>
  <category>
   T-shirt
  </category>
  <size>
   XL
  </size>
  <color>
   Фиолетовый
  </color>
  <material>
   Нейлон
  </material>
  <price>
   238444
  </price>
  <rating>
   3.75
  </rating>
  <reviews>
   816720
  </reviews>
  <exclusive>
   no
  </exclusive>
  <sporty>
   no
  </sporty>
 </clothing>
 <clothing>
  <id>
   372453363
  </id>
  <name>
   Brooks Hat A-7841
  </name>
  <category>
   Hat
  </category>
  <size>
   XXL
  </size>
  <color>
   Синий
  </color>
  <material>
   Вискоза
  </material>
  <price>
   158425
  </price>
  <rating>
   3.64
  </rating>
  <reviews>
   676993
  </reviews>
  <new>
   +
  </new>
  <exclusive>
   yes
  </exclusive>
 </clothing>
 <clothing>
  <id>
   661045553
  </id>
  <name>
   Under Armour Belts L-7737
  </name>
  <category>
   Belts
  </category>
  <size>
   M
  </size>
  <color>
   Зеленый
  </color>
  <material>
   Нейлон
  </material>
  <price>
   183382
  </price>
  <rating>
   2.62
  </rating>
  <reviews>
   960759
  </reviews>
  <new>
   +
  </new>
  <sporty>
   yes
  </sporty>
 </clothing>
 <clothing>
  <id>
   521466063
  </id>
  <name>
   Vans Shirt K-5847
  </name>
  <category>
   Shirt
  </category>
  <size>
   S
  </size>
  <color>
   Красный
  </color>
  <material>
   Хлопок
  </material>
  <price>
   293889
  </price>
  <rating>
   2.23
  </rating>
  <reviews>
   662526
  </reviews>
  <exclusive>
   no
  </exclusive>
 </clothing>
 <clothing>
  <id>
   531684931
  </id>
  <name>
   Fila Blouse Y-8383
  </name>
  <category>
   Blouse
  </category>
  <size>
   XXL
  </size>
  <color>
   Желтый
  </color>
  <material>
   Хлопок
  </material>
  <price>
   997737
  </price>
  <rating>
   4.61
  </rating>
  <reviews>
   324324
  </reviews>
  <exclusive>
   yes
  </exclusive>
  <sporty>
   yes
  </sporty>
 </clothing>
 <clothing>
  <id>
   664186743
  </id>
  <name>
   Nike Handbags Y-1478
  </name>
  <category>
   Handbags
  </category>
  <size>
   S
  </size>
  <color>
   Желтый
  </color>
  <material>
   Шерсть
  </material>
  <price>
   427893
  </price>
  <rating>
   3.29
  </rating>
  <reviews>
   490853
  </reviews>
  <exclusive>
   no
  </exclusive>
 </clothing>
 <clothing>
  <id>
   209776471
  </id>
  <name>
   Puma Skirt M-3938
  </name>
  <category>
   Skirt
  </category>
  <size>
   XXL
  </size>
  <color>
   Голубой
  </color>
  <material>
   Хлопок
  </material>
  <price>
   180730
  </price>
  <rating>
   4.77
  </rating>
  <reviews>
   234897
  </reviews>
  <exclusive>
   no
  </exclusive>
 </clothing>
 <clothing>
  <id>
   925130572
  </id>
  <name>
   Converse Gloves X-2106
  </name>
  <category>
   Gloves
  </category>
  <size>
   XXL
  </size>
  <color>
   Зеленый
  </color>
  <material>
   Нейлон
  </material>
  <price>
   767009
  </price>
  <rating>
   3.23
  </rating>
  <reviews>
   946577
  </reviews>
  <new>
   -
  </new>
  <sporty>
   no
  </sporty>
 </clothing>
 <clothing>
  <id>
   880336131
  </id>
  <name>
   DC Jacket K-1076
  </name>
  <category>
   Jacket
  </category>
  <size>
   M
  </size>
  <color>
   Желтый
  </color>
  <material>
   Шерсть
  </material>
  <price>
   690030
  </price>
  <rating>
   1.21
  </rating>
  <reviews>
   909832
  </reviews>
  <new>
   +
  </new>
  <exclusive>
   no
  </exclusive>
  <sporty>
   yes
  </sporty>
 </clothing>
 <clothing>
  <id>
   780722395
  </id>
  <name>
   Under Armour Gloves Y-3594
  </name>
  <category>
   Gloves
  </category>
  <size>
   L
  </size>
  <color>
   Фиолетовый
  </color>
  <material>
   Вискоза
  </material>
  <price>
   837040
  </price>
  <rating>
   2.54
  </rating>
  <reviews>
   780671
  </reviews>
 </clothing>
 <clothing>
  <id>
   910177630
  </id>
  <name>
   PleinSport Pants O-1136
  </name>
  <category>
   Pants
  </category>
  <size>
   M
  </size>
  <color>
   Голубой
  </color>
  <material>
   Полиэстер
  </material>
  <price>
   978507
  </price>
  <rating>
   4.1
  </rating>
  <reviews>
   365373
  </reviews>
  <new>
   +
  </new>
  <sporty>
   yes
  </sporty>
 </clothing>
 <clothing>
  <id>
   545893156
  </id>
  <name>
   Adidas Jacket M-6238
  </name>
  <category>
   Jacket
  </category>
  <size>
   M
  </size>
  <color>
   Голубой
  </color>
  <material>
   Вискоза
  </material>
  <price>
   313812
  </price>
  <rating>
   1.58
  </rating>
  <reviews>
   871746
  </reviews>
  <new>
   +
  </new>
  <exclusive>
   no
  </exclusive>
  <sporty>
   no
  </sporty>
 </clothing>
 <clothing>
  <id>
   589670176
  </id>
  <name>
   Vans Belts K-9479
  </name>
  <category>
   Belts
  </category>
  <size>
   L
  </size>
  <color>
   Синий
  </color>
  <material>
   Хлопок
  </material>
  <price>
   564859
  </price>
  <rating>
   2.15
  </rating>
  <reviews>
   758309
  </reviews>
  <exclusive>
   no
  </exclusive>
  <sporty>
   no
  </sporty>
 </clothing>
 <clothing>
  <id>
   768318846
  </id>
  <name>
   DC Sweater L-2359
  </name>
  <category>
   Sweater
  </category>
  <size>
   M
  </size>
  <color>
   Оранжевый
  </color>
  <material>
   Хлопок
  </material>
  <price>
   169133
  </price>
  <rating>
   3.97
  </rating>
  <reviews>
   777318
  </reviews>
  <new>
   -
  </new>
 </clothing>
 <clothing>
  <id>
   722375509
  </id>
  <name>
   Under Armour Skirt E-4582
  </name>
  <category>
   Skirt
  </category>
  <size>
   L
  </size>
  <color>
   Голубой
  </color>
  <material>
   Шелк
  </material>
  <price>
   621414
  </price>
  <rating>
   2.71
  </rating>
  <reviews>
   651328
  </reviews>
  <sporty>
   no
  </sporty>
 </clothing>
</clothing-items>
