{
    "salary_stats": [
        {
            "_id": "None",
            "min_salary": 20006,
            "avg_salary": 114284.99911379405,
            "max_salary": 223756.26
        }
    ],
    "count_by_profession": [
        {
            "_id": "None",
            "count": 10954
        }
    ],
    "salary_by_city": [
        {
            "_id": "Сантьяго-де-Компостела",
            "min_salary": 27435,
            "avg_salary": 105158.3969879518,
            "max_salary": 194353.95
        },
        {
            "_id": "Кишинев",
            "min_salary": 27841,
            "avg_salary": 108342.69457831325,
            "max_salary": 186125
        },
        {
            "_id": "Баку",
            "min_salary": 27703,
            "avg_salary": 129977.32826086956,
            "max_salary": 205854.6
        },
        {
            "_id": "Санхенхо",
            "min_salary": 22394,
            "avg_salary": 128990.71912751677,
            "max_salary": 183439
        },
        {
            "_id": "Виго",
            "min_salary": 21425,
            "avg_salary": 110806.9987804878,
            "max_salary": 209736.45
        },
        {
            "_id": "Афины",
            "min_salary": 26042,
            "avg_salary": 121959.4809352518,
            "max_salary": 208703.25
        },
        {
            "_id": "Кадакес",
            "min_salary": 30574,
            "avg_salary": 115806.6767857143,
            "max_salary": 192159.45
        },
        {
            "_id": "Сеговия",
            "min_salary": 23763,
            "avg_salary": 115622.0592178771,
            "max_salary": 199276
        },
        {
            "_id": "Мадрид",
            "min_salary": 40184,
            "avg_salary": 116567.0,
            "max_salary": 193210
        },
        {
            "_id": "Хихон",
            "min_salary": 23545,
            "avg_salary": 121999.64464285715,
            "max_salary": 198796
        },
        {
            "_id": "Скопье",
            "min_salary": 38861,
            "avg_salary": 109023.92821428571,
            "max_salary": 194361
        },
        {
            "_id": "Тудела",
            "min_salary": 25206,
            "avg_salary": 102881.90166666666,
            "max_salary": 205898.7
        },
        {
            "_id": "Лас-Росас",
            "min_salary": 22321,
            "avg_salary": 89328.4484375,
            "max_salary": 159442
        },
        {
            "_id": "Рига",
            "min_salary": 49975,
            "avg_salary": 117538.7415,
            "max_salary": 188946
        },
        {
            "_id": "Махадаонда",
            "min_salary": 21852,
            "avg_salary": 115944.46006493508,
            "max_salary": 194972
        },
        {
            "_id": "Фигерас",
            "min_salary": 27768,
            "avg_salary": 109086.28445378151,
            "max_salary": 190461
        },
        {
            "_id": "Артейхо",
            "min_salary": 23312,
            "avg_salary": 103884.13200000001,
            "max_salary": 183099
        },
        {
            "_id": "Бланес",
            "min_salary": 23740,
            "avg_salary": 105730.43349514564,
            "max_salary": 165717
        },
        {
            "_id": "Сьюдад-Реаль",
            "min_salary": 25195,
            "avg_salary": 110571.7688034188,
            "max_salary": 187327
        },
        {
            "_id": "Вроцлав",
            "min_salary": 26638,
            "avg_salary": 130465.60027472528,
            "max_salary": 199091
        },
        {
            "_id": "Варшава",
            "min_salary": 25662,
            "avg_salary": 133971.28407643313,
            "max_salary": 198810
        },
        {
            "_id": "Севилья",
            "min_salary": 23708,
            "avg_salary": 124525.58695652174,
            "max_salary": 199419.15
        },
        {
            "_id": "Мурсия",
            "min_salary": 29822,
            "avg_salary": 132154.8524590164,
            "max_salary": 197064
        },
        {
            "_id": "Минск",
            "min_salary": 20541,
            "avg_salary": 128029.25214285715,
            "max_salary": 205435.65
        },
        {
            "_id": "Ла-Корунья",
            "min_salary": 23448,
            "avg_salary": 125341.8176300578,
            "max_salary": 190946
        },
        {
            "_id": "Алма-Ата",
            "min_salary": 20153,
            "avg_salary": 126661.41647727274,
            "max_salary": 202044.15
        },
        {
            "_id": "Тирана",
            "min_salary": 20792,
            "avg_salary": 126057.08417721519,
            "max_salary": 199969.35
        },
        {
            "_id": "Тарраса",
            "min_salary": 21554,
            "avg_salary": 111541.2496124031,
            "max_salary": 197230
        },
        {
            "_id": "Загреб",
            "min_salary": 20006,
            "avg_salary": 124510.53571428571,
            "max_salary": 198714
        },
        {
            "_id": "Мерида",
            "min_salary": 43870,
            "avg_salary": 119027.80961538461,
            "max_salary": 195988
        },
        {
            "_id": "Монсон",
            "min_salary": 32021,
            "avg_salary": 134607.65384615384,
            "max_salary": 199714
        },
        {
            "_id": "Эль-Пуэрто-де-Санта-Мария",
            "min_salary": 27900,
            "avg_salary": 100843.375,
            "max_salary": 199122
        },
        {
            "_id": "Вильявисиоса",
            "min_salary": 30752,
            "avg_salary": 82499.32352941176,
            "max_salary": 179872
        },
        {
            "_id": "Осера",
            "min_salary": 23816,
            "avg_salary": 117447.15913978494,
            "max_salary": 195181
        },
        {
            "_id": "Сория",
            "min_salary": 21663,
            "avg_salary": 115983.39775280899,
            "max_salary": 199949
        },
        {
            "_id": "Луго",
            "min_salary": 20492,
            "avg_salary": 114736.27482014388,
            "max_salary": 209073.90000000002
        },
        {
            "_id": "Краков",
            "min_salary": 20687,
            "avg_salary": 100121.87547169812,
            "max_salary": 192959
        },
        {
            "_id": "Мартоса",
            "min_salary": 36403,
            "avg_salary": 108276.56195652175,
            "max_salary": 195990
        },
        {
            "_id": "Любляна",
            "min_salary": 29727,
            "avg_salary": 103393.15216216215,
            "max_salary": 194857
        },
        {
            "_id": "Самора",
            "min_salary": 29817,
            "avg_salary": 108935.84311926606,
            "max_salary": 198260
        },
        {
            "_id": "Будапешт",
            "min_salary": 40434,
            "avg_salary": 119759.96440677966,
            "max_salary": 188766.9
        },
        {
            "_id": "Сараево",
            "min_salary": 39926,
            "avg_salary": 104180.62253521127,
            "max_salary": 196535
        },
        {
            "_id": "Санкт-Петербург",
            "min_salary": 22393,
            "avg_salary": 131354.95523426574,
            "max_salary": 223756.26
        },
        {
            "_id": "Бургос",
            "min_salary": 20695,
            "avg_salary": 98470.77534246574,
            "max_salary": 178633.35
        },
        {
            "_id": "Бишкек",
            "min_salary": 21621,
            "avg_salary": 117277.82255813954,
            "max_salary": 197661.45
        },
        {
            "_id": "Прага",
            "min_salary": 46157,
            "avg_salary": 118854.78452380953,
            "max_salary": 206289.30000000002
        },
        {
            "_id": "Сан-Себастьян",
            "min_salary": 23906,
            "avg_salary": 112712.80939597316,
            "max_salary": 199029
        },
        {
            "_id": "Хельсинки",
            "min_salary": 21406,
            "avg_salary": 113809.11794871796,
            "max_salary": 188395
        },
        {
            "_id": "Белград",
            "min_salary": 26818,
            "avg_salary": 108100.73066666667,
            "max_salary": 205581.6
        },
        {
            "_id": "Бильбао",
            "min_salary": 24700,
            "avg_salary": 105198.64764705884,
            "max_salary": 199645
        },
        {
            "_id": "Валенсия",
            "min_salary": 22838,
            "avg_salary": 119349.70078125,
            "max_salary": 194700
        },
        {
            "_id": "Барселона",
            "min_salary": 23020,
            "avg_salary": 118121.6311923077,
            "max_salary": 166881.3195
        },
        {
            "_id": "Авилес",
            "min_salary": 48923,
            "avg_salary": 133027.87548076923,
            "max_salary": 194579
        },
        {
            "_id": "Тбилиси",
            "min_salary": 21847,
            "avg_salary": 111484.48482758622,
            "max_salary": 198590
        },
        {
            "_id": "Душанбе",
            "min_salary": 24877,
            "avg_salary": 92095.34694656488,
            "max_salary": 205797.9
        },
        {
            "_id": "Пласенсия",
            "min_salary": 37858,
            "avg_salary": 107512.50078125,
            "max_salary": 194143.95
        },
        {
            "_id": "София",
            "min_salary": 35356,
            "avg_salary": 109270.1971875,
            "max_salary": 189586
        },
        {
            "_id": "Подгорица",
            "min_salary": 23424,
            "avg_salary": 95086.67391304347,
            "max_salary": 194003.25
        },
        {
            "_id": "Ереван",
            "min_salary": 23785,
            "avg_salary": 126731.59834254145,
            "max_salary": 199297
        },
        {
            "_id": "Таллин",
            "min_salary": 22025,
            "avg_salary": 108812.66777108435,
            "max_salary": 198795
        },
        {
            "_id": "Алькала-де-Энарес",
            "min_salary": 51666,
            "avg_salary": 110467.29437500001,
            "max_salary": 182597
        },
        {
            "_id": "Камбадос",
            "min_salary": 20463,
            "avg_salary": 116053.98229166667,
            "max_salary": 208409.25
        },
        {
            "_id": "Малага",
            "min_salary": 25850,
            "avg_salary": 124374.0516409396,
            "max_salary": 206486.46000000002
        },
        {
            "_id": "Навалькарнеро",
            "min_salary": 30659,
            "avg_salary": 92386.80131578947,
            "max_salary": 193445
        },
        {
            "_id": "Вильнюс",
            "min_salary": 20063,
            "avg_salary": 81915.16971830986,
            "max_salary": 175814
        },
        {
            "_id": "Овьедо",
            "min_salary": 38926,
            "avg_salary": 124325.61979166667,
            "max_salary": 194999.7
        },
        {
            "_id": "Вальядолид",
            "min_salary": 23846,
            "avg_salary": 108772.08219895288,
            "max_salary": 188592
        },
        {
            "_id": "Семана",
            "min_salary": 34460,
            "avg_salary": 109627.21273584907,
            "max_salary": 198839
        },
        {
            "_id": "Кордова",
            "min_salary": 32136,
            "avg_salary": 143642.98507462686,
            "max_salary": 209080.2
        },
        {
            "_id": "Москва",
            "min_salary": 25268,
            "avg_salary": 114136.6308219178,
            "max_salary": 200312.7
        },
        {
            "_id": "Картахена",
            "min_salary": 28301,
            "avg_salary": 115367.42335766423,
            "max_salary": 185274
        },
        {
            "_id": "Аликанте",
            "min_salary": 20477,
            "avg_salary": 118333.42904411764,
            "max_salary": 192492
        },
        {
            "_id": "Трухильо",
            "min_salary": 24555,
            "avg_salary": 114766.89210526316,
            "max_salary": 196160
        },
        {
            "_id": "Касерес",
            "min_salary": 21108,
            "avg_salary": 132277.48913043478,
            "max_salary": 206839.5
        },
        {
            "_id": "Льейда",
            "min_salary": 20173,
            "avg_salary": 118517.13282208588,
            "max_salary": 194484.15
        },
        {
            "_id": "Ташкент",
            "min_salary": 27289,
            "avg_salary": 92624.2262962963,
            "max_salary": 193976
        },
        {
            "_id": "Гранада",
            "min_salary": 39488,
            "avg_salary": 111916.64552238806,
            "max_salary": 183899
        },
        {
            "_id": "Эльче",
            "min_salary": 20628,
            "avg_salary": 100545.23749999999,
            "max_salary": 196640
        },
        {
            "_id": "Астана",
            "min_salary": 23085,
            "avg_salary": 117953.80567375886,
            "max_salary": 197781
        },
        {
            "_id": "Луарка",
            "min_salary": 25675,
            "avg_salary": 107115.00384615385,
            "max_salary": 198862.65
        },
        {
            "_id": "Куэнка",
            "min_salary": 29051,
            "avg_salary": 121880.45555555556,
            "max_salary": 209850.90000000002
        }
    ],
    "salary_by_profession": [
        {
            "_id": "None",
            "min_salary": 20006,
            "avg_salary": 114284.99911379405,
            "max_salary": 223756.26
        }
    ],
    "age_stats_by_city": [
        {
            "_id": "Москва",
            "min_age": 19,
            "avg_age": 50.705479452054796,
            "max_age": 66
        },
        {
            "_id": "Картахена",
            "min_age": 24,
            "avg_age": 45.54014598540146,
            "max_age": 60
        },
        {
            "_id": "Аликанте",
            "min_age": 18,
            "avg_age": 37.294117647058826,
            "max_age": 64
        },
        {
            "_id": "Трухильо",
            "min_age": 20,
            "avg_age": 39.36842105263158,
            "max_age": 62
        },
        {
            "_id": "Касерес",
            "min_age": 19,
            "avg_age": 45.81739130434783,
            "max_age": 63
        },
        {
            "_id": "Льейда",
            "min_age": 18,
            "avg_age": 46.122699386503065,
            "max_age": 66
        },
        {
            "_id": "Ташкент",
            "min_age": 18,
            "avg_age": 41.91851851851852,
            "max_age": 64
        },
        {
            "_id": "Гранада",
            "min_age": 18,
            "avg_age": 41.24626865671642,
            "max_age": 66
        },
        {
            "_id": "Эльче",
            "min_age": 22,
            "avg_age": 42.67307692307692,
            "max_age": 63
        },
        {
            "_id": "Астана",
            "min_age": 18,
            "avg_age": 43.4822695035461,
            "max_age": 64
        },
        {
            "_id": "Луарка",
            "min_age": 18,
            "avg_age": 44.56410256410256,
            "max_age": 64
        },
        {
            "_id": "Куэнка",
            "min_age": 18,
            "avg_age": 38.14074074074074,
            "max_age": 65
        },
        {
            "_id": "Сантьяго-де-Компостела",
            "min_age": 18,
            "avg_age": 41.1144578313253,
            "max_age": 65
        },
        {
            "_id": "Баку",
            "min_age": 18,
            "avg_age": 47.721739130434784,
            "max_age": 65
        },
        {
            "_id": "Камбадос",
            "min_age": 19,
            "avg_age": 41.890625,
            "max_age": 63
        },
        {
            "_id": "Малага",
            "min_age": 23,
            "avg_age": 39.25503355704698,
            "max_age": 63
        },
        {
            "_id": "Навалькарнеро",
            "min_age": 21,
            "avg_age": 44.3421052631579,
            "max_age": 65
        },
        {
            "_id": "Вильнюс",
            "min_age": 19,
            "avg_age": 41.690140845070424,
            "max_age": 64
        },
        {
            "_id": "Овьедо",
            "min_age": 20,
            "avg_age": 46.0625,
            "max_age": 64
        },
        {
            "_id": "Вальядолид",
            "min_age": 19,
            "avg_age": 41.90052356020942,
            "max_age": 66
        },
        {
            "_id": "Семана",
            "min_age": 18,
            "avg_age": 42.009433962264154,
            "max_age": 65
        },
        {
            "_id": "Кордова",
            "min_age": 18,
            "avg_age": 39.843283582089555,
            "max_age": 66
        },
        {
            "_id": "Душанбе",
            "min_age": 20,
            "avg_age": 46.74045801526717,
            "max_age": 66
        },
        {
            "_id": "Пласенсия",
            "min_age": 18,
            "avg_age": 40.963541666666664,
            "max_age": 65
        },
        {
            "_id": "София",
            "min_age": 20,
            "avg_age": 41.95,
            "max_age": 66
        },
        {
            "_id": "Подгорица",
            "min_age": 18,
            "avg_age": 38.2,
            "max_age": 62
        },
        {
            "_id": "Ереван",
            "min_age": 21,
            "avg_age": 45.52486187845304,
            "max_age": 63
        },
        {
            "_id": "Таллин",
            "min_age": 21,
            "avg_age": 46.9277108433735,
            "max_age": 65
        },
        {
            "_id": "Алькала-де-Энарес",
            "min_age": 20,
            "avg_age": 43.6,
            "max_age": 61
        },
        {
            "_id": "Сараево",
            "min_age": 18,
            "avg_age": 44.485915492957744,
            "max_age": 66
        },
        {
            "_id": "Санкт-Петербург",
            "min_age": 19,
            "avg_age": 42.58741258741259,
            "max_age": 66
        },
        {
            "_id": "Бургос",
            "min_age": 19,
            "avg_age": 39.08904109589041,
            "max_age": 64
        },
        {
            "_id": "Бишкек",
            "min_age": 18,
            "avg_age": 41.87906976744186,
            "max_age": 66
        },
        {
            "_id": "Сан-Себастьян",
            "min_age": 19,
            "avg_age": 44.147651006711406,
            "max_age": 66
        },
        {
            "_id": "Хельсинки",
            "min_age": 21,
            "avg_age": 45.623931623931625,
            "max_age": 65
        },
        {
            "_id": "Бильбао",
            "min_age": 19,
            "avg_age": 35.576470588235296,
            "max_age": 64
        },
        {
            "_id": "Белград",
            "min_age": 24,
            "avg_age": 42.10666666666667,
            "max_age": 65
        },
        {
            "_id": "Валенсия",
            "min_age": 20,
            "avg_age": 40.984375,
            "max_age": 63
        },
        {
            "_id": "Барселона",
            "min_age": 24,
            "avg_age": 46.427350427350426,
            "max_age": 66
        },
        {
            "_id": "Авилес",
            "min_age": 18,
            "avg_age": 34.48076923076923,
            "max_age": 66
        },
        {
            "_id": "Тбилиси",
            "min_age": 23,
            "avg_age": 46.744827586206895,
            "max_age": 59
        },
        {
            "_id": "Тирана",
            "min_age": 18,
            "avg_age": 40.08860759493671,
            "max_age": 63
        },
        {
            "_id": "Тарраса",
            "min_age": 22,
            "avg_age": 39.50387596899225,
            "max_age": 62
        },
        {
            "_id": "Загреб",
            "min_age": 19,
            "avg_age": 43.61309523809524,
            "max_age": 65
        },
        {
            "_id": "Мерида",
            "min_age": 18,
            "avg_age": 40.676923076923075,
            "max_age": 65
        },
        {
            "_id": "Монсон",
            "min_age": 18,
            "avg_age": 46.25,
            "max_age": 66
        },
        {
            "_id": "Эль-Пуэрто-де-Санта-Мария",
            "min_age": 18,
            "avg_age": 40.114754098360656,
            "max_age": 65
        },
        {
            "_id": "Вильявисиоса",
            "min_age": 19,
            "avg_age": 32.21568627450981,
            "max_age": 65
        },
        {
            "_id": "Осера",
            "min_age": 20,
            "avg_age": 41.70609318996416,
            "max_age": 66
        },
        {
            "_id": "Сория",
            "min_age": 18,
            "avg_age": 36.62921348314607,
            "max_age": 59
        },
        {
            "_id": "Луго",
            "min_age": 20,
            "avg_age": 43.32374100719424,
            "max_age": 63
        },
        {
            "_id": "Краков",
            "min_age": 18,
            "avg_age": 41.301886792452834,
            "max_age": 66
        },
        {
            "_id": "Мартоса",
            "min_age": 18,
            "avg_age": 49.02173913043478,
            "max_age": 65
        },
        {
            "_id": "Любляна",
            "min_age": 19,
            "avg_age": 38.6,
            "max_age": 66
        },
        {
            "_id": "Самора",
            "min_age": 18,
            "avg_age": 43.34862385321101,
            "max_age": 64
        },
        {
            "_id": "Будапешт",
            "min_age": 18,
            "avg_age": 29.720338983050848,
            "max_age": 54
        },
        {
            "_id": "Прага",
            "min_age": 18,
            "avg_age": 43.464285714285715,
            "max_age": 65
        },
        {
            "_id": "Рига",
            "min_age": 22,
            "avg_age": 37.08,
            "max_age": 64
        },
        {
            "_id": "Махадаонда",
            "min_age": 20,
            "avg_age": 38.922077922077925,
            "max_age": 66
        },
        {
            "_id": "Фигерас",
            "min_age": 18,
            "avg_age": 41.411764705882355,
            "max_age": 65
        },
        {
            "_id": "Артейхо",
            "min_age": 22,
            "avg_age": 48.94857142857143,
            "max_age": 65
        },
        {
            "_id": "Бланес",
            "min_age": 18,
            "avg_age": 45.38834951456311,
            "max_age": 66
        },
        {
            "_id": "Сьюдад-Реаль",
            "min_age": 18,
            "avg_age": 39.05128205128205,
            "max_age": 66
        },
        {
            "_id": "Вроцлав",
            "min_age": 21,
            "avg_age": 44.34615384615385,
            "max_age": 66
        },
        {
            "_id": "Варшава",
            "min_age": 18,
            "avg_age": 46.35668789808917,
            "max_age": 66
        },
        {
            "_id": "Севилья",
            "min_age": 18,
            "avg_age": 38.515527950310556,
            "max_age": 65
        },
        {
            "_id": "Мурсия",
            "min_age": 23,
            "avg_age": 47.32786885245902,
            "max_age": 66
        },
        {
            "_id": "Минск",
            "min_age": 18,
            "avg_age": 41.17857142857143,
            "max_age": 64
        },
        {
            "_id": "Ла-Корунья",
            "min_age": 23,
            "avg_age": 41.190751445086704,
            "max_age": 63
        },
        {
            "_id": "Алма-Ата",
            "min_age": 18,
            "avg_age": 35.84090909090909,
            "max_age": 65
        },
        {
            "_id": "Кадакес",
            "min_age": 23,
            "avg_age": 39.86607142857143,
            "max_age": 62
        },
        {
            "_id": "Сеговия",
            "min_age": 18,
            "avg_age": 42.5195530726257,
            "max_age": 65
        },
        {
            "_id": "Мадрид",
            "min_age": 19,
            "avg_age": 41.40425531914894,
            "max_age": 63
        },
        {
            "_id": "Хихон",
            "min_age": 18,
            "avg_age": 40.61309523809524,
            "max_age": 64
        },
        {
            "_id": "Скопье",
            "min_age": 19,
            "avg_age": 45.135714285714286,
            "max_age": 65
        },
        {
            "_id": "Тудела",
            "min_age": 18,
            "avg_age": 47.8,
            "max_age": 66
        },
        {
            "_id": "Лас-Росас",
            "min_age": 18,
            "avg_age": 40.796875,
            "max_age": 60
        },
        {
            "_id": "Кишинев",
            "min_age": 20,
            "avg_age": 43.48192771084337,
            "max_age": 65
        },
        {
            "_id": "Санхенхо",
            "min_age": 18,
            "avg_age": 40.13422818791946,
            "max_age": 64
        },
        {
            "_id": "Виго",
            "min_age": 18,
            "avg_age": 42.670731707317074,
            "max_age": 57
        },
        {
            "_id": "Афины",
            "min_age": 21,
            "avg_age": 46.37410071942446,
            "max_age": 66
        }
    ],
    "age_stats_by_profession": [
        {
            "_id": "None",
            "min_age": 18,
            "avg_age": 42.19591016980099,
            "max_age": 66
        }
    ],
    "max_salary_min_age": [
        {
            "_id": "67603aa933cb0cfeea860cfc",
            "job": "Продавец",
            "salary": 199749,
            "id": 3759076,
            "city": "Виго",
            "year": 2012,
            "age": 18
        }
    ],
    "min_salary_max_age": [
        {
            "_id": "675953de4d34b24a658e1ff4",
            "job": "Строитель",
            "salary": 32136,
            "id": "6271890",
            "city": "Кордова",
            "year": "2004",
            "age": 66
        }
    ],
    "age_stats_salary_above_50k": [
        {
            "_id": "Москва",
            "min_age": 20,
            "avg_age": 51.233870967741936,
            "max_age": 66
        },
        {
            "_id": "Артейхо",
            "min_age": 22,
            "avg_age": 49.82876712328767,
            "max_age": 65
        },
        {
            "_id": "Тудела",
            "min_age": 24,
            "avg_age": 49.796875,
            "max_age": 66
        },
        {
            "_id": "Баку",
            "min_age": 18,
            "avg_age": 48.8,
            "max_age": 65
        },
        {
            "_id": "Душанбе",
            "min_age": 20,
            "avg_age": 48.72115384615385,
            "max_age": 66
        },
        {
            "_id": "Мурсия",
            "min_age": 23,
            "avg_age": 48.44827586206897,
            "max_age": 66
        },
        {
            "_id": "Мартоса",
            "min_age": 18,
            "avg_age": 48.12096774193548,
            "max_age": 65
        },
        {
            "_id": "Таллин",
            "min_age": 21,
            "avg_age": 47.02721088435374,
            "max_age": 64
        },
        {
            "_id": "Сараево",
            "min_age": 18,
            "avg_age": 46.6551724137931,
            "max_age": 66
        },
        {
            "_id": "Монсон",
            "min_age": 18,
            "avg_age": 46.5625,
            "max_age": 66
        },
        {
            "_id": "Луарка",
            "min_age": 18,
            "avg_age": 46.37301587301587,
            "max_age": 64
        },
        {
            "_id": "Барселона",
            "min_age": 24,
            "avg_age": 46.36363636363637,
            "max_age": 66
        },
        {
            "_id": "Бланес",
            "min_age": 18,
            "avg_age": 46.2875,
            "max_age": 66
        },
        {
            "_id": "Тбилиси",
            "min_age": 23,
            "avg_age": 46.10606060606061,
            "max_age": 59
        },
        {
            "_id": "Льейда",
            "min_age": 18,
            "avg_age": 45.75974025974026,
            "max_age": 66
        },
        {
            "_id": "Касерес",
            "min_age": 19,
            "avg_age": 45.68421052631579,
            "max_age": 63
        },
        {
            "_id": "Варшава",
            "min_age": 18,
            "avg_age": 45.66891891891892,
            "max_age": 66
        },
        {
            "_id": "Сантьяго-де-Компостела",
            "min_age": 19,
            "avg_age": 45.5735294117647,
            "max_age": 65
        },
        {
            "_id": "Овьедо",
            "min_age": 20,
            "avg_age": 45.55797101449275,
            "max_age": 64
        },
        {
            "_id": "Хельсинки",
            "min_age": 21,
            "avg_age": 45.51578947368421,
            "max_age": 65
        },
        {
            "_id": "Ереван",
            "min_age": 21,
            "avg_age": 45.45454545454545,
            "max_age": 63
        },
        {
            "_id": "Кишинев",
            "min_age": 20,
            "avg_age": 45.351351351351354,
            "max_age": 65
        },
        {
            "_id": "Афины",
            "min_age": 21,
            "avg_age": 45.03508771929825,
            "max_age": 66
        },
        {
            "_id": "Белград",
            "min_age": 24,
            "avg_age": 45.0,
            "max_age": 65
        },
        {
            "_id": "Загреб",
            "min_age": 19,
            "avg_age": 44.707142857142856,
            "max_age": 65
        },
        {
            "_id": "Сан-Себастьян",
            "min_age": 19,
            "avg_age": 44.6796875,
            "max_age": 66
        },
        {
            "_id": "Картахена",
            "min_age": 24,
            "avg_age": 44.567796610169495,
            "max_age": 60
        },
        {
            "_id": "Сеговия",
            "min_age": 18,
            "avg_age": 44.39873417721519,
            "max_age": 65
        },
        {
            "_id": "Эльче",
            "min_age": 22,
            "avg_age": 44.21111111111111,
            "max_age": 63
        },
        {
            "_id": "Скопье",
            "min_age": 19,
            "avg_age": 44.0,
            "max_age": 65
        },
        {
            "_id": "Вроцлав",
            "min_age": 27,
            "avg_age": 43.82716049382716,
            "max_age": 66
        },
        {
            "_id": "Астана",
            "min_age": 18,
            "avg_age": 43.81147540983606,
            "max_age": 64
        },
        {
            "_id": "Алькала-де-Энарес",
            "min_age": 20,
            "avg_age": 43.6,
            "max_age": 61
        },
        {
            "_id": "Сьюдад-Реаль",
            "min_age": 28,
            "avg_age": 43.583333333333336,
            "max_age": 66
        },
        {
            "_id": "Луго",
            "min_age": 20,
            "avg_age": 43.45384615384615,
            "max_age": 63
        },
        {
            "_id": "Бишкек",
            "min_age": 18,
            "avg_age": 42.85204081632653,
            "max_age": 66
        },
        {
            "_id": "Виго",
            "min_age": 18,
            "avg_age": 42.7125,
            "max_age": 57
        },
        {
            "_id": "Санкт-Петербург",
            "min_age": 19,
            "avg_age": 42.67883211678832,
            "max_age": 66
        },
        {
            "_id": "Навалькарнеро",
            "min_age": 21,
            "avg_age": 42.45918367346939,
            "max_age": 64
        },
        {
            "_id": "Прага",
            "min_age": 18,
            "avg_age": 42.243589743589745,
            "max_age": 65
        },
        {
            "_id": "Вальядолид",
            "min_age": 19,
            "avg_age": 42.21348314606742,
            "max_age": 66
        },
        {
            "_id": "Краков",
            "min_age": 18,
            "avg_age": 42.177083333333336,
            "max_age": 66
        },
        {
            "_id": "Мадрид",
            "min_age": 19,
            "avg_age": 41.74444444444445,
            "max_age": 63
        },
        {
            "_id": "Лас-Росас",
            "min_age": 20,
            "avg_age": 41.625,
            "max_age": 60
        },
        {
            "_id": "Фигерас",
            "min_age": 18,
            "avg_age": 41.55882352941177,
            "max_age": 65
        },
        {
            "_id": "Осера",
            "min_age": 20,
            "avg_age": 41.52777777777778,
            "max_age": 66
        },
        {
            "_id": "Кадакес",
            "min_age": 23,
            "avg_age": 41.46,
            "max_age": 62
        },
        {
            "_id": "Минск",
            "min_age": 22,
            "avg_age": 41.377049180327866,
            "max_age": 64
        },
        {
            "_id": "Вильнюс",
            "min_age": 19,
            "avg_age": 41.357142857142854,
            "max_age": 64
        },
        {
            "_id": "Ла-Корунья",
            "min_age": 23,
            "avg_age": 41.25,
            "max_age": 63
        },
        {
            "_id": "Ташкент",
            "min_age": 18,
            "avg_age": 41.198113207547166,
            "max_age": 64
        },
        {
            "_id": "Трухильо",
            "min_age": 20,
            "avg_age": 40.962406015037594,
            "max_age": 62
        },
        {
            "_id": "Мерида",
            "min_age": 18,
            "avg_age": 40.78813559322034,
            "max_age": 65
        },
        {
            "_id": "Камбадос",
            "min_age": 19,
            "avg_age": 40.71764705882353,
            "max_age": 62
        },
        {
            "_id": "Санхенхо",
            "min_age": 18,
            "avg_age": 40.661764705882355,
            "max_age": 64
        },
        {
            "_id": "Хихон",
            "min_age": 18,
            "avg_age": 40.34415584415584,
            "max_age": 59
        },
        {
            "_id": "Самора",
            "min_age": 18,
            "avg_age": 40.27173913043478,
            "max_age": 61
        },
        {
            "_id": "Эль-Пуэрто-де-Санта-Мария",
            "min_age": 18,
            "avg_age": 40.197916666666664,
            "max_age": 60
        },
        {
            "_id": "Кордова",
            "min_age": 19,
            "avg_age": 40.19047619047619,
            "max_age": 63
        },
        {
            "_id": "София",
            "min_age": 20,
            "avg_age": 40.03472222222222,
            "max_age": 66
        },
        {
            "_id": "Пласенсия",
            "min_age": 20,
            "avg_age": 39.8974358974359,
            "max_age": 65
        },
        {
            "_id": "Севилья",
            "min_age": 18,
            "avg_age": 39.554054054054056,
            "max_age": 65
        },
        {
            "_id": "Валенсия",
            "min_age": 20,
            "avg_age": 39.379629629629626,
            "max_age": 63
        },
        {
            "_id": "Махадаонда",
            "min_age": 20,
            "avg_age": 39.11194029850746,
            "max_age": 64
        },
        {
            "_id": "Малага",
            "min_age": 23,
            "avg_age": 38.929577464788736,
            "max_age": 63
        },
        {
            "_id": "Семана",
            "min_age": 18,
            "avg_age": 38.82432432432432,
            "max_age": 63
        },
        {
            "_id": "Гранада",
            "min_age": 18,
            "avg_age": 38.775862068965516,
            "max_age": 66
        },
        {
            "_id": "Куэнка",
            "min_age": 18,
            "avg_age": 38.601694915254235,
            "max_age": 65
        },
        {
            "_id": "Подгорица",
            "min_age": 18,
            "avg_age": 38.5625,
            "max_age": 56
        },
        {
            "_id": "Тирана",
            "min_age": 18,
            "avg_age": 38.397260273972606,
            "max_age": 63
        },
        {
            "_id": "Бургос",
            "min_age": 19,
            "avg_age": 38.0,
            "max_age": 64
        },
        {
            "_id": "Любляна",
            "min_age": 19,
            "avg_age": 37.973684210526315,
            "max_age": 66
        },
        {
            "_id": "Аликанте",
            "min_age": 21,
            "avg_age": 37.52542372881356,
            "max_age": 60
        },
        {
            "_id": "Тарраса",
            "min_age": 22,
            "avg_age": 36.96153846153846,
            "max_age": 62
        },
        {
            "_id": "Рига",
            "min_age": 22,
            "avg_age": 36.683673469387756,
            "max_age": 64
        },
        {
            "_id": "Сория",
            "min_age": 18,
            "avg_age": 35.23125,
            "max_age": 57
        },
        {
            "_id": "Авилес",
            "min_age": 18,
            "avg_age": 34.91919191919192,
            "max_age": 66
        },
        {
            "_id": "Бильбао",
            "min_age": 19,
            "avg_age": 34.863013698630134,
            "max_age": 64
        },
        {
            "_id": "Алма-Ата",
            "min_age": 18,
            "avg_age": 32.9875,
            "max_age": 61
        },
        {
            "_id": "Будапешт",
            "min_age": 18,
            "avg_age": 30.18867924528302,
            "max_age": 54
        },
        {
            "_id": "Вильявисиоса",
            "min_age": 19,
            "avg_age": 27.527027027027028,
            "max_age": 65
        }
    ],
    "custom_query": [
        {
            "_id": "Кишинев",
            "min_salary": 27841,
            "avg_salary": 120718.90476190476,
            "max_salary": 186125
        },
        {
            "_id": "Сантьяго-де-Компостела",
            "min_salary": 28191,
            "avg_salary": 58045.149999999994,
            "max_salary": 142631
        },
        {
            "_id": "Баку",
            "min_salary": 27703,
            "avg_salary": 70509.66666666667,
            "max_salary": 142689
        },
        {
            "_id": "Санхенхо",
            "min_salary": 103442,
            "avg_salary": 151892.74393939393,
            "max_salary": 183439
        },
        {
            "_id": "Виго",
            "min_salary": 63257,
            "avg_salary": 130455.83666666667,
            "max_salary": 209736.45
        },
        {
            "_id": "Афины",
            "min_salary": 26042,
            "avg_salary": 91304.10555555555,
            "max_salary": 174964.65
        },
        {
            "_id": "Кадакес",
            "min_salary": 126889,
            "avg_salary": 126889.0,
            "max_salary": 126889
        },
        {
            "_id": "Сеговия",
            "min_salary": 40879,
            "avg_salary": 139463.91304347827,
            "max_salary": 198153
        },
        {
            "_id": "Мадрид",
            "min_salary": 105235,
            "avg_salary": 112094.71428571429,
            "max_salary": 113238
        },
        {
            "_id": "Хихон",
            "min_salary": 52345,
            "avg_salary": 84702.53571428571,
            "max_salary": 198796
        },
        {
            "_id": "Скопье",
            "min_salary": 81380,
            "avg_salary": 136438.26666666666,
            "max_salary": 149003
        },
        {
            "_id": "Тудела",
            "min_salary": 46922,
            "avg_salary": 52867.775,
            "max_salary": 93353
        },
        {
            "_id": "Лас-Росас",
            "min_salary": 71285,
            "avg_salary": 97208.72333333334,
            "max_salary": 147080
        },
        {
            "_id": "Рига",
            "min_salary": 99162,
            "avg_salary": 164245.9269230769,
            "max_salary": 183341
        },
        {
            "_id": "Ла-Корунья",
            "min_salary": 51206,
            "avg_salary": 136999.22222222222,
            "max_salary": 171356
        },
        {
            "_id": "Фигерас",
            "min_salary": 124440,
            "avg_salary": 131716.66666666666,
            "max_salary": 157185
        },
        {
            "_id": "Варшава",
            "min_salary": 80156,
            "avg_salary": 130469.05263157895,
            "max_salary": 191616
        },
        {
            "_id": "Бланес",
            "min_salary": 101849,
            "avg_salary": 115310.0,
            "max_salary": 117233
        },
        {
            "_id": "Сьюдад-Реаль",
            "min_salary": 39560,
            "avg_salary": 39560.0,
            "max_salary": 39560
        },
        {
            "_id": "Махадаонда",
            "min_salary": 23262,
            "avg_salary": 151546.42105263157,
            "max_salary": 183116
        },
        {
            "_id": "Мурсия",
            "min_salary": 43249,
            "avg_salary": 128695.66666666667,
            "max_salary": 168105
        },
        {
            "_id": "Севилья",
            "min_salary": 45444,
            "avg_salary": 124920.21964285713,
            "max_salary": 199419.15
        },
        {
            "_id": "Вроцлав",
            "min_salary": 38357,
            "avg_salary": 39315.925,
            "max_salary": 40274.85
        },
        {
            "_id": "Минск",
            "min_salary": 32688,
            "avg_salary": 92092.0,
            "max_salary": 106943
        },
        {
            "_id": "Артейхо",
            "min_salary": 68318,
            "avg_salary": 102308.5,
            "max_salary": 136299
        },
        {
            "_id": "Алма-Ата",
            "min_salary": 68195,
            "avg_salary": 134832.5888888889,
            "max_salary": 191578.80000000002
        },
        {
            "_id": "Тарраса",
            "min_salary": 21554,
            "avg_salary": 77177.125,
            "max_salary": 171913
        },
        {
            "_id": "Тирана",
            "min_salary": 56016.450000000004,
            "avg_salary": 125414.90576923077,
            "max_salary": 159444
        },
        {
            "_id": "Загреб",
            "min_salary": 26300,
            "avg_salary": 78211.67741935483,
            "max_salary": 141920
        },
        {
            "_id": "Мерида",
            "min_salary": 69741,
            "avg_salary": 146648.14166666666,
            "max_salary": 186899
        },
        {
            "_id": "Монсон",
            "min_salary": 115180,
            "avg_salary": 115180.0,
            "max_salary": 115180
        },
        {
            "_id": "Осера",
            "min_salary": 23816,
            "avg_salary": 109650.21052631579,
            "max_salary": 145771
        },
        {
            "_id": "Вильявисиоса",
            "min_salary": 59619,
            "avg_salary": 68335.55172413793,
            "max_salary": 72007
        },
        {
            "_id": "Эль-Пуэрто-де-Санта-Мария",
            "min_salary": 30587,
            "avg_salary": 60718.5625,
            "max_salary": 84982
        },
        {
            "_id": "Сория",
            "min_salary": 57416,
            "avg_salary": 102062.88837209303,
            "max_salary": 199949
        },
        {
            "_id": "Прага",
            "min_salary": 72663,
            "avg_salary": 148788.17647058822,
            "max_salary": 157497
        },
        {
            "_id": "Краков",
            "min_salary": 76607,
            "avg_salary": 120368.75,
            "max_salary": 192959
        },
        {
            "_id": "Любляна",
            "min_salary": 29727,
            "avg_salary": 93011.6564516129,
            "max_salary": 188007
        },
        {
            "_id": "Будапешт",
            "min_salary": 60119,
            "avg_salary": 139144.73333333334,
            "max_salary": 184699
        },
        {
            "_id": "Мартоса",
            "min_salary": 75254,
            "avg_salary": 121908.18181818182,
            "max_salary": 195814
        },
        {
            "_id": "Самора",
            "min_salary": 86890.65000000001,
            "avg_salary": 99850.9875,
            "max_salary": 138732
        },
        {
            "_id": "Сараево",
            "min_salary": 39926,
            "avg_salary": 63918.76190476191,
            "max_salary": 187319
        },
        {
            "_id": "Бургос",
            "min_salary": 58993,
            "avg_salary": 77558.87625,
            "max_salary": 148897.35
        },
        {
            "_id": "Санкт-Петербург",
            "min_salary": 64516,
            "avg_salary": 144967.04368421054,
            "max_salary": 206651.24000000002
        },
        {
            "_id": "Бишкек",
            "min_salary": 132030,
            "avg_salary": 158809.92857142858,
            "max_salary": 186944
        },
        {
            "_id": "Луго",
            "min_salary": 42377,
            "avg_salary": 96389.71428571429,
            "max_salary": 169107
        },
        {
            "_id": "Сан-Себастьян",
            "min_salary": 23906,
            "avg_salary": 112570.0,
            "max_salary": 168912
        },
        {
            "_id": "Хельсинки",
            "min_salary": 21406,
            "avg_salary": 93206.76923076923,
            "max_salary": 188017
        },
        {
            "_id": "Бильбао",
            "min_salary": 36504,
            "avg_salary": 108019.54047619048,
            "max_salary": 146038
        },
        {
            "_id": "Авилес",
            "min_salary": 49684,
            "avg_salary": 127157.53199999999,
            "max_salary": 173016.9
        },
        {
            "_id": "Валенсия",
            "min_salary": 40974,
            "avg_salary": 143933.23529411765,
            "max_salary": 175649
        },
        {
            "_id": "Барселона",
            "min_salary": 145505,
            "avg_salary": 145505.0,
            "max_salary": 145505
        },
        {
            "_id": "Белград",
            "min_salary": 132927,
            "avg_salary": 132927.0,
            "max_salary": 132927
        },
        {
            "_id": "Тбилиси",
            "min_salary": 72000,
            "avg_salary": 74076.66666666667,
            "max_salary": 78230
        },
        {
            "_id": "Пласенсия",
            "min_salary": 38540,
            "avg_salary": 110453.77777777778,
            "max_salary": 192987
        },
        {
            "_id": "Ереван",
            "min_salary": 74198,
            "avg_salary": 125428.31071428572,
            "max_salary": 177084
        },
        {
            "_id": "София",
            "min_salary": 52644,
            "avg_salary": 72037.49473684211,
            "max_salary": 116465
        },
        {
            "_id": "Подгорица",
            "min_salary": 23424,
            "avg_salary": 67190.39705882352,
            "max_salary": 149412
        },
        {
            "_id": "Алькала-де-Энарес",
            "min_salary": 123172,
            "avg_salary": 146421.1,
            "max_salary": 156506
        },
        {
            "_id": "Душанбе",
            "min_salary": 71126,
            "avg_salary": 85500.6125,
            "max_salary": 107181
        },
        {
            "_id": "Таллин",
            "min_salary": 50705,
            "avg_salary": 80130.0,
            "max_salary": 109555
        },
        {
            "_id": "Камбадос",
            "min_salary": 54791,
            "avg_salary": 105679.20113636363,
            "max_salary": 162009
        },
        {
            "_id": "Малага",
            "min_salary": 88766,
            "avg_salary": 110337.19647058824,
            "max_salary": 153409
        },
        {
            "_id": "Вильнюс",
            "min_salary": 25865,
            "avg_salary": 81967.4,
            "max_salary": 141679
        },
        {
            "_id": "Навалькарнеро",
            "min_salary": 153593,
            "avg_salary": 153593.0,
            "max_salary": 153593
        },
        {
            "_id": "Овьедо",
            "min_salary": 133141,
            "avg_salary": 166278.39375000002,
            "max_salary": 194423
        },
        {
            "_id": "Семана",
            "min_salary": 144208,
            "avg_salary": 144208.0,
            "max_salary": 144208
        },
        {
            "_id": "Вальядолид",
            "min_salary": 74989,
            "avg_salary": 116618.66666666667,
            "max_salary": 186966
        },
        {
            "_id": "Кордова",
            "min_salary": 36376,
            "avg_salary": 167802.8,
            "max_salary": 184297
        },
        {
            "_id": "Москва",
            "min_salary": 39059,
            "avg_salary": 79690.44166666667,
            "max_salary": 132355.65
        },
        {
            "_id": "Картахена",
            "min_salary": 105494,
            "avg_salary": 105494.0,
            "max_salary": 105494
        },
        {
            "_id": "Аликанте",
            "min_salary": 36133,
            "avg_salary": 97570.09090909091,
            "max_salary": 154477
        },
        {
            "_id": "Трухильо",
            "min_salary": 35288,
            "avg_salary": 100387.205,
            "max_salary": 195038.55000000002
        },
        {
            "_id": "Касерес",
            "min_salary": 125049,
            "avg_salary": 146597.94772727272,
            "max_salary": 154250
        },
        {
            "_id": "Эльче",
            "min_salary": 102450,
            "avg_salary": 102450.0,
            "max_salary": 102450
        },
        {
            "_id": "Ташкент",
            "min_salary": 67909,
            "avg_salary": 67966.84615384616,
            "max_salary": 68661
        },
        {
            "_id": "Астана",
            "min_salary": 37309,
            "avg_salary": 91838.26666666666,
            "max_salary": 173072
        },
        {
            "_id": "Льейда",
            "min_salary": 88507,
            "avg_salary": 122553.58823529411,
            "max_salary": 189571
        },
        {
            "_id": "Гранада",
            "min_salary": 65793,
            "avg_salary": 131996.37666666665,
            "max_salary": 158120
        },
        {
            "_id": "Луарка",
            "min_salary": 52608,
            "avg_salary": 52608.0,
            "max_salary": 52608
        },
        {
            "_id": "Куэнка",
            "min_salary": 108786,
            "avg_salary": 148740.9714285714,
            "max_salary": 196078
        }
    ]
}