job;salary;id;city;year;age
IT-специалист;70451;7211759;Загреб;2021;36
Продавец;37324;7978360;Афины;2002;60
Программист;172936;4498196;Тарраса;2011;42
Менеджер;144579;2357628;Барселона;2005;56
Бухгалтер;137392;4628043;Санхенхо;2014;24
Инженер;141679;1747354;Вильнюс;2020;19
Медсестра;83700;1430027;Прага;2022;46
Менеджер;153298;4939011;Сория;2007;30
Инженер;68117;2664080;София;2018;22
Косметолог;68661;6838302;Ташкент;2005;18
Архитектор;148439;4729605;Будапешт;2003;47
Водитель;67223;3661367;Прага;2006;61
Водитель;135340;8867200;Тирана;2014;23
Косметолог;20153;3847384;Алма-Ата;2004;61
Врач;27289;3280044;Ташкент;2012;59
Водитель;104346;4286019;Тарраса;2016;22
Программист;184538;3264620;Луарка;2021;46
Оператор call-центра;196990;1385467;Касерес;2012;45
Инженер;24877;4529714;Душанбе;2008;43
Врач;96738;1858362;Овьедо;2007;32
Бухгалтер;107187;5745934;Осера;2009;37
Психолог;52858;2935044;Астана;2008;60
Бухгалтер;197064;7975511;Мурсия;2004;28
Учитель;36177;5156661;Загреб;2002;43
Врач;74146;4948125;Валенсия;2013;28
Повар;78230;7567766;Тбилиси;2016;24
Строитель;96975;4484052;Бургос;2016;27
Менеджер;96510;5187221;Куэнка;2005;44
Программист;22736;5816382;Краков;2008;40
Продавец;80443;3225705;Осера;2019;53
Инженер;184541;8876628;Осера;2013;61
Программист;179715;8791883;Овьедо;2018;56
Учитель;112924;7721454;Сьюдад-Реаль;2010;34
Врач;123099;2971387;Вильнюс;2017;31
Медсестра;177224;3219374;Сория;2019;35
Программист;90215;1855217;Осера;2019;56
Медсестра;176732;6331012;Таллин;2017;43
Бухгалтер;108594;6396408;Скопье;2007;32
Медсестра;124968;3719117;Загреб;2000;28
Архитектор;169896;9266168;Минск;2022;39
Оператор call-центра;50445;1045309;Бильбао;2002;63
Учитель;123986;7849212;Малага;2016;50
Учитель;64237;8258203;Сьюдад-Реаль;2016;45
Водитель;194864;5840474;Астана;2022;38
Строитель;171831;2406909;Монсон;2021;52
Медсестра;94622;8551869;Севилья;2015;22
IT-специалист;138008;2532998;Тарраса;2012;55
Медсестра;152643;9688308;Алма-Ата;2010;22
Косметолог;152564;6412987;Фигерас;2003;36
Водитель;71413;1298641;Пласенсия;2018;30
Оператор call-центра;139394;4593854;Баку;2010;55
Архитектор;170973;3089436;Астана;2018;54
Строитель;59723;8425692;Прага;2008;46
Психолог;179319;7022704;Тбилиси;2014;25
Строитель;102743;6662384;Душанбе;2002;52
Врач;86313;5202234;Осера;2000;53
Строитель;123989;4220011;Валенсия;2013;47
Повар;86833;7331793;Рига;2007;40
Инженер;40851;5655575;Тудела;2006;39
Водитель;126802;2917119;Бургос;2004;38
Менеджер;198450;1757479;Луарка;2022;28
Продавец;144559;8261049;Пласенсия;2004;50
Архитектор;161906;1870156;Санхенхо;2022;56
Косметолог;133401;5631130;Фигерас;2019;26
Косметолог;36376;5608218;Кордова;2000;18
Водитель;74916;4068748;Осера;2019;61
Архитектор;102725;9744594;Бургос;2010;60
IT-специалист;68757;3937000;Астана;2010;61
Косметолог;51561;2963368;Осера;2021;54
Программист;149739;4058467;Краков;2018;46
Архитектор;60848;6413150;Семана;2012;25
Менеджер;103442;9582546;Санхенхо;2006;24
Повар;145605;6604200;Ла-Корунья;2022;25
Архитектор;139021;5042219;Кишинев;2013;64
Учитель;116950;1545007;Будапешт;2017;21
IT-специалист;21425;6449082;Виго;2017;41
Продавец;174185;7751186;Рига;2000;29
Бухгалтер;162087;2840330;Баку;2018;48
Повар;101849;2043028;Бланес;2014;18
Менеджер;46338;9984822;Краков;2006;56
Водитель;117232;7504940;Сория;2012;27
Строитель;89240;1218744;Севилья;2012;58
Архитектор;179231;8779476;Сория;2005;51
Инженер;25850;6939986;Малага;2022;33
Врач;82362;8287788;Овьедо;2009;41
Повар;172485;5509787;Пласенсия;2003;63
Психолог;135488;9310974;Тарраса;2010;40
Инженер;134607;8299260;Авилес;2021;21
Косметолог;102285;4106928;Афины;2009;65
Медсестра;59329;6117479;Астана;2008;48
IT-специалист;89277;9959926;Вроцлав;2021;47
Программист;72289;3590006;Мерида;2008;22
Медсестра;65329;2656171;Барселона;2002;37
Психолог;126605;5168937;Бургос;2003;53
IT-специалист;115555;2602929;Душанбе;2001;37
Оператор call-центра;124504;6019817;Тирана;2006;21
Учитель;117279;2316983;Хихон;1999;58
Продавец;67339;9747799;Вильнюс;2022;39
Инженер;109758;5299349;Любляна;1999;22
Строитель;167036;7756224;Эльче;1999;39
Архитектор;87874;9006112;Куэнка;2011;30
Водитель;111112;5075105;Мартоса;2008;53
Архитектор;186957;8805434;Астана;1999;25
Продавец;32220;7528797;Эль-Пуэрто-де-Санта-Мария;2018;57
Медсестра;24714;4866808;Осера;2022;42
Программист;199118;7031391;Луго;2009;35
Врач;58391;2950897;Минск;2019;33
Программист;81633;7708561;Аликанте;2006;26
Бухгалтер;173072;2623152;Астана;2001;18
Бухгалтер;78458;1317590;Валенсия;2010;59
IT-специалист;190946;1718592;Ла-Корунья;2009;54
Психолог;27435;5441437;Сантьяго-де-Компостела;2015;45
Медсестра;181692;5952540;Хихон;2004;51
Продавец;126053;7728378;Москва;2011;20
Косметолог;90829;7991435;Сория;2020;21
Водитель;89849;9054602;Лас-Росас;2007;57
Продавец;138181;3429499;Лас-Росас;2004;51
Психолог;70369;6047014;Сория;2021;51
Оператор call-центра;154524;1720194;Мартоса;2019;30
Косметолог;111324;3667078;Тарраса;2009;47
Программист;101693;7669600;Белград;2012;57
Косметолог;73184;7447692;Алма-Ата;2005;26
Врач;80686;9907075;Кадакес;2004;48
Врач;43703;5456199;Сараево;2015;43
Продавец;196094;8017397;Тудела;2006;42
Продавец;38357;1091121;Вроцлав;2003;21
Инженер;94557;7176079;Трухильо;2017;37
Оператор call-центра;144589;7941519;Санхенхо;2009;46
Архитектор;103357;3184150;Луго;2017;51
Менеджер;106186;3307295;Кордова;2009;58
Косметолог;182149;4551498;Мерида;2013;64
Менеджер;198027;8482991;Алма-Ата;2018;45
Психолог;185946;8551741;Ереван;2020;47
Косметолог;79754;6133580;Сеговия;2014;29
Оператор call-центра;126014;3664135;Алма-Ата;2016;29
Психолог;134551;2739411;Кордова;2015;20
Продавец;147385;2373305;Тарраса;2002;34
Косметолог;73032;6506077;Минск;2017;50
Продавец;148519;4375048;Кордова;2010;28
Повар;96843;5302525;Будапешт;2011;21
Менеджер;183194;5950550;Малага;2015;47
Инженер;178209;9331022;Афины;2018;55
Учитель;87880;3640399;Мерида;2009;29
Врач;128466;9186592;Ташкент;2000;27
Психолог;64344;5589883;Бильбао;2021;50
Медсестра;40879;2330923;Сеговия;2007;23
Оператор call-центра;88902;1702458;Сьюдад-Реаль;2018;59
IT-специалист;57508;4983646;Ташкент;2005;61
Архитектор;125630;9460132;Бургос;2008;26
Бухгалтер;64361;7480751;Эль-Пуэрто-де-Санта-Мария;2011;49
Повар;58397;2575298;Санкт-Петербург;2006;37
Инженер;29727;1522434;Любляна;2021;21
Медсестра;26563;6223995;Хельсинки;2000;42
Психолог;86008;8419559;Любляна;2013;35
Водитель;92919;5911229;Севилья;2016;36
IT-специалист;119109;7988959;Эль-Пуэрто-де-Санта-Мария;2005;47
Косметолог;41426;1176528;Астана;1999;35
Водитель;150500;3356560;Кордова;2021;57
Архитектор;35317;5242853;Таллин;2020;31
Инженер;184201;3487116;Ла-Корунья;2016;40
Учитель;46368;4793238;Луарка;2022;54
Медсестра;199714;4482316;Монсон;2022;61
Повар;86206;9389662;Любляна;2022;32
Инженер;76650;2473388;Малага;2007;56
Оператор call-центра;166701;9231734;Санкт-Петербург;2017;35
Водитель;105241;3641996;Пласенсия;2013;43
Врач;155419;8498408;Камбадос;2001;49
Строитель;93328;7440675;Эль-Пуэрто-де-Санта-Мария;2021;52
Водитель;95960;9701466;Мерида;2020;22
Бухгалтер;177002;1776211;Мадрид;2019;62
Бухгалтер;26716;6441807;Трухильо;2000;48
Менеджер;98683;8425254;Валенсия;2006;24
Строитель;117330;5878572;Овьедо;2001;48
Учитель;158502;6796567;Гранада;2010;58
Водитель;181344;4775270;Рига;2010;58
Программист;182427;1400835;Минск;2017;33
Врач;79815;1495571;Луарка;2002;26
Строитель;122580;4003968;Санхенхо;2020;35
Бухгалтер;87235;9242192;Душанбе;2013;20
Программист;150226;2607778;Бланес;2005;42
Строитель;31453;5493707;Бильбао;1999;50
Повар;194361;3461514;Скопье;2000;61
Медсестра;74661;9721150;Виго;2005;50
Менеджер;171666;6002870;Ташкент;2004;54
Косметолог;188946;8263618;Рига;2014;50
Водитель;95516;2833381;Вильнюс;2022;32
Косметолог;107181;7487426;Душанбе;2003;21
Продавец;199858;9245968;Куэнка;2001;37
Архитектор;39572;9470293;Махадаонда;2014;20
Бухгалтер;162823;8878494;Авилес;2008;53
Психолог;62701;4458153;Алма-Ата;2013;47
Водитель;136367;3526212;Пласенсия;2009;49
IT-специалист;64703;7349007;Таллин;2004;41
Продавец;195998;4400662;Душанбе;2003;41
Строитель;183691;6205455;Любляна;2009;44
Косметолог;121207;9813142;Минск;2005;59
Повар;29822;9899897;Мурсия;2003;28
IT-специалист;168433;2636511;Астана;2021;63
Психолог;64248;3936666;Вильнюс;2007;34
Косметолог;68914;6030184;Хихон;2015;49
Бухгалтер;97229;5198481;Осера;2006;51
Водитель;196640;6563354;Эльче;2005;39
Повар;116283;3298854;Малага;2017;60
Бухгалтер;181281;9234167;Эльче;2021;61
Косметолог;193132;6981980;Санкт-Петербург;2000;19
IT-специалист;156975;7378141;Мадрид;2022;31
Оператор call-центра;189923;2749522;Севилья;2019;18
Водитель;49975;5684994;Рига;2007;56
Медсестра;50808;2946894;Санкт-Петербург;2000;50
Программист;188249;8684770;Бишкек;2014;48
Бухгалтер;163815;1300454;Ла-Корунья;2019;48
IT-специалист;97979;5729696;Любляна;2002;22
Косметолог;198373;8358722;Бильбао;2012;38
Инженер;196018;7708155;Хихон;2019;21
Инженер;187647;3442863;Малага;2011;56
Архитектор;162763;7505655;Кордова;2020;38
Строитель;82600;6797102;Любляна;2012;50
Косметолог;104315;2015144;Сеговия;2018;31
Бухгалтер;103611;5830750;Афины;2004;42
Инженер;142631;5481272;Сантьяго-де-Компостела;2009;23
Бухгалтер;43249;7622215;Мурсия;2021;24
Учитель;177964;2905750;Вальядолид;2000;28
Медсестра;98879;5945708;Гранада;2013;27
Инженер;102015;1105737;Тудела;2021;35
Строитель;26818;8464951;Белград;2012;43
Водитель;170546;2732071;Вроцлав;2016;41
Инженер;69388;9324026;Малага;2010;62
IT-специалист;155875;7146063;Тирана;2022;51
Программист;21663;9753710;Сория;2006;54
Психолог;46857;1525386;Москва;2008;63
Бухгалтер;179024;5520665;Алькала-де-Энарес;2011;28
IT-специалист;127997;1658327;Рига;2020;63
Врач;79796;3245240;Ла-Корунья;2002;32
Оператор call-центра;20628;5395425;Эльче;2016;55
Учитель;60924;9791076;Тбилиси;2008;38
Бухгалтер;56077;1328591;Алькала-де-Энарес;2021;38
Медсестра;76394;8892824;Рига;2008;48
Оператор call-центра;66163;3201377;Навалькарнеро;2003;49
Продавец;96297;8731760;Самора;2006;48
Водитель;36720;5951136;Хельсинки;2016;24
Психолог;126494;6010733;Бильбао;2007;58
Косметолог;192122;6031364;Сория;2010;18
Учитель;32021;2446559;Монсон;2003;43
Водитель;169310;3537709;Афины;2021;55
Учитель;181778;9068875;Кишинев;2012;47
Бухгалтер;20463;3506447;Камбадос;2022;48
IT-специалист;62189;2703427;Севилья;2016;61
Строитель;25865;3619216;Вильнюс;1999;24
Архитектор;40714;3885442;Овьедо;2008;55
Медсестра;78256;3912530;Кишинев;2009;44
IT-специалист;31010;7150646;Лас-Росас;1999;37
Менеджер;60152;1439313;Хельсинки;2007;53
Учитель;188017;6296765;Хельсинки;2004;21
Инженер;123065;3142011;Мартоса;2016;22
Продавец;72963;6865084;Гранада;2002;28
Косметолог;69956;3056670;Скопье;2000;52
Учитель;195814;5374660;Мартоса;2011;21
Медсестра;95818;2350362;Монсон;2014;34
Врач;50166;8256903;Сараево;2021;33
Психолог;198795;1029826;Таллин;2017;59
Врач;93047;2868984;Сьюдад-Реаль;2015;43
Архитектор;154276;8507394;Монсон;2008;42
Повар;149810;7772858;Загреб;1999;31
Программист;65793;3790380;Гранада;2014;23
Психолог;169766;4515511;Тудела;2014;58
Медсестра;138906;4127015;Семана;2002;51
Архитектор;89374;5771998;Алма-Ата;2016;36
Водитель;181469;5932804;Ла-Корунья;2017;62
Продавец;141146;3193023;Алькала-де-Энарес;2017;27
Продавец;97638;1848204;Вроцлав;2020;50
Программист;38391;5501249;София;2017;58
Менеджер;187216;5049057;Пласенсия;2017;49
Психолог;46446;8618786;Скопье;2009;34
Учитель;45828;8654380;Мартоса;2009;29
Врач;115052;1188774;Махадаонда;2012;62
Архитектор;179963;8114204;Хихон;2005;47
Водитель;197891;1930708;Минск;2018;54
Оператор call-центра;48923;6250496;Авилес;2007;54
Бухгалтер;195990;5498591;Мартоса;2021;26
Повар;198796;8174231;Хихон;2018;22
IT-специалист;95176;5852498;Овьедо;2019;56
Оператор call-центра;65234;1083705;Авилес;2017;46
Медсестра;147154;1844592;Хихон;2008;37
Медсестра;130297;9026118;Санхенхо;2008;63
Строитель;28889;6648873;Таллин;2017;61
Программист;20792;3128693;Тирана;2015;51
Медсестра;53117;5632705;Вроцлав;2006;48
Медсестра;102891;4250096;Кадакес;2016;34
IT-специалист;100537;8105801;Белград;2022;56
Учитель;59111;6917846;Осера;2021;40
Инженер;64400;3447369;Тбилиси;2014;33
Врач;126690;9877665;Санхенхо;2022;29
Бухгалтер;147377;7147215;Овьедо;2018;33
Архитектор;145754;9227062;Камбадос;1999;59
Учитель;153062;3721446;Эль-Пуэрто-де-Санта-Мария;2005;41
Психолог;81809;8575330;Куэнка;2012;64
Программист;158367;3758485;Ереван;2007;21
Врач;161762;5769938;Авилес;1999;55
Повар;185789;3859145;Варшава;2005;32
Строитель;141078;7749804;Вильнюс;2000;54
Инженер;68195;1546384;Алма-Ата;2006;23
Учитель;188007;8381551;Любляна;2013;21
Врач;159418;8795232;Бланес;2002;43
Архитектор;115180;5388867;Монсон;2016;18
Оператор call-центра;63736;8018328;Афины;2013;31
Психолог;77697;2903860;Тудела;2022;35
Повар;76209;8692053;Осера;2003;55
Медсестра;111518;1972568;Сараево;2002;39
Бухгалтер;64737;1915804;Эль-Пуэрто-де-Санта-Мария;2002;35
Учитель;86526;8048805;Эль-Пуэрто-де-Санта-Мария;2009;54
IT-специалист;138085;9411183;Хельсинки;2000;29
Косметолог;77756;8450025;Авилес;2021;50
Архитектор;168912;4930571;Сан-Себастьян;1999;22
Продавец;106530;6776032;Сория;2021;20
Учитель;46506;2031928;Бильбао;2010;43
Медсестра;122197;3412239;Авилес;1999;55
Водитель;125608;3360806;Афины;2014;58
Строитель;85299;7801541;Санхенхо;2010;30
Строитель;79564;8533702;Белград;2015;52
Косметолог;153593;7250089;Навалькарнеро;2016;21
Продавец;32556;4505283;Москва;2008;65
Архитектор;174956;9707959;Хельсинки;2003;24
Инженер;22394;5665417;Санхенхо;2008;35
IT-специалист;133574;9882169;Краков;2022;31
Косметолог;73846;6937923;Мурсия;2001;30
Учитель;175814;1818954;Вильнюс;2018;39
Косметолог;79239;2677622;Навалькарнеро;2006;50
Оператор call-центра;195337;5794263;Касерес;2002;30
Оператор call-центра;81503;2961458;Краков;2022;43
Косметолог;155690;9540793;Варшава;2002;50
Бухгалтер;80509;8162089;Лас-Росас;2005;43
Учитель;60119;3440714;Будапешт;2005;18
Архитектор;152056;1920559;Минск;2017;26
Архитектор;156470;8719866;Севилья;2013;24
Инженер;23284;9579584;Таллин;2014;37
Врач;130001;1340347;Малага;2008;32
Психолог;50307;5304859;Вильнюс;2022;21
Инженер;103759;3780306;Навалькарнеро;2002;63
Оператор call-центра;157282;5227742;Баку;2018;41
IT-специалист;153374;1940653;Тарраса;2003;27
Бухгалтер;22838;9430120;Валенсия;2014;27
Менеджер;84206;3570242;Кордова;2007;35
Психолог;170952;8580946;Ла-Корунья;2001;59
Врач;187695;9441238;Ташкент;2018;63
Косметолог;175649;6588960;Валенсия;1999;20
Программист;153782;1798053;Мерида;2018;18
Врач;126967;7032279;Санкт-Петербург;2008;49
Архитектор;139456;9147865;Авилес;2010;24
Строитель;125310;9642065;Эль-Пуэрто-де-Санта-Мария;2018;59
Бухгалтер;129255;1358812;Санхенхо;2022;49
Врач;194437;2814545;Тбилиси;2003;58
Косметолог;100311;5756738;Ла-Корунья;2014;26
Продавец;75234;6748417;Навалькарнеро;2009;60
Строитель;72368;6739788;Бильбао;2012;38
Программист;29520;6451726;Кишинев;2003;32
Программист;113582;4544345;Вильнюс;2011;32
Учитель;47280;7132603;Сеговия;2000;26
Косметолог;84932;8411500;Валенсия;2007;41
Учитель;24961;2479425;Осера;2007;60
Инженер;194561;8754622;Любляна;2012;32
Водитель;188395;9734153;Хельсинки;2005;64
Архитектор;96378;2035315;Любляна;2017;57
Продавец;99162;1400510;Рига;1999;22
IT-специалист;196078;2473185;Куэнка;2007;22
Инженер;91591;3812060;Семана;2005;44
Строитель;153473;2458016;Камбадос;2010;55
Водитель;26638;6481335;Вроцлав;2016;38
Учитель;57167;5965290;Бургос;1999;56
IT-специалист;25675;7344248;Луарка;2020;31
Инженер;160323;9791712;Аликанте;2007;50
Продавец;59790;8939354;Виго;2005;42
Врач;119667;1449981;Трухильо;2019;22
Водитель;109638;6263587;Гранада;2001;19
Водитель;81380;3097353;Скопье;2004;20
Строитель;134370;9576189;Хельсинки;2009;53
Медсестра;56467;3868636;Тарраса;2017;27
Учитель;189858;9726069;Тбилиси;2010;41
Архитектор;166184;6148445;Луарка;2010;57
Оператор call-центра;113612;1817398;Москва;2001;50
Повар;150067;1923402;Хихон;2022;50
Продавец;35356;5865989;София;2022;45
Бухгалтер;192446;5389341;Подгорица;2020;33
Бухгалтер;163983;2233142;Москва;2005;35
Инженер;72663;8428383;Прага;2014;18
Строитель;85467;1445853;Таллин;2019;61
Строитель;151363;9043312;Хихон;2022;33
Врач;103715;1041286;Самора;2002;34
Продавец;199124;7387945;Кордова;2018;32
Медсестра;187319;2224698;Сараево;2000;19
Водитель;39949;2928914;Бишкек;2004;25
Повар;114275;1297012;Вильнюс;2013;57
Архитектор;194700;2888640;Валенсия;2011;60
Менеджер;40206;8690540;Льейда;2018;62
Бухгалтер;168227;8293344;Мадрид;2014;49
IT-специалист;28030;2194449;Сьюдад-Реаль;2013;58
Архитектор;110518;7489174;Гранада;2001;18
Учитель;76802;2663625;Эль-Пуэрто-де-Санта-Мария;2017;29
Инженер;88703;9207132;Мурсия;2006;53
Строитель;171225;1175369;Сория;2013;35
Архитектор;74634;3436359;Санхенхо;2019;49
Инженер;187818;2795158;Астана;2011;26
Инженер;68318;2898864;Артейхо;2010;22
Менеджер;188561;1858978;Куэнка;2012;26
Психолог;126102;9308533;Бишкек;2016;40
Архитектор;102675;8811638;Сантьяго-де-Компостела;2004;53
Косметолог;42867;8140530;Кишинев;2015;41
Продавец;111042;7204248;Сеговия;2012;64
Программист;60230;2345986;Ташкент;1999;37
Врач;43392;6916333;Загреб;2017;42
Врач;124815;2242962;Сан-Себастьян;2019;61
Программист;164623;1014175;Тарраса;2015;38
IT-специалист;193210;6136266;Мадрид;2021;27
Повар;193445;2055023;Навалькарнеро;2003;31
Продавец;185099;8389779;Сантьяго-де-Компостела;2013;32
Менеджер;50404;3708777;Любляна;2017;33
Оператор call-центра;140367;6120871;Эльче;2018;62
Учитель;79034;2961084;Москва;2017;50
Медсестра;179872;7180745;Вильявисиоса;2004;64
Инженер;44341;1652640;Картахена;2005;53
IT-специалист;33876;6076763;Барселона;2007;33
Архитектор;32502;4617088;Афины;2006;53
Водитель;114457;2055235;Аликанте;2019;30
Программист;74097;3892418;Виго;2003;55
Инженер;150059;7291004;Хихон;2000;38
Строитель;86783;7952655;Луго;2007;34
Косметолог;130110;5622533;Вальядолид;2018;25
Повар;153555;7824814;Виго;2011;41
Водитель;157185;7330465;Фигерас;2007;21
Менеджер;116645;2526269;Сьюдад-Реаль;2008;28
Архитектор;21847;8117358;Тбилиси;2014;25
Программист;49289;1283702;Тирана;2006;62
Продавец;79541;8280735;Осера;2001;35
Психолог;177183;6082420;Кордова;2012;40
Водитель;93404;7194415;Вроцлав;2020;27
Продавец;26183;1560579;Валенсия;2016;51
Программист;100664;2297021;Семана;2002;52
Инженер;109555;1280018;Таллин;1999;23
Оператор call-центра;84885;8675079;Лас-Росас;2011;46
Продавец;69876;6755670;Ла-Корунья;2000;27
Врач;181869;2638443;Ла-Корунья;2004;43
Продавец;60282;9435439;Подгорица;2012;18
Учитель;110088;5780208;Льейда;2000;26
Программист;138498;7411481;Авилес;2003;65
Косметолог;139830;3524170;Овьедо;2000;50
Оператор call-центра;108217;8534908;Лас-Росас;2009;42
Строитель;90174;5045881;Сьюдад-Реаль;2000;35
Программист;77217;5727603;Тирана;2002;30
Водитель;163458;6613992;Сьюдад-Реаль;2020;31
Водитель;105494;1721582;Картахена;2003;24
Медсестра;113418;1562675;Куэнка;2015;30
Инженер;128133;8194027;Рига;2005;34
Строитель;155513;5545130;Прага;2008;32
Бухгалтер;151368;2866583;Мартоса;2007;40
Инженер;143628;3192688;Тарраса;2013;36
Менеджер;128827;2713927;Осера;2013;20
Программист;171194;9326421;Аликанте;2013;47
Менеджер;87324;8493117;Картахена;2009;37
Продавец;118455;1955984;Тбилиси;2003;34
Строитель;42376;3077116;Льейда;2015;40
Психолог;37074;2566891;Хихон;2022;62
Архитектор;185077;3033739;Осера;2019;40
Программист;117407;9854238;Алма-Ата;2017;38
Бухгалтер;80156;4361111;Варшава;2021;18
Психолог;66736;8114657;Ереван;2022;62
Учитель;39059;5575796;Москва;2020;19
Продавец;35782;2039300;Алма-Ата;2016;64
Врач;69190;1193863;Сьюдад-Реаль;2000;32
Водитель;199276;6133428;Сеговия;2014;38
Учитель;25195;9630382;Сьюдад-Реаль;2019;41
Архитектор;163032;4011119;Пласенсия;2002;21
Оператор call-центра;37940;9282775;Эль-Пуэрто-де-Санта-Мария;2003;42
Учитель;124396;5432826;Астана;2015;42
Инженер;66828;6660787;Бишкек;2000;29
Строитель;111071;7485262;Пласенсия;2015;40
Повар;72888;7407382;Будапешт;2011;25
Архитектор;30184;5435818;Бланес;2012;37
Медсестра;144374;9679371;Картахена;2003;55
Бухгалтер;179848;2029920;Москва;2014;53
Продавец;116062;1600460;Бургос;2021;50
Косметолог;160152;2668900;Любляна;2013;24
Программист;37270;5915968;Осера;2016;35
Инженер;132259;3032696;Барселона;2014;48
Психолог;77129;9120077;Барселона;2018;44
Повар;81257;1438456;Эль-Пуэрто-де-Санта-Мария;2017;21
Косметолог;159660;4256867;Алма-Ата;2004;47
Психолог;58790;9077356;Санхенхо;2013;35
Медсестра;153807;3024923;Бланес;2003;31
Инженер;152742;8114459;Варшава;1999;63
Программист;57918;7668475;Трухильо;2001;53
Учитель;112276;7763174;Любляна;2011;56
Медсестра;195347;1880518;Тудела;2019;27
Инженер;95010;5191796;Белград;2006;59
Строитель;164410;9336511;София;1999;65
Врач;84067;3330938;Сараево;2019;32
Архитектор;122545;5821827;Малага;2010;45
Повар;152229;1929614;Баку;2021;46
Медсестра;193677;3183220;Баку;2020;59
Продавец;88595;2845833;Гранада;2004;39
Бухгалтер;185937;8745890;Осера;2016;32
Бухгалтер;158447;4297783;Авилес;2015;51
Психолог;136703;9045014;Мартоса;2001;34
Строитель;123367;4776522;Бишкек;2000;60
Инженер;143139;3068790;Санхенхо;2001;47
Психолог;65310;8416613;Осера;2018;22
Косметолог;70932;9179289;Луарка;2019;60
Программист;96157;6351927;Лас-Росас;2005;21
Продавец;180804;6014303;Самора;2007;57
Менеджер;117296;1199141;Махадаонда;2019;34
Строитель;126071;7046013;Бланес;2020;39
Оператор call-центра;123172;7657378;Алькала-де-Энарес;2002;20
Водитель;70808;4394677;Москва;2005;22
Оператор call-центра;195792;4889629;Белград;2009;54
Медсестра;30370;6161734;Москва;2011;34
Инженер;192948;1104898;Самора;2007;42
Врач;52382;6075836;Касерес;2008;38
Оператор call-центра;109670;8575742;Малага;2001;36
Продавец;139418;3482035;Душанбе;2010;65
Врач;137698;2995893;Мартоса;2019;64
Продавец;55575;3556187;Скопье;2010;46
Инженер;99845;4569380;Сеговия;2007;57
IT-специалист;40346;6757092;Сьюдад-Реаль;2019;28
Строитель;105235;1015029;Мадрид;1999;19
Водитель;92132;8294791;Осера;2009;59
IT-специалист;44174;4883570;Малага;1999;58
Косметолог;125968;6959786;Баку;2020;64
Учитель;189079;3501845;Астана;2004;52
Медсестра;63301;5465446;Минск;2001;63
Врач;147323;6353919;Валенсия;2000;59
Архитектор;138789;6630268;Загреб;2015;26
Инженер;27900;9620447;Эль-Пуэрто-де-Санта-Мария;2015;48
Программист;179557;2362156;Баку;2009;30
Учитель;57387;5750146;Куэнка;2003;25
Менеджер;132149;9121886;Вальядолид;1999;44
Инженер;37360;5582791;Луарка;1999;62
Продавец;79667;4113346;Бланес;2000;46
IT-специалист;118069;3982151;Будапешт;2015;44
Строитель;32136;6271890;Кордова;2004;65
Врач;85407;8009009;Вильнюс;2002;48
Медсестра;173254;2363169;Баку;2017;62
Архитектор;188116;4730183;Прага;2005;58
Врач;54766;1229284;Бильбао;2014;37
Менеджер;23708;8791781;Севилья;2010;52
Программист;73431;1108263;Пласенсия;2022;64
Инженер;136173;1828204;Москва;2008;57
Повар;184427;3298075;Кордова;2001;41
IT-специалист;151119;8249106;Минск;2007;40
Психолог;83377;6764309;Прага;2021;40
Оператор call-центра;47938;1490206;Хельсинки;2014;50
IT-специалист;89830;6049642;Тарраса;2017;61
Программист;128819;5219928;Гранада;2004;59
Медсестра;101311;8538964;Гранада;2010;25
Продавец;155113;4880855;Овьедо;2001;36
IT-специалист;130540;4047728;Виго;2017;39
Повар;45628;7041353;Краков;2022;25
Косметолог;164021;1350406;Сараево;2002;50
Архитектор;156734;9225081;Гранада;2009;20
Инженер;136101;9358711;Сараево;2002;33
Медсестра;73266;3516233;Эльче;2020;55
Косметолог;153684;6263628;Ла-Корунья;2010;24
Оператор call-центра;58210;7524327;Астана;2022;39
Бухгалтер;155673;3676891;Семана;2012;51
Повар;108741;2314432;Сеговия;2016;55
Повар;125962;1846166;Любляна;2013;20
Строитель;195181;7317805;Осера;2002;50
Водитель;72000;4703683;Тбилиси;2008;23
Продавец;64239;5283251;Куэнка;2000;30
Водитель;30104;3859696;Ереван;2005;45
Психолог;122665;1591654;Астана;2001;26
Продавец;123686;6198582;Луарка;2014;42
Врач;138262;3162113;Баку;2010;49
Водитель;87405;4885662;Махадаонда;2007;63
IT-специалист;75969;6388413;Алма-Ата;2019;60
Психолог;167953;5186591;Артейхо;2016;50
Инженер;156959;4314212;Краков;1999;36
Бухгалтер;95953;8103177;Ташкент;2019;38
Бухгалтер;190970;7885156;Краков;2020;28
Инженер;31339;7307480;Загреб;2001;22
Инженер;169107;3480585;Луго;2006;20
Учитель;46157;1135496;Прага;2001;48
Менеджер;28742;5190148;Тудела;2000;35
Продавец;157298;1480179;Трухильо;2001;54
Программист;125111;8140052;Вроцлав;2016;27
IT-специалист;56296;3767967;Навалькарнеро;2013;34
IT-специалист;40974;4568198;Валенсия;2012;20
Учитель;152190;7953594;Луго;2000;43
Менеджер;127568;2365808;Тбилиси;2000;54
Программист;41265;7178330;Подгорица;2015;47
Архитектор;61075;5225620;Трухильо;2003;54
Водитель;136299;6599741;Артейхо;2016;22
Архитектор;30308;7898270;Ереван;2015;46
Архитектор;95778;3767069;Скопье;2013;24
Программист;77297;6434440;Овьедо;2002;52
Менеджер;104863;2348490;Рига;2005;40
Инженер;176700;7822284;Пласенсия;2016;49
Психолог;52608;5833243;Луарка;2005;18
Продавец;76266;4035234;Хихон;2014;53
Учитель;193159;9999570;Авилес;2004;34
Продавец;158428;6502293;Осера;2001;49
Учитель;96675;6381249;Будапешт;2003;35
Оператор call-центра;97990;5655188;Хихон;2016;57
IT-специалист;144854;7430926;Барселона;2008;45
Программист;164403;7186832;Осера;2021;28
Врач;30647;6852659;Хихон;2009;44
Менеджер;123383;4018020;Тарраса;2019;52
Продавец;117874;2143292;Артейхо;2001;48
Водитель;142689;5763656;Баку;2006;21
Косметолог;93353;3523459;Тудела;2020;24
IT-специалист;51303;9786279;Сория;2011;30
Менеджер;42315;7782757;Гранада;2019;43
Архитектор;92355;6226827;Тбилиси;2009;57
Продавец;92475;7042760;Эль-Пуэрто-де-Санта-Мария;2005;58
Строитель;105361;6846350;Монсон;2005;32
Врач;152366;8052251;Варшава;2019;22
Психолог;172063;8115318;Хихон;2003;56
Водитель;158113;6065004;Ла-Корунья;2017;47
Программист;188754;4563411;Афины;2007;45
Оператор call-центра;97503;3832558;Краков;2012;61
Продавец;30012;8375764;Бильбао;2005;45
IT-специалист;114996;6260510;Любляна;2000;31
Врач;68388;2142763;Вильнюс;2010;28
Учитель;69741;9872629;Мерида;2018;22
Программист;106461;8492018;Любляна;2019;32
Водитель;96430;3487980;Минск;2004;48
Инженер;182203;3830876;Варшава;2018;40
Бухгалтер;111117;6696517;Баку;2002;55
Косметолог;23262;5760146;Махадаонда;2003;24
Бухгалтер;20695;5873914;Бургос;2002;53
Строитель;37309;9878844;Астана;2004;21
IT-специалист;116948;9991458;Минск;2010;48
Психолог;154477;6837112;Аликанте;2007;24
Архитектор;55021;9906409;Куэнка;2002;62
Повар;131001;1147856;Вроцлав;2010;40
Психолог;104502;2969308;Навалькарнеро;2019;53
Учитель;88225;1275609;Варшава;2009;55
Оператор call-центра;159720;6563073;Ташкент;2011;38
Архитектор;32440;7790936;Осера;2012;26
Медсестра;117828;1412300;Сантьяго-де-Компостела;2006;61
Инженер;106252;8577027;Осера;2017;26
Оператор call-центра;163586;1441245;Любляна;2004;54
Продавец;68745;5928122;Навалькарнеро;2011;37
IT-специалист;36668;5582169;Монсон;2019;41
Строитель;145302;3537707;Скопье;2000;36
Косметолог;83114;2117981;Виго;2022;46
Психолог;149475;7757079;Куэнка;2002;19
Строитель;95891;1127088;Баку;2003;18
Учитель;133786;4814345;Мерида;2004;55
Менеджер;50705;4485578;Таллин;2017;21
Инженер;188573;3679934;Сеговия;2005;19
Менеджер;78974;9930097;Артейхо;2015;34
Косметолог;174079;9171205;Хельсинки;2018;26
Оператор call-центра;94823;2183439;Баку;2013;41
Косметолог;94121;7527989;Ереван;2019;46
Строитель;77881;9018753;Бургос;2016;35
Косметолог;199645;8354857;Бильбао;2001;28
Менеджер;115511;4313961;Варшава;2015;32
Строитель;79599;2529943;Ташкент;2021;56
Врач;86429;2124518;Авилес;2005;27
Программист;91909;6797556;Москва;2001;51
