{
    "query_1": [
        {
            "_id": "67596b6bd0b9eba855233c01",
            "Student_ID": 372,
            "Study_Hours_Per_Day": 10.0,
            "Extracurricular_Hours_Per_Day": 3.7,
            "Sleep_Hours_Per_Day": 8.2,
            "Social_Hours_Per_Day": 0.9,
            "Physical_Activity_Hours_Per_Day": 1.2,
            "GPA": 3.63,
            "Stress_Level": "High"
        },
        {
            "_id": "67596b6bd0b9eba855233ba4",
            "Student_ID": 279,
            "Study_Hours_Per_Day": 10.0,
            "Extracurricular_Hours_Per_Day": 0.2,
            "Sleep_Hours_Per_Day": 9.9,
            "Social_Hours_Per_Day": 1.6,
            "Physical_Activity_Hours_Per_Day": 2.3,
            "GPA": 3.56,
            "Stress_Level": "High"
        },
        {
            "_id": "67596b6bd0b9eba855233c63",
            "Student_ID": 470,
            "Study_Hours_Per_Day": 10.0,
            "Extracurricular_Hours_Per_Day": 3.5,
            "Sleep_Hours_Per_Day": 8.1,
            "Social_Hours_Per_Day": 1.4,
            "Physical_Activity_Hours_Per_Day": 1.0,
            "GPA": 3.44,
            "Stress_Level": "High"
        },
        {
            "_id": "67596b6bd0b9eba855233af2",
            "Student_ID": 101,
            "Study_Hours_Per_Day": 10.0,
            "Extracurricular_Hours_Per_Day": 2.2,
            "Sleep_Hours_Per_Day": 8.8,
            "Social_Hours_Per_Day": 2.8,
            "Physical_Activity_Hours_Per_Day": 0.2,
            "GPA": 3.41,
            "Stress_Level": "High"
        },
        {
            "_id": "67596b6bd0b9eba855233bc5",
            "Student_ID": 312,
            "Study_Hours_Per_Day": 10.0,
            "Extracurricular_Hours_Per_Day": 3.7,
            "Sleep_Hours_Per_Day": 7.7,
            "Social_Hours_Per_Day": 2.2,
            "Physical_Activity_Hours_Per_Day": 0.4,
            "GPA": 3.44,
            "Stress_Level": "High"
        },
        {
            "_id": "67596b6bd0b9eba855233c46",
            "Student_ID": 441,
            "Study_Hours_Per_Day": 10.0,
            "Extracurricular_Hours_Per_Day": 0.5,
            "Sleep_Hours_Per_Day": 6.4,
            "Social_Hours_Per_Day": 2.4,
            "Physical_Activity_Hours_Per_Day": 4.7,
            "GPA": 3.14,
            "Stress_Level": "High"
        },
        {
            "_id": "67596b6bd0b9eba855233cab",
            "Student_ID": 542,
            "Study_Hours_Per_Day": 10.0,
            "Extracurricular_Hours_Per_Day": 0.2,
            "Sleep_Hours_Per_Day": 8.8,
            "Social_Hours_Per_Day": 1.9,
            "Physical_Activity_Hours_Per_Day": 3.1,
            "GPA": 3.46,
            "Stress_Level": "High"
        },
        {
            "_id": "67596b6bd0b9eba855233c98",
            "Student_ID": 523,
            "Study_Hours_Per_Day": 10.0,
            "Extracurricular_Hours_Per_Day": 2.2,
            "Sleep_Hours_Per_Day": 9.8,
            "Social_Hours_Per_Day": 0.2,
            "Physical_Activity_Hours_Per_Day": 1.8,
            "GPA": 3.25,
            "Stress_Level": "High"
        },
        {
            "_id": "67596b6bd0b9eba855233bf9",
            "Student_ID": 364,
            "Study_Hours_Per_Day": 10.0,
            "Extracurricular_Hours_Per_Day": 1.5,
            "Sleep_Hours_Per_Day": 7.2,
            "Social_Hours_Per_Day": 3.8,
            "Physical_Activity_Hours_Per_Day": 1.5,
            "GPA": 3.43,
            "Stress_Level": "High"
        },
        {
            "_id": "67596b6bd0b9eba855233bc1",
            "Student_ID": 308,
            "Study_Hours_Per_Day": 10.0,
            "Extracurricular_Hours_Per_Day": 2.6,
            "Sleep_Hours_Per_Day": 7.8,
            "Social_Hours_Per_Day": 2.6,
            "Physical_Activity_Hours_Per_Day": 1.0,
            "GPA": 3.26,
            "Stress_Level": "High"
        }
    ],
    "query_2": [
        {
            "_id": "67596b6bd0b9eba855233bf9",
            "Student_ID": 364,
            "Study_Hours_Per_Day": 10.0,
            "Extracurricular_Hours_Per_Day": 1.5,
            "Sleep_Hours_Per_Day": 7.2,
            "Social_Hours_Per_Day": 3.8,
            "Physical_Activity_Hours_Per_Day": 1.5,
            "GPA": 3.43,
            "Stress_Level": "High"
        },
        {
            "_id": "67596b6bd0b9eba855233af2",
            "Student_ID": 101,
            "Study_Hours_Per_Day": 10.0,
            "Extracurricular_Hours_Per_Day": 2.2,
            "Sleep_Hours_Per_Day": 8.8,
            "Social_Hours_Per_Day": 2.8,
            "Physical_Activity_Hours_Per_Day": 0.2,
            "GPA": 3.41,
            "Stress_Level": "High"
        },
        {
            "_id": "67596b6bd0b9eba855233c01",
            "Student_ID": 372,
            "Study_Hours_Per_Day": 10.0,
            "Extracurricular_Hours_Per_Day": 3.7,
            "Sleep_Hours_Per_Day": 8.2,
            "Social_Hours_Per_Day": 0.9,
            "Physical_Activity_Hours_Per_Day": 1.2,
            "GPA": 3.63,
            "Stress_Level": "High"
        },
        {
            "_id": "67596b6bd0b9eba855233d55",
            "Student_ID": 712,
            "Study_Hours_Per_Day": 10.0,
            "Extracurricular_Hours_Per_Day": 1.2,
            "Sleep_Hours_Per_Day": 6.7,
            "Social_Hours_Per_Day": 0.5,
            "Physical_Activity_Hours_Per_Day": 5.6,
            "GPA": 3.79,
            "Stress_Level": "High"
        },
        {
            "_id": "67596b6bd0b9eba855233bc5",
            "Student_ID": 312,
            "Study_Hours_Per_Day": 10.0,
            "Extracurricular_Hours_Per_Day": 3.7,
            "Sleep_Hours_Per_Day": 7.7,
            "Social_Hours_Per_Day": 2.2,
            "Physical_Activity_Hours_Per_Day": 0.4,
            "GPA": 3.44,
            "Stress_Level": "High"
        },
        {
            "_id": "67596b6bd0b9eba855233d7e",
            "Student_ID": 753,
            "Study_Hours_Per_Day": 10.0,
            "Extracurricular_Hours_Per_Day": 0.1,
            "Sleep_Hours_Per_Day": 8.0,
            "Social_Hours_Per_Day": 3.9,
            "Physical_Activity_Hours_Per_Day": 2.0,
            "GPA": 3.35,
            "Stress_Level": "High"
        },
        {
            "_id": "67596b6bd0b9eba855233ba4",
            "Student_ID": 279,
            "Study_Hours_Per_Day": 10.0,
            "Extracurricular_Hours_Per_Day": 0.2,
            "Sleep_Hours_Per_Day": 9.9,
            "Social_Hours_Per_Day": 1.6,
            "Physical_Activity_Hours_Per_Day": 2.3,
            "GPA": 3.56,
            "Stress_Level": "High"
        },
        {
            "_id": "67596b6bd0b9eba855233dde",
            "Student_ID": 849,
            "Study_Hours_Per_Day": 10.0,
            "Extracurricular_Hours_Per_Day": 1.0,
            "Sleep_Hours_Per_Day": 9.4,
            "Social_Hours_Per_Day": 3.0,
            "Physical_Activity_Hours_Per_Day": 0.6,
            "GPA": 3.4,
            "Stress_Level": "High"
        },
        {
            "_id": "67596b6bd0b9eba855233c63",
            "Student_ID": 470,
            "Study_Hours_Per_Day": 10.0,
            "Extracurricular_Hours_Per_Day": 3.5,
            "Sleep_Hours_Per_Day": 8.1,
            "Social_Hours_Per_Day": 1.4,
            "Physical_Activity_Hours_Per_Day": 1.0,
            "GPA": 3.44,
            "Stress_Level": "High"
        },
        {
            "_id": "67596b6bd0b9eba855233c98",
            "Student_ID": 523,
            "Study_Hours_Per_Day": 10.0,
            "Extracurricular_Hours_Per_Day": 2.2,
            "Sleep_Hours_Per_Day": 9.8,
            "Social_Hours_Per_Day": 0.2,
            "Physical_Activity_Hours_Per_Day": 1.8,
            "GPA": 3.25,
            "Stress_Level": "High"
        },
        {
            "_id": "67596b6bd0b9eba855233f94",
            "Student_ID": 1287,
            "Study_Hours_Per_Day": 10.0,
            "Extracurricular_Hours_Per_Day": 1.6,
            "Sleep_Hours_Per_Day": 6.4,
            "Social_Hours_Per_Day": 3.3,
            "Physical_Activity_Hours_Per_Day": 2.7,
            "GPA": 3.39,
            "Stress_Level": "High"
        },
        {
            "_id": "67596b6bd0b9eba855233edf",
            "Student_ID": 1106,
            "Study_Hours_Per_Day": 10.0,
            "Extracurricular_Hours_Per_Day": 0.8,
            "Sleep_Hours_Per_Day": 6.3,
            "Social_Hours_Per_Day": 4.0,
            "Physical_Activity_Hours_Per_Day": 2.9,
            "GPA": 3.39,
            "Stress_Level": "High"
        },
        {
            "_id": "67596b6bd0b9eba855233cab",
            "Student_ID": 542,
            "Study_Hours_Per_Day": 10.0,
            "Extracurricular_Hours_Per_Day": 0.2,
            "Sleep_Hours_Per_Day": 8.8,
            "Social_Hours_Per_Day": 1.9,
            "Physical_Activity_Hours_Per_Day": 3.1,
            "GPA": 3.46,
            "Stress_Level": "High"
        },
        {
            "_id": "67596b6bd0b9eba855233c46",
            "Student_ID": 441,
            "Study_Hours_Per_Day": 10.0,
            "Extracurricular_Hours_Per_Day": 0.5,
            "Sleep_Hours_Per_Day": 6.4,
            "Social_Hours_Per_Day": 2.4,
            "Physical_Activity_Hours_Per_Day": 4.7,
            "GPA": 3.14,
            "Stress_Level": "High"
        },
        {
            "_id": "67596b6bd0b9eba855233bc1",
            "Student_ID": 308,
            "Study_Hours_Per_Day": 10.0,
            "Extracurricular_Hours_Per_Day": 2.6,
            "Sleep_Hours_Per_Day": 7.8,
            "Social_Hours_Per_Day": 2.6,
            "Physical_Activity_Hours_Per_Day": 1.0,
            "GPA": 3.26,
            "Stress_Level": "High"
        }
    ],
    "query_3": [
        {
            "_id": "67596b6bd0b9eba855233f49",
            "Student_ID": 1212,
            "Study_Hours_Per_Day": 5.0,
            "Extracurricular_Hours_Per_Day": 2.1,
            "Sleep_Hours_Per_Day": 5.2,
            "Social_Hours_Per_Day": 3.4,
            "Physical_Activity_Hours_Per_Day": 8.3,
            "GPA": 2.9,
            "Stress_Level": "High"
        },
        {
            "_id": "67596c0bf3f8963f35c93b40",
            "Student_ID": 1799,
            "Study_Hours_Per_Day": 5.0,
            "Extracurricular_Hours_Per_Day": 2.9,
            "Sleep_Hours_Per_Day": 5.9,
            "Social_Hours_Per_Day": 0.6,
            "Physical_Activity_Hours_Per_Day": 9.6,
            "GPA": 2.63,
            "Stress_Level": "High"
        },
        {
            "_id": "6759759d50c0af214096caad",
            "Student_ID": 1212,
            "Study_Hours_Per_Day": 5.0,
            "Extracurricular_Hours_Per_Day": 2.1,
            "Sleep_Hours_Per_Day": 5.2,
            "Social_Hours_Per_Day": 3.4,
            "Physical_Activity_Hours_Per_Day": 8.3,
            "GPA": 2.9,
            "Stress_Level": "High"
        },
        {
            "_id": "67596b6bd0b9eba855234194",
            "Student_ID": 1799,
            "Study_Hours_Per_Day": 5.0,
            "Extracurricular_Hours_Per_Day": 2.9,
            "Sleep_Hours_Per_Day": 5.9,
            "Social_Hours_Per_Day": 0.6,
            "Physical_Activity_Hours_Per_Day": 9.6,
            "GPA": 2.63,
            "Stress_Level": "High"
        },
        {
            "_id": "67596c0bf3f8963f35c9368a",
            "Student_ID": 593,
            "Study_Hours_Per_Day": 5.0,
            "Extracurricular_Hours_Per_Day": 1.7,
            "Sleep_Hours_Per_Day": 5.5,
            "Social_Hours_Per_Day": 4.5,
            "Physical_Activity_Hours_Per_Day": 7.3,
            "GPA": 2.72,
            "Stress_Level": "High"
        },
        {
            "_id": "6759759d50c0af214096c842",
            "Student_ID": 593,
            "Study_Hours_Per_Day": 5.0,
            "Extracurricular_Hours_Per_Day": 1.7,
            "Sleep_Hours_Per_Day": 5.5,
            "Social_Hours_Per_Day": 4.5,
            "Physical_Activity_Hours_Per_Day": 7.3,
            "GPA": 2.72,
            "Stress_Level": "High"
        },
        {
            "_id": "6759759d50c0af214096ccf8",
            "Student_ID": 1799,
            "Study_Hours_Per_Day": 5.0,
            "Extracurricular_Hours_Per_Day": 2.9,
            "Sleep_Hours_Per_Day": 5.9,
            "Social_Hours_Per_Day": 0.6,
            "Physical_Activity_Hours_Per_Day": 9.6,
            "GPA": 2.63,
            "Stress_Level": "High"
        },
        {
            "_id": "67596c0bf3f8963f35c938f5",
            "Student_ID": 1212,
            "Study_Hours_Per_Day": 5.0,
            "Extracurricular_Hours_Per_Day": 2.1,
            "Sleep_Hours_Per_Day": 5.2,
            "Social_Hours_Per_Day": 3.4,
            "Physical_Activity_Hours_Per_Day": 8.3,
            "GPA": 2.9,
            "Stress_Level": "High"
        },
        {
            "_id": "67596b6bd0b9eba855233cde",
            "Student_ID": 593,
            "Study_Hours_Per_Day": 5.0,
            "Extracurricular_Hours_Per_Day": 1.7,
            "Sleep_Hours_Per_Day": 5.5,
            "Social_Hours_Per_Day": 4.5,
            "Physical_Activity_Hours_Per_Day": 7.3,
            "GPA": 2.72,
            "Stress_Level": "High"
        },
        {
            "_id": "67596c0bf3f8963f35c93478",
            "Student_ID": 63,
            "Study_Hours_Per_Day": 5.1,
            "Extracurricular_Hours_Per_Day": 0.5,
            "Sleep_Hours_Per_Day": 5.2,
            "Social_Hours_Per_Day": 0.2,
            "Physical_Activity_Hours_Per_Day": 13.0,
            "GPA": 2.85,
            "Stress_Level": "High"
        }
    ],
    "query_4_count": 2496,
    "query_5": []
}