{
    "exam_score_stats": [
        {
            "_id": "None",
            "min_score": 55,
            "avg_score": 67.23565914938702,
            "max_score": 101
        }
    ],
    "attendance_by_motivation": [
        {
            "_id": "None",
            "avg_attendance": null
        },
        {
            "_id": "High",
            "avg_attendance": 79.71266110689916
        },
        {
            "_id": "Low",
            "avg_attendance": 79.93443469282396
        },
        {
            "_id": "Medium",
            "avg_attendance": 80.10653536257834
        }
    ],
    "sleep_hours_by_school_type": [
        {
            "_id": "None",
            "avg_sleep": null
        },
        {
            "_id": "Public",
            "avg_sleep": 7.031752936059156
        },
        {
            "_id": "Private",
            "avg_sleep": 7.022896963663515
        }
    ],
    "physical_activity_by_income": [
        {
            "_id": "None",
            "avg_physical_activity": null
        },
        {
            "_id": "High",
            "avg_physical_activity": 2.879432624113475
        },
        {
            "_id": "Low",
            "avg_physical_activity": 2.968937125748503
        },
        {
            "_id": "Medium",
            "avg_physical_activity": 3.008252063015754
        }
    ],
    "exam_score_by_school_type": [
        {
            "_id": "Private",
            "avg_exam_score": 67.28770532603285
        },
        {
            "_id": "None",
            "avg_exam_score": null
        },
        {
            "_id": "Public",
            "avg_exam_score": 67.21291866028709
        }
    ]
}