[
    {
        "_id": "67596eefb7fc4df85d6187c0",
        "number_courses": 3,
        "time_study": 4.508,
        "Marks": 23.234420000000004
    },
    {
        "_id": "67596eefb7fc4df85d6187c2",
        "number_courses": 4,
        "time_study": 3.133,
        "Marks": 16.711310000000005
    },
    {
        "_id": "67596eefb7fc4df85d6187c3",
        "number_courses": 6,
        "time_study": 7.909,
        "Marks": 64.15178000000002
    },
    {
        "_id": "67596eefb7fc4df85d6187c4",
        "number_courses": 8,
        "time_study": 7.811,
        "Marks": 66.91179000000001
    },
    {
        "_id": "67596eefb7fc4df85d6187c5",
        "number_courses": 6,
        "time_study": 3.211,
        "Marks": 21.564620000000005
    },
    {
        "_id": "67596eefb7fc4df85d6187c6",
        "number_courses": 3,
        "time_study": 6.063,
        "Marks": 36.165690000000005
    },
    {
        "_id": "67596eefb7fc4df85d6187c7",
        "number_courses": 5,
        "time_study": 3.413,
        "Marks": 20.889440000000004
    },
    {
        "_id": "67596eefb7fc4df85d6187c8",
        "number_courses": 4,
        "time_study": 4.41,
        "Marks": 24.621080000000003
    },
    {
        "_id": "67596eefb7fc4df85d6187c9",
        "number_courses": 3,
        "time_study": 6.173,
        "Marks": 37.34302
    },
    {
        "_id": "67596eefb7fc4df85d6187ca",
        "number_courses": 3,
        "time_study": 7.353,
        "Marks": 50.86356000000001
    },
    {
        "_id": "67596eefb7fc4df85d6187cb",
        "number_courses": 7,
        "time_study": 0.423,
        "Marks": 14.679720000000001
    },
    {
        "_id": "67596eefb7fc4df85d6187cc",
        "number_courses": 7,
        "time_study": 4.218,
        "Marks": 29.424780000000005
    },
    {
        "_id": "67596eefb7fc4df85d6187cd",
        "number_courses": 3,
        "time_study": 4.274,
        "Marks": 21.383120000000005
    },
    {
        "_id": "67596eefb7fc4df85d6187ce",
        "number_courses": 3,
        "time_study": 2.908,
        "Marks": 13.790370000000003
    },
    {
        "_id": "67596eefb7fc4df85d6187cf",
        "number_courses": 4,
        "time_study": 4.26,
        "Marks": 23.553860000000004
    },
    {
        "_id": "67596eefb7fc4df85d6187d0",
        "number_courses": 5,
        "time_study": 5.719,
        "Marks": 36.963080000000005
    },
    {
        "_id": "67596eefb7fc4df85d6187d1",
        "number_courses": 8,
        "time_study": 6.08,
        "Marks": 46.57290000000001
    },
    {
        "_id": "67596eefb7fc4df85d6187d2",
        "number_courses": 6,
        "time_study": 7.711,
        "Marks": 61.69306000000001
    },
    {
        "_id": "67596eefb7fc4df85d6187d3",
        "number_courses": 8,
        "time_study": 3.977,
        "Marks": 30.410930000000004
    },
    {
        "_id": "67596eefb7fc4df85d6187d4",
        "number_courses": 4,
        "time_study": 4.733,
        "Marks": 26.708330000000007
    },
    {
        "_id": "67596eefb7fc4df85d6187d5",
        "number_courses": 6,
        "time_study": 6.126,
        "Marks": 43.48619000000001
    },
    {
        "_id": "67596eefb7fc4df85d6187d6",
        "number_courses": 5,
        "time_study": 2.051,
        "Marks": 14.77289
    },
    {
        "_id": "67596eefb7fc4df85d6187d7",
        "number_courses": 7,
        "time_study": 4.875,
        "Marks": 33.932030000000005
    },
    {
        "_id": "67596eefb7fc4df85d6187d8",
        "number_courses": 4,
        "time_study": 3.635,
        "Marks": 19.985570000000003
    },
    {
        "_id": "67596eefb7fc4df85d6187da",
        "number_courses": 7,
        "time_study": 0.508,
        "Marks": 15.302870000000002
    },
    {
        "_id": "67596eefb7fc4df85d6187db",
        "number_courses": 8,
        "time_study": 4.378,
        "Marks": 32.10372
    },
    {
        "_id": "67596eefb7fc4df85d6187dc",
        "number_courses": 5,
        "time_study": 0.156,
        "Marks": 11.292930000000002
    },
    {
        "_id": "67596eefb7fc4df85d6187de",
        "number_courses": 8,
        "time_study": 3.864,
        "Marks": 29.248120000000004
    },
    {
        "_id": "67596eefb7fc4df85d6187e0",
        "number_courses": 8,
        "time_study": 0.932,
        "Marks": 18.195980000000002
    },
    {
        "_id": "67596eefb7fc4df85d6187e1",
        "number_courses": 6,
        "time_study": 6.594,
        "Marks": 48.357650000000014
    },
    {
        "_id": "67596eefb7fc4df85d6187e2",
        "number_courses": 3,
        "time_study": 4.083,
        "Marks": 20.776910000000004
    },
    {
        "_id": "67596eefb7fc4df85d6187e3",
        "number_courses": 3,
        "time_study": 7.543,
        "Marks": 53.21338000000001
    },
    {
        "_id": "67596eefb7fc4df85d6187e4",
        "number_courses": 4,
        "time_study": 2.966,
        "Marks": 15.873990000000003
    },
    {
        "_id": "67596eefb7fc4df85d6187e5",
        "number_courses": 6,
        "time_study": 7.283,
        "Marks": 56.20813000000001
    },
    {
        "_id": "67596eefb7fc4df85d6187e6",
        "number_courses": 7,
        "time_study": 6.533,
        "Marks": 50.04318000000001
    },
    {
        "_id": "67596eefb7fc4df85d6187e7",
        "number_courses": 6,
        "time_study": 7.775,
        "Marks": 61.88182000000001
    },
    {
        "_id": "67596eefb7fc4df85d6187e9",
        "number_courses": 6,
        "time_study": 2.754,
        "Marks": 19.027250000000002
    },
    {
        "_id": "67596eefb7fc4df85d6187ea",
        "number_courses": 6,
        "time_study": 3.591,
        "Marks": 23.92291
    },
    {
        "_id": "67596eefb7fc4df85d6187eb",
        "number_courses": 5,
        "time_study": 1.557,
        "Marks": 12.619090000000003
    },
    {
        "_id": "67596eefb7fc4df85d6187ec",
        "number_courses": 4,
        "time_study": 1.954,
        "Marks": 11.787820000000004
    },
    {
        "_id": "67596eefb7fc4df85d6187ee",
        "number_courses": 4,
        "time_study": 3.797,
        "Marks": 20.210630000000002
    },
    {
        "_id": "67596eefb7fc4df85d6187ef",
        "number_courses": 4,
        "time_study": 4.779,
        "Marks": 27.468210000000006
    },
    {
        "_id": "67596eefb7fc4df85d6187f0",
        "number_courses": 3,
        "time_study": 5.635,
        "Marks": 32.52722000000001
    },
    {
        "_id": "67596eefb7fc4df85d6187f1",
        "number_courses": 5,
        "time_study": 3.913,
        "Marks": 23.118260000000006
    },
    {
        "_id": "67596eefb7fc4df85d6187f2",
        "number_courses": 6,
        "time_study": 6.703,
        "Marks": 49.128420000000006
    },
    {
        "_id": "67596eefb7fc4df85d6187f3",
        "number_courses": 6,
        "time_study": 4.13,
        "Marks": 26.842640000000006
    },
    {
        "_id": "67596eefb7fc4df85d6187f5",
        "number_courses": 7,
        "time_study": 6.049,
        "Marks": 44.35013000000001
    },
    {
        "_id": "67596eefb7fc4df85d6187f6",
        "number_courses": 8,
        "time_study": 7.591,
        "Marks": 64.32118000000001
    },
    {
        "_id": "67596eefb7fc4df85d6187f7",
        "number_courses": 7,
        "time_study": 2.913,
        "Marks": 22.067980000000002
    },
    {
        "_id": "67596eefb7fc4df85d6187f8",
        "number_courses": 8,
        "time_study": 7.641,
        "Marks": 64.56439
    },
    {
        "_id": "67596eefb7fc4df85d6187f9",
        "number_courses": 7,
        "time_study": 7.649,
        "Marks": 62.41543000000001
    },
    {
        "_id": "67596eefb7fc4df85d6187fa",
        "number_courses": 3,
        "time_study": 6.198,
        "Marks": 37.79556
    },
    {
        "_id": "67596eefb7fc4df85d6187fb",
        "number_courses": 8,
        "time_study": 7.468,
        "Marks": 62.12503000000001
    },
    {
        "_id": "67596eefb7fc4df85d6187fc",
        "number_courses": 6,
        "time_study": 0.376,
        "Marks": 12.731620000000003
    },
    {
        "_id": "67596eefb7fc4df85d6187fd",
        "number_courses": 4,
        "time_study": 2.438,
        "Marks": 13.12124
    },
    {
        "_id": "67596eefb7fc4df85d6187fe",
        "number_courses": 6,
        "time_study": 3.606,
        "Marks": 23.703900000000004
    },
    {
        "_id": "67596eefb7fc4df85d6187ff",
        "number_courses": 3,
        "time_study": 4.869,
        "Marks": 25.868590000000005
    },
    {
        "_id": "67596eefb7fc4df85d618800",
        "number_courses": 7,
        "time_study": 0.13,
        "Marks": 15.235110000000002
    },
    {
        "_id": "67596eefb7fc4df85d618801",
        "number_courses": 6,
        "time_study": 2.142,
        "Marks": 16.410020000000003
    },
    {
        "_id": "67596eefb7fc4df85d618802",
        "number_courses": 4,
        "time_study": 5.473,
        "Marks": 33.35849
    },
    {
        "_id": "67596eefb7fc4df85d618805",
        "number_courses": 6,
        "time_study": 3.948,
        "Marks": 25.894000000000002
    },
    {
        "_id": "67596eefb7fc4df85d618806",
        "number_courses": 4,
        "time_study": 3.736,
        "Marks": 20.093260000000004
    },
    {
        "_id": "67596eefb7fc4df85d618807",
        "number_courses": 5,
        "time_study": 2.518,
        "Marks": 16.233360000000005
    },
    {
        "_id": "67596eefb7fc4df85d618808",
        "number_courses": 3,
        "time_study": 4.633,
        "Marks": 24.681580000000004
    },
    {
        "_id": "67596eefb7fc4df85d61880a",
        "number_courses": 4,
        "time_study": 6.954,
        "Marks": 48.34192000000001
    },
    {
        "_id": "67596eefb7fc4df85d61880c",
        "number_courses": 5,
        "time_study": 6.379,
        "Marks": 44.462660000000014
    },
    {
        "_id": "67596eefb7fc4df85d61880d",
        "number_courses": 8,
        "time_study": 5.985,
        "Marks": 46.31638000000001
    },
    {
        "_id": "67596eefb7fc4df85d61880e",
        "number_courses": 7,
        "time_study": 7.451,
        "Marks": 59.948240000000006
    },
    {
        "_id": "67596eefb7fc4df85d618810",
        "number_courses": 7,
        "time_study": 7.957,
        "Marks": 65.72841000000001
    },
    {
        "_id": "67596eefb7fc4df85d618811",
        "number_courses": 8,
        "time_study": 2.262,
        "Marks": 21.423050000000003
    },
    {
        "_id": "67596eefb7fc4df85d618812",
        "number_courses": 4,
        "time_study": 7.41,
        "Marks": 53.359790000000004
    },
    {
        "_id": "67596eefb7fc4df85d618813",
        "number_courses": 5,
        "time_study": 3.197,
        "Marks": 19.488260000000004
    },
    {
        "_id": "67596eefb7fc4df85d618814",
        "number_courses": 8,
        "time_study": 1.982,
        "Marks": 19.91781
    },
    {
        "_id": "67596eefb7fc4df85d618815",
        "number_courses": 8,
        "time_study": 6.201,
        "Marks": 48.34797000000001
    },
    {
        "_id": "67596eefb7fc4df85d618816",
        "number_courses": 7,
        "time_study": 4.067,
        "Marks": 28.010290000000005
    },
    {
        "_id": "67596eefb7fc4df85d618818",
        "number_courses": 5,
        "time_study": 1.803,
        "Marks": 13.616130000000002
    },
    {
        "_id": "67596eefb7fc4df85d618819",
        "number_courses": 7,
        "time_study": 6.376,
        "Marks": 48.42904000000001
    },
    {
        "_id": "67596eefb7fc4df85d61881a",
        "number_courses": 7,
        "time_study": 4.182,
        "Marks": 29.516740000000002
    },
    {
        "_id": "67596eefb7fc4df85d61881b",
        "number_courses": 8,
        "time_study": 2.73,
        "Marks": 23.672440000000005
    },
    {
        "_id": "67596eefb7fc4df85d61881c",
        "number_courses": 4,
        "time_study": 5.027,
        "Marks": 28.938360000000003
    },
    {
        "_id": "67596eefb7fc4df85d61881d",
        "number_courses": 8,
        "time_study": 6.471,
        "Marks": 51.33546000000001
    },
    {
        "_id": "67596eefb7fc4df85d61881e",
        "number_courses": 8,
        "time_study": 3.919,
        "Marks": 29.585710000000006
    },
    {
        "_id": "67596eefb7fc4df85d61881f",
        "number_courses": 6,
        "time_study": 3.561,
        "Marks": 23.144880000000004
    },
    {
        "_id": "67596eefb7fc4df85d618821",
        "number_courses": 4,
        "time_study": 7.163,
        "Marks": 50.14724000000001
    },
    {
        "_id": "67596eefb7fc4df85d618822",
        "number_courses": 7,
        "time_study": 0.309,
        "Marks": 14.552670000000003
    },
    {
        "_id": "67596eefb7fc4df85d618823",
        "number_courses": 3,
        "time_study": 6.335,
        "Marks": 39.151970000000006
    },
    {
        "_id": "67597427e1645ad2d4d7969f",
        "number_courses": 3,
        "time_study": 4.508,
        "Marks": 21.122200000000003
    },
    {
        "_id": "67597427e1645ad2d4d796a1",
        "number_courses": 4,
        "time_study": 3.133,
        "Marks": 15.192100000000002
    },
    {
        "_id": "67597427e1645ad2d4d796a2",
        "number_courses": 6,
        "time_study": 7.909,
        "Marks": 58.31980000000001
    },
    {
        "_id": "67597427e1645ad2d4d796a3",
        "number_courses": 8,
        "time_study": 7.811,
        "Marks": 60.828900000000004
    },
    {
        "_id": "67597427e1645ad2d4d796a4",
        "number_courses": 6,
        "time_study": 3.211,
        "Marks": 19.604200000000002
    },
    {
        "_id": "67597427e1645ad2d4d796a5",
        "number_courses": 3,
        "time_study": 6.063,
        "Marks": 32.877900000000004
    },
    {
        "_id": "67597427e1645ad2d4d796a6",
        "number_courses": 5,
        "time_study": 3.413,
        "Marks": 18.9904
    },
    {
        "_id": "67597427e1645ad2d4d796a7",
        "number_courses": 4,
        "time_study": 4.41,
        "Marks": 22.3828
    },
    {
        "_id": "67597427e1645ad2d4d796a8",
        "number_courses": 3,
        "time_study": 6.173,
        "Marks": 33.9482
    },
    {
        "_id": "67597427e1645ad2d4d796a9",
        "number_courses": 3,
        "time_study": 7.353,
        "Marks": 46.2396
    },
    {
        "_id": "67597427e1645ad2d4d796aa",
        "number_courses": 7,
        "time_study": 0.423,
        "Marks": 13.3452
    },
    {
        "_id": "67597427e1645ad2d4d796ab",
        "number_courses": 7,
        "time_study": 4.218,
        "Marks": 26.749800000000004
    },
    {
        "_id": "67597427e1645ad2d4d796ac",
        "number_courses": 3,
        "time_study": 4.274,
        "Marks": 19.439200000000003
    },
    {
        "_id": "67597427e1645ad2d4d796ad",
        "number_courses": 3,
        "time_study": 2.908,
        "Marks": 12.536700000000002
    },
    {
        "_id": "67597427e1645ad2d4d796ae",
        "number_courses": 4,
        "time_study": 4.26,
        "Marks": 21.4126
    },
    {
        "_id": "67597427e1645ad2d4d796af",
        "number_courses": 5,
        "time_study": 5.719,
        "Marks": 33.6028
    },
    {
        "_id": "67597427e1645ad2d4d796b0",
        "number_courses": 8,
        "time_study": 6.08,
        "Marks": 42.339000000000006
    },
    {
        "_id": "67597427e1645ad2d4d796b1",
        "number_courses": 6,
        "time_study": 7.711,
        "Marks": 56.0846
    },
    {
        "_id": "67597427e1645ad2d4d796b2",
        "number_courses": 8,
        "time_study": 3.977,
        "Marks": 27.6463
    },
    {
        "_id": "67597427e1645ad2d4d796b3",
        "number_courses": 4,
        "time_study": 4.733,
        "Marks": 24.280300000000004
    },
    {
        "_id": "67597427e1645ad2d4d796b4",
        "number_courses": 6,
        "time_study": 6.126,
        "Marks": 39.532900000000005
    },
    {
        "_id": "67597427e1645ad2d4d796b5",
        "number_courses": 5,
        "time_study": 2.051,
        "Marks": 13.4299
    },
    {
        "_id": "67597427e1645ad2d4d796b6",
        "number_courses": 7,
        "time_study": 4.875,
        "Marks": 30.8473
    },
    {
        "_id": "67597427e1645ad2d4d796b7",
        "number_courses": 4,
        "time_study": 3.635,
        "Marks": 18.1687
    },
    {
        "_id": "67597427e1645ad2d4d796b9",
        "number_courses": 7,
        "time_study": 0.508,
        "Marks": 13.911700000000002
    },
    {
        "_id": "67597427e1645ad2d4d796ba",
        "number_courses": 8,
        "time_study": 4.378,
        "Marks": 29.185200000000002
    },
    {
        "_id": "67597427e1645ad2d4d796bb",
        "number_courses": 5,
        "time_study": 0.156,
        "Marks": 10.266300000000001
    },
    {
        "_id": "67597427e1645ad2d4d796bd",
        "number_courses": 8,
        "time_study": 3.864,
        "Marks": 26.5892
    },
    {
        "_id": "67597427e1645ad2d4d796bf",
        "number_courses": 8,
        "time_study": 0.932,
        "Marks": 16.541800000000002
    },
    {
        "_id": "67597427e1645ad2d4d796c0",
        "number_courses": 6,
        "time_study": 6.594,
        "Marks": 43.96150000000001
    },
    {
        "_id": "67597427e1645ad2d4d796c1",
        "number_courses": 3,
        "time_study": 4.083,
        "Marks": 18.8881
    },
    {
        "_id": "67597427e1645ad2d4d796c2",
        "number_courses": 3,
        "time_study": 7.543,
        "Marks": 48.375800000000005
    },
    {
        "_id": "67597427e1645ad2d4d796c3",
        "number_courses": 4,
        "time_study": 2.966,
        "Marks": 14.430900000000001
    },
    {
        "_id": "67597427e1645ad2d4d796c4",
        "number_courses": 6,
        "time_study": 7.283,
        "Marks": 51.09830000000001
    },
    {
        "_id": "67597427e1645ad2d4d796c5",
        "number_courses": 7,
        "time_study": 6.533,
        "Marks": 45.4938
    },
    {
        "_id": "67597427e1645ad2d4d796c6",
        "number_courses": 6,
        "time_study": 7.775,
        "Marks": 56.25620000000001
    },
    {
        "_id": "67597427e1645ad2d4d796c8",
        "number_courses": 6,
        "time_study": 2.754,
        "Marks": 17.2975
    },
    {
        "_id": "67597427e1645ad2d4d796c9",
        "number_courses": 6,
        "time_study": 3.591,
        "Marks": 21.7481
    },
    {
        "_id": "67597427e1645ad2d4d796ca",
        "number_courses": 5,
        "time_study": 1.557,
        "Marks": 11.471900000000002
    },
    {
        "_id": "67597427e1645ad2d4d796cb",
        "number_courses": 4,
        "time_study": 1.954,
        "Marks": 10.716200000000002
    },
    {
        "_id": "67597427e1645ad2d4d796cd",
        "number_courses": 4,
        "time_study": 3.797,
        "Marks": 18.3733
    },
    {
        "_id": "67597427e1645ad2d4d796ce",
        "number_courses": 4,
        "time_study": 4.779,
        "Marks": 24.971100000000003
    },
    {
        "_id": "67597427e1645ad2d4d796cf",
        "number_courses": 3,
        "time_study": 5.635,
        "Marks": 29.570200000000003
    },
    {
        "_id": "67597427e1645ad2d4d796d0",
        "number_courses": 5,
        "time_study": 3.913,
        "Marks": 21.016600000000004
    },
    {
        "_id": "67597427e1645ad2d4d796d1",
        "number_courses": 6,
        "time_study": 6.703,
        "Marks": 44.6622
    },
    {
        "_id": "67597427e1645ad2d4d796d2",
        "number_courses": 6,
        "time_study": 4.13,
        "Marks": 24.402400000000004
    },
    {
        "_id": "67597427e1645ad2d4d796d4",
        "number_courses": 7,
        "time_study": 6.049,
        "Marks": 40.3183
    },
    {
        "_id": "67597427e1645ad2d4d796d5",
        "number_courses": 8,
        "time_study": 7.591,
        "Marks": 58.473800000000004
    },
    {
        "_id": "67597427e1645ad2d4d796d6",
        "number_courses": 7,
        "time_study": 2.913,
        "Marks": 20.0618
    },
    {
        "_id": "67597427e1645ad2d4d796d7",
        "number_courses": 8,
        "time_study": 7.641,
        "Marks": 58.694900000000004
    },
    {
        "_id": "67597427e1645ad2d4d796d8",
        "number_courses": 7,
        "time_study": 7.649,
        "Marks": 56.7413
    },
    {
        "_id": "67597427e1645ad2d4d796d9",
        "number_courses": 3,
        "time_study": 6.198,
        "Marks": 34.3596
    },
    {
        "_id": "67597427e1645ad2d4d796da",
        "number_courses": 8,
        "time_study": 7.468,
        "Marks": 56.47730000000001
    },
    {
        "_id": "67597427e1645ad2d4d796db",
        "number_courses": 6,
        "time_study": 0.376,
        "Marks": 11.574200000000001
    },
    {
        "_id": "67597427e1645ad2d4d796dc",
        "number_courses": 4,
        "time_study": 2.438,
        "Marks": 11.9284
    },
    {
        "_id": "67597427e1645ad2d4d796dd",
        "number_courses": 6,
        "time_study": 3.606,
        "Marks": 21.549000000000003
    },
    {
        "_id": "67597427e1645ad2d4d796de",
        "number_courses": 3,
        "time_study": 4.869,
        "Marks": 23.516900000000003
    },
    {
        "_id": "67597427e1645ad2d4d796df",
        "number_courses": 7,
        "time_study": 0.13,
        "Marks": 13.850100000000001
    },
    {
        "_id": "67597427e1645ad2d4d796e0",
        "number_courses": 6,
        "time_study": 2.142,
        "Marks": 14.9182
    },
    {
        "_id": "67597427e1645ad2d4d796e1",
        "number_courses": 4,
        "time_study": 5.473,
        "Marks": 30.3259
    },
    {
        "_id": "67597427e1645ad2d4d796e4",
        "number_courses": 6,
        "time_study": 3.948,
        "Marks": 23.54
    },
    {
        "_id": "67597427e1645ad2d4d796e5",
        "number_courses": 4,
        "time_study": 3.736,
        "Marks": 18.266600000000004
    },
    {
        "_id": "67597427e1645ad2d4d796e6",
        "number_courses": 5,
        "time_study": 2.518,
        "Marks": 14.757600000000002
    },
    {
        "_id": "67597427e1645ad2d4d796e7",
        "number_courses": 3,
        "time_study": 4.633,
        "Marks": 22.437800000000003
    },
    {
        "_id": "67597427e1645ad2d4d796e9",
        "number_courses": 4,
        "time_study": 6.954,
        "Marks": 43.9472
    },
    {
        "_id": "67597427e1645ad2d4d796eb",
        "number_courses": 5,
        "time_study": 6.379,
        "Marks": 40.42060000000001
    },
    {
        "_id": "67597427e1645ad2d4d796ec",
        "number_courses": 8,
        "time_study": 5.985,
        "Marks": 42.1058
    },
    {
        "_id": "67597427e1645ad2d4d796ed",
        "number_courses": 7,
        "time_study": 7.451,
        "Marks": 54.498400000000004
    },
    {
        "_id": "67597427e1645ad2d4d796ef",
        "number_courses": 7,
        "time_study": 7.957,
        "Marks": 59.7531
    },
    {
        "_id": "67597427e1645ad2d4d796f0",
        "number_courses": 8,
        "time_study": 2.262,
        "Marks": 19.4755
    },
    {
        "_id": "67597427e1645ad2d4d796f1",
        "number_courses": 4,
        "time_study": 7.41,
        "Marks": 48.5089
    },
    {
        "_id": "67597427e1645ad2d4d796f2",
        "number_courses": 5,
        "time_study": 3.197,
        "Marks": 17.716600000000003
    },
    {
        "_id": "67597427e1645ad2d4d796f3",
        "number_courses": 8,
        "time_study": 1.982,
        "Marks": 18.1071
    },
    {
        "_id": "67597427e1645ad2d4d796f4",
        "number_courses": 8,
        "time_study": 6.201,
        "Marks": 43.95270000000001
    },
    {
        "_id": "67597427e1645ad2d4d796f5",
        "number_courses": 7,
        "time_study": 4.067,
        "Marks": 25.463900000000002
    },
    {
        "_id": "67597427e1645ad2d4d796f7",
        "number_courses": 5,
        "time_study": 1.803,
        "Marks": 12.378300000000001
    },
    {
        "_id": "67597427e1645ad2d4d796f8",
        "number_courses": 7,
        "time_study": 6.376,
        "Marks": 44.0264
    },
    {
        "_id": "67597427e1645ad2d4d796f9",
        "number_courses": 7,
        "time_study": 4.182,
        "Marks": 26.8334
    },
    {
        "_id": "67597427e1645ad2d4d796fa",
        "number_courses": 8,
        "time_study": 2.73,
        "Marks": 21.520400000000002
    },
    {
        "_id": "67597427e1645ad2d4d796fb",
        "number_courses": 4,
        "time_study": 5.027,
        "Marks": 26.3076
    },
    {
        "_id": "67597427e1645ad2d4d796fc",
        "number_courses": 8,
        "time_study": 6.471,
        "Marks": 46.668600000000005
    },
    {
        "_id": "67597427e1645ad2d4d796fd",
        "number_courses": 8,
        "time_study": 3.919,
        "Marks": 26.896100000000004
    },
    {
        "_id": "67597427e1645ad2d4d796fe",
        "number_courses": 6,
        "time_study": 3.561,
        "Marks": 21.0408
    },
    {
        "_id": "67597427e1645ad2d4d79700",
        "number_courses": 4,
        "time_study": 7.163,
        "Marks": 45.58840000000001
    },
    {
        "_id": "67597427e1645ad2d4d79701",
        "number_courses": 7,
        "time_study": 0.309,
        "Marks": 13.229700000000001
    },
    {
        "_id": "67597427e1645ad2d4d79702",
        "number_courses": 3,
        "time_study": 6.335,
        "Marks": 35.5927
    }
]