[{"job": "Оператор call-центра", "salary": 36504, "id": 7371397, "city": "Бильбао", "year": 2002, "age": 24}, {"job": "Программист", "salary": 70476, "id": 2596323, "city": "Лас-Росас", "year": 2014, "age": 46}, {"job": "Бухгалтер", "salary": 75694, "id": 3155216, "city": "Алькала-де-Энарес", "year": 2003, "age": 52}, {"job": "Водитель", "salary": 107878, "id": 9084064, "city": "Малага", "year": 2002, "age": 27}, {"job": "Учитель", "salary": 85028, "id": 5340313, "city": "Тбилиси", "year": 2003, "age": 48}, {"job": "Программист", "salary": 46380, "id": 2707798, "city": "Луарка", "year": 2008, "age": 45}, {"job": "Водитель", "salary": 61730, "id": 7335134, "city": "Луарка", "year": 2017, "age": 57}, {"job": "Психолог", "salary": 92133, "id": 8937013, "city": "Льейда", "year": 2011, "age": 49}, {"job": "Продавец", "salary": 92679, "id": 7097613, "city": "Санкт-Петербург", "year": 2007, "age": 43}, {"job": "Продавец", "salary": 101202, "id": 2658871, "city": "Семана", "year": 2011, "age": 62}, {"job": "Оператор call-центра", "salary": 152981, "id": 9200503, "city": "Самора", "year": 2007, "age": 41}, {"job": "Косметолог", "salary": 137106, "id": 2072713, "city": "Барселона", "year": 2003, "age": 41}, {"job": "Инженер", "salary": 89353, "id": 5821649, "city": "Эль-Пуэрто-де-Санта-Мария", "year": 2004, "age": 28}, {"job": "Продавец", "salary": 192423, "id": 5203505, "city": "Алма-Ата", "year": 2022, "age": 52}, {"job": "Косметолог", "salary": 190185, "id": 3347324, "city": "Хихон", "year": 2003, "age": 47}, {"job": "Архитектор", "salary": 113404, "id": 4213709, "city": "Камбадос", "year": 2017, "age": 22}, {"job": "Инженер", "salary": 182597, "id": 6088851, "city": "Алькала-де-Энарес", "year": 2002, "age": 60}, {"job": "Архитектор", "salary": 31835, "id": 8942879, "city": "Самора", "year": 2003, "age": 49}, {"job": "Менеджер", "salary": 166368, "id": 7273160, "city": "Алькала-де-Энарес", "year": 2000, "age": 51}, {"job": "Оператор call-центра", "salary": 102562, "id": 5754437, "city": "Семана", "year": 2005, "age": 54}, {"job": "IT-специалист", "salary": 41074, "id": 8878856, "city": "Бургос", "year": 2022, "age": 62}, {"job": "Медсестра", "salary": 76705, "id": 1607011, "city": "Картахена", "year": 2005, "age": 33}, {"job": "Бухгалтер", "salary": 77935, "id": 7939785, "city": "Луарка", "year": 2018, "age": 50}, {"job": "Психолог", "salary": 156506, "id": 9058895, "city": "Алькала-де-Энарес", "year": 2010, "age": 23}, {"job": "Оператор call-центра", "salary": 166633, "id": 8209015, "city": "Афины", "year": 1999, "age": 21}, {"job": "Продавец", "salary": 38926, "id": 1851551, "city": "Овьедо", "year": 2006, "age": 58}, {"job": "Инженер", "salary": 40184, "id": 1094035, "city": "Мадрид", "year": 2017, "age": 33}, {"job": "IT-специалист", "salary": 147080, "id": 4275198, "city": "Лас-Росас", "year": 2000, "age": 20}, {"job": "Инженер", "salary": 115691, "id": 8720527, "city": "Таллин", "year": 2005, "age": 27}, {"job": "Продавец", "salary": 117924, "id": 1404020, "city": "София", "year": 2001, "age": 64}, {"job": "Повар", "salary": 81730, "id": 6034413, "city": "Вальядолид", "year": 1999, "age": 65}, {"job": "Бухгалтер", "salary": 195994, "id": 6479227, "city": "Вроцлав", "year": 2010, "age": 32}, {"job": "Врач", "salary": 134793, "id": 3970437, "city": "Монсон", "year": 2007, "age": 65}, {"job": "Косметолог", "salary": 119361, "id": 9872551, "city": "Сория", "year": 2018, "age": 21}, {"job": "Врач", "salary": 93270, "id": 2633459, "city": "Москва", "year": 2007, "age": 55}, {"job": "Инженер", "salary": 139221, "id": 4843249, "city": "Касерес", "year": 2007, "age": 29}, {"job": "Учитель", "salary": 185577, "id": 4208168, "city": "Эль-Пуэрто-де-Санта-Мария", "year": 2021, "age": 51}, {"job": "Строитель", "salary": 21852, "id": 3584926, "city": "Махадаонда", "year": 2018, "age": 58}, {"job": "Учитель", "salary": 45563, "id": 3582274, "city": "Вильнюс", "year": 1999, "age": 52}, {"job": "IT-специалист", "salary": 74228, "id": 8350809, "city": "Таллин", "year": 2006, "age": 38}, {"job": "IT-специалист", "salary": 199949, "id": 8330451, "city": "Сория", "year": 2022, "age": 22}, {"job": "Строитель", "salary": 50862, "id": 2761425, "city": "Загреб", "year": 2014, "age": 46}, {"job": "Архитектор", "salary": 109135, "id": 6192225, "city": "Луго", "year": 2014, "age": 33}, {"job": "Повар", "salary": 129222, "id": 8500829, "city": "Душанбе", "year": 2020, "age": 49}, {"job": "Продавец", "salary": 177886, "id": 1096221, "city": "Скопье", "year": 2016, "age": 43}, {"job": "IT-специалист", "salary": 72992, "id": 4609854, "city": "Сантьяго-де-Компостела", "year": 2009, "age": 64}, {"job": "Программист", "salary": 150754, "id": 7299692, "city": "Санхенхо", "year": 2008, "age": 55}, {"job": "Продавец", "salary": 109029, "id": 5105882, "city": "Сантьяго-де-Компостела", "year": 2002, "age": 59}, {"job": "Медсестра", "salary": 182521, "id": 8583961, "city": "Тирана", "year": 2004, "age": 28}, {"job": "Медсестра", "salary": 35628, "id": 8296419, "city": "Сеговия", "year": 2020, "age": 33}, {"job": "Менеджер", "salary": 117074, "id": 4106576, "city": "Гранада", "year": 2020, "age": 43}, {"job": "Повар", "salary": 173242, "id": 5190062, "city": "Санхенхо", "year": 2007, "age": 49}, {"job": "Менеджер", "salary": 62000, "id": 2558391, "city": "Вроцлав", "year": 2012, "age": 32}, {"job": "Косметолог", "salary": 67474, "id": 9514325, "city": "Сан-Себастьян", "year": 2001, "age": 65}, {"job": "Косметолог", "salary": 178710, "id": 4136228, "city": "Варшава", "year": 2009, "age": 44}, {"job": "Водитель", "salary": 122598, "id": 6332297, "city": "Гранада", "year": 2001, "age": 65}, {"job": "Продавец", "salary": 162064, "id": 3784616, "city": "Осера", "year": 2005, "age": 30}, {"job": "Повар", "salary": 82046, "id": 9446048, "city": "Луарка", "year": 2007, "age": 42}, {"job": "Программист", "salary": 97504, "id": 9864969, "city": "Любляна", "year": 2007, "age": 58}, {"job": "Водитель", "salary": 169355, "id": 8797403, "city": "Аликанте", "year": 2010, "age": 44}, {"job": "Психолог", "salary": 125224, "id": 8920638, "city": "Хихон", "year": 2014, "age": 18}, {"job": "Архитектор", "salary": 167006, "id": 8204824, "city": "Луго", "year": 2011, "age": 24}, {"job": "Психолог", "salary": 74478, "id": 1617555, "city": "Алма-Ата", "year": 2010, "age": 33}, {"job": "Бухгалтер", "salary": 62466, "id": 8389583, "city": "Скопье", "year": 2019, "age": 33}, {"job": "Медсестра", "salary": 158593, "id": 7260370, "city": "Подгорица", "year": 2022, "age": 40}, {"job": "Психолог", "salary": 40023, "id": 8926255, "city": "Душанбе", "year": 2017, "age": 44}, {"job": "Инженер", "salary": 159216, "id": 7571581, "city": "Валенсия", "year": 2010, "age": 58}, {"job": "Повар", "salary": 94520, "id": 8283301, "city": "Хельсинки", "year": 2013, "age": 21}, {"job": "Учитель", "salary": 39038, "id": 2519234, "city": "Загреб", "year": 2012, "age": 41}, {"job": "IT-специалист", "salary": 71684, "id": 9280241, "city": "Барселона", "year": 2009, "age": 57}, {"job": "Продавец", "salary": 25268, "id": 8939625, "city": "Москва", "year": 2021, "age": 58}, {"job": "Строитель", "salary": 198590, "id": 3226595, "city": "Тбилиси", "year": 2015, "age": 50}, {"job": "Повар", "salary": 153694, "id": 8284721, "city": "Прага", "year": 2021, "age": 43}, {"job": "Инженер", "salary": 77010, "id": 8863428, "city": "Сеговия", "year": 2005, "age": 25}, {"job": "Продавец", "salary": 103656, "id": 8435510, "city": "Луарка", "year": 2022, "age": 49}, {"job": "Медсестра", "salary": 150420, "id": 1083368, "city": "Минск", "year": 2007, "age": 47}, {"job": "Психолог", "salary": 172346, "id": 9833244, "city": "Сараево", "year": 2003, "age": 41}, {"job": "Врач", "salary": 93631, "id": 7083743, "city": "Аликанте", "year": 2001, "age": 26}, {"job": "IT-специалист", "salary": 65653, "id": 6934018, "city": "Куэнка", "year": 2011, "age": 62}, {"job": "Продавец", "salary": 199160, "id": 2122063, "city": "Санкт-Петербург", "year": 2007, "age": 59}, {"job": "Инженер", "salary": 48023, "id": 2878349, "city": "Вроцлав", "year": 2013, "age": 53}, {"job": "IT-специалист", "salary": 116341, "id": 9154226, "city": "Пласенсия", "year": 2002, "age": 41}, {"job": "Строитель", "salary": 65449, "id": 3069744, "city": "Сантьяго-де-Компостела", "year": 2009, "age": 22}, {"job": "Водитель", "salary": 78845, "id": 6364126, "city": "Любляна", "year": 2009, "age": 65}, {"job": "Менеджер", "salary": 119652, "id": 7235414, "city": "Льейда", "year": 2010, "age": 51}, {"job": "Архитектор", "salary": 191298, "id": 3077292, "city": "Мерида", "year": 2011, "age": 39}, {"job": "Учитель", "salary": 170052, "id": 7005172, "city": "Мадрид", "year": 2022, "age": 48}, {"job": "Врач", "salary": 88625, "id": 8971513, "city": "Навалькарнеро", "year": 2006, "age": 49}, {"job": "Бухгалтер", "salary": 196535, "id": 5719910, "city": "Сараево", "year": 2004, "age": 52}, {"job": "IT-специалист", "salary": 87642, "id": 1511148, "city": "Бильбао", "year": 2006, "age": 33}, {"job": "Учитель", "salary": 49684, "id": 3138601, "city": "Авилес", "year": 1999, "age": 18}, {"job": "Бухгалтер", "salary": 174210, "id": 2322098, "city": "Бишкек", "year": 2019, "age": 20}, {"job": "Архитектор", "salary": 130481, "id": 1901155, "city": "Лас-Росас", "year": 2014, "age": 59}, {"job": "Инженер", "salary": 35578, "id": 4865054, "city": "Эль-Пуэрто-де-Санта-Мария", "year": 2003, "age": 64}, {"job": "Продавец", "salary": 84456, "id": 8823306, "city": "Сория", "year": 2016, "age": 22}, {"job": "Врач", "salary": 36357, "id": 5034118, "city": "Белград", "year": 2010, "age": 52}, {"job": "Повар", "salary": 168817, "id": 7997253, "city": "Вроцлав", "year": 2019, "age": 52}, {"job": "Продавец", "salary": 147690, "id": 9436935, "city": "Сеговия", "year": 2015, "age": 61}, {"job": "Программист", "salary": 28645, "id": 5713788, "city": "Луарка", "year": 2014, "age": 30}, {"job": "Продавец", "salary": 165111, "id": 8756170, "city": "Белград", "year": 2014, "age": 42}, {"job": "Оператор call-центра", "salary": 126455, "id": 1528958, "city": "Вальядолид", "year": 2011, "age": 56}, {"job": "Врач", "salary": 58130, "id": 5551019, "city": "Вальядолид", "year": 2008, "age": 38}, {"job": "Повар", "salary": 151153, "id": 5042114, "city": "Тбилиси", "year": 2014, "age": 40}, {"job": "Врач", "salary": 80865, "id": 7341403, "city": "София", "year": 2001, "age": 55}, {"job": "Программист", "salary": 184765, "id": 5808242, "city": "Подгорица", "year": 2001, "age": 38}, {"job": "Учитель", "salary": 165397, "id": 4945529, "city": "Кишинев", "year": 2006, "age": 36}, {"job": "Менеджер", "salary": 89654, "id": 5381989, "city": "Бланес", "year": 2021, "age": 55}, {"job": "Инженер", "salary": 61306, "id": 8711599, "city": "Прага", "year": 2017, "age": 59}, {"job": "Водитель", "salary": 94900, "id": 1679484, "city": "Баку", "year": 2019, "age": 57}, {"job": "Программист", "salary": 194495, "id": 9079726, "city": "Камбадос", "year": 2009, "age": 40}, {"job": "Водитель", "salary": 20477, "id": 6274684, "city": "Аликанте", "year": 1999, "age": 64}, {"job": "Повар", "salary": 195988, "id": 1086214, "city": "Мерида", "year": 2006, "age": 50}, {"job": "IT-специалист", "salary": 56869, "id": 7702741, "city": "Тбилиси", "year": 2022, "age": 34}, {"job": "Менеджер", "salary": 64992, "id": 8812094, "city": "Сантьяго-де-Компостела", "year": 2008, "age": 44}, {"job": "Медсестра", "salary": 29076, "id": 9740352, "city": "Вроцлав", "year": 2012, "age": 44}, {"job": "Бухгалтер", "salary": 194423, "id": 9487094, "city": "Овьедо", "year": 2022, "age": 20}, {"job": "Медсестра", "salary": 35156, "id": 8488157, "city": "Осера", "year": 2016, "age": 55}, {"job": "Психолог", "salary": 96345, "id": 2574776, "city": "Бланес", "year": 2013, "age": 48}, {"job": "Программист", "salary": 24555, "id": 1732425, "city": "Трухильо", "year": 2011, "age": 32}, {"job": "Повар", "salary": 167977, "id": 2929112, "city": "Монсон", "year": 2011, "age": 37}, {"job": "Строитель", "salary": 114641, "id": 3204120, "city": "Бишкек", "year": 2010, "age": 58}, {"job": "Архитектор", "salary": 172549, "id": 4214583, "city": "Эль-Пуэрто-де-Санта-Мария", "year": 2007, "age": 53}, {"job": "Оператор call-центра", "salary": 96314, "id": 3948299, "city": "Алма-Ата", "year": 2015, "age": 39}, {"job": "Психолог", "salary": 74407, "id": 4785612, "city": "Скопье", "year": 2019, "age": 26}, {"job": "Строитель", "salary": 147194, "id": 7391499, "city": "Бланес", "year": 2012, "age": 26}, {"job": "Психолог", "salary": 62292, "id": 7885456, "city": "Куэнка", "year": 2019, "age": 57}, {"job": "Оператор call-центра", "salary": 135588, "id": 9198144, "city": "Краков", "year": 2001, "age": 43}, {"job": "Врач", "salary": 49891, "id": 1206927, "city": "Семана", "year": 2020, "age": 60}, {"job": "Менеджер", "salary": 78275, "id": 2262733, "city": "Таллин", "year": 2019, "age": 26}, {"job": "Повар", "salary": 184124, "id": 3426528, "city": "Санкт-Петербург", "year": 2014, "age": 40}, {"job": "Архитектор", "salary": 90128, "id": 6493757, "city": "Хельсинки", "year": 2013, "age": 29}, {"job": "Повар", "salary": 189571, "id": 5518138, "city": "Льейда", "year": 2014, "age": 19}, {"job": "Продавец", "salary": 185751, "id": 4462922, "city": "Трухильо", "year": 2011, "age": 21}, {"job": "Инженер", "salary": 117482, "id": 7860306, "city": "Пласенсия", "year": 2018, "age": 55}, {"job": "Учитель", "salary": 66185, "id": 8229234, "city": "Бильбао", "year": 2005, "age": 37}, {"job": "Косметолог", "salary": 47164, "id": 4119975, "city": "Навалькарнеро", "year": 2014, "age": 29}, {"job": "Медсестра", "salary": 149355, "id": 6119613, "city": "Хихон", "year": 2002, "age": 39}, {"job": "Врач", "salary": 141920, "id": 7027273, "city": "Загреб", "year": 2006, "age": 19}, {"job": "Врач", "salary": 48595, "id": 8267133, "city": "Лас-Росас", "year": 2006, "age": 39}, {"job": "Косметолог", "salary": 152132, "id": 6666777, "city": "Тарраса", "year": 2021, "age": 52}, {"job": "Психолог", "salary": 124150, "id": 2726466, "city": "Авилес", "year": 2005, "age": 33}, {"job": "Строитель", "salary": 56123, "id": 7326042, "city": "Хельсинки", "year": 2019, "age": 23}, {"job": "Строитель", "salary": 163828, "id": 2333873, "city": "Махадаонда", "year": 2006, "age": 42}, {"job": "Программист", "salary": 34690, "id": 3622929, "city": "Махадаонда", "year": 2015, "age": 65}, {"job": "IT-специалист", "salary": 67314, "id": 3947119, "city": "Кадакес", "year": 2021, "age": 37}, {"job": "Водитель", "salary": 151751, "id": 4023941, "city": "Сьюдад-Реаль", "year": 2007, "age": 55}, {"job": "Бухгалтер", "salary": 157497, "id": 4744223, "city": "Прага", "year": 2007, "age": 20}, {"job": "Повар", "salary": 76654, "id": 2655180, "city": "Аликанте", "year": 2001, "age": 23}, {"job": "IT-специалист", "salary": 36810, "id": 1084904, "city": "Семана", "year": 2019, "age": 57}, {"job": "Водитель", "salary": 96181, "id": 6751869, "city": "Ташкент", "year": 2002, "age": 58}, {"job": "Архитектор", "salary": 21108, "id": 3120423, "city": "Касерес", "year": 2018, "age": 61}, {"job": "Продавец", "salary": 199749, "id": 3759076, "city": "Виго", "year": 2012, "age": 18}, {"job": "IT-специалист", "salary": 142744, "id": 3576451, "city": "Артейхо", "year": 1999, "age": 39}, {"job": "Продавец", "salary": 90248, "id": 6014715, "city": "Луарка", "year": 2014, "age": 60}, {"job": "IT-специалист", "salary": 125914, "id": 3353457, "city": "Касерес", "year": 2000, "age": 60}, {"job": "Архитектор", "salary": 46922, "id": 5509980, "city": "Тудела", "year": 2016, "age": 19}, {"job": "Инженер", "salary": 197579, "id": 1979166, "city": "Душанбе", "year": 2011, "age": 53}, {"job": "Врач", "salary": 152684, "id": 4896903, "city": "Фигерас", "year": 2001, "age": 30}, {"job": "Оператор call-центра", "salary": 84785, "id": 9676285, "city": "Душанбе", "year": 2001, "age": 51}, {"job": "Программист", "salary": 97690, "id": 4985416, "city": "Хихон", "year": 2008, "age": 44}, {"job": "Психолог", "salary": 92797, "id": 3700393, "city": "Ереван", "year": 2001, "age": 59}, {"job": "Психолог", "salary": 110993, "id": 8362603, "city": "Минск", "year": 2016, "age": 27}, {"job": "IT-специалист", "salary": 37732, "id": 7671566, "city": "Вильнюс", "year": 2007, "age": 53}, {"job": "Менеджер", "salary": 22321, "id": 1645124, "city": "Лас-Росас", "year": 2013, "age": 27}, {"job": "Архитектор", "salary": 194509, "id": 9208510, "city": "Баку", "year": 2018, "age": 26}, {"job": "Программист", "salary": 169438, "id": 6586270, "city": "Тбилиси", "year": 2008, "age": 53}, {"job": "Водитель", "salary": 168180, "id": 9233722, "city": "Белград", "year": 2013, "age": 50}, {"job": "Врач", "salary": 67380, "id": 1596310, "city": "Луарка", "year": 2013, "age": 32}, {"job": "Водитель", "salary": 191724, "id": 9325343, "city": "Овьедо", "year": 2016, "age": 38}, {"job": "Бухгалтер", "salary": 30904, "id": 5898136, "city": "Кишинев", "year": 1999, "age": 20}, {"job": "Оператор call-центра", "salary": 91749, "id": 2332433, "city": "Любляна", "year": 2011, "age": 20}, {"job": "Менеджер", "salary": 157300, "id": 4518696, "city": "Вильнюс", "year": 2001, "age": 54}, {"job": "Психолог", "salary": 39363, "id": 9543302, "city": "Камбадос", "year": 2020, "age": 34}, {"job": "Продавец", "salary": 110558, "id": 1584724, "city": "Хихон", "year": 2008, "age": 27}, {"job": "Менеджер", "salary": 145505, "id": 1835714, "city": "Барселона", "year": 2017, "age": 24}, {"job": "Учитель", "salary": 155930, "id": 8870366, "city": "Валенсия", "year": 2022, "age": 62}, {"job": "Оператор call-центра", "salary": 165306, "id": 5836740, "city": "Рига", "year": 2021, "age": 41}, {"job": "Повар", "salary": 192959, "id": 6241621, "city": "Краков", "year": 2005, "age": 23}, {"job": "Строитель", "salary": 90408, "id": 7487525, "city": "Варшава", "year": 2019, "age": 53}, {"job": "Медсестра", "salary": 62743, "id": 4392992, "city": "Тирана", "year": 2021, "age": 23}, {"job": "Повар", "salary": 127756, "id": 8447423, "city": "Бургос", "year": 2009, "age": 63}, {"job": "Строитель", "salary": 72939, "id": 4438073, "city": "Загреб", "year": 2001, "age": 23}, {"job": "Учитель", "salary": 145160, "id": 5729144, "city": "Бишкек", "year": 2015, "age": 62}, {"job": "Водитель", "salary": 76919, "id": 3688561, "city": "Рига", "year": 2017, "age": 45}, {"job": "Продавец", "salary": 56530, "id": 2217056, "city": "Краков", "year": 2010, "age": 49}, {"job": "Повар", "salary": 105485, "id": 4736574, "city": "Лас-Росас", "year": 2022, "age": 29}, {"job": "Инженер", "salary": 151305, "id": 5615327, "city": "Бильбао", "year": 2001, "age": 58}, {"job": "Косметолог", "salary": 116087, "id": 9527421, "city": "Эльче", "year": 2006, "age": 35}, {"job": "Повар", "salary": 177209, "id": 5837384, "city": "Бильбао", "year": 2000, "age": 53}, {"job": "Бухгалтер", "salary": 83518, "id": 3090858, "city": "Трухильо", "year": 2014, "age": 36}, {"job": "Косметолог", "salary": 199003, "id": 4264928, "city": "Баку", "year": 2006, "age": 26}, {"job": "Строитель", "salary": 89667, "id": 7203466, "city": "Монсон", "year": 2007, "age": 30}, {"job": "Повар", "salary": 106176, "id": 6760077, "city": "Астана", "year": 2003, "age": 27}, {"job": "Строитель", "salary": 23846, "id": 5297743, "city": "Вальядолид", "year": 2014, "age": 26}, {"job": "Инженер", "salary": 132442, "id": 6100938, "city": "Севилья", "year": 2003, "age": 45}, {"job": "Архитектор", "salary": 47983, "id": 2409402, "city": "Санкт-Петербург", "year": 2003, "age": 56}, {"job": "Повар", "salary": 169861, "id": 4618822, "city": "Загреб", "year": 2005, "age": 42}, {"job": "Инженер", "salary": 126473, "id": 4722736, "city": "Тарраса", "year": 2019, "age": 36}, {"job": "IT-специалист", "salary": 49099, "id": 8354523, "city": "Бланес", "year": 1999, "age": 38}, {"job": "Инженер", "salary": 136309, "id": 2651115, "city": "Ереван", "year": 2016, "age": 42}, {"job": "Медсестра", "salary": 182547, "id": 7928714, "city": "Мартоса", "year": 2016, "age": 33}, {"job": "Бухгалтер", "salary": 142767, "id": 6351733, "city": "Касерес", "year": 2015, "age": 19}, {"job": "Продавец", "salary": 141807, "id": 8357969, "city": "Бургос", "year": 2010, "age": 23}, {"job": "Водитель", "salary": 179509, "id": 7872472, "city": "Варшава", "year": 2020, "age": 54}, {"job": "Строитель", "salary": 127816, "id": 7106120, "city": "Афины", "year": 2022, "age": 50}, {"job": "Бухгалтер", "salary": 32578, "id": 1927570, "city": "Санкт-Петербург", "year": 2014, "age": 31}, {"job": "Врач", "salary": 120959, "id": 2956186, "city": "Льейда", "year": 2009, "age": 18}, {"job": "Психолог", "salary": 139458, "id": 8404525, "city": "Загреб", "year": 2021, "age": 36}, {"job": "Врач", "salary": 143850, "id": 4406471, "city": "София", "year": 2008, "age": 35}, {"job": "Косметолог", "salary": 142332, "id": 9693964, "city": "Гранада", "year": 2014, "age": 23}, {"job": "Врач", "salary": 63709, "id": 7680738, "city": "Хельсинки", "year": 2016, "age": 63}, {"job": "IT-специалист", "salary": 63143, "id": 9662616, "city": "Льейда", "year": 2017, "age": 51}, {"job": "Бухгалтер", "salary": 55441, "id": 2312508, "city": "Загреб", "year": 2012, "age": 64}, {"job": "Программист", "salary": 79277, "id": 3301348, "city": "Рига", "year": 2000, "age": 42}, {"job": "Оператор call-центра", "salary": 195653, "id": 2195770, "city": "Минск", "year": 2010, "age": 30}, {"job": "Продавец", "salary": 47249, "id": 2538130, "city": "Таллин", "year": 2016, "age": 33}, {"job": "Бухгалтер", "salary": 22025, "id": 4445856, "city": "Таллин", "year": 2015, "age": 46}, {"job": "Инженер", "salary": 134175, "id": 7995031, "city": "Тирана", "year": 2022, "age": 18}, {"job": "Программист", "salary": 136828, "id": 2499410, "city": "Виго", "year": 2002, "age": 20}, {"job": "Учитель", "salary": 168692, "id": 5697181, "city": "Осера", "year": 2000, "age": 37}, {"job": "Косметолог", "salary": 47135, "id": 5326458, "city": "Валенсия", "year": 2022, "age": 48}, {"job": "Врач", "salary": 89539, "id": 5143067, "city": "Вильявисиоса", "year": 1999, "age": 39}, {"job": "Программист", "salary": 128360, "id": 6866904, "city": "Картахена", "year": 2008, "age": 25}, {"job": "Психолог", "salary": 64406, "id": 2695309, "city": "Кордова", "year": 2013, "age": 41}, {"job": "Инженер", "salary": 180550, "id": 1033525, "city": "Вальядолид", "year": 2011, "age": 35}, {"job": "Архитектор", "salary": 112594, "id": 9252664, "city": "Кордова", "year": 2004, "age": 54}, {"job": "Косметолог", "salary": 166834, "id": 4699295, "city": "Авилес", "year": 2004, "age": 27}, {"job": "Продавец", "salary": 153266, "id": 9623696, "city": "Камбадос", "year": 2014, "age": 61}, {"job": "Врач", "salary": 169389, "id": 3574693, "city": "Астана", "year": 2009, "age": 43}, {"job": "Косметолог", "salary": 177084, "id": 7873909, "city": "Ереван", "year": 2008, "age": 21}, {"job": "Врач", "salary": 22946, "id": 4213633, "city": "Эльче", "year": 2011, "age": 25}, {"job": "Менеджер", "salary": 24779, "id": 9770129, "city": "Астана", "year": 2009, "age": 34}, {"job": "Учитель", "salary": 136661, "id": 3839634, "city": "Белград", "year": 2005, "age": 64}, {"job": "Программист", "salary": 77513, "id": 6608384, "city": "Бильбао", "year": 2002, "age": 37}, {"job": "Архитектор", "salary": 20006, "id": 5999953, "city": "Загреб", "year": 2010, "age": 37}, {"job": "Продавец", "salary": 148966, "id": 9113499, "city": "Сория", "year": 2021, "age": 28}, {"job": "Учитель", "salary": 61752, "id": 9251086, "city": "Мерида", "year": 2017, "age": 39}, {"job": "Косметолог", "salary": 89118, "id": 4064624, "city": "Камбадос", "year": 2017, "age": 34}, {"job": "Архитектор", "salary": 120602, "id": 2856983, "city": "Самора", "year": 2018, "age": 36}, {"job": "Бухгалтер", "salary": 117930, "id": 4084842, "city": "Трухильо", "year": 2007, "age": 61}, {"job": "Косметолог", "salary": 156711, "id": 8863259, "city": "Бланес", "year": 1999, "age": 63}, {"job": "Учитель", "salary": 120187, "id": 2230663, "city": "Авилес", "year": 2012, "age": 51}, {"job": "Учитель", "salary": 115632, "id": 5541071, "city": "Мерида", "year": 2003, "age": 52}, {"job": "Оператор call-центра", "salary": 67193, "id": 6726106, "city": "Краков", "year": 2003, "age": 56}, {"job": "Строитель", "salary": 193976, "id": 8628918, "city": "Ташкент", "year": 2019, "age": 27}, {"job": "Медсестра", "salary": 162784, "id": 5537644, "city": "Сантьяго-де-Компостела", "year": 2004, "age": 29}, {"job": "Врач", "salary": 149932, "id": 3815828, "city": "Навалькарнеро", "year": 2018, "age": 34}, {"job": "Водитель", "salary": 190099, "id": 7270893, "city": "Аликанте", "year": 2020, "age": 34}, {"job": "Оператор call-центра", "salary": 96035, "id": 4035056, "city": "Будапешт", "year": 2009, "age": 44}, {"job": "Врач", "salary": 22393, "id": 2656644, "city": "Санкт-Петербург", "year": 2022, "age": 60}, {"job": "Водитель", "salary": 111762, "id": 7546424, "city": "Трухильо", "year": 2004, "age": 34}, {"job": "Учитель", "salary": 75254, "id": 4480566, "city": "Мартоса", "year": 2017, "age": 19}, {"job": "Повар", "salary": 121445, "id": 6106917, "city": "Сьюдад-Реаль", "year": 2016, "age": 65}, {"job": "Медсестра", "salary": 74198, "id": 3283415, "city": "Ереван", "year": 2000, "age": 22}, {"job": "Программист", "salary": 45048, "id": 6701549, "city": "Тудела", "year": 2007, "age": 18}, {"job": "IT-специалист", "salary": 38861, "id": 4269775, "city": "Скопье", "year": 2001, "age": 26}, {"job": "Психолог", "salary": 172408, "id": 8153371, "city": "Кадакес", "year": 2015, "age": 32}, {"job": "Менеджер", "salary": 176385, "id": 6485344, "city": "Загреб", "year": 2003, "age": 58}, {"job": "Бухгалтер", "salary": 182542, "id": 5923911, "city": "Баку", "year": 2004, "age": 57}, {"job": "IT-специалист", "salary": 198281, "id": 6295974, "city": "Москва", "year": 2006, "age": 41}, {"job": "Косметолог", "salary": 148346, "id": 2165702, "city": "Лас-Росас", "year": 2020, "age": 54}, {"job": "Повар", "salary": 87300, "id": 1899036, "city": "Фигерас", "year": 2012, "age": 37}, {"job": "Водитель", "salary": 136652, "id": 1845351, "city": "Виго", "year": 2012, "age": 40}, {"job": "Строитель", "salary": 50558, "id": 1200542, "city": "Бишкек", "year": 2022, "age": 65}, {"job": "Продавец", "salary": 110408, "id": 9636817, "city": "Любляна", "year": 2010, "age": 58}, {"job": "IT-специалист", "salary": 190358, "id": 1908534, "city": "Минск", "year": 2016, "age": 40}, {"job": "Психолог", "salary": 182337, "id": 4346144, "city": "Загреб", "year": 2006, "age": 37}, {"job": "Повар", "salary": 145587, "id": 8215228, "city": "Виго", "year": 2016, "age": 51}, {"job": "Бухгалтер", "salary": 89444, "id": 4242379, "city": "Ташкент", "year": 1999, "age": 57}, {"job": "Косметолог", "salary": 174750, "id": 1016879, "city": "Варшава", "year": 2021, "age": 61}, {"job": "Инженер", "salary": 62472, "id": 9298153, "city": "Вроцлав", "year": 2002, "age": 61}, {"job": "Медсестра", "salary": 52139, "id": 8679775, "city": "Кадакес", "year": 2000, "age": 41}, {"job": "Медсестра", "salary": 110130, "id": 5368341, "city": "Осера", "year": 2022, "age": 29}, {"job": "Учитель", "salary": 27841, "id": 1031945, "city": "Кишинев", "year": 2013, "age": 22}, {"job": "Продавец", "salary": 83448, "id": 1949758, "city": "Мерида", "year": 2010, "age": 52}, {"job": "Архитектор", "salary": 105072, "id": 4377309, "city": "Картахена", "year": 2002, "age": 48}, {"job": "Водитель", "salary": 122268, "id": 4572815, "city": "Барселона", "year": 1999, "age": 46}, {"job": "Продавец", "salary": 92360, "id": 5594854, "city": "Кордова", "year": 2009, "age": 25}, {"job": "IT-специалист", "salary": 108736, "id": 9377821, "city": "Ташкент", "year": 2015, "age": 36}, {"job": "Косметолог", "salary": 32688, "id": 1437671, "city": "Минск", "year": 2012, "age": 18}, {"job": "Водитель", "salary": 73242, "id": 5609828, "city": "Самора", "year": 2016, "age": 25}, {"job": "Архитектор", "salary": 31691, "id": 2028676, "city": "Луарка", "year": 2010, "age": 29}, {"job": "Продавец", "salary": 148254, "id": 4214281, "city": "Хихон", "year": 2013, "age": 37}, {"job": "Продавец", "salary": 129053, "id": 7079343, "city": "Хихон", "year": 2021, "age": 35}, {"job": "Менеджер", "salary": 67077, "id": 2008884, "city": "Сан-Себастьян", "year": 2002, "age": 58}, {"job": "Бухгалтер", "salary": 152569, "id": 1293262, "city": "Пласенсия", "year": 2001, "age": 29}, {"job": "Водитель", "salary": 160042, "id": 3266972, "city": "Хихон", "year": 2014, "age": 43}, {"job": "Повар", "salary": 44446, "id": 6798951, "city": "Астана", "year": 2005, "age": 35}, {"job": "IT-специалист", "salary": 83653, "id": 7686562, "city": "Кишинев", "year": 2005, "age": 29}, {"job": "Строитель", "salary": 140504, "id": 5096055, "city": "Камбадос", "year": 2008, "age": 47}, {"job": "Водитель", "salary": 195011, "id": 9648041, "city": "Бильбао", "year": 2010, "age": 29}, {"job": "Оператор call-центра", "salary": 96673, "id": 1446577, "city": "Тирана", "year": 2008, "age": 32}, {"job": "Психолог", "salary": 123180, "id": 7123296, "city": "Льейда", "year": 2009, "age": 65}, {"job": "Врач", "salary": 187478, "id": 4224825, "city": "Рига", "year": 2001, "age": 60}, {"job": "Инженер", "salary": 82609, "id": 1245364, "city": "Валенсия", "year": 2016, "age": 30}, {"job": "Врач", "salary": 182340, "id": 2058759, "city": "Рига", "year": 2004, "age": 42}, {"job": "Инженер", "salary": 70248, "id": 6723616, "city": "Сория", "year": 2001, "age": 37}, {"job": "Оператор call-центра", "salary": 87167, "id": 2826537, "city": "Баку", "year": 2012, "age": 60}, {"job": "Бухгалтер", "salary": 190355, "id": 1944990, "city": "Ереван", "year": 2006, "age": 50}, {"job": "Учитель", "salary": 130336, "id": 2158750, "city": "Тарраса", "year": 2017, "age": 42}, {"job": "Строитель", "salary": 149567, "id": 7562587, "city": "Тбилиси", "year": 2022, "age": 47}, {"job": "Строитель", "salary": 23102, "id": 9829508, "city": "Виго", "year": 2008, "age": 41}, {"job": "Водитель", "salary": 199029, "id": 4803259, "city": "Сан-Себастьян", "year": 2006, "age": 58}, {"job": "Архитектор", "salary": 34764, "id": 7027242, "city": "Белград", "year": 2000, "age": 26}, {"job": "IT-специалист", "salary": 119647, "id": 1465297, "city": "Сеговия", "year": 2003, "age": 49}, {"job": "Инженер", "salary": 182175, "id": 2339180, "city": "Касерес", "year": 2015, "age": 41}, {"job": "Строитель", "salary": 199297, "id": 6414122, "city": "Ереван", "year": 1999, "age": 48}, {"job": "Медсестра", "salary": 48645, "id": 5957441, "city": "Артейхо", "year": 2003, "age": 52}, {"job": "Психолог", "salary": 115337, "id": 9986288, "city": "Ереван", "year": 2016, "age": 28}, {"job": "Учитель", "salary": 179682, "id": 5316826, "city": "Авилес", "year": 2021, "age": 41}, {"job": "Учитель", "salary": 127092, "id": 2102896, "city": "Осера", "year": 2006, "age": 61}, {"job": "Повар", "salary": 190427, "id": 4209497, "city": "Сория", "year": 2014, "age": 56}, {"job": "Строитель", "salary": 81583, "id": 2046152, "city": "Баку", "year": 2003, "age": 22}, {"job": "Программист", "salary": 55789, "id": 8530827, "city": "Эльче", "year": 2016, "age": 30}, {"job": "Учитель", "salary": 75500, "id": 1382202, "city": "Кадакес", "year": 2006, "age": 61}, {"job": "Медсестра", "salary": 196160, "id": 7134402, "city": "Трухильо", "year": 2022, "age": 37}, {"job": "IT-специалист", "salary": 97875, "id": 6612114, "city": "Овьедо", "year": 2007, "age": 62}, {"job": "Программист", "salary": 98996, "id": 3820053, "city": "Тирана", "year": 2006, "age": 31}, {"job": "Оператор call-центра", "salary": 170127, "id": 8569813, "city": "Бургос", "year": 2003, "age": 27}, {"job": "Бухгалтер", "salary": 100569, "id": 8726677, "city": "Эльче", "year": 2016, "age": 47}, {"job": "Строитель", "salary": 119751, "id": 7970063, "city": "Аликанте", "year": 2001, "age": 21}, {"job": "Программист", "salary": 173596, "id": 9869469, "city": "Семана", "year": 2014, "age": 44}, {"job": "Учитель", "salary": 181431, "id": 6631750, "city": "Виго", "year": 2019, "age": 44}, {"job": "Архитектор", "salary": 21406, "id": 1437317, "city": "Хельсинки", "year": 2021, "age": 23}, {"job": "Водитель", "salary": 105348, "id": 7949029, "city": "Подгорица", "year": 2015, "age": 23}, {"job": "Менеджер", "salary": 186899, "id": 6243205, "city": "Мерида", "year": 2007, "age": 22}, {"job": "Строитель", "salary": 148012, "id": 6765379, "city": "Скопье", "year": 2010, "age": 64}, {"job": "Строитель", "salary": 158656, "id": 6421561, "city": "Луарка", "year": 2013, "age": 35}, {"job": "Водитель", "salary": 162963, "id": 1378107, "city": "Аликанте", "year": 1999, "age": 52}, {"job": "Менеджер", "salary": 186125, "id": 6810207, "city": "Кишинев", "year": 2002, "age": 23}, {"job": "Продавец", "salary": 128382, "id": 7936156, "city": "Малага", "year": 2008, "age": 33}, {"job": "Косметолог", "salary": 106554, "id": 4662557, "city": "Ереван", "year": 2018, "age": 23}, {"job": "Программист", "salary": 53349, "id": 8655895, "city": "Тирана", "year": 2004, "age": 18}, {"job": "Водитель", "salary": 151823, "id": 7046187, "city": "Кордова", "year": 2001, "age": 26}, {"job": "Программист", "salary": 119871, "id": 5784690, "city": "Луго", "year": 2022, "age": 61}, {"job": "Водитель", "salary": 168105, "id": 7003246, "city": "Мурсия", "year": 2001, "age": 24}, {"job": "Повар", "salary": 81238, "id": 2133745, "city": "Бланес", "year": 2006, "age": 63}, {"job": "Учитель", "salary": 93610, "id": 4836407, "city": "Трухильо", "year": 2021, "age": 50}, {"job": "Психолог", "salary": 143240, "id": 6858905, "city": "Пласенсия", "year": 2010, "age": 60}, {"job": "Водитель", "salary": 91944, "id": 1559780, "city": "Луго", "year": 2003, "age": 40}, {"job": "Оператор call-центра", "salary": 82753, "id": 2056039, "city": "Самора", "year": 2022, "age": 18}, {"job": "Учитель", "salary": 144434, "id": 1625147, "city": "Эльче", "year": 2020, "age": 47}, {"job": "IT-специалист", "salary": 148550, "id": 6053581, "city": "Осера", "year": 2015, "age": 63}, {"job": "Инженер", "salary": 27896, "id": 4674882, "city": "Луарка", "year": 2010, "age": 64}, {"job": "Продавец", "salary": 79684, "id": 3005364, "city": "Сан-Себастьян", "year": 2006, "age": 33}, {"job": "Строитель", "salary": 150147, "id": 3877420, "city": "Сантьяго-де-Компостела", "year": 2022, "age": 32}, {"job": "Инженер", "salary": 23448, "id": 4738717, "city": "Ла-Корунья", "year": 2000, "age": 31}, {"job": "Врач", "salary": 43878, "id": 2707245, "city": "Картахена", "year": 2015, "age": 57}, {"job": "Повар", "salary": 29581, "id": 4640128, "city": "Лас-Росас", "year": 2010, "age": 18}, {"job": "Продавец", "salary": 85039, "id": 7405274, "city": "Фигерас", "year": 2018, "age": 45}, {"job": "Учитель", "salary": 72483, "id": 8251539, "city": "Минск", "year": 2002, "age": 59}, {"job": "Архитектор", "salary": 158110, "id": 2960493, "city": "Гранада", "year": 2005, "age": 57}, {"job": "Программист", "salary": 118704, "id": 9919525, "city": "Астана", "year": 1999, "age": 62}, {"job": "Повар", "salary": 142749, "id": 6332867, "city": "Мерида", "year": 1999, "age": 32}, {"job": "Оператор call-центра", "salary": 91720, "id": 1241996, "city": "Бильбао", "year": 2002, "age": 30}, {"job": "IT-специалист", "salary": 82764, "id": 5231382, "city": "Осера", "year": 2000, "age": 64}, {"job": "Строитель", "salary": 178699, "id": 9922738, "city": "Семана", "year": 1999, "age": 36}, {"job": "Психолог", "salary": 117411, "id": 2507974, "city": "Астана", "year": 2013, "age": 34}, {"job": "IT-специалист", "salary": 62083, "id": 3396946, "city": "Осера", "year": 1999, "age": 58}, {"job": "Строитель", "salary": 25499, "id": 4765959, "city": "Москва", "year": 2000, "age": 31}, {"job": "Бухгалтер", "salary": 73257, "id": 6675802, "city": "Хихон", "year": 2013, "age": 20}, {"job": "Медсестра", "salary": 134072, "id": 8557801, "city": "Мартоса", "year": 2017, "age": 18}, {"job": "Учитель", "salary": 28301, "id": 5685729, "city": "Картахена", "year": 2014, "age": 35}, {"job": "Программист", "salary": 133141, "id": 8513387, "city": "Овьедо", "year": 2016, "age": 23}, {"job": "Косметолог", "salary": 160733, "id": 5593550, "city": "Аликанте", "year": 2022, "age": 59}, {"job": "Косметолог", "salary": 140292, "id": 7087643, "city": "Минск", "year": 2000, "age": 59}, {"job": "Учитель", "salary": 195468, "id": 2393066, "city": "Кордова", "year": 2017, "age": 62}, {"job": "Повар", "salary": 44680, "id": 9206039, "city": "Кордова", "year": 2001, "age": 26}, {"job": "Медсестра", "salary": 162633, "id": 5368979, "city": "Варшава", "year": 2003, "age": 44}, {"job": "Бухгалтер", "salary": 126691, "id": 7072629, "city": "Виго", "year": 2003, "age": 19}, {"job": "Программист", "salary": 22379, "id": 5190571, "city": "Сория", "year": 2012, "age": 59}, {"job": "Оператор call-центра", "salary": 50500, "id": 2543611, "city": "Вильявисиоса", "year": 2017, "age": 50}, {"job": "IT-специалист", "salary": 23763, "id": 2808702, "city": "Сеговия", "year": 2015, "age": 54}, {"job": "Врач", "salary": 198753, "id": 2904636, "city": "Касерес", "year": 2012, "age": 50}, {"job": "Врач", "salary": 198260, "id": 5541077, "city": "Самора", "year": 2008, "age": 39}, {"job": "Оператор call-центра", "salary": 196466, "id": 9953249, "city": "Прага", "year": 2009, "age": 59}, {"job": "Менеджер", "salary": 129773, "id": 7733193, "city": "Камбадос", "year": 2011, "age": 57}, {"job": "Учитель", "salary": 43476, "id": 1781604, "city": "Сория", "year": 2012, "age": 34}, {"job": "Инженер", "salary": 144011, "id": 3681137, "city": "Севилья", "year": 2003, "age": 41}, {"job": "Бухгалтер", "salary": 29345, "id": 8930013, "city": "Хихон", "year": 2005, "age": 64}, {"job": "Врач", "salary": 169876, "id": 4931973, "city": "Санхенхо", "year": 2018, "age": 34}, {"job": "Бухгалтер", "salary": 58690, "id": 5017170, "city": "Артейхо", "year": 2005, "age": 64}, {"job": "Инженер", "salary": 192492, "id": 7364831, "city": "Аликанте", "year": 2019, "age": 28}, {"job": "Повар", "salary": 100776, "id": 9893576, "city": "Белград", "year": 2017, "age": 25}, {"job": "Инженер", "salary": 90720, "id": 9574337, "city": "Хихон", "year": 2001, "age": 50}, {"job": "Косметолог", "salary": 96512, "id": 4780692, "city": "Мартоса", "year": 2007, "age": 59}, {"job": "Косметолог", "salary": 148758, "id": 8771006, "city": "Любляна", "year": 2012, "age": 26}, {"job": "Косметолог", "salary": 68612, "id": 6810270, "city": "Варшава", "year": 2007, "age": 63}, {"job": "Водитель", "salary": 141115, "id": 5993112, "city": "Кадакес", "year": 2001, "age": 49}, {"job": "Инженер", "salary": 30094, "id": 1470107, "city": "Бильбао", "year": 2022, "age": 43}, {"job": "Оператор call-центра", "salary": 111039, "id": 2743179, "city": "Алькала-де-Энарес", "year": 2021, "age": 52}, {"job": "Психолог", "salary": 36133, "id": 1998761, "city": "Аликанте", "year": 2021, "age": 24}, {"job": "Программист", "salary": 161637, "id": 2108523, "city": "Малага", "year": 2015, "age": 50}, {"job": "IT-специалист", "salary": 183242, "id": 4616352, "city": "Льейда", "year": 2004, "age": 60}, {"job": "Продавец", "salary": 126418, "id": 6131667, "city": "Сантьяго-де-Компостела", "year": 2016, "age": 59}, {"job": "Водитель", "salary": 65579, "id": 2660959, "city": "Скопье", "year": 2015, "age": 38}, {"job": "Архитектор", "salary": 175937, "id": 9615961, "city": "Мурсия", "year": 2013, "age": 56}, {"job": "Архитектор", "salary": 183531, "id": 7134216, "city": "Астана", "year": 1999, "age": 55}, {"job": "Косметолог", "salary": 86242, "id": 5355451, "city": "Варшава", "year": 2018, "age": 46}, {"job": "Инженер", "salary": 161481, "id": 8064450, "city": "Кордова", "year": 2004, "age": 26}, {"job": "Психолог", "salary": 51550, "id": 8310475, "city": "Бильбао", "year": 2013, "age": 31}, {"job": "Инженер", "salary": 29031, "id": 1325260, "city": "Вильнюс", "year": 2002, "age": 44}, {"job": "Архитектор", "salary": 109325, "id": 2722408, "city": "Вальядолид", "year": 2016, "age": 32}, {"job": "Продавец", "salary": 166551, "id": 5669381, "city": "Кишинев", "year": 2010, "age": 52}, {"job": "Бухгалтер", "salary": 124509, "id": 9353432, "city": "Бургос", "year": 2008, "age": 59}, {"job": "Врач", "salary": 97665, "id": 8010416, "city": "Трухильо", "year": 2022, "age": 58}, {"job": "Строитель", "salary": 107703, "id": 8356953, "city": "Валенсия", "year": 2009, "age": 58}, {"job": "Учитель", "salary": 121479, "id": 4625158, "city": "Загреб", "year": 2008, "age": 54}, {"job": "Продавец", "salary": 145069, "id": 3615605, "city": "Москва", "year": 2017, "age": 36}, {"job": "Архитектор", "salary": 54652, "id": 4812185, "city": "Эльче", "year": 2011, "age": 61}, {"job": "Менеджер", "salary": 93398, "id": 9966207, "city": "Лас-Росас", "year": 2014, "age": 47}, {"job": "Врач", "salary": 68447, "id": 6309204, "city": "Картахена", "year": 2007, "age": 29}, {"job": "Водитель", "salary": 138558, "id": 7044259, "city": "Санхенхо", "year": 2012, "age": 39}, {"job": "Менеджер", "salary": 58316, "id": 7645259, "city": "Вильнюс", "year": 2006, "age": 63}, {"job": "IT-специалист", "salary": 173209, "id": 9522220, "city": "Ла-Корунья", "year": 2020, "age": 37}, {"job": "Учитель", "salary": 95567, "id": 7096530, "city": "Кордова", "year": 2018, "age": 59}, {"job": "Повар", "salary": 23785, "id": 6798348, "city": "Ереван", "year": 2011, "age": 56}, {"job": "Менеджер", "salary": 109486, "id": 8346387, "city": "Прага", "year": 2014, "age": 62}, {"job": "Оператор call-центра", "salary": 132836, "id": 2381981, "city": "Сьюдад-Реаль", "year": 2011, "age": 35}, {"job": "Учитель", "salary": 51666, "id": 3778742, "city": "Алькала-де-Энарес", "year": 2018, "age": 37}, {"job": "Инженер", "salary": 44706, "id": 1760326, "city": "Любляна", "year": 2015, "age": 25}, {"job": "Повар", "salary": 186495, "id": 1708637, "city": "Ла-Корунья", "year": 2009, "age": 46}, {"job": "Менеджер", "salary": 36498, "id": 1129385, "city": "Варшава", "year": 1999, "age": 49}, {"job": "Инженер", "salary": 62841, "id": 4296443, "city": "Мерида", "year": 2015, "age": 57}, {"job": "Бухгалтер", "salary": 135357, "id": 4392665, "city": "Сеговия", "year": 2005, "age": 58}, {"job": "Строитель", "salary": 100771, "id": 7544307, "city": "Бургос", "year": 2022, "age": 33}, {"job": "Продавец", "salary": 146960, "id": 6980356, "city": "Артейхо", "year": 2003, "age": 56}, {"job": "Медсестра", "salary": 48984, "id": 8224477, "city": "Прага", "year": 2010, "age": 64}, {"job": "Менеджер", "salary": 145346, "id": 9233671, "city": "Прага", "year": 2015, "age": 25}, {"job": "Бухгалтер", "salary": 131431, "id": 2847548, "city": "Таллин", "year": 2017, "age": 54}, {"job": "Повар", "salary": 189586, "id": 9455642, "city": "София", "year": 2012, "age": 40}, {"job": "Косметолог", "salary": 149141, "id": 1870375, "city": "Авилес", "year": 2016, "age": 42}, {"job": "Продавец", "salary": 64328, "id": 3458560, "city": "Подгорица", "year": 2005, "age": 23}, {"job": "Инженер", "salary": 80069, "id": 1429448, "city": "Малага", "year": 2009, "age": 30}, {"job": "Медсестра", "salary": 42377, "id": 5632696, "city": "Луго", "year": 2003, "age": 20}, {"job": "Архитектор", "salary": 44866, "id": 4523085, "city": "Ташкент", "year": 2000, "age": 25}, {"job": "Косметолог", "salary": 178901, "id": 2210632, "city": "Гранада", "year": 2014, "age": 27}, {"job": "Программист", "salary": 183748, "id": 3746220, "city": "Таллин", "year": 2000, "age": 37}, {"job": "Строитель", "salary": 133988, "id": 9888770, "city": "Сеговия", "year": 2002, "age": 46}, {"job": "Строитель", "salary": 175922, "id": 4913715, "city": "Мурсия", "year": 2004, "age": 58}, {"job": "IT-специалист", "salary": 188049, "id": 5282260, "city": "Краков", "year": 2017, "age": 29}, {"job": "Менеджер", "salary": 146121, "id": 4565340, "city": "Камбадос", "year": 2016, "age": 19}, {"job": "Косметолог", "salary": 145084, "id": 4802054, "city": "Кадакес", "year": 2014, "age": 37}, {"job": "Менеджер", "salary": 39074, "id": 9887260, "city": "Тарраса", "year": 2021, "age": 61}, {"job": "Оператор call-центра", "salary": 86162, "id": 7294172, "city": "Скопье", "year": 2018, "age": 51}, {"job": "Бухгалтер", "salary": 46597, "id": 9483737, "city": "Малага", "year": 2016, "age": 42}, {"job": "Продавец", "salary": 159724, "id": 2253106, "city": "Сантьяго-де-Компостела", "year": 1999, "age": 52}, {"job": "IT-специалист", "salary": 53296, "id": 6983817, "city": "Сеговия", "year": 2014, "age": 47}, {"job": "Бухгалтер", "salary": 112395, "id": 7559657, "city": "Хихон", "year": 2016, "age": 54}, {"job": "Медсестра", "salary": 127214, "id": 5420784, "city": "Хихон", "year": 2019, "age": 45}, {"job": "Медсестра", "salary": 46390, "id": 7127829, "city": "Минск", "year": 2004, "age": 31}, {"job": "Учитель", "salary": 96518, "id": 2184694, "city": "Краков", "year": 2002, "age": 18}, {"job": "Водитель", "salary": 108183, "id": 5217171, "city": "Хихон", "year": 2002, "age": 33}, {"job": "Врач", "salary": 52217, "id": 9890463, "city": "Ла-Корунья", "year": 2022, "age": 39}, {"job": "Психолог", "salary": 96791, "id": 6691378, "city": "Сеговия", "year": 2012, "age": 55}, {"job": "Инженер", "salary": 49795, "id": 1089410, "city": "Любляна", "year": 2012, "age": 58}, {"job": "Архитектор", "salary": 42634, "id": 1395618, "city": "Подгорица", "year": 2010, "age": 31}, {"job": "Архитектор", "salary": 49464, "id": 9070768, "city": "Афины", "year": 2015, "age": 46}, {"job": "Оператор call-центра", "salary": 71126, "id": 8586037, "city": "Душанбе", "year": 2001, "age": 21}, {"job": "Врач", "salary": 166940, "id": 6277056, "city": "Варшава", "year": 2005, "age": 61}, {"job": "Инженер", "salary": 158120, "id": 9622282, "city": "Гранада", "year": 2011, "age": 20}, {"job": "Продавец", "salary": 122437, "id": 1472947, "city": "Сория", "year": 2017, "age": 40}, {"job": "Медсестра", "salary": 141605, "id": 6801632, "city": "Самора", "year": 2020, "age": 37}, {"job": "Архитектор", "salary": 132345, "id": 2760142, "city": "Виго", "year": 2000, "age": 31}, {"job": "Косметолог", "salary": 110277, "id": 3816756, "city": "Луго", "year": 2011, "age": 34}, {"job": "Бухгалтер", "salary": 122080, "id": 2131308, "city": "Загреб", "year": 2018, "age": 44}, {"job": "Водитель", "salary": 157359, "id": 1488661, "city": "Сеговия", "year": 2008, "age": 35}, {"job": "Косметолог", "salary": 118809, "id": 7204499, "city": "Трухильо", "year": 2010, "age": 32}, {"job": "Врач", "salary": 91854, "id": 1295295, "city": "Семана", "year": 2004, "age": 25}, {"job": "Программист", "salary": 163918, "id": 1997820, "city": "Астана", "year": 2015, "age": 47}, {"job": "Оператор call-центра", "salary": 98208, "id": 4721537, "city": "Кордова", "year": 2008, "age": 28}, {"job": "Продавец", "salary": 68563, "id": 4317028, "city": "Камбадос", "year": 2004, "age": 53}, {"job": "Водитель", "salary": 168300, "id": 7923872, "city": "Сьюдад-Реаль", "year": 2000, "age": 58}, {"job": "Продавец", "salary": 60206, "id": 7959884, "city": "Хельсинки", "year": 2019, "age": 39}, {"job": "Косметолог", "salary": 144004, "id": 1438057, "city": "Осера", "year": 2021, "age": 29}, {"job": "Бухгалтер", "salary": 88044, "id": 7117184, "city": "Афины", "year": 2009, "age": 32}, {"job": "Строитель", "salary": 138732, "id": 9573682, "city": "Самора", "year": 2022, "age": 24}, {"job": "Медсестра", "salary": 191616, "id": 8317971, "city": "Варшава", "year": 2009, "age": 23}, {"job": "Архитектор", "salary": 149412, "id": 9259154, "city": "Подгорица", "year": 2010, "age": 23}, {"job": "Бухгалтер", "salary": 43925, "id": 5424337, "city": "Вильявисиоса", "year": 2008, "age": 56}, {"job": "Медсестра", "salary": 166586, "id": 5842901, "city": "Эль-Пуэрто-де-Санта-Мария", "year": 2004, "age": 50}, {"job": "Водитель", "salary": 111199, "id": 9164108, "city": "Бишкек", "year": 2012, "age": 31}, {"job": "Бухгалтер", "salary": 111860, "id": 7083664, "city": "Душанбе", "year": 1999, "age": 62}, {"job": "Косметолог", "salary": 174472, "id": 2607807, "city": "Сеговия", "year": 2022, "age": 61}, {"job": "Менеджер", "salary": 156795, "id": 7372167, "city": "Сьюдад-Реаль", "year": 2003, "age": 44}, {"job": "Психолог", "salary": 92746, "id": 9211194, "city": "Тирана", "year": 2020, "age": 62}, {"job": "Психолог", "salary": 166013, "id": 1388728, "city": "Севилья", "year": 2014, "age": 52}, {"job": "Врач", "salary": 91595, "id": 1617463, "city": "Тарраса", "year": 2005, "age": 38}, {"job": "Строитель", "salary": 121758, "id": 8132039, "city": "Мартоса", "year": 2004, "age": 52}, {"job": "Менеджер", "salary": 153381, "id": 1615945, "city": "Бильбао", "year": 1999, "age": 54}, {"job": "Архитектор", "salary": 58037, "id": 7934921, "city": "Любляна", "year": 2020, "age": 26}, {"job": "Учитель", "salary": 28756, "id": 9849120, "city": "Аликанте", "year": 2010, "age": 18}, {"job": "IT-специалист", "salary": 67398, "id": 6770332, "city": "Самора", "year": 2021, "age": 43}, {"job": "Менеджер", "salary": 30729, "id": 1141957, "city": "Лас-Росас", "year": 2020, "age": 58}, {"job": "Строитель", "salary": 189924, "id": 6252448, "city": "Алма-Ата", "year": 2016, "age": 29}, {"job": "Психолог", "salary": 131563, "id": 2774851, "city": "Алма-Ата", "year": 2010, "age": 31}, {"job": "Психолог", "salary": 173159, "id": 3267862, "city": "Будапешт", "year": 2012, "age": 20}, {"job": "Водитель", "salary": 152414, "id": 4435638, "city": "Барселона", "year": 2011, "age": 45}, {"job": "Оператор call-центра", "salary": 63616, "id": 9191478, "city": "Вальядолид", "year": 2000, "age": 38}, {"job": "Инженер", "salary": 55022, "id": 7190209, "city": "Ереван", "year": 2005, "age": 32}, {"job": "Водитель", "salary": 84673, "id": 3447693, "city": "Мартоса", "year": 2014, "age": 34}, {"job": "Архитектор", "salary": 187934, "id": 6498017, "city": "Кордова", "year": 2003, "age": 34}, {"job": "Учитель", "salary": 140205, "id": 2050577, "city": "Мурсия", "year": 2022, "age": 23}, {"job": "Программист", "salary": 167255, "id": 9101172, "city": "София", "year": 2000, "age": 39}, {"job": "Продавец", "salary": 165450, "id": 1594320, "city": "Хихон", "year": 2003, "age": 43}, {"job": "Оператор call-центра", "salary": 68268, "id": 8631061, "city": "Подгорица", "year": 2014, "age": 22}, {"job": "Водитель", "salary": 125049, "id": 2215264, "city": "Касерес", "year": 2019, "age": 24}, {"job": "Повар", "salary": 32136, "id": 6456281, "city": "Тирана", "year": 2008, "age": 62}, {"job": "Строитель", "salary": 124692, "id": 5779366, "city": "Тбилиси", "year": 1999, "age": 55}, {"job": "IT-специалист", "salary": 126673, "id": 1014282, "city": "Барселона", "year": 2005, "age": 46}, {"job": "Психолог", "salary": 180249, "id": 5547790, "city": "Овьедо", "year": 2018, "age": 53}, {"job": "Архитектор", "salary": 111152, "id": 3958908, "city": "Санкт-Петербург", "year": 2017, "age": 40}, {"job": "Медсестра", "salary": 53037, "id": 6360887, "city": "Бургос", "year": 2002, "age": 27}, {"job": "Врач", "salary": 198839, "id": 3466180, "city": "Семана", "year": 2001, "age": 40}, {"job": "Врач", "salary": 155626, "id": 1507916, "city": "Ла-Корунья", "year": 2003, "age": 27}, {"job": "Архитектор", "salary": 66890, "id": 7054350, "city": "Аликанте", "year": 2006, "age": 41}, {"job": "IT-специалист", "salary": 197230, "id": 5974913, "city": "Тарраса", "year": 2022, "age": 33}, {"job": "Менеджер", "salary": 84959, "id": 5095201, "city": "Севилья", "year": 2013, "age": 27}, {"job": "Инженер", "salary": 98441, "id": 1626150, "city": "Авилес", "year": 2014, "age": 27}, {"job": "Строитель", "salary": 52675, "id": 3168290, "city": "Артейхо", "year": 2011, "age": 62}, {"job": "Психолог", "salary": 133333, "id": 6210177, "city": "Лас-Росас", "year": 2019, "age": 50}, {"job": "IT-специалист", "salary": 44740, "id": 6451755, "city": "Гранада", "year": 2010, "age": 47}, {"job": "Программист", "salary": 112229, "id": 9438655, "city": "Алма-Ата", "year": 2016, "age": 55}, {"job": "Программист", "salary": 185714, "id": 1750146, "city": "Овьедо", "year": 2022, "age": 34}, {"job": "Косметолог", "salary": 196241, "id": 1209948, "city": "Загреб", "year": 2000, "age": 53}, {"job": "Косметолог", "salary": 73925, "id": 7180889, "city": "Подгорица", "year": 2022, "age": 48}, {"job": "IT-специалист", "salary": 144896, "id": 9542879, "city": "Махадаонда", "year": 2013, "age": 20}, {"job": "Программист", "salary": 135126, "id": 9135310, "city": "Барселона", "year": 2013, "age": 65}, {"job": "Водитель", "salary": 81593, "id": 2689945, "city": "Прага", "year": 2020, "age": 30}, {"job": "Учитель", "salary": 187821, "id": 6470896, "city": "Тудела", "year": 2013, "age": 65}, {"job": "Строитель", "salary": 42784, "id": 1923139, "city": "Сан-Себастьян", "year": 2003, "age": 60}, {"job": "Медсестра", "salary": 58344, "id": 1856469, "city": "Минск", "year": 1999, "age": 54}, {"job": "Строитель", "salary": 132927, "id": 1486072, "city": "Белград", "year": 2000, "age": 24}, {"job": "Повар", "salary": 99109, "id": 1083523, "city": "Сория", "year": 2002, "age": 31}, {"job": "Косметолог", "salary": 127361, "id": 5060497, "city": "Афины", "year": 2003, "age": 49}, {"job": "Врач", "salary": 79066, "id": 3466743, "city": "Лас-Росас", "year": 2019, "age": 22}, {"job": "Программист", "salary": 185402, "id": 2826816, "city": "Валенсия", "year": 2014, "age": 34}, {"job": "Повар", "salary": 147749, "id": 3913619, "city": "Луго", "year": 2017, "age": 50}, {"job": "Бухгалтер", "salary": 36534, "id": 4290757, "city": "Тарраса", "year": 2010, "age": 43}, {"job": "Архитектор", "salary": 46287, "id": 7580814, "city": "Тудела", "year": 2016, "age": 54}, {"job": "Инженер", "salary": 136803, "id": 4323684, "city": "Кишинев", "year": 2000, "age": 55}, {"job": "Инженер", "salary": 107060, "id": 6845255, "city": "Льейда", "year": 2015, "age": 62}, {"job": "Медсестра", "salary": 63257, "id": 7180291, "city": "Виго", "year": 2014, "age": 23}, {"job": "Продавец", "salary": 23312, "id": 1571786, "city": "Артейхо", "year": 2013, "age": 58}, {"job": "Архитектор", "salary": 162825, "id": 3380410, "city": "Вильявисиоса", "year": 2003, "age": 26}, {"job": "Архитектор", "salary": 153384, "id": 9277594, "city": "Куэнка", "year": 2018, "age": 46}, {"job": "Учитель", "salary": 186534, "id": 3489273, "city": "Мадрид", "year": 2013, "age": 28}, {"job": "Архитектор", "salary": 41769, "id": 7567881, "city": "Хихон", "year": 2012, "age": 31}, {"job": "Врач", "salary": 179697, "id": 3885248, "city": "Семана", "year": 1999, "age": 55}, {"job": "Архитектор", "salary": 60602, "id": 1238395, "city": "Загреб", "year": 2003, "age": 19}, {"job": "Инженер", "salary": 85502, "id": 3963281, "city": "Самора", "year": 2009, "age": 33}, {"job": "Косметолог", "salary": 194579, "id": 4804111, "city": "Авилес", "year": 2017, "age": 56}, {"job": "Водитель", "salary": 29817, "id": 6870132, "city": "Самора", "year": 2011, "age": 58}, {"job": "Врач", "salary": 111305, "id": 7313305, "city": "Вальядолид", "year": 2002, "age": 54}]